sim_id,seed,labels_used,auc,f1,recall,precision,accuracy
0,42,246,0.6346540745643885,0.08461538461538462,0.05945945945945946,0.14666666666666667,0.9228274967574579
0,42,296,0.6662269375273859,0.10441767068273092,0.07027027027027027,0.203125,0.9276913099870299
0,42,346,0.6763711624698172,0.10743801652892562,0.07027027027027027,0.22807017543859648,0.9299610894941635
0,42,396,0.672123658670744,0.0653061224489796,0.043243243243243246,0.13333333333333333,0.9257457846952011
0,42,446,0.70075981466116,0.11382113821138211,0.07567567567567568,0.22950819672131148,0.9293125810635539
0,42,496,0.728873889412006,0.12403100775193798,0.08648648648648649,0.2191780821917808,0.9267185473411155
0,42,546,0.733218351155571,0.08870967741935484,0.05945945945945946,0.1746031746031746,0.9267185473411155
0,42,596,0.6979909195155831,0.09523809523809523,0.06486486486486487,0.1791044776119403,0.9260700389105059
0,42,646,0.6967397891164707,0.08368200836820083,0.05405405405405406,0.18518518518518517,0.9289883268482491
0,42,696,0.6944519545416407,0.0425531914893617,0.02702702702702703,0.1,0.9270428015564203
0,42,746,0.7059880853602827,0.06694560669456066,0.043243243243243246,0.14814814814814814,0.9276913099870299
0,42,796,0.6988915096538415,0.0502092050209205,0.032432432432432434,0.1111111111111111,0.9263942931258107
0,42,846,0.7287098067367125,0.05982905982905983,0.03783783783783784,0.14285714285714285,0.9286640726329443
0,42,896,0.7226275602957218,0.06639004149377593,0.043243243243243246,0.14285714285714285,0.9270428015564203
0,42,946,0.7223851654344928,0.0743801652892562,0.04864864864864865,0.15789473684210525,0.9273670557717251
0,42,996,0.717128926097536,0.07111111111111111,0.043243243243243246,0.2,0.932230869001297
0,42,1046,0.7160437429495725,0.07894736842105263,0.04864864864864865,0.20930232558139536,0.9319066147859922
0,42,1096,0.7175652368477481,0.07725321888412018,0.04864864864864865,0.1875,0.9302853437094682
0,42,1146,0.7297092193953181,0.08658008658008658,0.05405405405405406,0.21739130434782608,0.9315823605706874
0,42,1196,0.7311374845007133,0.11158798283261803,0.07027027027027027,0.2708333333333333,0.9328793774319066
0,42,1246,0.7148541435536951,0.09649122807017543,0.05945945945945946,0.2558139534883721,0.9332036316472114
0,42,1296,0.7228177470329937,0.07174887892376682,0.043243243243243246,0.21052631578947367,0.9328793774319066
0,42,1346,0.7310106933425319,0.06986899563318777,0.043243243243243246,0.18181818181818182,0.9309338521400778
0,42,1396,0.7121542377147757,0.07758620689655173,0.04864864864864865,0.19148936170212766,0.930609597924773
0,42,1446,0.7264965551961068,0.05555555555555555,0.032432432432432434,0.1935483870967742,0.933852140077821
0,42,1496,0.7284730056030505,0.055299539170506916,0.032432432432432434,0.1875,0.9335278858625162
0,42,1546,0.7180127350530938,0.05504587155963303,0.032432432432432434,0.18181818181818182,0.9332036316472114
0,42,1596,0.7284785993306172,0.04739336492890995,0.02702702702702703,0.19230769230769232,0.9348249027237354
0,42,1646,0.7363788072308252,0.04739336492890995,0.02702702702702703,0.19230769230769232,0.9348249027237354
0,42,1696,0.7307645693295918,0.06422018348623854,0.03783783783783784,0.21212121212121213,0.933852140077821
0,42,1746,0.7301306135386854,0.028708133971291867,0.016216216216216217,0.125,0.9341763942931258
0,42,1796,0.7262261916970437,0.06542056074766354,0.03783783783783784,0.2413793103448276,0.9351491569390402
0,42,1846,0.7339902855597924,0.0392156862745098,0.021621621621621623,0.21052631578947367,0.9364461738002594
0,42,1896,0.7424293558822708,0.09302325581395349,0.05405405405405406,0.3333333333333333,0.9367704280155642
0,42,1946,0.7521736293036742,0.06666666666666667,0.03783783783783784,0.28,0.9364461738002594
0,42,1996,0.7660423445176809,0.07547169811320754,0.043243243243243246,0.2962962962962963,0.9364461738002594
0,42,2046,0.7721040806242598,0.09345794392523364,0.05405405405405406,0.3448275862068966,0.937094682230869
0,42,2096,0.7634095634095633,0.04807692307692308,0.02702702702702703,0.21739130434782608,0.9357976653696498
0,42,2146,0.7684737514333928,0.06572769953051644,0.03783783783783784,0.25,0.935473411154345
0,42,2196,0.7619123089975108,0.09174311926605505,0.05405405405405406,0.30303030303030304,0.9357976653696498
0,42,2246,0.7594902249610771,0.06451612903225806,0.03783783783783784,0.21875,0.9341763942931258
0,42,2296,0.7641181022346942,0.1,0.05945945945945946,0.3142857142857143,0.9357976653696498
0,42,2346,0.7644425384335698,0.09009009009009009,0.05405405405405406,0.2702702702702703,0.9345006485084306
0,42,2396,0.7633760010441625,0.11659192825112108,0.07027027027027027,0.34210526315789475,0.9361219195849546
0,42,2446,0.7700922032760599,0.06306306306306306,0.03783783783783784,0.1891891891891892,0.9325551232166018
0,42,2496,0.7589140710216943,0.07929515418502203,0.04864864864864865,0.21428571428571427,0.932230869001297
0,42,2546,0.7702320464652304,0.08968609865470852,0.05405405405405406,0.2631578947368421,0.9341763942931258
0,42,2596,0.7694116330887631,0.11764705882352941,0.07027027027027027,0.3611111111111111,0.9367704280155642
0,42,2646,0.7673363601614723,0.0990990990990991,0.05945945945945946,0.2972972972972973,0.9351491569390402
0,42,2696,0.7737430428013388,0.07142857142857142,0.043243243243243246,0.20512820512820512,0.9325551232166018
0,42,2746,0.7764709172780923,0.091324200913242,0.05405405405405406,0.29411764705882354,0.935473411154345
0,42,2796,0.7682127108136076,0.06511627906976744,0.03783783783783784,0.23333333333333334,0.9348249027237354
0,42,2846,0.7688690415147814,0.046948356807511735,0.02702702702702703,0.17857142857142858,0.9341763942931258
0,42,2896,0.7726205681362632,0.05660377358490566,0.032432432432432434,0.2222222222222222,0.9351491569390402
0,42,2946,0.7631336061829335,0.05741626794258373,0.032432432432432434,0.25,0.9361219195849546
0,42,2996,0.7595909120572798,0.08372093023255814,0.04864864864864865,0.3,0.9361219195849546
0,42,3046,0.7688578540596478,0.07407407407407407,0.043243243243243246,0.25806451612903225,0.9351491569390402
0,42,3096,0.779372197309417,0.091324200913242,0.05405405405405406,0.29411764705882354,0.935473411154345
0,42,3146,0.7823033105544317,0.0821917808219178,0.04864864864864865,0.2647058823529412,0.9348249027237354
0,42,3196,0.7839926162796118,0.08968609865470852,0.05405405405405406,0.2631578947368421,0.9341763942931258
0,42,3246,0.778702814577254,0.10666666666666667,0.06486486486486487,0.3,0.9348249027237354
0,42,3296,0.7833456084577162,0.09009009009009009,0.05405405405405406,0.2702702702702703,0.9345006485084306
0,42,3346,0.7822175400650738,0.09821428571428571,0.05945945945945946,0.28205128205128205,0.9345006485084306
0,42,3396,0.7816674901876696,0.10666666666666667,0.06486486486486487,0.3,0.9348249027237354
0,42,3446,0.7860548371759134,0.04608294930875576,0.02702702702702703,0.15625,0.9328793774319066
0,42,3496,0.784290948416509,0.125,0.07567567567567568,0.358974358974359,0.9364461738002594
0,42,3546,0.7892544493441356,0.08294930875576037,0.04864864864864865,0.28125,0.935473411154345
0,42,3596,0.7842312819891296,0.10138248847926268,0.05945945945945946,0.34375,0.9367704280155642
0,42,3646,0.7877646532355054,0.06451612903225806,0.03783783783783784,0.21875,0.9341763942931258
0,42,3696,0.790115883389426,0.05504587155963303,0.032432432432432434,0.18181818181818182,0.9332036316472114
0,42,3746,0.794497636650103,0.09259259259259259,0.05405405405405406,0.3225806451612903,0.9364461738002594
0,42,3796,0.7925416965775711,0.08928571428571429,0.05405405405405406,0.2564102564102564,0.933852140077821
0,42,3846,0.7932688811612579,0.05555555555555555,0.032432432432432434,0.1935483870967742,0.933852140077821
0,42,3896,0.7900879147515919,0.09954751131221719,0.05945945945945946,0.3055555555555556,0.935473411154345
0,42,3946,0.78909968954812,0.09216589861751152,0.05405405405405406,0.3125,0.9361219195849546
0,42,3996,0.7894446360814074,0.07272727272727272,0.043243243243243246,0.22857142857142856,0.933852140077821
0,42,4046,0.7863382527059657,0.09259259259259259,0.05405405405405406,0.3225806451612903,0.9364461738002594
0,42,4096,0.790011467141512,0.09049773755656108,0.05405405405405406,0.2777777777777778,0.9348249027237354
0,42,4146,0.7898529781937854,0.091324200913242,0.05405405405405406,0.29411764705882354,0.935473411154345
0,42,4196,0.7810372635484744,0.07339449541284404,0.043243243243243246,0.24242424242424243,0.9345006485084306
0,42,4246,0.787619216318768,0.08144796380090498,0.04864864864864865,0.25,0.9341763942931258
0,42,4296,0.7930600486654298,0.056074766355140186,0.032432432432432434,0.20689655172413793,0.9345006485084306
0,42,4346,0.7844289270298239,0.05581395348837209,0.032432432432432434,0.2,0.9341763942931258
0,42,4396,0.7909101927039146,0.07407407407407407,0.043243243243243246,0.25806451612903225,0.9351491569390402
0,42,4446,0.788611170673951,0.07511737089201878,0.043243243243243246,0.2857142857142857,0.9361219195849546
0,42,4496,0.7781303897895826,0.06635071090047394,0.03783783783783784,0.2692307692307692,0.9361219195849546
0,42,4546,0.7839404081556548,0.06511627906976744,0.03783783783783784,0.23333333333333334,0.9348249027237354
0,42,4596,0.7860492434483466,0.07407407407407407,0.043243243243243246,0.25806451612903225,0.9351491569390402
0,42,4646,0.7896721143357914,0.08333333333333333,0.04864864864864865,0.2903225806451613,0.9357976653696498
0,42,4696,0.7911059731687533,0.1004566210045662,0.05945945945945946,0.3235294117647059,0.9361219195849546
0,42,4746,0.7781210669103046,0.08294930875576037,0.04864864864864865,0.28125,0.935473411154345
0,42,4796,0.7931141213652422,0.091324200913242,0.05405405405405406,0.29411764705882354,0.935473411154345
0,42,4846,0.7866981158460978,0.07547169811320754,0.043243243243243246,0.2962962962962963,0.9364461738002594
0,42,4896,0.7862077323960732,0.1004566210045662,0.05945945945945946,0.3235294117647059,0.9361219195849546
0,42,4946,0.7966791904011634,0.09259259259259259,0.05405405405405406,0.3225806451612903,0.9364461738002594
0,42,4996,0.7953777164539496,0.08372093023255814,0.04864864864864865,0.3,0.9361219195849546
0,42,5046,0.7999850833931551,0.09174311926605505,0.05405405405405406,0.30303030303030304,0.9357976653696498
0,42,5096,0.7941209923272703,0.1111111111111111,0.06486486486486487,0.3870967741935484,0.9377431906614786
0,42,5146,0.791497534098431,0.07582938388625593,0.043243243243243246,0.3076923076923077,0.9367704280155642
0,42,5196,0.7964610350260575,0.1111111111111111,0.06486486486486487,0.3870967741935484,0.9377431906614786
0,42,5246,0.7948407186075347,0.08823529411764706,0.04864864864864865,0.47368421052631576,0.9396887159533074
0,42,5296,0.790979182010572,0.08411214953271028,0.04864864864864865,0.3103448275862069,0.9364461738002594
0,42,5346,0.7930563195137186,0.10909090909090909,0.06486486486486487,0.34285714285714286,0.9364461738002594
0,42,5396,0.7961608383133046,0.09259259259259259,0.05405405405405406,0.3225806451612903,0.9364461738002594
0,42,5446,0.7941582838443826,0.10138248847926268,0.05945945945945946,0.34375,0.9367704280155642
0,42,5496,0.8000186457585561,0.09302325581395349,0.05405405405405406,0.3333333333333333,0.9367704280155642
0,42,5546,0.7921128441307813,0.08333333333333333,0.04864864864864865,0.2903225806451613,0.9357976653696498
0,42,5596,0.7978053942179504,0.07547169811320754,0.043243243243243246,0.2962962962962963,0.9364461738002594
0,42,5646,0.7981223721134034,0.06635071090047394,0.03783783783783784,0.2692307692307692,0.9361219195849546
0,42,5696,0.7937126502148923,0.08571428571428572,0.04864864864864865,0.36,0.9377431906614786
0,42,5746,0.7982976422438307,0.05825242718446602,0.032432432432432434,0.2857142857142857,0.937094682230869
0,42,5796,0.7976114783289672,0.07655502392344497,0.043243243243243246,0.3333333333333333,0.9374189364461738
0,42,5846,0.79751265580862,0.08333333333333333,0.04864864864864865,0.2903225806451613,0.9357976653696498
0,42,5896,0.8000633955790906,0.09523809523809523,0.05405405405405406,0.4,0.9383916990920882
0,42,5946,0.7980552473826017,0.0673076923076923,0.03783783783783784,0.30434782608695654,0.937094682230869
0,42,5996,0.8012119743061447,0.10377358490566038,0.05945945945945946,0.4074074074074074,0.9383916990920882
0,42,6046,0.7971527926684878,0.11162790697674418,0.06486486486486487,0.4,0.9380674448767834
0,42,6096,0.8054389677708063,0.08372093023255814,0.04864864864864865,0.3,0.9361219195849546
0,42,6146,0.8120358371479448,0.08653846153846154,0.04864864864864865,0.391304347826087,0.9383916990920882
0,42,6196,0.8007682052525102,0.07729468599033816,0.043243243243243246,0.36363636363636365,0.9380674448767834
0,42,6246,0.8065968693771386,0.0673076923076923,0.03783783783783784,0.30434782608695654,0.937094682230869
0,42,6296,0.8144616503360897,0.10526315789473684,0.05945945945945946,0.4583333333333333,0.9393644617380026
0,42,6346,0.8098505542451732,0.09523809523809523,0.05405405405405406,0.4,0.9383916990920882
0,42,6396,0.8064831302499464,0.08571428571428572,0.04864864864864865,0.36,0.9377431906614786
0,42,6446,0.8060319028928895,0.0861244019138756,0.04864864864864865,0.375,0.9380674448767834
0,42,6496,0.8112303403783224,0.09615384615384616,0.05405405405405406,0.43478260869565216,0.9390402075226978
0,42,6546,0.8064421095811231,0.08530805687203792,0.04864864864864865,0.34615384615384615,0.9374189364461738
0,42,6596,0.8052581039128124,0.09615384615384616,0.05405405405405406,0.43478260869565216,0.9390402075226978
0,42,6646,0.8106635093182178,0.07655502392344497,0.043243243243243246,0.3333333333333333,0.9374189364461738
0,42,6696,0.811920233444897,0.09803921568627451,0.05405405405405406,0.5263157894736842,0.940337224383917
0,42,6746,0.8093601707951483,0.07655502392344497,0.043243243243243246,0.3333333333333333,0.9374189364461738
0,42,6796,0.8010497562067069,0.08490566037735849,0.04864864864864865,0.3333333333333333,0.937094682230869
0,42,6846,0.8123378984365531,0.07692307692307693,0.043243243243243246,0.34782608695652173,0.9377431906614786
0,42,6896,0.8111147366752748,0.08450704225352113,0.04864864864864865,0.32142857142857145,0.9367704280155642
0,42,6946,0.8125765641460709,0.09569377990430622,0.05405405405405406,0.4166666666666667,0.938715953307393
0,42,6996,0.8136897159318685,0.11162790697674418,0.06486486486486487,0.4,0.9380674448767834
0,42,7046,0.8140794122856904,0.08695652173913043,0.04864864864864865,0.4090909090909091,0.938715953307393
0,42,7096,0.8124963873842798,0.06666666666666667,0.03783783783783784,0.28,0.9364461738002594
0,42,7146,0.8124236689259111,0.10328638497652583,0.05945945945945946,0.39285714285714285,0.9380674448767834
0,42,7196,0.8137605698143815,0.06635071090047394,0.03783783783783784,0.2692307692307692,0.9361219195849546
0,42,7246,0.8119314209000308,0.07511737089201878,0.043243243243243246,0.2857142857142857,0.9361219195849546
0,42,7296,0.8128860837381016,0.06698564593301436,0.03783783783783784,0.2916666666666667,0.9367704280155642
0,42,7346,0.8161267165751471,0.09615384615384616,0.05405405405405406,0.43478260869565216,0.9390402075226978
0,42,7396,0.8157892283452821,0.09433962264150944,0.05405405405405406,0.37037037037037035,0.9377431906614786
0,42,7446,0.8100370118307338,0.12903225806451613,0.07567567567567568,0.4375,0.938715953307393
0,42,7496,0.8160502689650673,0.09259259259259259,0.05405405405405406,0.3225806451612903,0.9364461738002594
0,42,7546,0.8137083616904245,0.0673076923076923,0.03783783783783784,0.30434782608695654,0.937094682230869
0,42,7596,0.8133056133056134,0.12093023255813953,0.07027027027027027,0.43333333333333335,0.938715953307393
0,42,7646,0.817812293148616,0.11267605633802817,0.06486486486486487,0.42857142857142855,0.938715953307393
0,42,7696,0.8174617528877619,0.1111111111111111,0.06486486486486487,0.3870967741935484,0.9377431906614786
0,42,7746,0.8161901121542376,0.13023255813953488,0.07567567567567568,0.4666666666666667,0.9393644617380026
0,42,7796,0.8221865881058706,0.09389671361502347,0.05405405405405406,0.35714285714285715,0.9374189364461738
0,42,7846,0.8137270074489806,0.11594202898550725,0.06486486486486487,0.5454545454545454,0.9406614785992218
0,42,7896,0.8121141493338803,0.0970873786407767,0.05405405405405406,0.47619047619047616,0.9396887159533074
0,42,7946,0.8142807864780958,0.0784313725490196,0.043243243243243246,0.42105263157894735,0.9390402075226978
0,42,7996,0.813093051658074,0.10526315789473684,0.05945945945945946,0.4583333333333333,0.9393644617380026
1,43,246,0.6346540745643885,0.08461538461538462,0.05945945945945946,0.14666666666666667,0.9228274967574579
1,43,296,0.6190885953217793,0.07142857142857142,0.04864864864864865,0.13432835820895522,0.9241245136186771
1,43,346,0.650688494634683,0.05907172995780591,0.03783783783783784,0.1346153846153846,0.9276913099870299
1,43,396,0.627008381268471,0.0603448275862069,0.03783783783783784,0.14893617021276595,0.9293125810635539
1,43,446,0.6826641059824917,0.043478260869565216,0.02702702702702703,0.1111111111111111,0.9286640726329443
1,43,496,0.7014981866999803,0.05533596837944664,0.03783783783783784,0.10294117647058823,0.9225032425421531
1,43,546,0.7178579752570784,0.09230769230769231,0.06486486486486487,0.16,0.9234760051880675
1,43,596,0.7371171792696457,0.027149321266968326,0.016216216216216217,0.08333333333333333,0.9302853437094682
1,43,646,0.7208002759572266,0.02586206896551724,0.016216216216216217,0.06382978723404255,0.9267185473411155
1,43,696,0.7491008082936335,0.0502092050209205,0.032432432432432434,0.1111111111111111,0.9263942931258107
1,43,746,0.740894809953106,0.06511627906976744,0.03783783783783784,0.23333333333333334,0.9348249027237354
1,43,796,0.739061931887044,0.05263157894736842,0.032432432432432434,0.13953488372093023,0.9299610894941635
1,43,846,0.7468875567530276,0.07346938775510205,0.04864864864864865,0.15,0.9263942931258107
1,43,896,0.7404398534443377,0.061946902654867256,0.03783783783783784,0.17073170731707318,0.9312581063553826
1,43,946,0.7253256015587854,0.037209302325581395,0.021621621621621623,0.13333333333333333,0.9328793774319066
1,43,996,0.729942291377269,0.03755868544600939,0.021621621621621623,0.14285714285714285,0.9335278858625162
1,43,1046,0.752449586530304,0.037037037037037035,0.021621621621621623,0.12903225806451613,0.9325551232166018
1,43,1096,0.7390544735836216,0.028037383177570093,0.016216216216216217,0.10344827586206896,0.9325551232166018
1,43,1146,0.7447880443396138,0.04424778761061947,0.02702702702702703,0.12195121951219512,0.9299610894941635
1,43,1196,0.7317416070779299,0.028169014084507043,0.016216216216216217,0.10714285714285714,0.9328793774319066
1,43,1246,0.726481638589262,0.026905829596412557,0.016216216216216217,0.07894736842105263,0.9296368352788587
1,43,1296,0.7247997911675043,0.03686635944700461,0.021621621621621623,0.125,0.932230869001297
1,43,1346,0.7228419865191166,0.03669724770642202,0.021621621621621623,0.12121212121212122,0.9319066147859922
1,43,1396,0.7280944967043622,0.028169014084507043,0.016216216216216217,0.10714285714285714,0.9328793774319066
1,43,1446,0.7401415213074406,0.028037383177570093,0.016216216216216217,0.10344827586206896,0.9325551232166018
1,43,1496,0.7370966689352341,0.0182648401826484,0.010810810810810811,0.058823529411764705,0.9302853437094682
1,43,1546,0.7406300401816097,0.04484304932735426,0.02702702702702703,0.13157894736842105,0.9309338521400778
1,43,1596,0.7529213242217725,0.045454545454545456,0.02702702702702703,0.14285714285714285,0.9319066147859922
1,43,1646,0.7590017060869079,0.04484304932735426,0.02702702702702703,0.13157894736842105,0.9309338521400778
1,43,1696,0.7571557759898567,0.04608294930875576,0.02702702702702703,0.15625,0.9328793774319066
1,43,1746,0.7607506782394675,0.05333333333333334,0.032432432432432434,0.15,0.9309338521400778
1,43,1796,0.7621994536792743,0.06167400881057269,0.03783783783783784,0.16666666666666666,0.9309338521400778
1,43,1846,0.7408724350428386,0.05405405405405406,0.032432432432432434,0.16216216216216217,0.9319066147859922
1,43,1896,0.7628893467458491,0.03686635944700461,0.021621621621621623,0.125,0.932230869001297
1,43,1946,0.7614610816404539,0.05454545454545454,0.032432432432432434,0.17142857142857143,0.9325551232166018
1,43,1996,0.7587220197085669,0.05454545454545454,0.032432432432432434,0.17142857142857143,0.9325551232166018
1,43,2046,0.7596860054259157,0.056074766355140186,0.032432432432432434,0.20689655172413793,0.9345006485084306
1,43,2096,0.761009854283397,0.046296296296296294,0.02702702702702703,0.16129032258064516,0.9332036316472114
1,43,2146,0.7738288132906967,0.060085836909871244,0.03783783783783784,0.14583333333333334,0.9289883268482491
1,43,2196,0.7733757213577841,0.044444444444444446,0.02702702702702703,0.125,0.9302853437094682
1,43,2246,0.7671797357896013,0.06167400881057269,0.03783783783783784,0.16666666666666666,0.9309338521400778
1,43,2296,0.7753726820991395,0.06140350877192982,0.03783783783783784,0.16279069767441862,0.930609597924773
1,43,2346,0.7854525791745524,0.09734513274336283,0.05945945945945946,0.2682926829268293,0.933852140077821
1,43,2396,0.7835134202847207,0.09216589861751152,0.05405405405405406,0.3125,0.9361219195849546
1,43,2446,0.7832300047546683,0.08968609865470852,0.05405405405405406,0.2631578947368421,0.9341763942931258
1,43,2496,0.779439322040219,0.0821917808219178,0.04864864864864865,0.2647058823529412,0.9348249027237354
1,43,2546,0.7815444281811994,0.07929515418502203,0.04864864864864865,0.21428571428571427,0.932230869001297
1,43,2596,0.7790141987451404,0.0611353711790393,0.03783783783783784,0.1590909090909091,0.9302853437094682
1,43,2646,0.7880238292794346,0.05240174672489083,0.032432432432432434,0.13636363636363635,0.9296368352788587
1,43,2696,0.7789806363797397,0.0611353711790393,0.03783783783783784,0.1590909090909091,0.9302853437094682
1,43,2746,0.7766909372290538,0.07048458149779736,0.043243243243243246,0.19047619047619047,0.9315823605706874
1,43,2796,0.7846284366463739,0.09565217391304348,0.05945945945945946,0.24444444444444444,0.9325551232166018
1,43,2846,0.7796929043565816,0.055299539170506916,0.032432432432432434,0.1875,0.9335278858625162
1,43,2896,0.7786394189981634,0.08035714285714286,0.04864864864864865,0.23076923076923078,0.9332036316472114
1,43,2946,0.7852754444682696,0.06334841628959276,0.03783783783783784,0.19444444444444445,0.9328793774319066
1,43,2996,0.7761725851411951,0.053811659192825115,0.032432432432432434,0.15789473684210525,0.9315823605706874
1,43,3046,0.7793218537613158,0.0625,0.03783783783783784,0.1794871794871795,0.9319066147859922
1,43,3096,0.783821075300896,0.06363636363636363,0.03783783783783784,0.2,0.9332036316472114
1,43,3146,0.7827470796080662,0.03686635944700461,0.021621621621621623,0.125,0.932230869001297
1,43,3196,0.7821616027894055,0.07017543859649122,0.043243243243243246,0.18604651162790697,0.9312581063553826
1,43,3246,0.7745690499053728,0.0821917808219178,0.04864864864864865,0.2647058823529412,0.9348249027237354
1,43,3296,0.7770918210380093,0.05581395348837209,0.032432432432432434,0.2,0.9341763942931258
1,43,3346,0.7822790710683087,0.05454545454545454,0.032432432432432434,0.17142857142857143,0.9325551232166018
1,43,3396,0.7746827890325648,0.05581395348837209,0.032432432432432434,0.2,0.9341763942931258
1,43,3446,0.7758761175801536,0.056074766355140186,0.032432432432432434,0.20689655172413793,0.9345006485084306
1,43,3496,0.7851318721273878,0.07174887892376682,0.043243243243243246,0.21052631578947367,0.9328793774319066
1,43,3546,0.7874980188881534,0.05429864253393665,0.032432432432432434,0.16666666666666666,0.932230869001297
1,43,3596,0.7880667145241138,0.06572769953051644,0.03783783783783784,0.25,0.935473411154345
1,43,3646,0.8010907768755302,0.08144796380090498,0.04864864864864865,0.25,0.9341763942931258
1,43,3696,0.7951595610788437,0.04716981132075472,0.02702702702702703,0.18518518518518517,0.9345006485084306
1,43,3746,0.7898641656489189,0.07142857142857142,0.043243243243243246,0.20512820512820512,0.9325551232166018
1,43,3796,0.798096268051425,0.045454545454545456,0.02702702702702703,0.14285714285714285,0.9319066147859922
1,43,3846,0.7950756551653412,0.07339449541284404,0.043243243243243246,0.24242424242424243,0.9345006485084306
1,43,3896,0.7929780073277832,0.07174887892376682,0.043243243243243246,0.21052631578947367,0.9328793774319066
1,43,3946,0.7991367013788538,0.05555555555555555,0.032432432432432434,0.1935483870967742,0.933852140077821
1,43,3996,0.7945666259567604,0.07407407407407407,0.043243243243243246,0.25806451612903225,0.9351491569390402
1,43,4046,0.8020062836206334,0.1085972850678733,0.06486486486486487,0.3333333333333333,0.9361219195849546
1,43,4096,0.8074638971499959,0.11926605504587157,0.07027027027027027,0.3939393939393939,0.9377431906614786
1,43,4146,0.7968358147730346,0.08849557522123894,0.05405405405405406,0.24390243902439024,0.9332036316472114
1,43,4196,0.796957012203649,0.08,0.04864864864864865,0.225,0.9328793774319066
1,43,4246,0.7943652517643549,0.06542056074766354,0.03783783783783784,0.2413793103448276,0.9351491569390402
1,43,4296,0.8068635037244902,0.05660377358490566,0.032432432432432434,0.2222222222222222,0.9351491569390402
1,43,4346,0.8075869591564659,0.07511737089201878,0.043243243243243246,0.2857142857142857,0.9361219195849546
1,43,4396,0.8012380783681231,0.06511627906976744,0.03783783783783784,0.23333333333333334,0.9348249027237354
1,43,4446,0.7985512245601932,0.06698564593301436,0.03783783783783784,0.2916666666666667,0.9367704280155642
1,43,4496,0.8020137419240558,0.06511627906976744,0.03783783783783784,0.23333333333333334,0.9348249027237354
1,43,4546,0.7981261012651147,0.07547169811320754,0.043243243243243246,0.2962962962962963,0.9364461738002594
1,43,4596,0.8042046185543943,0.07547169811320754,0.043243243243243246,0.2962962962962963,0.9364461738002594
1,43,4646,0.8017023577561695,0.08256880733944955,0.04864864864864865,0.2727272727272727,0.9351491569390402
1,43,4696,0.8000316977895453,0.08411214953271028,0.04864864864864865,0.3103448275862069,0.9364461738002594
1,43,4746,0.8010665373894073,0.04716981132075472,0.02702702702702703,0.18518518518518517,0.9345006485084306
1,43,4796,0.8027558431145876,0.05687203791469194,0.032432432432432434,0.23076923076923078,0.935473411154345
1,43,4846,0.8077640938627486,0.0673076923076923,0.03783783783783784,0.30434782608695654,0.937094682230869
1,43,4896,0.7943876266746223,0.056338028169014086,0.032432432432432434,0.21428571428571427,0.9348249027237354
1,43,4946,0.7965934199118055,0.04716981132075472,0.02702702702702703,0.18518518518518517,0.9345006485084306
1,43,4996,0.802744655659454,0.05687203791469194,0.032432432432432434,0.23076923076923078,0.935473411154345
1,43,5046,0.8084148308363555,0.04854368932038835,0.02702702702702703,0.23809523809523808,0.9364461738002594
1,43,5096,0.8082134566439501,0.05714285714285714,0.032432432432432434,0.24,0.9357976653696498
1,43,5146,0.8057708622731045,0.07511737089201878,0.043243243243243246,0.2857142857142857,0.9361219195849546
1,43,5196,0.7996047099186112,0.06698564593301436,0.03783783783783784,0.2916666666666667,0.9367704280155642
1,43,5246,0.802548875194615,0.058823529411764705,0.032432432432432434,0.3157894736842105,0.9377431906614786
1,43,5296,0.8048721367107018,0.07582938388625593,0.043243243243243246,0.3076923076923077,0.9367704280155642
1,43,5346,0.8101861778991823,0.05660377358490566,0.032432432432432434,0.2222222222222222,0.9351491569390402
1,43,5396,0.8138258299693278,0.08411214953271028,0.04864864864864865,0.3103448275862069,0.9364461738002594
1,43,5446,0.8074657617258514,0.06635071090047394,0.03783783783783784,0.2692307692307692,0.9361219195849546
1,43,5496,0.8130054165928606,0.0761904761904762,0.043243243243243246,0.32,0.937094682230869
1,43,5546,0.8101768550199043,0.07582938388625593,0.043243243243243246,0.3076923076923077,0.9367704280155642
1,43,5596,0.8184630301222229,0.07729468599033816,0.043243243243243246,0.36363636363636365,0.9380674448767834
1,43,5646,0.8112433924093118,0.08490566037735849,0.04864864864864865,0.3333333333333333,0.937094682230869
1,43,5696,0.8070182635205057,0.07655502392344497,0.043243243243243246,0.3333333333333333,0.9374189364461738
1,43,5746,0.8063861723054548,0.05660377358490566,0.032432432432432434,0.2222222222222222,0.9351491569390402
1,43,5796,0.8090375991721284,0.05741626794258373,0.032432432432432434,0.25,0.9361219195849546
1,43,5846,0.8142360366575614,0.06542056074766354,0.03783783783783784,0.2413793103448276,0.9351491569390402
1,43,5896,0.8129588021964704,0.07407407407407407,0.043243243243243246,0.25806451612903225,0.9351491569390402
1,43,5946,0.8173890344293931,0.09174311926605505,0.05405405405405406,0.30303030303030304,0.9357976653696498
1,43,5996,0.8125336789013919,0.08333333333333333,0.04864864864864865,0.2903225806451613,0.9357976653696498
1,43,6046,0.8140775477098348,0.07655502392344497,0.043243243243243246,0.3333333333333333,0.9374189364461738
1,43,6096,0.8150564500340286,0.08411214953271028,0.04864864864864865,0.3103448275862069,0.9364461738002594
1,43,6146,0.8193020892572462,0.07582938388625593,0.043243243243243246,0.3076923076923077,0.9367704280155642
1,43,6196,0.816559298173648,0.09216589861751152,0.05405405405405406,0.3125,0.9361219195849546
1,43,6246,0.8183903116638543,0.07692307692307693,0.043243243243243246,0.34782608695652173,0.9377431906614786
1,43,6296,0.8245676514734811,0.06542056074766354,0.03783783783783784,0.2413793103448276,0.9351491569390402
1,43,6346,0.8114018813570383,0.06698564593301436,0.03783783783783784,0.2916666666666667,0.9367704280155642
1,43,6396,0.816568621052926,0.08530805687203792,0.04864864864864865,0.34615384615384615,0.9374189364461738
1,43,6446,0.8135666539253983,0.0660377358490566,0.03783783783783784,0.25925925925925924,0.9357976653696498
1,43,6496,0.813630049504489,0.08372093023255814,0.04864864864864865,0.3,0.9361219195849546
1,43,6546,0.8162721534918845,0.10377358490566038,0.05945945945945946,0.4074074074074074,0.9383916990920882
1,43,6596,0.8228578354138892,0.0761904761904762,0.043243243243243246,0.32,0.937094682230869
1,43,6646,0.8171000251717742,0.09389671361502347,0.05405405405405406,0.35714285714285715,0.9374189364461738
1,43,6696,0.8157873637694266,0.0761904761904762,0.043243243243243246,0.32,0.937094682230869
1,43,6746,0.8154442818119949,0.09569377990430622,0.05405405405405406,0.4166666666666667,0.938715953307393
1,43,6796,0.81759413777351,0.06796116504854369,0.03783783783783784,0.3333333333333333,0.9377431906614786
1,43,6846,0.8188210286864996,0.06796116504854369,0.03783783783783784,0.3333333333333333,0.9377431906614786
1,43,6896,0.8186159253423827,0.07511737089201878,0.043243243243243246,0.2857142857142857,0.9361219195849546
1,43,6946,0.812205513550805,0.0761904761904762,0.043243243243243246,0.32,0.937094682230869
1,43,6996,0.8120022747825439,0.08571428571428572,0.04864864864864865,0.36,0.9377431906614786
1,43,7046,0.8150228876686276,0.08490566037735849,0.04864864864864865,0.3333333333333333,0.937094682230869
1,43,7096,0.8173163159710245,0.07655502392344497,0.043243243243243246,0.3333333333333333,0.9374189364461738
1,43,7146,0.8136468306871896,0.10377358490566038,0.05945945945945946,0.4074074074074074,0.9383916990920882
1,43,7196,0.815420042325872,0.07441860465116279,0.043243243243243246,0.26666666666666666,0.935473411154345
1,43,7246,0.8170329004409722,0.10377358490566038,0.05945945945945946,0.4074074074074074,0.9383916990920882
1,43,7296,0.8207415418177748,0.10377358490566038,0.05945945945945946,0.4074074074074074,0.9383916990920882
1,43,7346,0.813743788631681,0.09433962264150944,0.05405405405405406,0.37037037037037035,0.9377431906614786
1,43,7396,0.809561544987554,0.07655502392344497,0.043243243243243246,0.3333333333333333,0.9374189364461738
1,43,7446,0.8183231869330524,0.06698564593301436,0.03783783783783784,0.2916666666666667,0.9367704280155642
1,43,7496,0.8174785340704624,0.08695652173913043,0.04864864864864865,0.4090909090909091,0.938715953307393
1,43,7546,0.8196321191836887,0.08530805687203792,0.04864864864864865,0.34615384615384615,0.9374189364461738
1,43,7596,0.8149762732722375,0.06572769953051644,0.03783783783783784,0.25,0.935473411154345
1,43,7646,0.8146965868938965,0.08571428571428572,0.04864864864864865,0.36,0.9377431906614786
1,43,7696,0.8237714775831368,0.08372093023255814,0.04864864864864865,0.3,0.9361219195849546
1,43,7746,0.817446836280917,0.07655502392344497,0.043243243243243246,0.3333333333333333,0.9374189364461738
1,43,7796,0.8217111212626907,0.09523809523809523,0.05405405405405406,0.4,0.9383916990920882
1,43,7846,0.8149464400585477,0.07655502392344497,0.043243243243243246,0.3333333333333333,0.9374189364461738
1,43,7896,0.8170832439890736,0.0861244019138756,0.04864864864864865,0.375,0.9380674448767834
1,43,7946,0.8242320278194718,0.08571428571428572,0.04864864864864865,0.36,0.9377431906614786
1,43,7996,0.8156214165182776,0.08450704225352113,0.04864864864864865,0.32142857142857145,0.9367704280155642
2,44,246,0.6346540745643885,0.08461538461538462,0.05945945945945946,0.14666666666666667,0.9228274967574579
2,44,296,0.6623113282306108,0.07462686567164178,0.05405405405405406,0.12048192771084337,0.9195849546044098
2,44,346,0.6959548026812601,0.07627118644067797,0.04864864864864865,0.17647058823529413,0.9293125810635539
2,44,396,0.6687543700996615,0.10276679841897234,0.07027027027027027,0.19117647058823528,0.9263942931258107
2,44,446,0.6797236698581991,0.09558823529411764,0.07027027027027027,0.14942528735632185,0.9202334630350194
2,44,496,0.7012576564146071,0.09737827715355805,0.07027027027027027,0.15853658536585366,0.9218547341115434
2,44,546,0.7163159710244912,0.10566037735849057,0.07567567567567568,0.175,0.9231517509727627
2,44,596,0.7389724322459749,0.09230769230769231,0.06486486486486487,0.16,0.9234760051880675
2,44,646,0.7366044209093536,0.10980392156862745,0.07567567567567568,0.2,0.9263942931258107
2,44,696,0.7402384792519322,0.1299638989169675,0.0972972972972973,0.1956521739130435,0.9218547341115434
2,44,746,0.7523134724928446,0.14545454545454545,0.10810810810810811,0.2222222222222222,0.9238002594033723
2,44,796,0.7541575380140402,0.13186813186813187,0.0972972972972973,0.20454545454545456,0.9231517509727627
2,44,846,0.7530350633489646,0.1444043321299639,0.10810810810810811,0.21739130434782608,0.9231517509727627
2,44,896,0.7613193738754276,0.12639405204460966,0.0918918918918919,0.20238095238095238,0.9238002594033723
2,44,946,0.7632417515825588,0.13178294573643412,0.0918918918918919,0.2328767123287671,0.9273670557717251
2,44,996,0.7678864100388764,0.09836065573770492,0.06486486486486487,0.2033898305084746,0.9286640726329443
2,44,1046,0.7544875679404828,0.09090909090909091,0.05945945945945946,0.19298245614035087,0.9286640726329443
2,44,1096,0.7577505756877955,0.0782608695652174,0.04864864864864865,0.2,0.9312581063553826
2,44,1146,0.7587108322534332,0.07792207792207792,0.04864864864864865,0.1956521739130435,0.9309338521400778
2,44,1196,0.7561470404519732,0.09205020920502092,0.05945945945945946,0.2037037037037037,0.9296368352788587
2,44,1246,0.7547784417739574,0.10970464135021098,0.07027027027027027,0.25,0.9315823605706874
2,44,1296,0.7552203462517363,0.08733624454148471,0.05405405405405406,0.22727272727272727,0.932230869001297
2,44,1346,0.7438035482878532,0.08695652173913043,0.05405405405405406,0.2222222222222222,0.9319066147859922
2,44,1396,0.7613081864202941,0.100418410041841,0.06486486486486487,0.2222222222222222,0.9302853437094682
2,44,1446,0.7646644229603872,0.09401709401709402,0.05945945945945946,0.22448979591836735,0.9312581063553826
2,44,1496,0.7700884741243486,0.09282700421940929,0.05945945945945946,0.21153846153846154,0.9302853437094682
2,44,1546,0.7582838443824992,0.10300429184549356,0.06486486486486487,0.25,0.932230869001297
2,44,1596,0.7608923860044936,0.1087866108786611,0.07027027027027027,0.24074074074074073,0.9309338521400778
2,44,1646,0.7564789349542713,0.08835341365461848,0.05945945945945946,0.171875,0.9263942931258107
2,44,1696,0.7647800266634348,0.10612244897959183,0.07027027027027027,0.21666666666666667,0.9289883268482491
2,44,1746,0.7712743443685147,0.13545816733067728,0.0918918918918919,0.25757575757575757,0.9296368352788587
2,44,1796,0.7730307748244969,0.10569105691056911,0.07027027027027027,0.21311475409836064,0.9286640726329443
2,44,1846,0.7667546124945229,0.09243697478991597,0.05945945945945946,0.20754716981132076,0.9299610894941635
2,44,1896,0.7685203658297829,0.11764705882352941,0.08108108108108109,0.21428571428571427,0.9270428015564203
2,44,1946,0.7735099708193879,0.10483870967741936,0.07027027027027027,0.20634920634920634,0.9280155642023347
2,44,1996,0.7758015345459292,0.10569105691056911,0.07027027027027027,0.21311475409836064,0.9286640726329443
2,44,2046,0.7836513988980356,0.12048192771084337,0.08108108108108109,0.234375,0.9289883268482491
2,44,2096,0.7793069371544709,0.09016393442622951,0.05945945945945946,0.1864406779661017,0.9280155642023347
2,44,2146,0.7811081174309874,0.0995850622406639,0.06486486486486487,0.21428571428571427,0.9296368352788587
2,44,2196,0.7803044852372207,0.09053497942386832,0.05945945945945946,0.1896551724137931,0.9283398184176395
2,44,2246,0.7796854460531591,0.0912863070539419,0.05945945945945946,0.19642857142857142,0.9289883268482491
2,44,2296,0.7750482459002639,0.07563025210084033,0.04864864864864865,0.16981132075471697,0.9286640726329443
2,44,2346,0.7686825839292207,0.08333333333333333,0.05405405405405406,0.18181818181818182,0.9286640726329443
2,44,2396,0.772393089881879,0.09053497942386832,0.05945945945945946,0.1896551724137931,0.9283398184176395
2,44,2446,0.7773230284441046,0.08547008547008547,0.05405405405405406,0.20408163265306123,0.930609597924773
2,44,2496,0.7798346121216077,0.13168724279835392,0.08648648648648649,0.27586206896551724,0.9315823605706874
2,44,2546,0.7813896683851842,0.07792207792207792,0.04864864864864865,0.1956521739130435,0.9309338521400778
2,44,2596,0.77546591089192,0.0851063829787234,0.05405405405405406,0.2,0.9302853437094682
2,44,2646,0.7739276358110438,0.0851063829787234,0.05405405405405406,0.2,0.9302853437094682
2,44,2696,0.7836327531394794,0.11666666666666667,0.07567567567567568,0.2545454545454545,0.9312581063553826
2,44,2746,0.7785517839329498,0.06986899563318777,0.043243243243243246,0.18181818181818182,0.9309338521400778
2,44,2796,0.7802877040545202,0.08620689655172414,0.05405405405405406,0.2127659574468085,0.9312581063553826
2,44,2846,0.7862002740926508,0.10300429184549356,0.06486486486486487,0.25,0.932230869001297
2,44,2896,0.7869423752831824,0.09361702127659574,0.05945945945945946,0.22,0.9309338521400778
2,44,2946,0.779927840914388,0.0847457627118644,0.05405405405405406,0.19607843137254902,0.9299610894941635
2,44,2996,0.7919748655174664,0.09821428571428571,0.05945945945945946,0.28205128205128205,0.9345006485084306
2,44,3046,0.7877832989940613,0.09482758620689655,0.05945945945945946,0.23404255319148937,0.9319066147859922
2,44,3096,0.7874066546712287,0.08849557522123894,0.05405405405405406,0.24390243902439024,0.9332036316472114
2,44,3146,0.7845053746399038,0.1282051282051282,0.08108108108108109,0.30612244897959184,0.933852140077821
2,44,3196,0.7927486644975434,0.10344827586206896,0.06486486486486487,0.2553191489361702,0.9325551232166018
2,44,3246,0.7881711307720277,0.1111111111111111,0.07027027027027027,0.2653061224489796,0.9325551232166018
2,44,3296,0.7885142127294593,0.09691629955947137,0.05945945945945946,0.2619047619047619,0.9335278858625162
2,44,3346,0.7880443396138463,0.08928571428571429,0.05405405405405406,0.2564102564102564,0.933852140077821
2,44,3396,0.790899005248781,0.08888888888888889,0.05405405405405406,0.25,0.9335278858625162
2,44,3446,0.7937648583388494,0.10619469026548672,0.06486486486486487,0.2926829268292683,0.9345006485084306
2,44,3496,0.787419706702218,0.08547008547008547,0.05405405405405406,0.20408163265306123,0.930609597924773
2,44,3546,0.7899629881692661,0.1038961038961039,0.06486486486486487,0.2608695652173913,0.9328793774319066
2,44,3596,0.7915404193431099,0.11864406779661017,0.07567567567567568,0.27450980392156865,0.9325551232166018
2,44,3646,0.7919543551830548,0.09049773755656108,0.05405405405405406,0.2777777777777778,0.9348249027237354
2,44,3696,0.7945591676533381,0.10619469026548672,0.06486486486486487,0.2926829268292683,0.9345006485084306
2,44,3746,0.7988402338178123,0.09865470852017937,0.05945945945945946,0.2894736842105263,0.9348249027237354
2,44,3796,0.7925118633638814,0.09691629955947137,0.05945945945945946,0.2619047619047619,0.9335278858625162
2,44,3846,0.8045682108462378,0.10714285714285714,0.06486486486486487,0.3076923076923077,0.9351491569390402
2,44,3896,0.8056869563596021,0.1,0.05945945945945946,0.3142857142857143,0.9357976653696498
2,44,3946,0.8023754696400438,0.11607142857142858,0.07027027027027027,0.3333333333333333,0.9357976653696498
2,44,3996,0.8015214938981756,0.1,0.05945945945945946,0.3142857142857143,0.9357976653696498
2,44,4046,0.8057522165145483,0.12334801762114538,0.07567567567567568,0.3333333333333333,0.935473411154345
2,44,4096,0.8062631102989848,0.12727272727272726,0.07567567567567568,0.4,0.9377431906614786
2,44,4146,0.7994182523330506,0.13761467889908258,0.08108108108108109,0.45454545454545453,0.9390402075226978
2,44,4196,0.8048348451935896,0.13452914798206278,0.08108108108108109,0.39473684210526316,0.9374189364461738
2,44,4246,0.807230825168045,0.125,0.07567567567567568,0.358974358974359,0.9364461738002594
2,44,4296,0.8117710673764484,0.1415929203539823,0.08648648648648649,0.3902439024390244,0.937094682230869
2,44,4346,0.8115939326701659,0.13513513513513514,0.08108108108108109,0.40540540540540543,0.9377431906614786
2,44,4396,0.8085341636911144,0.14414414414414414,0.08648648648648649,0.43243243243243246,0.9383916990920882
2,44,4446,0.8057745914248157,0.1206896551724138,0.07567567567567568,0.2978723404255319,0.933852140077821
2,44,4496,0.8083868621985214,0.14096916299559473,0.08648648648648649,0.38095238095238093,0.9367704280155642
2,44,4546,0.8129420210137699,0.13973799126637554,0.08648648648648649,0.36363636363636365,0.9361219195849546
2,44,4596,0.8071823461957992,0.13793103448275862,0.08648648648648649,0.3404255319148936,0.9351491569390402
2,44,4646,0.8136766639008791,0.13617021276595745,0.08648648648648649,0.32,0.9341763942931258
2,44,4696,0.8134752897084737,0.1440677966101695,0.0918918918918919,0.3333333333333333,0.9345006485084306
2,44,4746,0.8204711783187121,0.1645021645021645,0.10270270270270271,0.41304347826086957,0.9374189364461738
2,44,4796,0.8160745084511902,0.1532258064516129,0.10270270270270271,0.30158730158730157,0.9319066147859922
2,44,4846,0.8122875548884517,0.13389121338912133,0.08648648648648649,0.2962962962962963,0.9328793774319066
2,44,4896,0.8094440767086508,0.13934426229508196,0.0918918918918919,0.288135593220339,0.9319066147859922
2,44,4946,0.805161145968321,0.14345991561181434,0.0918918918918919,0.3269230769230769,0.9341763942931258
2,44,4996,0.8064253283984225,0.14225941422594143,0.0918918918918919,0.3148148148148148,0.9335278858625162
2,44,5046,0.8112377986817448,0.15,0.0972972972972973,0.32727272727272727,0.933852140077821
2,44,5096,0.8075589905186318,0.1276595744680851,0.08108108108108109,0.3,0.9335278858625162
2,44,5146,0.8099251372793974,0.15833333333333333,0.10270270270270271,0.34545454545454546,0.9345006485084306
2,44,5196,0.8086273924838948,0.14468085106382977,0.0918918918918919,0.34,0.9348249027237354
2,44,5246,0.8097535963006814,0.1206896551724138,0.07567567567567568,0.2978723404255319,0.933852140077821
2,44,5296,0.8105851971322824,0.12017167381974249,0.07567567567567568,0.2916666666666667,0.9335278858625162
2,44,5346,0.8076130632184445,0.12444444444444444,0.07567567567567568,0.35,0.9361219195849546
2,44,5396,0.8095913782012437,0.1206896551724138,0.07567567567567568,0.2978723404255319,0.933852140077821
2,44,5446,0.807752906407615,0.13559322033898305,0.08648648648648649,0.3137254901960784,0.933852140077821
2,44,5496,0.8091737132095878,0.12121212121212122,0.07567567567567568,0.30434782608695654,0.9341763942931258
2,44,5546,0.8128021778245994,0.13043478260869565,0.08108108108108109,0.3333333333333333,0.9351491569390402
2,44,5596,0.8051835208785882,0.10714285714285714,0.06486486486486487,0.3076923076923077,0.9351491569390402
2,44,5646,0.8125411372048142,0.12334801762114538,0.07567567567567568,0.3333333333333333,0.935473411154345
2,44,5696,0.8105218015531918,0.14349775784753363,0.08648648648648649,0.42105263157894735,0.9380674448767834
2,44,5746,0.8080829363340574,0.1222707423580786,0.07567567567567568,0.3181818181818182,0.9348249027237354
2,44,5796,0.8059722364655101,0.11818181818181818,0.07027027027027027,0.37142857142857144,0.937094682230869
2,44,5846,0.8056198316288002,0.15789473684210525,0.0972972972972973,0.4186046511627907,0.9377431906614786
2,44,5896,0.8076111986425887,0.12264150943396226,0.07027027027027027,0.48148148148148145,0.9396887159533074
2,44,5946,0.8072345543197561,0.12669683257918551,0.07567567567567568,0.3888888888888889,0.9374189364461738
2,44,5996,0.8114932455739632,0.08333333333333333,0.04864864864864865,0.2903225806451613,0.9357976653696498
2,44,6046,0.8149837315756598,0.12149532710280374,0.07027027027027027,0.4482758620689655,0.9390402075226978
2,44,6096,0.8145474208254477,0.10810810810810811,0.06486486486486487,0.32432432432432434,0.9357976653696498
2,44,6146,0.8064383804294118,0.10762331838565023,0.06486486486486487,0.3157894736842105,0.935473411154345
2,44,6196,0.8057130604215805,0.1278538812785388,0.07567567567567568,0.4117647058823529,0.9380674448767834
2,44,6246,0.8162292682472055,0.11009174311926606,0.06486486486486487,0.36363636363636365,0.937094682230869
2,44,6296,0.8155748021218874,0.1278538812785388,0.07567567567567568,0.4117647058823529,0.9380674448767834
2,44,6346,0.8168035576107325,0.10185185185185185,0.05945945945945946,0.3548387096774194,0.937094682230869
2,44,6396,0.8160558626926341,0.1187214611872146,0.07027027027027027,0.38235294117647056,0.9374189364461738
2,44,6446,0.8057689976972489,0.12962962962962962,0.07567567567567568,0.45161290322580644,0.9390402075226978
2,44,6496,0.807823760290128,0.12037037037037036,0.07027027027027027,0.41935483870967744,0.9383916990920882
2,44,6546,0.8049318031380812,0.11555555555555555,0.07027027027027027,0.325,0.935473411154345
2,44,6596,0.8038055993212945,0.09259259259259259,0.05405405405405406,0.3225806451612903,0.9364461738002594
2,44,6646,0.8057578102421153,0.1085972850678733,0.06486486486486487,0.3333333333333333,0.9361219195849546
2,44,6696,0.8048348451935895,0.11926605504587157,0.07027027027027027,0.3939393939393939,0.9377431906614786
2,44,6746,0.8140122875548883,0.09433962264150944,0.05405405405405406,0.37037037037037035,0.9377431906614786
2,44,6796,0.8128898128898129,0.08411214953271028,0.04864864864864865,0.3103448275862069,0.9364461738002594
2,44,6846,0.8078815621416519,0.08450704225352113,0.04864864864864865,0.32142857142857145,0.9367704280155642
2,44,6896,0.8135610601978316,0.08571428571428572,0.04864864864864865,0.36,0.9377431906614786
2,44,6946,0.8140551727995675,0.09389671361502347,0.05405405405405406,0.35714285714285715,0.9374189364461738
2,44,6996,0.8087262150042419,0.09345794392523364,0.05405405405405406,0.3448275862068966,0.937094682230869
2,44,7046,0.8122372113403502,0.08294930875576037,0.04864864864864865,0.28125,0.935473411154345
2,44,7096,0.8084651743844569,0.11267605633802817,0.06486486486486487,0.42857142857142855,0.938715953307393
2,44,7146,0.8153491884433588,0.08530805687203792,0.04864864864864865,0.34615384615384615,0.9374189364461738
2,44,7196,0.8129364272862031,0.08490566037735849,0.04864864864864865,0.3333333333333333,0.937094682230869
2,44,7246,0.8097461379972591,0.08411214953271028,0.04864864864864865,0.3103448275862069,0.9364461738002594
2,44,7296,0.8149930544549379,0.0761904761904762,0.043243243243243246,0.32,0.937094682230869
2,44,7346,0.8108108108108109,0.06698564593301436,0.03783783783783784,0.2916666666666667,0.9367704280155642
2,44,7396,0.810421114456989,0.06698564593301436,0.03783783783783784,0.2916666666666667,0.9367704280155642
2,44,7446,0.8117151301007803,0.07511737089201878,0.043243243243243246,0.2857142857142857,0.9361219195849546
2,44,7496,0.8153529175950702,0.07582938388625593,0.043243243243243246,0.3076923076923077,0.9367704280155642
2,44,7546,0.8174468362809171,0.07476635514018691,0.043243243243243246,0.27586206896551724,0.9357976653696498
2,44,7596,0.8111930488612102,0.09615384615384616,0.05405405405405406,0.43478260869565216,0.9390402075226978
2,44,7646,0.8119109105656191,0.07655502392344497,0.043243243243243246,0.3333333333333333,0.9374189364461738
2,44,7696,0.8154069902948827,0.10185185185185185,0.05945945945945946,0.3548387096774194,0.937094682230869
2,44,7746,0.8122241593093612,0.08571428571428572,0.04864864864864865,0.36,0.9377431906614786
2,44,7796,0.8102868649953852,0.08490566037735849,0.04864864864864865,0.3333333333333333,0.937094682230869
2,44,7846,0.8064178700950001,0.0594059405940594,0.032432432432432434,0.35294117647058826,0.9383916990920882
2,44,7896,0.8148755861760346,0.06862745098039216,0.03783783783783784,0.3684210526315789,0.9383916990920882
2,44,7946,0.8161901121542376,0.08653846153846154,0.04864864864864865,0.391304347826087,0.9383916990920882
2,44,7996,0.8152690116815677,0.057971014492753624,0.032432432432432434,0.2727272727272727,0.9367704280155642
3,45,246,0.6346540745643885,0.08461538461538462,0.05945945945945946,0.14666666666666667,0.9228274967574579
3,45,296,0.6716537855551309,0.13427561837455831,0.10270270270270271,0.19387755102040816,0.9205577172503242
3,45,346,0.7003514725487819,0.17088607594936708,0.14594594594594595,0.20610687022900764,0.9150453955901426
3,45,396,0.700071786170441,0.1461794019933555,0.11891891891891893,0.1896551724137931,0.9166666666666666
3,45,446,0.7503910947857135,0.17721518987341772,0.15135135135135136,0.21374045801526717,0.9156939040207522
3,45,496,0.6983582409591378,0.1476510067114094,0.11891891891891893,0.19469026548672566,0.917639429312581
3,45,546,0.7191202931113244,0.11764705882352941,0.08648648648648649,0.1839080459770115,0.9221789883268483
3,45,596,0.7111249918424807,0.12639405204460966,0.0918918918918919,0.20238095238095238,0.9238002594033723
3,45,646,0.7026262550926229,0.1297709923664122,0.0918918918918919,0.22077922077922077,0.9260700389105059
3,45,696,0.6970772773463356,0.12734082397003746,0.0918918918918919,0.2073170731707317,0.9244487678339819
3,45,746,0.6913213316800761,0.07874015748031496,0.05405405405405406,0.14492753623188406,0.9241245136186771
3,45,796,0.7001333171736759,0.09205020920502092,0.05945945945945946,0.2037037037037037,0.9296368352788587
3,45,846,0.7236959622609846,0.10358565737051793,0.07027027027027027,0.19696969696969696,0.9270428015564203
3,45,896,0.7214211797171439,0.07692307692307693,0.04864864864864865,0.1836734693877551,0.9299610894941635
3,45,946,0.7542880583239328,0.15555555555555556,0.11351351351351352,0.24705882352941178,0.9260700389105059
3,45,996,0.742546824161174,0.125,0.08648648648648649,0.22535211267605634,0.9273670557717251
3,45,1046,0.7410048199285867,0.12307692307692308,0.08648648648648649,0.21333333333333335,0.9260700389105059
3,45,1096,0.7489329964666287,0.14545454545454545,0.10810810810810811,0.2222222222222222,0.9238002594033723
3,45,1146,0.7501859914415969,0.1297709923664122,0.0918918918918919,0.22077922077922077,0.9260700389105059
3,45,1196,0.7575659826780904,0.11450381679389313,0.08108108108108109,0.19480519480519481,0.9247730220492867
3,45,1246,0.7584796248473378,0.08835341365461848,0.05945945945945946,0.171875,0.9263942931258107
3,45,1296,0.7545789321574076,0.075,0.04864864864864865,0.16363636363636364,0.9280155642023347
3,45,1346,0.7721357784138052,0.11666666666666667,0.07567567567567568,0.2545454545454545,0.9312581063553826
3,45,1396,0.7769296029385716,0.11336032388663968,0.07567567567567568,0.22580645161290322,0.9289883268482491
3,45,1446,0.7696521633741364,0.09876543209876543,0.06486486486486487,0.20689655172413793,0.9289883268482491
3,45,1496,0.7789806363797394,0.14166666666666666,0.0918918918918919,0.3090909090909091,0.9332036316472114
3,45,1546,0.7750202772624298,0.09401709401709402,0.05945945945945946,0.22448979591836735,0.9312581063553826
3,45,1596,0.7829503183763274,0.125,0.08648648648648649,0.22535211267605634,0.9273670557717251
3,45,1646,0.7864613147124357,0.10358565737051793,0.07027027027027027,0.19696969696969696,0.9270428015564203
3,45,1696,0.7748878923766815,0.10483870967741936,0.07027027027027027,0.20634920634920634,0.9280155642023347
3,45,1746,0.7801031110448151,0.11618257261410789,0.07567567567567568,0.25,0.9309338521400778
3,45,1796,0.7805002657020595,0.11618257261410789,0.07567567567567568,0.25,0.9309338521400778
3,45,1846,0.7750333292934191,0.1322314049586777,0.08648648648648649,0.2807017543859649,0.9319066147859922
3,45,1896,0.7824077268023457,0.12396694214876033,0.08108108108108109,0.2631578947368421,0.9312581063553826
3,45,1946,0.7905223609259484,0.10256410256410256,0.06486486486486487,0.24489795918367346,0.9319066147859922
3,45,1996,0.7834761287676085,0.15319148936170213,0.0972972972972973,0.36,0.935473411154345
3,45,2046,0.7895863438464337,0.08368200836820083,0.05405405405405406,0.18518518518518517,0.9289883268482491
3,45,2096,0.780050902920858,0.11063829787234042,0.07027027027027027,0.26,0.932230869001297
3,45,2146,0.7996196265254562,0.09482758620689655,0.05945945945945946,0.23404255319148937,0.9319066147859922
3,45,2196,0.7915385547672543,0.11016949152542373,0.07027027027027027,0.2549019607843137,0.9319066147859922
3,45,2246,0.793761129187138,0.10300429184549356,0.06486486486486487,0.25,0.932230869001297
3,45,2296,0.8051201252994975,0.06306306306306306,0.03783783783783784,0.1891891891891892,0.9325551232166018
3,45,2346,0.8036359229184342,0.09649122807017543,0.05945945945945946,0.2558139534883721,0.9332036316472114
3,45,2396,0.8038615365969627,0.11555555555555555,0.07027027027027027,0.325,0.935473411154345
3,45,2446,0.7990565246170627,0.1322314049586777,0.08648648648648649,0.2807017543859649,0.9319066147859922
3,45,2496,0.8077547709834707,0.1282051282051282,0.08108108108108109,0.30612244897959184,0.933852140077821
3,45,2546,0.8026141353495614,0.11158798283261803,0.07027027027027027,0.2708333333333333,0.9328793774319066
3,45,2596,0.7924913530294696,0.08928571428571429,0.05405405405405406,0.2564102564102564,0.933852140077821
3,45,2646,0.8007309137353982,0.09734513274336283,0.05945945945945946,0.2682926829268293,0.933852140077821
3,45,2696,0.8085360282669701,0.08108108108108109,0.04864864864864865,0.24324324324324326,0.933852140077821
3,45,2746,0.8085528094496703,0.08928571428571429,0.05405405405405406,0.2564102564102564,0.933852140077821
3,45,2796,0.8049206156829476,0.09691629955947137,0.05945945945945946,0.2619047619047619,0.9335278858625162
3,45,2846,0.8034196321191838,0.10909090909090909,0.06486486486486487,0.34285714285714286,0.9364461738002594
3,45,2896,0.7941899816339277,0.10762331838565023,0.06486486486486487,0.3157894736842105,0.935473411154345
3,45,2946,0.8016408267529345,0.09090909090909091,0.05405405405405406,0.2857142857142857,0.9351491569390402
3,45,2996,0.7972572089164018,0.0821917808219178,0.04864864864864865,0.2647058823529412,0.9348249027237354
3,45,3046,0.8064738073706683,0.09734513274336283,0.05945945945945946,0.2682926829268293,0.933852140077821
3,45,3096,0.799990677120722,0.09649122807017543,0.05945945945945946,0.2558139534883721,0.9332036316472114
3,45,3146,0.7916075440739118,0.08144796380090498,0.04864864864864865,0.25,0.9341763942931258
3,45,3196,0.8017564304559821,0.07894736842105263,0.04864864864864865,0.20930232558139536,0.9319066147859922
3,45,3246,0.806755358324865,0.05357142857142857,0.032432432432432434,0.15384615384615385,0.9312581063553826
3,45,3296,0.8005388624222706,0.027777777777777776,0.016216216216216217,0.0967741935483871,0.9319066147859922
3,45,3346,0.7941638775719493,0.04424778761061947,0.02702702702702703,0.12195121951219512,0.9299610894941635
3,45,3396,0.7979508311346877,0.06986899563318777,0.043243243243243246,0.18181818181818182,0.9309338521400778
3,45,3446,0.8050026570205944,0.08108108108108109,0.04864864864864865,0.24324324324324326,0.933852140077821
3,45,3496,0.8039249321760532,0.07373271889400922,0.043243243243243246,0.25,0.9348249027237354
3,45,3546,0.803190289288944,0.08333333333333333,0.04864864864864865,0.2903225806451613,0.9357976653696498
3,45,3596,0.7934329638365513,0.06956521739130435,0.043243243243243246,0.17777777777777778,0.930609597924773
3,45,3646,0.7966642737943186,0.08888888888888889,0.05405405405405406,0.25,0.9335278858625162
3,45,3696,0.7974492602295294,0.05429864253393665,0.032432432432432434,0.16666666666666666,0.932230869001297
3,45,3746,0.797868789797041,0.08181818181818182,0.04864864864864865,0.2571428571428571,0.9345006485084306
3,45,3796,0.7969924391449055,0.053811659192825115,0.032432432432432434,0.15789473684210525,0.9315823605706874
3,45,3846,0.7978911647073081,0.07239819004524888,0.043243243243243246,0.2222222222222222,0.9335278858625162
3,45,3896,0.799582335008344,0.07407407407407407,0.043243243243243246,0.25806451612903225,0.9351491569390402
3,45,3946,0.8041859727958383,0.07373271889400922,0.043243243243243246,0.25,0.9348249027237354
3,45,3996,0.8003710505952658,0.0821917808219178,0.04864864864864865,0.2647058823529412,0.9348249027237354
3,45,4046,0.7983964647641777,0.07373271889400922,0.043243243243243246,0.25,0.9348249027237354
3,45,4096,0.7948724163970802,0.08256880733944955,0.04864864864864865,0.2727272727272727,0.9351491569390402
3,45,4146,0.7998508339315515,0.09777777777777778,0.05945945945945946,0.275,0.9341763942931258
3,45,4196,0.8045756691496602,0.07272727272727272,0.043243243243243246,0.22857142857142856,0.933852140077821
3,45,4246,0.8024668338569684,0.08071748878923767,0.04864864864864865,0.23684210526315788,0.9335278858625162
3,45,4296,0.8039174738726308,0.07339449541284404,0.043243243243243246,0.24242424242424243,0.9345006485084306
3,45,4346,0.8113459440813702,0.07441860465116279,0.043243243243243246,0.26666666666666666,0.935473411154345
3,45,4396,0.8011224746650756,0.0660377358490566,0.03783783783783784,0.25925925925925924,0.9357976653696498
3,45,4446,0.8076559484631233,0.08450704225352113,0.04864864864864865,0.32142857142857145,0.9367704280155642
3,45,4496,0.8028733113934908,0.07407407407407407,0.043243243243243246,0.25806451612903225,0.9351491569390402
3,45,4546,0.814090599740824,0.07441860465116279,0.043243243243243246,0.26666666666666666,0.935473411154345
3,45,4596,0.8067833269626993,0.06511627906976744,0.03783783783783784,0.23333333333333334,0.9348249027237354
3,45,4646,0.8002106970716837,0.0761904761904762,0.043243243243243246,0.32,0.937094682230869
3,45,4696,0.8074359285121618,0.05581395348837209,0.032432432432432434,0.2,0.9341763942931258
3,45,4746,0.8037496620456261,0.08372093023255814,0.04864864864864865,0.3,0.9361219195849546
3,45,4796,0.8004083421123779,0.10138248847926268,0.05945945945945946,0.34375,0.9367704280155642
3,45,4846,0.8040088380895556,0.08450704225352113,0.04864864864864865,0.32142857142857145,0.9367704280155642
3,45,4896,0.8007924447386331,0.08294930875576037,0.04864864864864865,0.28125,0.935473411154345
3,45,4946,0.7991143264685866,0.0761904761904762,0.043243243243243246,0.32,0.937094682230869
3,45,4996,0.8009527982622153,0.091324200913242,0.05405405405405406,0.29411764705882354,0.935473411154345
3,45,5046,0.8004773314190355,0.08372093023255814,0.04864864864864865,0.3,0.9361219195849546
3,45,5096,0.800930423351948,0.09216589861751152,0.05405405405405406,0.3125,0.9361219195849546
3,45,5146,0.7941750650270829,0.1004566210045662,0.05945945945945946,0.3235294117647059,0.9361219195849546
3,45,5196,0.7973168753437812,0.0761904761904762,0.043243243243243246,0.32,0.937094682230869
3,45,5246,0.7988327755143899,0.09433962264150944,0.05405405405405406,0.37037037037037035,0.9377431906614786
3,45,5296,0.8041169834891808,0.07547169811320754,0.043243243243243246,0.2962962962962963,0.9364461738002594
3,45,5346,0.7996475951632902,0.08411214953271028,0.04864864864864865,0.3103448275862069,0.9364461738002594
3,45,5396,0.8117356404351921,0.09433962264150944,0.05405405405405406,0.37037037037037035,0.9377431906614786
3,45,5446,0.8019540754966764,0.08333333333333333,0.04864864864864865,0.2903225806451613,0.9357976653696498
3,45,5496,0.8078163019867055,0.0861244019138756,0.04864864864864865,0.375,0.9380674448767834
3,45,5546,0.8039230676001977,0.07582938388625593,0.043243243243243246,0.3076923076923077,0.9367704280155642
3,45,5596,0.8129438855896256,0.11981566820276497,0.07027027027027027,0.40625,0.9380674448767834
3,45,5646,0.8036154125840224,0.09433962264150944,0.05405405405405406,0.37037037037037035,0.9377431906614786
3,45,5696,0.8071804816199436,0.09216589861751152,0.05405405405405406,0.3125,0.9361219195849546
3,45,5746,0.8090320054445614,0.09259259259259259,0.05405405405405406,0.3225806451612903,0.9364461738002594
3,45,5796,0.7987768382387217,0.1004566210045662,0.05945945945945946,0.3235294117647059,0.9361219195849546
3,45,5846,0.8060225800136114,0.07511737089201878,0.043243243243243246,0.2857142857142857,0.9361219195849546
3,45,5896,0.8054445614983732,0.08737864077669903,0.04864864864864865,0.42857142857142855,0.9390402075226978
3,45,5946,0.7961142239169146,0.08294930875576037,0.04864864864864865,0.28125,0.935473411154345
3,45,5996,0.7999366044209094,0.10476190476190476,0.05945945945945946,0.44,0.9390402075226978
3,45,6046,0.7995114811258309,0.08571428571428572,0.04864864864864865,0.36,0.9377431906614786
3,45,6096,0.8035445587015094,0.10328638497652583,0.05945945945945946,0.39285714285714285,0.9380674448767834
3,45,6146,0.8006134454564948,0.09569377990430622,0.05405405405405406,0.4166666666666667,0.938715953307393
3,45,6196,0.7988215880592562,0.09433962264150944,0.05405405405405406,0.37037037037037035,0.9377431906614786
3,45,6246,0.8017471075767039,0.09433962264150944,0.05405405405405406,0.37037037037037035,0.9377431906614786
3,45,6296,0.7979638831656769,0.09389671361502347,0.05405405405405406,0.35714285714285715,0.9374189364461738
3,45,6346,0.8016743891183353,0.10185185185185185,0.05945945945945946,0.3548387096774194,0.937094682230869
3,45,6396,0.8035333712463757,0.08450704225352113,0.04864864864864865,0.32142857142857145,0.9367704280155642
3,45,6446,0.804614825242628,0.07582938388625593,0.043243243243243246,0.3076923076923077,0.9367704280155642
3,45,6496,0.8002218845268172,0.06635071090047394,0.03783783783783784,0.2692307692307692,0.9361219195849546
3,45,6546,0.7947624064215992,0.07511737089201878,0.043243243243243246,0.2857142857142857,0.9361219195849546
3,45,6596,0.8005183520878588,0.0821917808219178,0.04864864864864865,0.2647058823529412,0.9348249027237354
3,45,6646,0.8038186513522837,0.07547169811320754,0.043243243243243246,0.2962962962962963,0.9364461738002594
3,45,6696,0.8036098188564557,0.06666666666666667,0.03783783783783784,0.28,0.9364461738002594
3,45,6746,0.7984840998293914,0.08411214953271028,0.04864864864864865,0.3103448275862069,0.9364461738002594
3,45,6796,0.8078442706245397,0.08653846153846154,0.04864864864864865,0.391304347826087,0.9383916990920882
3,45,6846,0.8048348451935895,0.08530805687203792,0.04864864864864865,0.34615384615384615,0.9374189364461738
3,45,6896,0.8079300411138977,0.07655502392344497,0.043243243243243246,0.3333333333333333,0.9374189364461738
3,45,6946,0.8089797973206044,0.07655502392344497,0.043243243243243246,0.3333333333333333,0.9374189364461738
3,45,6996,0.8011858702441662,0.07729468599033816,0.043243243243243246,0.36363636363636365,0.9380674448767834
3,45,7046,0.8120470246030785,0.07729468599033816,0.043243243243243246,0.36363636363636365,0.9380674448767834
3,45,7096,0.8009248296243813,0.07511737089201878,0.043243243243243246,0.2857142857142857,0.9361219195849546
3,45,7146,0.8080307282101005,0.09569377990430622,0.05405405405405406,0.4166666666666667,0.938715953307393
3,45,7196,0.811787848559149,0.06698564593301436,0.03783783783783784,0.2916666666666667,0.9367704280155642
3,45,7246,0.8078237602901279,0.09302325581395349,0.05405405405405406,0.3333333333333333,0.9367704280155642
3,45,7296,0.8004232587192228,0.07766990291262135,0.043243243243243246,0.38095238095238093,0.9383916990920882
3,45,7346,0.8076801879492463,0.07692307692307693,0.043243243243243246,0.34782608695652173,0.9377431906614786
3,45,7396,0.8108238628418001,0.0861244019138756,0.04864864864864865,0.375,0.9380674448767834
3,45,7446,0.8114913809981075,0.06698564593301436,0.03783783783783784,0.2916666666666667,0.9367704280155642
3,45,7496,0.8114466311775729,0.0861244019138756,0.04864864864864865,0.375,0.9380674448767834
3,45,7546,0.8068635037244902,0.06896551724137931,0.03783783783783784,0.3888888888888889,0.938715953307393
3,45,7596,0.8112396632576006,0.07881773399014778,0.043243243243243246,0.4444444444444444,0.9393644617380026
3,45,7646,0.8057037375423026,0.07692307692307693,0.043243243243243246,0.34782608695652173,0.9377431906614786
3,45,7696,0.8143292654503417,0.08411214953271028,0.04864864864864865,0.3103448275862069,0.9364461738002594
3,45,7746,0.8112583090161565,0.07804878048780488,0.043243243243243246,0.4,0.938715953307393
3,45,7796,0.8090450574755508,0.08695652173913043,0.04864864864864865,0.4090909090909091,0.938715953307393
3,45,7846,0.8134566439499175,0.07655502392344497,0.043243243243243246,0.3333333333333333,0.9374189364461738
3,45,7896,0.8167569432143423,0.08653846153846154,0.04864864864864865,0.391304347826087,0.9383916990920882
3,45,7946,0.8126921678491186,0.07692307692307693,0.043243243243243246,0.34782608695652173,0.9377431906614786
3,45,7996,0.8129569376206148,0.0947867298578199,0.05405405405405406,0.38461538461538464,0.9380674448767834
4,46,246,0.6346540745643885,0.08461538461538462,0.05945945945945946,0.14666666666666667,0.9228274967574579
4,46,296,0.6782124311272294,0.099644128113879,0.07567567567567568,0.14583333333333334,0.9179636835278858
4,46,346,0.666753680206595,0.0728744939271255,0.04864864864864865,0.14516129032258066,0.9257457846952011
4,46,396,0.6679600607851729,0.09859154929577464,0.07567567567567568,0.1414141414141414,0.9169909208819714
4,46,446,0.6861396753773437,0.09302325581395349,0.07567567567567568,0.1206896551724138,0.9114785992217899
4,46,496,0.7354260089686099,0.13513513513513514,0.10810810810810811,0.18018018018018017,0.9169909208819714
4,46,546,0.7360301315458266,0.12454212454212454,0.0918918918918919,0.19318181818181818,0.9225032425421531
4,46,596,0.7284562244203501,0.10204081632653061,0.08108108108108109,0.13761467889908258,0.914396887159533
4,46,646,0.7371581999384691,0.11072664359861592,0.08648648648648649,0.15384615384615385,0.9166666666666666
4,46,696,0.7305706534406087,0.11363636363636363,0.08108108108108109,0.189873417721519,0.9241245136186771
4,46,746,0.7419091392185563,0.12878787878787878,0.0918918918918919,0.21518987341772153,0.9254215304798963
4,46,796,0.7312530882037609,0.099644128113879,0.07567567567567568,0.14583333333333334,0.9179636835278858
4,46,846,0.7352917595070061,0.10727969348659004,0.07567567567567568,0.18421052631578946,0.9244487678339819
4,46,896,0.7473406486859402,0.11235955056179775,0.08108108108108109,0.18292682926829268,0.9231517509727627
4,46,946,0.7474450649338542,0.11721611721611722,0.08648648648648649,0.18181818181818182,0.9218547341115434
4,46,996,0.7545807967332632,0.1357142857142857,0.10270270270270271,0.2,0.9215304798962386
4,46,1046,0.7424666473993828,0.10486891385767791,0.07567567567567568,0.17073170731707318,0.9225032425421531
4,46,1096,0.7466917762881888,0.11235955056179775,0.08108108108108109,0.18292682926829268,0.9231517509727627
4,46,1146,0.7472455553173042,0.12096774193548387,0.08108108108108109,0.23809523809523808,0.9293125810635539
4,46,1196,0.7402794999207556,0.104,0.07027027027027027,0.2,0.9273670557717251
4,46,1246,0.7296420946645162,0.09053497942386832,0.05945945945945946,0.1896551724137931,0.9283398184176395
4,46,1296,0.7365857751507976,0.104,0.07027027027027027,0.2,0.9273670557717251
4,46,1346,0.7523414411306788,0.06324110671936758,0.043243243243243246,0.11764705882352941,0.9231517509727627
4,46,1396,0.7550301595144644,0.10038610038610038,0.07027027027027027,0.17567567567567569,0.9244487678339819
4,46,1446,0.7494028695822419,0.05737704918032787,0.03783783783783784,0.11864406779661017,0.9254215304798963
4,46,1496,0.7557797190084186,0.0653061224489796,0.043243243243243246,0.13333333333333333,0.9257457846952011
4,46,1546,0.7566281010227199,0.07317073170731707,0.04864864864864865,0.14754098360655737,0.9260700389105059
4,46,1596,0.7494942337991664,0.07905138339920949,0.05405405405405406,0.14705882352941177,0.9244487678339819
4,46,1646,0.7690946551933099,0.096,0.06486486486486487,0.18461538461538463,0.9267185473411155
4,46,1696,0.7583416462340229,0.10236220472440945,0.07027027027027027,0.18840579710144928,0.9260700389105059
4,46,1746,0.7678584414010423,0.11023622047244094,0.07567567567567568,0.2028985507246377,0.9267185473411155
4,46,1796,0.7669149660181052,0.12396694214876033,0.08108108108108109,0.2631578947368421,0.9312581063553826
4,46,1846,0.7582913026859215,0.1,0.06486486486486487,0.21818181818181817,0.9299610894941635
4,46,1896,0.764645777201831,0.08097165991902834,0.05405405405405406,0.16129032258064516,0.9263942931258107
4,46,1946,0.7533240726065838,0.0995850622406639,0.06486486486486487,0.21428571428571427,0.9296368352788587
4,46,1996,0.7691077072242993,0.08333333333333333,0.05405405405405406,0.18181818181818182,0.9286640726329443
4,46,2046,0.7593746212580295,0.08661417322834646,0.05945945945945946,0.15942028985507245,0.9247730220492867
4,46,2096,0.7666240921846302,0.08979591836734693,0.05945945945945946,0.18333333333333332,0.9276913099870299
4,46,2146,0.7697677670771842,0.06779661016949153,0.043243243243243246,0.1568627450980392,0.9286640726329443
4,46,2196,0.7663052497133215,0.09876543209876543,0.06486486486486487,0.20689655172413793,0.9289883268482491
4,46,2246,0.7707970129494793,0.08620689655172414,0.05405405405405406,0.2127659574468085,0.9312581063553826
4,46,2296,0.7708268461631691,0.08695652173913043,0.05405405405405406,0.2222222222222222,0.9319066147859922
4,46,2346,0.7700381305762471,0.07792207792207792,0.04864864864864865,0.1956521739130435,0.9309338521400778
4,46,2396,0.7664991656023046,0.07894736842105263,0.04864864864864865,0.20930232558139536,0.9319066147859922
4,46,2446,0.7723744441233231,0.1276595744680851,0.08108108108108109,0.3,0.9335278858625162
4,46,2496,0.764507798588516,0.08733624454148471,0.05405405405405406,0.22727272727272727,0.932230869001297
4,46,2546,0.7778786720490756,0.11914893617021277,0.07567567567567568,0.28,0.9328793774319066
4,46,2596,0.7788538452215582,0.09090909090909091,0.05945945945945946,0.19298245614035087,0.9286640726329443
4,46,2646,0.7760607105898586,0.10256410256410256,0.06486486486486487,0.24489795918367346,0.9319066147859922
4,46,2696,0.7759339194316772,0.09482758620689655,0.05945945945945946,0.23404255319148937,0.9319066147859922
4,46,2746,0.7744981960228597,0.10126582278481013,0.06486486486486487,0.23076923076923078,0.9309338521400778
4,46,2796,0.7850852577309977,0.10344827586206896,0.06486486486486487,0.2553191489361702,0.9325551232166018
4,46,2846,0.7906752561461081,0.09401709401709402,0.05945945945945946,0.22448979591836735,0.9312581063553826
4,46,2896,0.7848372691422019,0.07725321888412018,0.04864864864864865,0.1875,0.9302853437094682
4,46,2946,0.7851393304308103,0.08658008658008658,0.05405405405405406,0.21739130434782608,0.9315823605706874
4,46,2996,0.7850237267277625,0.07792207792207792,0.04864864864864865,0.1956521739130435,0.9309338521400778
4,46,3046,0.7865731892637723,0.08928571428571429,0.05405405405405406,0.2564102564102564,0.933852140077821
4,46,3096,0.7796835814773034,0.09205020920502092,0.05945945945945946,0.2037037037037037,0.9296368352788587
4,46,3146,0.7811957524962009,0.10526315789473684,0.06486486486486487,0.27906976744186046,0.933852140077821
4,46,3196,0.7813654288990612,0.09865470852017937,0.05945945945945946,0.2894736842105263,0.9348249027237354
4,46,3246,0.7760420648313026,0.07929515418502203,0.04864864864864865,0.21428571428571427,0.932230869001297
4,46,3296,0.782761996214911,0.08,0.04864864864864865,0.225,0.9328793774319066
4,46,3346,0.7857061614909148,0.08108108108108109,0.04864864864864865,0.24324324324324326,0.933852140077821
4,46,3396,0.7892954700129589,0.06481481481481481,0.03783783783783784,0.22580645161290322,0.9345006485084306
4,46,3446,0.7781937853686732,0.07239819004524888,0.043243243243243246,0.2222222222222222,0.9335278858625162
4,46,3496,0.7831572862962997,0.09090909090909091,0.05405405405405406,0.2857142857142857,0.9351491569390402
4,46,3546,0.7932371833717126,0.10377358490566038,0.05945945945945946,0.4074074074074074,0.9383916990920882
4,46,3596,0.7919841883967444,0.07441860465116279,0.043243243243243246,0.26666666666666666,0.935473411154345
4,46,3646,0.7814698451469752,0.10091743119266056,0.05945945945945946,0.3333333333333333,0.9364461738002594
4,46,3696,0.7839590539142108,0.08035714285714286,0.04864864864864865,0.23076923076923078,0.9332036316472114
4,46,3746,0.788107735192937,0.11711711711711711,0.07027027027027027,0.35135135135135137,0.9364461738002594
4,46,3796,0.7802485479615524,0.08144796380090498,0.04864864864864865,0.25,0.9341763942931258
4,46,3846,0.7883836924195667,0.091324200913242,0.05405405405405406,0.29411764705882354,0.935473411154345
4,46,3896,0.7828048814595899,0.09090909090909091,0.05405405405405406,0.2857142857142857,0.9351491569390402
4,46,3946,0.7852754444682696,0.08372093023255814,0.04864864864864865,0.3,0.9361219195849546
4,46,3996,0.7906137251428732,0.08571428571428572,0.04864864864864865,0.36,0.9377431906614786
4,46,4046,0.7831460988411661,0.09259259259259259,0.05405405405405406,0.3225806451612903,0.9364461738002594
4,46,4096,0.7837875129354951,0.09821428571428571,0.05945945945945946,0.28205128205128205,0.9345006485084306
4,46,4146,0.78817858907545,0.0990990990990991,0.05945945945945946,0.2972972972972973,0.9351491569390402
4,46,4196,0.7904477778917242,0.09216589861751152,0.05405405405405406,0.3125,0.9361219195849546
4,46,4246,0.78444757278838,0.08333333333333333,0.04864864864864865,0.2903225806451613,0.9357976653696498
4,46,4296,0.7857509113114495,0.07441860465116279,0.043243243243243246,0.26666666666666666,0.935473411154345
4,46,4346,0.7827899648527452,0.10909090909090909,0.06486486486486487,0.34285714285714286,0.9364461738002594
4,46,4396,0.7864780958951363,0.09216589861751152,0.05405405405405406,0.3125,0.9361219195849546
4,46,4446,0.7889747629657944,0.10810810810810811,0.06486486486486487,0.32432432432432434,0.9357976653696498
4,46,4496,0.7900506232344797,0.09174311926605505,0.05405405405405406,0.30303030303030304,0.9357976653696498
4,46,4546,0.790404892647045,0.09049773755656108,0.05405405405405406,0.2777777777777778,0.9348249027237354
4,46,4596,0.7963864519918332,0.08181818181818182,0.04864864864864865,0.2571428571428571,0.9345006485084306
4,46,4646,0.8002013741924057,0.07339449541284404,0.043243243243243246,0.24242424242424243,0.9345006485084306
4,46,4696,0.799069576648052,0.09259259259259259,0.05405405405405406,0.3225806451612903,0.9364461738002594
4,46,4746,0.8016147226909559,0.08108108108108109,0.04864864864864865,0.24324324324324326,0.933852140077821
4,46,4796,0.7957207984113814,0.07373271889400922,0.043243243243243246,0.25,0.9348249027237354
4,46,4846,0.7950327699206623,0.1085972850678733,0.06486486486486487,0.3333333333333333,0.9361219195849546
4,46,4896,0.7930171634207508,0.08333333333333333,0.04864864864864865,0.2903225806451613,0.9357976653696498
4,46,4946,0.7968936166245584,0.09954751131221719,0.05945945945945946,0.3055555555555556,0.935473411154345
4,46,4996,0.7989577020967157,0.08490566037735849,0.04864864864864865,0.3333333333333333,0.937094682230869
4,46,5046,0.7994741896087187,0.09216589861751152,0.05405405405405406,0.3125,0.9361219195849546
4,46,5096,0.7935299217810429,0.09049773755656108,0.05405405405405406,0.2777777777777778,0.9348249027237354
4,46,5146,0.8042847953161856,0.08530805687203792,0.04864864864864865,0.34615384615384615,0.9374189364461738
4,46,5196,0.7997370948043595,0.11818181818181818,0.07027027027027027,0.37142857142857144,0.937094682230869
4,46,5246,0.7927039146770088,0.0861244019138756,0.04864864864864865,0.375,0.9380674448767834
4,46,5296,0.804661439639018,0.10091743119266056,0.05945945945945946,0.3333333333333333,0.9364461738002594
4,46,5346,0.7911637750202772,0.10185185185185185,0.05945945945945946,0.3548387096774194,0.937094682230869
4,46,5396,0.7949731034932829,0.0821917808219178,0.04864864864864865,0.2647058823529412,0.9348249027237354
4,46,5446,0.7962745774404966,0.09345794392523364,0.05405405405405406,0.3448275862068966,0.937094682230869
4,46,5496,0.7961496508581711,0.10377358490566038,0.05945945945945946,0.4074074074074074,0.9383916990920882
4,46,5546,0.792237770713107,0.10091743119266056,0.05945945945945946,0.3333333333333333,0.9364461738002594
4,46,5596,0.7909269738866151,0.09302325581395349,0.05405405405405406,0.3333333333333333,0.9367704280155642
4,46,5646,0.8000074583034225,0.09433962264150944,0.05405405405405406,0.37037037037037035,0.9377431906614786
4,46,5696,0.8008427882867346,0.08450704225352113,0.04864864864864865,0.32142857142857145,0.9367704280155642
4,46,5746,0.800479195994891,0.10328638497652583,0.05945945945945946,0.39285714285714285,0.9380674448767834
4,46,5796,0.7998881254486635,0.102803738317757,0.05945945945945946,0.3793103448275862,0.9377431906614786
4,46,5846,0.8041897019475495,0.1111111111111111,0.06486486486486487,0.3870967741935484,0.9377431906614786
4,46,5896,0.8108853938450352,0.08450704225352113,0.04864864864864865,0.32142857142857145,0.9367704280155642
4,46,5946,0.80953357634972,0.09174311926605505,0.05405405405405406,0.30303030303030304,0.9357976653696498
4,46,5996,0.8056981438147357,0.09389671361502347,0.05405405405405406,0.35714285714285715,0.9374189364461738
4,46,6046,0.8002125616475393,0.09345794392523364,0.05405405405405406,0.3448275862068966,0.937094682230869
4,46,6096,0.802972133913838,0.07692307692307693,0.043243243243243246,0.34782608695652173,0.9377431906614786
4,46,6146,0.8090692969616737,0.07729468599033816,0.043243243243243246,0.36363636363636365,0.9380674448767834
4,46,6196,0.8128581151002675,0.07692307692307693,0.043243243243243246,0.34782608695652173,0.9377431906614786
4,46,6246,0.8016408267529345,0.0673076923076923,0.03783783783783784,0.30434782608695654,0.937094682230869
4,46,6296,0.8058547681866067,0.09433962264150944,0.05405405405405406,0.37037037037037035,0.9377431906614786
4,46,6346,0.8039584945414542,0.11428571428571428,0.06486486486486487,0.48,0.9396887159533074
4,46,6396,0.8031007896478748,0.07766990291262135,0.043243243243243246,0.38095238095238093,0.9383916990920882
4,46,6446,0.8069902948826716,0.08411214953271028,0.04864864864864865,0.3103448275862069,0.9364461738002594
4,46,6496,0.8010851831479634,0.07766990291262135,0.043243243243243246,0.38095238095238093,0.9383916990920882
4,46,6546,0.8034326841501731,0.08737864077669903,0.04864864864864865,0.42857142857142855,0.9390402075226978
4,46,6596,0.7927020501011534,0.07766990291262135,0.043243243243243246,0.38095238095238093,0.9383916990920882
4,46,6646,0.7986910677493637,0.0947867298578199,0.05405405405405406,0.38461538461538464,0.9380674448767834
4,46,6696,0.8103912812432991,0.08294930875576037,0.04864864864864865,0.28125,0.935473411154345
4,46,6746,0.8077901979247271,0.07582938388625593,0.043243243243243246,0.3076923076923077,0.9367704280155642
4,46,6796,0.8086572256975844,0.07582938388625593,0.043243243243243246,0.3076923076923077,0.9367704280155642
4,46,6846,0.8033674239952268,0.07441860465116279,0.043243243243243246,0.26666666666666666,0.935473411154345
4,46,6896,0.8047826370696326,0.07441860465116279,0.043243243243243246,0.26666666666666666,0.935473411154345
4,46,6946,0.8105255307049029,0.09302325581395349,0.05405405405405406,0.3333333333333333,0.9367704280155642
4,46,6996,0.812846927645134,0.09345794392523364,0.05405405405405406,0.3448275862068966,0.937094682230869
4,46,7046,0.8127853966418989,0.09345794392523364,0.05405405405405406,0.3448275862068966,0.937094682230869
4,46,7096,0.8066602649562292,0.07547169811320754,0.043243243243243246,0.2962962962962963,0.9364461738002594
4,46,7146,0.8089313183483589,0.06666666666666667,0.03783783783783784,0.28,0.9364461738002594
4,46,7196,0.8092389733645339,0.0861244019138756,0.04864864864864865,0.375,0.9380674448767834
4,46,7246,0.8125635121150817,0.09259259259259259,0.05405405405405406,0.3225806451612903,0.9364461738002594
4,46,7296,0.8051387710580535,0.08372093023255814,0.04864864864864865,0.3,0.9361219195849546
4,46,7346,0.8053476035538816,0.11214953271028037,0.06486486486486487,0.41379310344827586,0.9383916990920882
4,46,7396,0.8094571287396399,0.10138248847926268,0.05945945945945946,0.34375,0.9367704280155642
4,46,7446,0.8079337702656089,0.08571428571428572,0.04864864864864865,0.36,0.9377431906614786
4,46,7496,0.8068821494830464,0.08571428571428572,0.04864864864864865,0.36,0.9377431906614786
4,46,7546,0.8101488863820703,0.08490566037735849,0.04864864864864865,0.3333333333333333,0.937094682230869
4,46,7596,0.8084707681120237,0.09433962264150944,0.05405405405405406,0.37037037037037035,0.9377431906614786
4,46,7646,0.8000447498205346,0.08571428571428572,0.04864864864864865,0.36,0.9377431906614786
4,46,7696,0.8063134538470862,0.11320754716981132,0.06486486486486487,0.4444444444444444,0.9390402075226978
4,46,7746,0.8088231729487334,0.11926605504587157,0.07027027027027027,0.3939393939393939,0.9377431906614786
4,46,7796,0.8092669420023679,0.08411214953271028,0.04864864864864865,0.3103448275862069,0.9364461738002594
4,46,7846,0.802330719819509,0.10426540284360189,0.05945945945945946,0.4230769230769231,0.938715953307393
4,46,7896,0.8024481880984122,0.11428571428571428,0.06486486486486487,0.48,0.9396887159533074
4,46,7946,0.8071674295889544,0.11428571428571428,0.06486486486486487,0.48,0.9396887159533074
4,46,7996,0.8096007010805217,0.11428571428571428,0.06486486486486487,0.48,0.9396887159533074
5,47,246,0.6346540745643885,0.08461538461538462,0.05945945945945946,0.14666666666666667,0.9228274967574579
5,47,296,0.6994247783485452,0.10294117647058823,0.07567567567567568,0.16091954022988506,0.920881971465629
5,47,346,0.6966735966735966,0.10038610038610038,0.07027027027027027,0.17567567567567569,0.9244487678339819
5,47,396,0.6996783606649077,0.1171875,0.08108108108108109,0.2112676056338028,0.9267185473411155
5,47,446,0.6887416909838434,0.05555555555555555,0.03783783783783784,0.1044776119402985,0.9228274967574579
5,47,496,0.7077445158162647,0.08333333333333333,0.05405405405405406,0.18181818181818182,0.9286640726329443
5,47,546,0.676253694190914,0.043668122270742356,0.02702702702702703,0.11363636363636363,0.9289883268482491
5,47,596,0.7041831759320548,0.05357142857142857,0.032432432432432434,0.15384615384615385,0.9312581063553826
5,47,646,0.7187212738782246,0.03619909502262444,0.021621621621621623,0.1111111111111111,0.9309338521400778
5,47,696,0.6988989679572639,0.05263157894736842,0.032432432432432434,0.13953488372093023,0.9299610894941635
5,47,746,0.7353029469621399,0.11336032388663968,0.07567567567567568,0.22580645161290322,0.9289883268482491
5,47,796,0.7337124637573068,0.11016949152542373,0.07027027027027027,0.2549019607843137,0.9319066147859922
5,47,846,0.7620689333693819,0.1111111111111111,0.07567567567567568,0.208955223880597,0.9273670557717251
5,47,896,0.7635661877814344,0.096,0.06486486486486487,0.18461538461538463,0.9267185473411155
5,47,946,0.7755684625639783,0.09923664122137404,0.07027027027027027,0.16883116883116883,0.9234760051880675
5,47,996,0.7758612009733086,0.08130081300813008,0.05405405405405406,0.16393442622950818,0.9267185473411155
5,47,1046,0.7813952621127509,0.10276679841897234,0.07027027027027027,0.19117647058823528,0.9263942931258107
5,47,1096,0.7697659025013284,0.08333333333333333,0.05405405405405406,0.18181818181818182,0.9286640726329443
5,47,1146,0.7728722858767703,0.12698412698412698,0.08648648648648649,0.23880597014925373,0.9286640726329443
5,47,1196,0.7759208674006881,0.09486166007905138,0.06486486486486487,0.17647058823529413,0.9257457846952011
5,47,1246,0.7745895602397844,0.08764940239043825,0.05945945945945946,0.16666666666666666,0.9257457846952011
5,47,1296,0.7644444030094254,0.08906882591093117,0.05945945945945946,0.1774193548387097,0.9270428015564203
5,47,1346,0.7716714990257592,0.07017543859649122,0.043243243243243246,0.18604651162790697,0.9312581063553826
5,47,1396,0.7675507863848672,0.0847457627118644,0.05405405405405406,0.19607843137254902,0.9299610894941635
5,47,1446,0.7695663928847785,0.07659574468085106,0.04864864864864865,0.18,0.9296368352788587
5,47,1496,0.7655873880089128,0.0944206008583691,0.05945945945945946,0.22916666666666666,0.9315823605706874
5,47,1546,0.7696316530397248,0.06896551724137931,0.043243243243243246,0.1702127659574468,0.9299610894941635
5,47,1596,0.7546628380709097,0.12195121951219512,0.08108108108108109,0.2459016393442623,0.9299610894941635
5,47,1646,0.7674929845333432,0.11428571428571428,0.07567567567567568,0.23333333333333334,0.9296368352788587
5,47,1696,0.774738726308233,0.11618257261410789,0.07567567567567568,0.25,0.9309338521400778
5,47,1746,0.769126352982855,0.13765182186234817,0.0918918918918919,0.27419354838709675,0.9309338521400778
5,47,1796,0.7798308829698964,0.10699588477366255,0.07027027027027027,0.22413793103448276,0.9296368352788587
5,47,1846,0.7777369642840496,0.1285140562248996,0.08648648648648649,0.25,0.9296368352788587
5,47,1896,0.7761613976860615,0.11764705882352941,0.08108108108108109,0.21428571428571427,0.9270428015564203
5,47,1946,0.7820049784175345,0.12096774193548387,0.08108108108108109,0.23809523809523808,0.9293125810635539
5,47,1996,0.7883445363265993,0.11666666666666667,0.07567567567567568,0.2545454545454545,0.9312581063553826
5,47,2046,0.780311943540643,0.12448132780082988,0.08108108108108109,0.26785714285714285,0.9315823605706874
5,47,2096,0.7791223441447657,0.1016949152542373,0.06486486486486487,0.23529411764705882,0.9312581063553826
5,47,2146,0.7806718066807754,0.0847457627118644,0.05405405405405406,0.19607843137254902,0.9299610894941635
5,47,2196,0.7842238236857071,0.1322314049586777,0.08648648648648649,0.2807017543859649,0.9319066147859922
5,47,2246,0.7877571949320828,0.12658227848101267,0.08108108108108109,0.28846153846153844,0.9328793774319066
5,47,2296,0.7640379254729031,0.09917355371900827,0.06486486486486487,0.21052631578947367,0.9293125810635539
5,47,2346,0.7706217428190523,0.11522633744855967,0.07567567567567568,0.2413793103448276,0.9302853437094682
5,47,2396,0.7648322347873918,0.12605042016806722,0.08108108108108109,0.2830188679245283,0.9325551232166018
5,47,2446,0.7550432115454537,0.11063829787234042,0.07027027027027027,0.26,0.932230869001297
5,47,2496,0.7503873656340024,0.13617021276595745,0.08648648648648649,0.32,0.9341763942931258
5,47,2546,0.7661952397378406,0.11158798283261803,0.07027027027027027,0.2708333333333333,0.9328793774319066
5,47,2596,0.767394162012996,0.13333333333333333,0.08648648648648649,0.2909090909090909,0.9325551232166018
5,47,2646,0.7744142901093573,0.09691629955947137,0.05945945945945946,0.2619047619047619,0.9335278858625162
5,47,2696,0.7721376429896609,0.1092436974789916,0.07027027027027027,0.24528301886792453,0.9312581063553826
5,47,2746,0.7786338252705967,0.10300429184549356,0.06486486486486487,0.25,0.932230869001297
5,47,2796,0.7778283285009742,0.1440677966101695,0.0918918918918919,0.3333333333333333,0.9345006485084306
5,47,2846,0.771462666529931,0.1271186440677966,0.08108108108108109,0.29411764705882354,0.9332036316472114
5,47,2896,0.7784883883538593,0.10434782608695652,0.06486486486486487,0.26666666666666666,0.9332036316472114
5,47,2946,0.7902053830304951,0.1322314049586777,0.08648648648648649,0.2807017543859649,0.9319066147859922
5,47,2996,0.7891481685203658,0.10480349344978165,0.06486486486486487,0.2727272727272727,0.9335278858625162
5,47,3046,0.7888144094422121,0.10084033613445378,0.06486486486486487,0.22641509433962265,0.930609597924773
5,47,3096,0.7846881030737533,0.09401709401709402,0.05945945945945946,0.22448979591836735,0.9312581063553826
5,47,3146,0.7945200115603702,0.0847457627118644,0.05405405405405406,0.19607843137254902,0.9299610894941635
5,47,3196,0.7933471933471934,0.09606986899563319,0.05945945945945946,0.25,0.9328793774319066
5,47,3246,0.7951409153202875,0.13333333333333333,0.08648648648648649,0.2909090909090909,0.9325551232166018
5,47,3296,0.7959706515760328,0.11403508771929824,0.07027027027027027,0.3023255813953488,0.9345006485084306
5,47,3346,0.7980123621379227,0.14345991561181434,0.0918918918918919,0.3269230769230769,0.9341763942931258
5,47,3396,0.804704324883697,0.11158798283261803,0.07027027027027027,0.2708333333333333,0.9328793774319066
5,47,3446,0.799643866011579,0.09821428571428571,0.05945945945945946,0.28205128205128205,0.9345006485084306
5,47,3496,0.7965990136393725,0.11016949152542373,0.07027027027027027,0.2549019607843137,0.9319066147859922
5,47,3546,0.7983946001883222,0.11504424778761062,0.07027027027027027,0.3170731707317073,0.9351491569390402
5,47,3596,0.797948966558832,0.08108108108108109,0.04864864864864865,0.24324324324324326,0.933852140077821
5,47,3646,0.7970371889654402,0.06956521739130435,0.043243243243243246,0.17777777777777778,0.930609597924773
5,47,3696,0.8001454369167372,0.09482758620689655,0.05945945945945946,0.23404255319148937,0.9319066147859922
5,47,3746,0.8007048096734195,0.07111111111111111,0.043243243243243246,0.2,0.932230869001297
5,47,3796,0.8061642877786376,0.09606986899563319,0.05945945945945946,0.25,0.9328793774319066
5,47,3846,0.7949078433383366,0.0730593607305936,0.043243243243243246,0.23529411764705882,0.9341763942931258
5,47,3896,0.80525064560939,0.08888888888888889,0.05405405405405406,0.25,0.9335278858625162
5,47,3946,0.8063768494261769,0.08181818181818182,0.04864864864864865,0.2571428571428571,0.9345006485084306
5,47,3996,0.8032909763851468,0.09777777777777778,0.05945945945945946,0.275,0.9341763942931258
5,47,4046,0.8046502521838845,0.091324200913242,0.05405405405405406,0.29411764705882354,0.935473411154345
5,47,4096,0.8106616447423622,0.06422018348623854,0.03783783783783784,0.21212121212121213,0.933852140077821
5,47,4146,0.8002368011336622,0.07758620689655173,0.04864864864864865,0.19148936170212766,0.930609597924773
5,47,4196,0.8067684103558543,0.11158798283261803,0.07027027027027027,0.2708333333333333,0.9328793774319066
5,47,4246,0.7968059815593447,0.11255411255411256,0.07027027027027027,0.2826086956521739,0.9335278858625162
5,47,4296,0.8053848950709938,0.1038961038961039,0.06486486486486487,0.2608695652173913,0.9328793774319066
5,47,4346,0.8067255251111753,0.09865470852017937,0.05945945945945946,0.2894736842105263,0.9348249027237354
5,47,4396,0.8037347454387813,0.10344827586206896,0.06486486486486487,0.2553191489361702,0.9325551232166018
5,47,4446,0.8036359229184341,0.09777777777777778,0.05945945945945946,0.275,0.9341763942931258
5,47,4496,0.802155449689082,0.08849557522123894,0.05405405405405406,0.24390243902439024,0.9332036316472114
5,47,4546,0.797602155449689,0.10526315789473684,0.06486486486486487,0.27906976744186046,0.933852140077821
5,47,4596,0.7976711447563465,0.07964601769911504,0.04864864864864865,0.21951219512195122,0.9325551232166018
5,47,4646,0.8041095251857585,0.09691629955947137,0.05945945945945946,0.2619047619047619,0.9335278858625162
5,47,4696,0.8045887211806494,0.07142857142857142,0.043243243243243246,0.20512820512820512,0.9325551232166018
5,47,4746,0.8025861667117273,0.10185185185185185,0.05945945945945946,0.3548387096774194,0.937094682230869
5,47,4796,0.8041356292477368,0.10091743119266056,0.05945945945945946,0.3333333333333333,0.9364461738002594
5,47,4846,0.805791372607516,0.11607142857142858,0.07027027027027027,0.3333333333333333,0.9357976653696498
5,47,4896,0.8067385771421646,0.08144796380090498,0.04864864864864865,0.25,0.9341763942931258
5,47,4946,0.8032014767440777,0.09606986899563319,0.05945945945945946,0.25,0.9328793774319066
5,47,4996,0.8143684215433095,0.09009009009009009,0.05405405405405406,0.2702702702702703,0.9345006485084306
5,47,5046,0.8093228792780363,0.10666666666666667,0.06486486486486487,0.3,0.9348249027237354
5,47,5096,0.8050716463272516,0.1095890410958904,0.06486486486486487,0.35294117647058826,0.9367704280155642
5,47,5146,0.8056384773873564,0.10091743119266056,0.05945945945945946,0.3333333333333333,0.9364461738002594
5,47,5196,0.8083495706814092,0.1004566210045662,0.05945945945945946,0.3235294117647059,0.9361219195849546
5,47,5246,0.8084614452327457,0.09345794392523364,0.05405405405405406,0.3448275862068966,0.937094682230869
5,47,5296,0.807187939923366,0.09345794392523364,0.05405405405405406,0.3448275862068966,0.937094682230869
5,47,5346,0.8110215078824945,0.06635071090047394,0.03783783783783784,0.2692307692307692,0.9361219195849546
5,47,5396,0.8050753754789629,0.06542056074766354,0.03783783783783784,0.2413793103448276,0.9351491569390402
5,47,5446,0.8058249349729171,0.10091743119266056,0.05945945945945946,0.3333333333333333,0.9364461738002594
5,47,5496,0.8071842107716548,0.07239819004524888,0.043243243243243246,0.2222222222222222,0.9335278858625162
5,47,5546,0.8068001081453997,0.08294930875576037,0.04864864864864865,0.28125,0.935473411154345
5,47,5596,0.80112061008922,0.06481481481481481,0.03783783783783784,0.22580645161290322,0.9345006485084306
5,47,5646,0.8075272927290864,0.05660377358490566,0.032432432432432434,0.2222222222222222,0.9351491569390402
5,47,5696,0.8111986425887773,0.06451612903225806,0.03783783783783784,0.21875,0.9341763942931258
5,47,5746,0.8066117859839833,0.09174311926605505,0.05405405405405406,0.30303030303030304,0.9357976653696498
5,47,5796,0.8067460354455871,0.09174311926605505,0.05405405405405406,0.30303030303030304,0.9357976653696498
5,47,5846,0.803868994900385,0.07407407407407407,0.043243243243243246,0.25806451612903225,0.9351491569390402
5,47,5896,0.8066099214081277,0.06481481481481481,0.03783783783783784,0.22580645161290322,0.9345006485084306
5,47,5946,0.809693929873302,0.07441860465116279,0.043243243243243246,0.26666666666666666,0.935473411154345
5,47,5996,0.8076000111874552,0.10232558139534884,0.05945945945945946,0.36666666666666664,0.9374189364461738
5,47,6046,0.808910808013947,0.0730593607305936,0.043243243243243246,0.23529411764705882,0.9341763942931258
5,47,6096,0.8069492742138482,0.06511627906976744,0.03783783783783784,0.23333333333333334,0.9348249027237354
5,47,6146,0.808910808013947,0.08490566037735849,0.04864864864864865,0.3333333333333333,0.937094682230869
5,47,6196,0.8012921510679358,0.09259259259259259,0.05405405405405406,0.3225806451612903,0.9364461738002594
5,47,6246,0.803921203024342,0.10091743119266056,0.05945945945945946,0.3333333333333333,0.9364461738002594
5,47,6296,0.8083868621985214,0.08450704225352113,0.04864864864864865,0.32142857142857145,0.9367704280155642
5,47,6346,0.8052226769715558,0.10138248847926268,0.05945945945945946,0.34375,0.9367704280155642
5,47,6396,0.8075589905186318,0.08294930875576037,0.04864864864864865,0.28125,0.935473411154345
5,47,6446,0.8028080512385446,0.09216589861751152,0.05405405405405406,0.3125,0.9361219195849546
5,47,6496,0.8011597661821878,0.08530805687203792,0.04864864864864865,0.34615384615384615,0.9374189364461738
5,47,6546,0.8025134482533585,0.08653846153846154,0.04864864864864865,0.391304347826087,0.9383916990920882
5,47,6596,0.8035464232773649,0.08372093023255814,0.04864864864864865,0.3,0.9361219195849546
5,47,6646,0.7977177591527369,0.08181818181818182,0.04864864864864865,0.2571428571428571,0.9345006485084306
5,47,6696,0.7983834127331885,0.08450704225352113,0.04864864864864865,0.32142857142857145,0.9367704280155642
5,47,6746,0.7995375851878095,0.091324200913242,0.05405405405405406,0.29411764705882354,0.935473411154345
5,47,6796,0.7992094198372225,0.09389671361502347,0.05405405405405406,0.35714285714285715,0.9374189364461738
5,47,6846,0.8023978445503109,0.09615384615384616,0.05405405405405406,0.43478260869565216,0.9390402075226978
5,47,6896,0.7999421981484762,0.08530805687203792,0.04864864864864865,0.34615384615384615,0.9374189364461738
5,47,6946,0.7958047043248837,0.09523809523809523,0.05405405405405406,0.4,0.9383916990920882
5,47,6996,0.7998321881729954,0.08571428571428572,0.04864864864864865,0.36,0.9377431906614786
5,47,7046,0.8037403391663481,0.09302325581395349,0.05405405405405406,0.3333333333333333,0.9367704280155642
5,47,7096,0.8108406440245006,0.0673076923076923,0.03783783783783784,0.30434782608695654,0.937094682230869
5,47,7146,0.8093210147021807,0.11483253588516747,0.06486486486486487,0.5,0.9400129701686122
5,47,7196,0.8080195407549666,0.10426540284360189,0.05945945945945946,0.4230769230769231,0.938715953307393
5,47,7246,0.8096417217493451,0.10476190476190476,0.05945945945945946,0.44,0.9390402075226978
5,47,7296,0.8127164073352413,0.08372093023255814,0.04864864864864865,0.3,0.9361219195849546
5,47,7346,0.8120992327270354,0.11428571428571428,0.06486486486486487,0.48,0.9396887159533074
5,47,7396,0.8084689035361681,0.10232558139534884,0.05945945945945946,0.36666666666666664,0.9374189364461738
5,47,7446,0.8099400538862422,0.0966183574879227,0.05405405405405406,0.45454545454545453,0.9393644617380026
5,47,7496,0.8096305342942114,0.11926605504587157,0.07027027027027027,0.3939393939393939,0.9377431906614786
5,47,7546,0.8074545742707178,0.10377358490566038,0.05945945945945946,0.4074074074074074,0.9383916990920882
5,47,7596,0.8068579099969234,0.09569377990430622,0.05405405405405406,0.4166666666666667,0.938715953307393
5,47,7646,0.8108126753866663,0.11162790697674418,0.06486486486486487,0.4,0.9380674448767834
5,47,7696,0.8067851915385548,0.08780487804878048,0.04864864864864865,0.45,0.9393644617380026
5,47,7746,0.8109394665448478,0.09433962264150944,0.05405405405405406,0.37037037037037035,0.9377431906614786
5,47,7796,0.8076373027045672,0.08780487804878048,0.04864864864864865,0.45,0.9393644617380026
5,47,7846,0.8102961878746633,0.11483253588516747,0.06486486486486487,0.5,0.9400129701686122
5,47,7896,0.805701872966447,0.10679611650485436,0.05945945945945946,0.5238095238095238,0.940337224383917
5,47,7946,0.8126008036321938,0.0947867298578199,0.05405405405405406,0.38461538461538464,0.9380674448767834
5,47,7996,0.8112694964712902,0.11320754716981132,0.06486486486486487,0.4444444444444444,0.9390402075226978
6,48,246,0.6346540745643885,0.08461538461538462,0.05945945945945946,0.14666666666666667,0.9228274967574579
6,48,296,0.6596692242432153,0.06923076923076923,0.04864864864864865,0.12,0.9215304798962386
6,48,346,0.6522677903843823,0.11929824561403508,0.0918918918918919,0.17,0.9186121919584954
6,48,396,0.6970530378602127,0.11307420494699646,0.08648648648648649,0.16326530612244897,0.9186121919584954
6,48,446,0.7123257786934918,0.10276679841897234,0.07027027027027027,0.19117647058823528,0.9263942931258107
6,48,496,0.7193440422139975,0.09923664122137404,0.07027027027027027,0.16883116883116883,0.9234760051880675
6,48,546,0.748328873889412,0.09486166007905138,0.06486486486486487,0.17647058823529413,0.9257457846952011
6,48,596,0.7402067814623868,0.11382113821138211,0.07567567567567568,0.22950819672131148,0.9293125810635539
6,48,646,0.7451311262970455,0.1087866108786611,0.07027027027027027,0.24074074074074073,0.9309338521400778
6,48,696,0.7365000046614396,0.10344827586206896,0.06486486486486487,0.2553191489361702,0.9325551232166018
6,48,746,0.7385398506474739,0.10126582278481013,0.06486486486486487,0.23076923076923078,0.9309338521400778
6,48,796,0.7354465193030216,0.09606986899563319,0.05945945945945946,0.25,0.9328793774319066
6,48,846,0.7261068588422848,0.1111111111111111,0.07027027027027027,0.2653061224489796,0.9325551232166018
6,48,896,0.7369325862599406,0.11016949152542373,0.07027027027027027,0.2549019607843137,0.9319066147859922
6,48,946,0.7420154200423259,0.0881057268722467,0.05405405405405406,0.23809523809523808,0.9328793774319066
6,48,996,0.7374695841063553,0.08771929824561403,0.05405405405405406,0.23255813953488372,0.9325551232166018
6,48,1046,0.7381650709004969,0.08849557522123894,0.05405405405405406,0.24390243902439024,0.9332036316472114
6,48,1096,0.7437252361019177,0.10480349344978165,0.06486486486486487,0.2727272727272727,0.9335278858625162
6,48,1146,0.7567754025153127,0.10714285714285714,0.06486486486486487,0.3076923076923077,0.9351491569390402
6,48,1196,0.7527180854535115,0.10344827586206896,0.06486486486486487,0.2553191489361702,0.9325551232166018
6,48,1246,0.752378732647791,0.14814814814814814,0.0972972972972973,0.3103448275862069,0.9328793774319066
6,48,1296,0.7597922862496853,0.1087866108786611,0.07027027027027027,0.24074074074074073,0.9309338521400778
6,48,1346,0.7654121178784855,0.12345679012345678,0.08108108108108109,0.25862068965517243,0.9309338521400778
6,48,1396,0.766758341646234,0.1469387755102041,0.0972972972972973,0.3,0.932230869001297
6,48,1446,0.7644742362231152,0.13617021276595745,0.08648648648648649,0.32,0.9341763942931258
6,48,1496,0.7678136915805078,0.12448132780082988,0.08108108108108109,0.26785714285714285,0.9315823605706874
6,48,1546,0.773234013592758,0.16600790513833993,0.11351351351351352,0.3088235294117647,0.9315823605706874
6,48,1596,0.7699113394180658,0.136,0.0918918918918919,0.26153846153846155,0.9299610894941635
6,48,1646,0.7761054604103932,0.14457831325301204,0.0972972972972973,0.28125,0.9309338521400778
6,48,1696,0.7823573832542443,0.15503875968992248,0.10810810810810811,0.273972602739726,0.9293125810635539
6,48,1746,0.783188984085845,0.15810276679841898,0.10810810810810811,0.29411764705882354,0.9309338521400778
6,48,1796,0.7797301958736935,0.15873015873015872,0.10810810810810811,0.29850746268656714,0.9312581063553826
6,48,1846,0.7771738623756561,0.1532258064516129,0.10270270270270271,0.30158730158730157,0.9319066147859922
6,48,1896,0.7850759348517196,0.16326530612244897,0.10810810810810811,0.3333333333333333,0.9335278858625162
6,48,1946,0.7766461874085193,0.13877551020408163,0.0918918918918919,0.2833333333333333,0.9315823605706874
6,48,1996,0.7808936912075927,0.1484375,0.10270270270270271,0.2676056338028169,0.9293125810635539
6,48,2046,0.7870318749242516,0.16194331983805668,0.10810810810810811,0.3225806451612903,0.9328793774319066
6,48,2096,0.7869088129177816,0.15510204081632653,0.10270270270270271,0.31666666666666665,0.9328793774319066
6,48,2146,0.7807874103838229,0.13168724279835392,0.08648648648648649,0.27586206896551724,0.9315823605706874
6,48,2196,0.7769948630935178,0.15384615384615385,0.10270270270270271,0.3064516129032258,0.932230869001297
6,48,2246,0.7750146835348629,0.12658227848101267,0.08108108108108109,0.28846153846153844,0.9328793774319066
6,48,2296,0.7715111455021769,0.12244897959183673,0.08108108108108109,0.25,0.9302853437094682
6,48,2346,0.7801198922275154,0.13278008298755187,0.08648648648648649,0.2857142857142857,0.932230869001297
6,48,2396,0.774677195304998,0.11475409836065574,0.07567567567567568,0.23728813559322035,0.9299610894941635
6,48,2446,0.7763031054510876,0.1092436974789916,0.07027027027027027,0.24528301886792453,0.9312581063553826
6,48,2496,0.7750967248725097,0.1092436974789916,0.07027027027027027,0.24528301886792453,0.9312581063553826
6,48,2546,0.7757717013322394,0.15702479338842976,0.10270270270270271,0.3333333333333333,0.933852140077821
6,48,2596,0.7758462843664639,0.09482758620689655,0.05945945945945946,0.23404255319148937,0.9319066147859922
6,48,2646,0.791107837744609,0.1391304347826087,0.08648648648648649,0.35555555555555557,0.9357976653696498
6,48,2696,0.7842368757166964,0.12605042016806722,0.08108108108108109,0.2830188679245283,0.9325551232166018
6,48,2746,0.790951213372738,0.1459227467811159,0.0918918918918919,0.3541666666666667,0.935473411154345
6,48,2796,0.7924596552399241,0.12658227848101267,0.08108108108108109,0.28846153846153844,0.9328793774319066
6,48,2846,0.7883575883575884,0.13114754098360656,0.08648648648648649,0.2711864406779661,0.9312581063553826
6,48,2896,0.7894539589606855,0.13877551020408163,0.0918918918918919,0.2833333333333333,0.9315823605706874
6,48,2946,0.7946803650839525,0.144,0.0972972972972973,0.27692307692307694,0.930609597924773
6,48,2996,0.7952005817476671,0.14285714285714285,0.0918918918918919,0.32075471698113206,0.933852140077821
6,48,3046,0.7904850694088362,0.12552301255230125,0.08108108108108109,0.2777777777777778,0.932230869001297
6,48,3096,0.7861033161481592,0.1350210970464135,0.08648648648648649,0.3076923076923077,0.9335278858625162
6,48,3146,0.7748841632249706,0.11666666666666667,0.07567567567567568,0.2545454545454545,0.9312581063553826
6,48,3196,0.7775281317882214,0.15510204081632653,0.10270270270270271,0.31666666666666665,0.9328793774319066
6,48,3246,0.7824655286538695,0.11570247933884298,0.07567567567567568,0.24561403508771928,0.930609597924773
6,48,3296,0.7763851467887342,0.11666666666666667,0.07567567567567568,0.2545454545454545,0.9312581063553826
6,48,3346,0.7812330440133132,0.17886178861788618,0.11891891891891893,0.36065573770491804,0.9345006485084306
6,48,3396,0.771173657272312,0.1306122448979592,0.08648648648648649,0.26666666666666666,0.9309338521400778
6,48,3446,0.7759283257041104,0.1016949152542373,0.06486486486486487,0.23529411764705882,0.9312581063553826
6,48,3496,0.7733794505094953,0.1506276150627615,0.0972972972972973,0.3333333333333333,0.9341763942931258
6,48,3546,0.7891425747927991,0.1111111111111111,0.07027027027027027,0.2653061224489796,0.9325551232166018
6,48,3596,0.7830901615654978,0.12658227848101267,0.08108108108108109,0.28846153846153844,0.9328793774319066
6,48,3646,0.7860939932688812,0.11965811965811966,0.07567567567567568,0.2857142857142857,0.9332036316472114
6,48,3696,0.788283005323364,0.10256410256410256,0.06486486486486487,0.24489795918367346,0.9319066147859922
6,48,3746,0.7787419706702217,0.09401709401709402,0.05945945945945946,0.22448979591836735,0.9312581063553826
6,48,3796,0.7854563083262636,0.07894736842105263,0.04864864864864865,0.20930232558139536,0.9319066147859922
6,48,3846,0.7848447274456243,0.09565217391304348,0.05945945945945946,0.24444444444444444,0.9325551232166018
6,48,3896,0.7897094058529036,0.12173913043478261,0.07567567567567568,0.3111111111111111,0.9345006485084306
6,48,3946,0.7882774115957973,0.10212765957446808,0.06486486486486487,0.24,0.9315823605706874
6,48,3996,0.7845874159775504,0.11016949152542373,0.07027027027027027,0.2549019607843137,0.9319066147859922
6,48,4046,0.7885123481536036,0.11063829787234042,0.07027027027027027,0.26,0.932230869001297
6,48,4096,0.7860734829344694,0.10970464135021098,0.07027027027027027,0.25,0.9315823605706874
6,48,4146,0.7914900757950086,0.09565217391304348,0.05945945945945946,0.24444444444444444,0.9325551232166018
6,48,4196,0.7913949824263725,0.11304347826086956,0.07027027027027027,0.28888888888888886,0.933852140077821
6,48,4246,0.7850405079104631,0.08695652173913043,0.05405405405405406,0.2222222222222222,0.9319066147859922
6,48,4296,0.7878448299972963,0.08849557522123894,0.05405405405405406,0.24390243902439024,0.9332036316472114
6,48,4346,0.7855047872985093,0.09565217391304348,0.05945945945945946,0.24444444444444444,0.9325551232166018
6,48,4396,0.7844755414262141,0.08888888888888889,0.05405405405405406,0.25,0.9335278858625162
6,48,4446,0.785543943391477,0.09954751131221719,0.05945945945945946,0.3055555555555556,0.935473411154345
6,48,4496,0.7825568928707942,0.10909090909090909,0.06486486486486487,0.34285714285714286,0.9364461738002594
6,48,4546,0.7894409069296962,0.08294930875576037,0.04864864864864865,0.28125,0.935473411154345
6,48,4596,0.793201756430456,0.07272727272727272,0.043243243243243246,0.22857142857142856,0.933852140077821
6,48,4646,0.7948612289419464,0.09302325581395349,0.05405405405405406,0.3333333333333333,0.9367704280155642
6,48,4696,0.7839422727315105,0.09009009009009009,0.05405405405405406,0.2702702702702703,0.9345006485084306
6,48,4746,0.7852493404062911,0.08144796380090498,0.04864864864864865,0.25,0.9341763942931258
6,48,4796,0.7886857537081753,0.08530805687203792,0.04864864864864865,0.34615384615384615,0.9374189364461738
6,48,4846,0.7927729039836663,0.09090909090909091,0.05405405405405406,0.2857142857142857,0.9351491569390402
6,48,4896,0.7881338392549154,0.09174311926605505,0.05405405405405406,0.30303030303030304,0.9357976653696498
6,48,4946,0.7927896851663668,0.09734513274336283,0.05945945945945946,0.2682926829268293,0.933852140077821
6,48,4996,0.7867633760010442,0.11711711711711711,0.07027027027027027,0.35135135135135137,0.9364461738002594
6,48,5046,0.7855476725431882,0.08333333333333333,0.04864864864864865,0.2903225806451613,0.9357976653696498
6,48,5096,0.7991814511993884,0.09216589861751152,0.05405405405405406,0.3125,0.9361219195849546
6,48,5146,0.7923067600197645,0.09734513274336283,0.05945945945945946,0.2682926829268293,0.933852140077821
6,48,5196,0.7975891034186998,0.08968609865470852,0.05405405405405406,0.2631578947368421,0.9341763942931258
6,48,5246,0.7942571063647298,0.09954751131221719,0.05945945945945946,0.3055555555555556,0.935473411154345
6,48,5296,0.7962186401648285,0.1095890410958904,0.06486486486486487,0.35294117647058826,0.9367704280155642
6,48,5346,0.795314320874859,0.08968609865470852,0.05405405405405406,0.2631578947368421,0.9341763942931258
6,48,5396,0.7913670137885384,0.08256880733944955,0.04864864864864865,0.2727272727272727,0.9351491569390402
6,48,5446,0.7889934087243504,0.10091743119266056,0.05945945945945946,0.3333333333333333,0.9364461738002594
6,48,5496,0.7887062640425869,0.091324200913242,0.05405405405405406,0.29411764705882354,0.935473411154345
6,48,5546,0.7893737821988943,0.091324200913242,0.05405405405405406,0.29411764705882354,0.935473411154345
6,48,5596,0.7921426773444711,0.10762331838565023,0.06486486486486487,0.3157894736842105,0.935473411154345
6,48,5646,0.7928362995627569,0.091324200913242,0.05405405405405406,0.29411764705882354,0.935473411154345
6,48,5696,0.7923254057783207,0.091324200913242,0.05405405405405406,0.29411764705882354,0.935473411154345
6,48,5746,0.7903303096128209,0.09302325581395349,0.05405405405405406,0.3333333333333333,0.9367704280155642
6,48,5796,0.79350568229492,0.11711711711711711,0.07027027027027027,0.35135135135135137,0.9364461738002594
6,48,5846,0.7867242199080765,0.11059907834101383,0.06486486486486487,0.375,0.9374189364461738
6,48,5896,0.79114140011001,0.10909090909090909,0.06486486486486487,0.34285714285714286,0.9364461738002594
6,48,5946,0.7876956639288478,0.08256880733944955,0.04864864864864865,0.2727272727272727,0.9351491569390402
6,48,5996,0.7946934171149418,0.11009174311926606,0.06486486486486487,0.36363636363636365,0.937094682230869
6,48,6046,0.7928735910798691,0.08294930875576037,0.04864864864864865,0.28125,0.935473411154345
6,48,6096,0.7981783093890717,0.1004566210045662,0.05945945945945946,0.3235294117647059,0.9361219195849546
6,48,6146,0.7923365932334542,0.1111111111111111,0.06486486486486487,0.3870967741935484,0.9377431906614786
6,48,6196,0.7967686900422327,0.12727272727272726,0.07567567567567568,0.4,0.9377431906614786
6,48,6246,0.7898865405591863,0.11009174311926606,0.06486486486486487,0.36363636363636365,0.937094682230869
6,48,6296,0.7945759488360385,0.10138248847926268,0.05945945945945946,0.34375,0.9367704280155642
6,48,6346,0.7934721199295189,0.11267605633802817,0.06486486486486487,0.42857142857142855,0.938715953307393
6,48,6396,0.8069343576070034,0.07582938388625593,0.043243243243243246,0.3076923076923077,0.9367704280155642
6,48,6446,0.8008614340452906,0.08823529411764706,0.04864864864864865,0.47368421052631576,0.9396887159533074
6,48,6496,0.7979843935000885,0.09523809523809523,0.05405405405405406,0.4,0.9383916990920882
6,48,6546,0.7968227627420453,0.11538461538461539,0.06486486486486487,0.5217391304347826,0.940337224383917
6,48,6596,0.8033786114503604,0.11162790697674418,0.06486486486486487,0.4,0.9380674448767834
6,48,6646,0.8019820441345105,0.09523809523809523,0.05405405405405406,0.4,0.9383916990920882
6,48,6696,0.7997725217456161,0.10526315789473684,0.05945945945945946,0.4583333333333333,0.9393644617380026
6,48,6746,0.8018198260350727,0.10232558139534884,0.05945945945945946,0.36666666666666664,0.9374189364461738
6,48,6796,0.8012716407335243,0.08695652173913043,0.04864864864864865,0.4090909090909091,0.938715953307393
6,48,6846,0.8028005929351221,0.11267605633802817,0.06486486486486487,0.42857142857142855,0.938715953307393
6,48,6896,0.7977811547318275,0.07960199004975124,0.043243243243243246,0.5,0.9400129701686122
6,48,6946,0.8006992159458527,0.11320754716981132,0.06486486486486487,0.4444444444444444,0.9390402075226978
6,48,6996,0.7969849808414832,0.1187214611872146,0.07027027027027027,0.38235294117647056,0.9374189364461738
6,48,7046,0.7964144206296673,0.11267605633802817,0.06486486486486487,0.42857142857142855,0.938715953307393
6,48,7096,0.7960601512171018,0.12264150943396226,0.07027027027027027,0.48148148148148145,0.9396887159533074
6,48,7146,0.7989893998862608,0.10232558139534884,0.05945945945945946,0.36666666666666664,0.9374189364461738
6,48,7196,0.800589205970372,0.11428571428571428,0.06486486486486487,0.48,0.9396887159533074
6,48,7246,0.8031865601372329,0.1320754716981132,0.07567567567567568,0.5185185185185185,0.940337224383917
6,48,7296,0.8003318945022981,0.11594202898550725,0.06486486486486487,0.5454545454545454,0.9406614785992218
6,48,7346,0.7963939102952556,0.125,0.07027027027027027,0.5652173913043478,0.9409857328145266
6,48,7396,0.7893383552576378,0.12149532710280374,0.07027027027027027,0.4482758620689655,0.9390402075226978
6,48,7446,0.7966978361597195,0.09615384615384616,0.05405405405405406,0.43478260869565216,0.9390402075226978
6,48,7496,0.8047845016454882,0.12903225806451613,0.07567567567567568,0.4375,0.938715953307393
6,48,7546,0.8021144290202585,0.10476190476190476,0.05945945945945946,0.44,0.9390402075226978
6,48,7596,0.802658885170096,0.09569377990430622,0.05405405405405406,0.4166666666666667,0.938715953307393
6,48,7646,0.8043332742884312,0.11374407582938388,0.06486486486486487,0.46153846153846156,0.9393644617380026
6,48,7696,0.808944370379348,0.0975609756097561,0.05405405405405406,0.5,0.9400129701686122
6,48,7746,0.8119370146275976,0.10679611650485436,0.05945945945945946,0.5238095238095238,0.940337224383917
6,48,7796,0.8022374910267287,0.11483253588516747,0.06486486486486487,0.5,0.9400129701686122
6,48,7846,0.8091009947512191,0.08823529411764706,0.04864864864864865,0.47368421052631576,0.9396887159533074
6,48,7896,0.8106933425319075,0.11538461538461539,0.06486486486486487,0.5217391304347826,0.940337224383917
6,48,7946,0.8113906939019048,0.08695652173913043,0.04864864864864865,0.4090909090909091,0.938715953307393
6,48,7996,0.8163709760122317,0.10526315789473684,0.05945945945945946,0.4583333333333333,0.9393644617380026
7,49,246,0.6346540745643885,0.08461538461538462,0.05945945945945946,0.14666666666666667,0.9228274967574579
7,49,296,0.6968814968814969,0.1223021582733813,0.0918918918918919,0.1827956989247312,0.920881971465629
7,49,346,0.7493301511238731,0.10909090909090909,0.08108108108108109,0.16666666666666666,0.9205577172503242
7,49,396,0.7169797600290873,0.1285140562248996,0.08648648648648649,0.25,0.9296368352788587
7,49,446,0.754092277859094,0.144,0.0972972972972973,0.27692307692307694,0.930609597924773
7,49,496,0.7615748207676458,0.15625,0.10810810810810811,0.28169014084507044,0.9299610894941635
7,49,546,0.7490336835628315,0.1685823754789272,0.11891891891891893,0.2894736842105263,0.9296368352788587
7,49,596,0.7449856893803081,0.16666666666666666,0.11891891891891893,0.27848101265822783,0.9286640726329443
7,49,646,0.7588861023838603,0.14925373134328357,0.10810810810810811,0.24096385542168675,0.9260700389105059
7,49,696,0.7780464838760803,0.14339622641509434,0.10270270270270271,0.2375,0.9263942931258107
7,49,746,0.7727417655668776,0.13043478260869565,0.0972972972972973,0.1978021978021978,0.9221789883268483
7,49,796,0.7621528392828841,0.11808118081180811,0.08648648648648649,0.18604651162790697,0.9225032425421531
7,49,846,0.7688242916942469,0.12454212454212454,0.0918918918918919,0.19318181818181818,0.9225032425421531
7,49,896,0.7582297716826865,0.09737827715355805,0.07027027027027027,0.15853658536585366,0.9218547341115434
7,49,946,0.7774908402711094,0.1111111111111111,0.08108108108108109,0.17647058823529413,0.9221789883268483
7,49,996,0.7758667947008755,0.10218978102189781,0.07567567567567568,0.15730337078651685,0.9202334630350194
7,49,1046,0.7780408901485134,0.14652014652014653,0.10810810810810811,0.22727272727272727,0.9244487678339819
7,49,1096,0.7834090040368067,0.15942028985507245,0.11891891891891893,0.24175824175824176,0.9247730220492867
7,49,1146,0.7811360860688215,0.1643835616438356,0.12972972972972974,0.22429906542056074,0.920881971465629
7,49,1196,0.7894781984468084,0.12949640287769784,0.0972972972972973,0.1935483870967742,0.9215304798962386
7,49,1246,0.7736964284049487,0.1079136690647482,0.08108108108108109,0.16129032258064516,0.9195849546044098
7,49,1296,0.7789414802867717,0.12830188679245283,0.0918918918918919,0.2125,0.9250972762645915
7,49,1346,0.7710151683245853,0.12355212355212356,0.08648648648648649,0.21621621621621623,0.9263942931258107
7,49,1396,0.7856353076084016,0.13818181818181818,0.10270270270270271,0.2111111111111111,0.9231517509727627
7,49,1446,0.7864277523470349,0.16356877323420074,0.11891891891891893,0.2619047619047619,0.9270428015564203
7,49,1496,0.7895919375740004,0.13333333333333333,0.0918918918918919,0.24285714285714285,0.9283398184176395
7,49,1546,0.7940911591135807,0.17358490566037735,0.12432432432432433,0.2875,0.9289883268482491
7,49,1596,0.7914248156400624,0.14869888475836432,0.10810810810810811,0.23809523809523808,0.9257457846952011
7,49,1646,0.7948351248799679,0.1417910447761194,0.10270270270270271,0.2289156626506024,0.9254215304798963
7,49,1696,0.7987507341767431,0.1596958174904943,0.11351351351351352,0.2692307692307692,0.9283398184176395
7,49,1746,0.795974380727744,0.15789473684210525,0.11351351351351352,0.25925925925925924,0.9273670557717251
7,49,1796,0.786308419492276,0.16279069767441862,0.11351351351351352,0.2876712328767123,0.9299610894941635
7,49,1846,0.7841548343790496,0.13545816733067728,0.0918918918918919,0.25757575757575757,0.9296368352788587
7,49,1896,0.7900207900207901,0.16470588235294117,0.11351351351351352,0.3,0.9309338521400778
7,49,1946,0.7932931206473807,0.12295081967213115,0.08108108108108109,0.2542372881355932,0.930609597924773
7,49,1996,0.7886745662530417,0.14342629482071714,0.0972972972972973,0.2727272727272727,0.9302853437094682
7,49,2046,0.7951819359891107,0.1285140562248996,0.08648648648648649,0.25,0.9296368352788587
7,49,2096,0.7830696512310862,0.1111111111111111,0.07027027027027027,0.2653061224489796,0.9325551232166018
7,49,2146,0.7886577850703412,0.12030075187969924,0.08648648648648649,0.19753086419753085,0.9241245136186771
7,49,2196,0.7911973373856782,0.1285140562248996,0.08648648648648649,0.25,0.9296368352788587
7,49,2246,0.7858497338317967,0.0975609756097561,0.06486486486486487,0.19672131147540983,0.9280155642023347
7,49,2296,0.7873936026402394,0.11618257261410789,0.07567567567567568,0.25,0.9309338521400778
7,49,2346,0.7910108798001175,0.11155378486055777,0.07567567567567568,0.21212121212121213,0.9276913099870299
7,49,2396,0.7992373884750565,0.10526315789473684,0.07027027027027027,0.20967741935483872,0.9283398184176395
7,49,2446,0.7974679059880854,0.15019762845849802,0.10270270270270271,0.27941176470588236,0.9302853437094682
7,49,2496,0.8011877348200219,0.128,0.08648648648648649,0.24615384615384617,0.9293125810635539
7,49,2546,0.7918312931765846,0.11673151750972763,0.08108108108108109,0.20833333333333334,0.9263942931258107
7,49,2596,0.8058734139451628,0.12698412698412698,0.08648648648648649,0.23880597014925373,0.9286640726329443
7,49,2646,0.8045346484808368,0.11811023622047244,0.08108108108108109,0.21739130434782608,0.9273670557717251
7,49,2696,0.7961645674650158,0.09917355371900827,0.06486486486486487,0.21052631578947367,0.9293125810635539
7,49,2746,0.7934777136570859,0.10743801652892562,0.07027027027027027,0.22807017543859648,0.9299610894941635
7,49,2796,0.7999515210277542,0.13229571984435798,0.0918918918918919,0.2361111111111111,0.9276913099870299
7,49,2846,0.7995487726429431,0.12749003984063745,0.08648648648648649,0.24242424242424243,0.9289883268482491
7,49,2896,0.7941937107856392,0.0873015873015873,0.05945945945945946,0.16417910447761194,0.9254215304798963
7,49,2946,0.7975424890223096,0.08333333333333333,0.05405405405405406,0.18181818181818182,0.9286640726329443
7,49,2996,0.8008222779523227,0.10612244897959183,0.07027027027027027,0.21666666666666667,0.9289883268482491
7,49,3046,0.8070536904617622,0.12244897959183673,0.08108108108108109,0.25,0.9302853437094682
7,49,3096,0.7993063777817142,0.09836065573770492,0.06486486486486487,0.2033898305084746,0.9286640726329443
7,49,3146,0.7994313043640399,0.09243697478991597,0.05945945945945946,0.20754716981132076,0.9299610894941635
7,49,3196,0.7980589765343129,0.128,0.08648648648648649,0.24615384615384617,0.9293125810635539
7,49,3246,0.7925398320017154,0.0995850622406639,0.06486486486486487,0.21428571428571427,0.9296368352788587
7,49,3296,0.7968246273179008,0.11666666666666667,0.07567567567567568,0.2545454545454545,0.9312581063553826
7,49,3346,0.7986444533529735,0.09836065573770492,0.06486486486486487,0.2033898305084746,0.9286640726329443
7,49,3396,0.8026943121113524,0.100418410041841,0.06486486486486487,0.2222222222222222,0.9302853437094682
7,49,3446,0.8053233640677587,0.08438818565400844,0.05405405405405406,0.19230769230769232,0.9296368352788587
7,49,3496,0.8138071842107718,0.1145374449339207,0.07027027027027027,0.30952380952380953,0.9348249027237354
7,49,3546,0.8048199285867448,0.09523809523809523,0.05945945945945946,0.2391304347826087,0.932230869001297
7,49,3596,0.8038820469313744,0.1222707423580786,0.07567567567567568,0.3181818181818182,0.9348249027237354
7,49,3646,0.808312279164297,0.08108108108108109,0.04864864864864865,0.24324324324324326,0.933852140077821
7,49,3696,0.8087392670352311,0.06140350877192982,0.03783783783783784,0.16279069767441862,0.930609597924773
7,49,3746,0.8101992299301717,0.0881057268722467,0.05405405405405406,0.23809523809523808,0.9328793774319066
7,49,3796,0.8146965868938963,0.10434782608695652,0.06486486486486487,0.26666666666666666,0.9332036316472114
7,49,3846,0.8041132543374695,0.08849557522123894,0.05405405405405406,0.24390243902439024,0.9332036316472114
7,49,3896,0.7970166786310283,0.07894736842105263,0.04864864864864865,0.20930232558139536,0.9319066147859922
7,49,3946,0.8082283732507949,0.08583690987124463,0.05405405405405406,0.20833333333333334,0.9309338521400778
7,49,3996,0.802017471075767,0.08583690987124463,0.05405405405405406,0.20833333333333334,0.9309338521400778
7,49,4046,0.80557321723241,0.1016949152542373,0.06486486486486487,0.23529411764705882,0.9312581063553826
7,49,4096,0.8105106140980581,0.11555555555555555,0.07027027027027027,0.325,0.935473411154345
7,49,4146,0.8002144262233949,0.11304347826086956,0.07027027027027027,0.28888888888888886,0.933852140077821
7,49,4196,0.8042158060095279,0.1276595744680851,0.08108108108108109,0.3,0.9335278858625162
7,49,4246,0.8044265030812118,0.12444444444444444,0.07567567567567568,0.35,0.9361219195849546
7,49,4296,0.7985847869255942,0.09606986899563319,0.05945945945945946,0.25,0.9328793774319066
7,49,4346,0.7986854740217969,0.12987012987012986,0.08108108108108109,0.32608695652173914,0.9348249027237354
7,49,4396,0.8058547681866068,0.10572687224669604,0.06486486486486487,0.2857142857142857,0.9341763942931258
7,49,4446,0.8059218929174086,0.10619469026548672,0.06486486486486487,0.2926829268292683,0.9345006485084306
7,49,4496,0.8025339585877702,0.1085972850678733,0.06486486486486487,0.3333333333333333,0.9361219195849546
7,49,4546,0.7984337562812899,0.09777777777777778,0.05945945945945946,0.275,0.9341763942931258
7,49,4596,0.8041039314581916,0.09777777777777778,0.05945945945945946,0.275,0.9341763942931258
7,49,4646,0.8047061894595526,0.09821428571428571,0.05945945945945946,0.28205128205128205,0.9345006485084306
7,49,4696,0.7997035324389584,0.09009009009009009,0.05405405405405406,0.2702702702702703,0.9345006485084306
7,49,4746,0.8066322963183951,0.09865470852017937,0.05945945945945946,0.2894736842105263,0.9348249027237354
7,49,4796,0.7989204105796033,0.08108108108108109,0.04864864864864865,0.24324324324324326,0.933852140077821
7,49,4846,0.7995040228224084,0.08968609865470852,0.05405405405405406,0.2631578947368421,0.9341763942931258
7,49,4896,0.795965057848466,0.08071748878923767,0.04864864864864865,0.23684210526315788,0.9335278858625162
7,49,4946,0.7970931262411083,0.09259259259259259,0.05405405405405406,0.3225806451612903,0.9364461738002594
7,49,4996,0.7970166786310285,0.08144796380090498,0.04864864864864865,0.25,0.9341763942931258
7,49,5046,0.78929919916467,0.091324200913242,0.05405405405405406,0.29411764705882354,0.935473411154345
7,49,5096,0.7890251065138958,0.07272727272727272,0.043243243243243246,0.22857142857142856,0.933852140077821
7,49,5146,0.7925696652154052,0.08181818181818182,0.04864864864864865,0.2571428571428571,0.9345006485084306
7,49,5196,0.7885123481536037,0.06278026905829596,0.03783783783783784,0.18421052631578946,0.932230869001297
7,49,5246,0.7919040116349534,0.07207207207207207,0.043243243243243246,0.21621621621621623,0.9332036316472114
7,49,5296,0.7969159915348257,0.08294930875576037,0.04864864864864865,0.28125,0.935473411154345
7,49,5346,0.7986052972600057,0.091324200913242,0.05405405405405406,0.29411764705882354,0.935473411154345
7,49,5396,0.7986052972600057,0.10810810810810811,0.06486486486486487,0.32432432432432434,0.9357976653696498
7,49,5446,0.7955996009807669,0.0990990990990991,0.05945945945945946,0.2972972972972973,0.9351491569390402
7,49,5496,0.802425813188145,0.05504587155963303,0.032432432432432434,0.18181818181818182,0.9332036316472114
7,49,5546,0.8014170776502616,0.08333333333333333,0.04864864864864865,0.2903225806451613,0.9357976653696498
7,49,5596,0.7985735994704605,0.09302325581395349,0.05405405405405406,0.3333333333333333,0.9367704280155642
7,49,5646,0.7954653515191632,0.08849557522123894,0.05405405405405406,0.24390243902439024,0.9332036316472114
7,49,5696,0.7974045104089948,0.1145374449339207,0.07027027027027027,0.30952380952380953,0.9348249027237354
7,49,5746,0.7997184490458035,0.09259259259259259,0.05405405405405406,0.3225806451612903,0.9364461738002594
7,49,5796,0.7987022552044974,0.11214953271028037,0.06486486486486487,0.41379310344827586,0.9383916990920882
7,49,5846,0.7980496536550348,0.10138248847926268,0.05945945945945946,0.34375,0.9367704280155642
7,49,5896,0.8004139358399448,0.11981566820276497,0.07027027027027027,0.40625,0.9380674448767834
7,49,5946,0.8052711559438017,0.10138248847926268,0.05945945945945946,0.34375,0.9367704280155642
7,49,5996,0.8081649776717041,0.12440191387559808,0.07027027027027027,0.5416666666666666,0.9406614785992218
7,49,6046,0.8060654652582904,0.10232558139534884,0.05945945945945946,0.36666666666666664,0.9374189364461738
7,49,6096,0.80781443741085,0.10185185185185185,0.05945945945945946,0.3548387096774194,0.937094682230869
7,49,6146,0.8119239625966085,0.10232558139534884,0.05945945945945946,0.36666666666666664,0.9374189364461738
7,49,6196,0.8042232643129503,0.0861244019138756,0.04864864864864865,0.375,0.9380674448767834
7,49,6246,0.8060915693202689,0.0947867298578199,0.05405405405405406,0.38461538461538464,0.9380674448767834
7,49,6296,0.8060673298341461,0.1278538812785388,0.07567567567567568,0.4117647058823529,0.9380674448767834
7,49,6346,0.8055993212943886,0.10377358490566038,0.05945945945945946,0.4074074074074074,0.9383916990920882
7,49,6396,0.8084465286259008,0.11214953271028037,0.06486486486486487,0.41379310344827586,0.9383916990920882
7,49,6446,0.7975909679945555,0.10328638497652583,0.05945945945945946,0.39285714285714285,0.9380674448767834
7,49,6496,0.8055433840187204,0.08411214953271028,0.04864864864864865,0.3103448275862069,0.9364461738002594
7,49,6546,0.7998042195351612,0.11214953271028037,0.06486486486486487,0.41379310344827586,0.9383916990920882
7,49,6596,0.8040442650308122,0.12037037037037036,0.07027027027027027,0.41935483870967744,0.9383916990920882
7,49,6646,0.8114913809981075,0.09389671361502347,0.05405405405405406,0.35714285714285715,0.9374189364461738
7,49,6696,0.8041188480650364,0.09174311926605505,0.05405405405405406,0.30303030303030304,0.9357976653696498
7,49,6746,0.7989726187035605,0.0947867298578199,0.05405405405405406,0.38461538461538464,0.9380674448767834
7,49,6796,0.8006842993390079,0.1095890410958904,0.06486486486486487,0.35294117647058826,0.9367704280155642
7,49,6846,0.7959445475140543,0.102803738317757,0.05945945945945946,0.3793103448275862,0.9377431906614786
7,49,6896,0.8027875409041328,0.10185185185185185,0.05945945945945946,0.3548387096774194,0.937094682230869
7,49,6946,0.8036545686769903,0.11483253588516747,0.06486486486486487,0.5,0.9400129701686122
7,49,6996,0.802582437560016,0.09345794392523364,0.05405405405405406,0.3448275862068966,0.937094682230869
7,49,7046,0.8030970604961636,0.11320754716981132,0.06486486486486487,0.4444444444444444,0.9390402075226978
7,49,7096,0.8040181609688336,0.11374407582938388,0.06486486486486487,0.46153846153846156,0.9393644617380026
7,49,7146,0.8036788081631131,0.11320754716981132,0.06486486486486487,0.4444444444444444,0.9390402075226978
7,49,7196,0.8071264089201309,0.10576923076923077,0.05945945945945946,0.4782608695652174,0.9396887159533074
7,49,7246,0.8060412257721675,0.11428571428571428,0.06486486486486487,0.48,0.9396887159533074
7,49,7296,0.8145735248874262,0.12962962962962962,0.07567567567567568,0.45161290322580644,0.9390402075226978
7,49,7346,0.8112620381678677,0.12440191387559808,0.07027027027027027,0.5416666666666666,0.9406614785992218
7,49,7396,0.8105907908598493,0.09389671361502347,0.05405405405405406,0.35714285714285715,0.9374189364461738
7,49,7446,0.8083104145884414,0.11267605633802817,0.06486486486486487,0.42857142857142855,0.938715953307393
7,49,7496,0.8075813654288991,0.10377358490566038,0.05945945945945946,0.4074074074074074,0.9383916990920882
7,49,7546,0.8047770433420658,0.09523809523809523,0.05405405405405406,0.4,0.9383916990920882
7,49,7596,0.8082395607059284,0.11320754716981132,0.06486486486486487,0.4444444444444444,0.9390402075226978
7,49,7646,0.805606779597811,0.12322274881516587,0.07027027027027027,0.5,0.9400129701686122
7,49,7696,0.8091979526957105,0.09433962264150944,0.05405405405405406,0.37037037037037035,0.9377431906614786
7,49,7746,0.8065390675256146,0.10476190476190476,0.05945945945945946,0.44,0.9390402075226978
7,49,7796,0.8111967780129216,0.08780487804878048,0.04864864864864865,0.45,0.9393644617380026
7,49,7846,0.8081668422475597,0.10377358490566038,0.05945945945945946,0.4074074074074074,0.9383916990920882
7,49,7896,0.8090506512031175,0.12322274881516587,0.07027027027027027,0.5,0.9400129701686122
7,49,7946,0.8093452541883036,0.09569377990430622,0.05405405405405406,0.4166666666666667,0.938715953307393
7,49,7996,0.810881664693324,0.0970873786407767,0.05405405405405406,0.47619047619047616,0.9396887159533074
8,50,246,0.6346540745643885,0.08461538461538462,0.05945945945945946,0.14666666666666667,0.9228274967574579
8,50,296,0.6766657654550031,0.08064516129032258,0.05405405405405406,0.15873015873015872,0.9260700389105059
8,50,346,0.7152074806783328,0.044642857142857144,0.02702702702702703,0.1282051282051282,0.930609597924773
8,50,396,0.7118204786366221,0.09777777777777778,0.05945945945945946,0.275,0.9341763942931258
8,50,446,0.7238078368123212,0.0759493670886076,0.04864864864864865,0.17307692307692307,0.9289883268482491
8,50,496,0.7265226592580852,0.07563025210084033,0.04864864864864865,0.16981132075471697,0.9286640726329443
8,50,546,0.7334159961962653,0.07659574468085106,0.04864864864864865,0.18,0.9296368352788587
8,50,596,0.7204534648480837,0.08658008658008658,0.05405405405405406,0.21739130434782608,0.9315823605706874
8,50,646,0.7219917399289597,0.06751054852320675,0.043243243243243246,0.15384615384615385,0.9283398184176395
8,50,696,0.7415287657440124,0.058823529411764705,0.03783783783783784,0.1320754716981132,0.9273670557717251
8,50,746,0.7339846918322255,0.0642570281124498,0.043243243243243246,0.125,0.9244487678339819
8,50,796,0.7481181768177284,0.06639004149377593,0.043243243243243246,0.14285714285714285,0.9270428015564203
8,50,846,0.7471616494038018,0.058577405857740586,0.03783783783783784,0.12962962962962962,0.9270428015564203
8,50,896,0.7409731221390415,0.0796812749003984,0.05405405405405406,0.15151515151515152,0.9250972762645915
8,50,946,0.7365279732992738,0.0995850622406639,0.06486486486486487,0.21428571428571427,0.9296368352788587
8,50,996,0.7317509299572079,0.08835341365461848,0.05945945945945946,0.171875,0.9263942931258107
8,50,1046,0.7422522211759879,0.11764705882352941,0.07567567567567568,0.2641509433962264,0.9319066147859922
8,50,1096,0.748034270904226,0.10612244897959183,0.07027027027027027,0.21666666666666667,0.9289883268482491
8,50,1146,0.7352880303552949,0.09166666666666666,0.05945945945945946,0.2,0.9293125810635539
8,50,1196,0.7441857863382528,0.0743801652892562,0.04864864864864865,0.15789473684210525,0.9273670557717251
8,50,1246,0.7498130762704754,0.09053497942386832,0.05945945945945946,0.1896551724137931,0.9283398184176395
8,50,1296,0.747797469770564,0.10833333333333334,0.07027027027027027,0.23636363636363636,0.930609597924773
8,50,1346,0.7432180714691926,0.07627118644067797,0.04864864864864865,0.17647058823529413,0.9293125810635539
8,50,1396,0.7388139432982482,0.09401709401709402,0.05945945945945946,0.22448979591836735,0.9312581063553826
8,50,1446,0.7665513737262617,0.11965811965811966,0.07567567567567568,0.2857142857142857,0.9332036316472114
8,50,1496,0.7670436217521419,0.11063829787234042,0.07027027027027027,0.26,0.932230869001297
8,50,1546,0.7556436049709593,0.08620689655172414,0.05405405405405406,0.2127659574468085,0.9312581063553826
8,50,1596,0.7651268377725777,0.09282700421940929,0.05945945945945946,0.21153846153846154,0.9302853437094682
8,50,1646,0.7722700278754091,0.09734513274336283,0.05945945945945946,0.2682926829268293,0.933852140077821
8,50,1696,0.7653002433271492,0.09691629955947137,0.05945945945945946,0.2619047619047619,0.9335278858625162
8,50,1746,0.782187706851384,0.10655737704918032,0.07027027027027027,0.22033898305084745,0.9293125810635539
8,50,1796,0.7730811183725982,0.1016949152542373,0.06486486486486487,0.23529411764705882,0.9312581063553826
8,50,1846,0.769745392166917,0.08849557522123894,0.05405405405405406,0.24390243902439024,0.9332036316472114
8,50,1896,0.758203667620708,0.07692307692307693,0.04864864864864865,0.1836734693877551,0.9299610894941635
8,50,1946,0.7727137969290436,0.07929515418502203,0.04864864864864865,0.21428571428571427,0.932230869001297
8,50,1996,0.7855103810260761,0.05333333333333334,0.032432432432432434,0.15,0.9309338521400778
8,50,2046,0.7795567903191222,0.08144796380090498,0.04864864864864865,0.25,0.9341763942931258
8,50,2096,0.78103912812433,0.045454545454545456,0.02702702702702703,0.14285714285714285,0.9319066147859922
8,50,2146,0.7818371665905297,0.053811659192825115,0.032432432432432434,0.15789473684210525,0.9315823605706874
8,50,2196,0.7863382527059658,0.07239819004524888,0.043243243243243246,0.2222222222222222,0.9335278858625162
8,50,2246,0.7886727016771861,0.0639269406392694,0.03783783783783784,0.20588235294117646,0.9335278858625162
8,50,2296,0.78753344582941,0.06167400881057269,0.03783783783783784,0.16666666666666666,0.9309338521400778
8,50,2346,0.7973056878886475,0.07239819004524888,0.043243243243243246,0.2222222222222222,0.9335278858625162
8,50,2396,0.7997259073492258,0.07142857142857142,0.043243243243243246,0.20512820512820512,0.9325551232166018
8,50,2446,0.7988663378797908,0.06451612903225806,0.03783783783783784,0.21875,0.9341763942931258
8,50,2496,0.7984710477984021,0.0625,0.03783783783783784,0.1794871794871795,0.9319066147859922
8,50,2546,0.7926834043425972,0.08181818181818182,0.04864864864864865,0.2571428571428571,0.9345006485084306
8,50,2596,0.800389696353822,0.06422018348623854,0.03783783783783784,0.21212121212121213,0.933852140077821
8,50,2646,0.7941620129960937,0.05581395348837209,0.032432432432432434,0.2,0.9341763942931258
8,50,2696,0.791270055844047,0.056074766355140186,0.032432432432432434,0.20689655172413793,0.9345006485084306
8,50,2746,0.7897280516114596,0.04608294930875576,0.02702702702702703,0.15625,0.9328793774319066
8,50,2796,0.7837315756598268,0.047619047619047616,0.02702702702702703,0.2,0.9351491569390402
8,50,2846,0.7966698675218855,0.04807692307692308,0.02702702702702703,0.21739130434782608,0.9357976653696498
8,50,2896,0.7910537650447964,0.07407407407407407,0.043243243243243246,0.25806451612903225,0.9351491569390402
8,50,2946,0.7957860585663277,0.06363636363636363,0.03783783783783784,0.2,0.9332036316472114
8,50,2996,0.7909269738866151,0.06334841628959276,0.03783783783783784,0.19444444444444445,0.9328793774319066
8,50,3046,0.795167019382266,0.06422018348623854,0.03783783783783784,0.21212121212121213,0.933852140077821
8,50,3096,0.7943149082162534,0.07441860465116279,0.043243243243243246,0.26666666666666666,0.935473411154345
8,50,3146,0.803697453921669,0.05714285714285714,0.032432432432432434,0.24,0.9357976653696498
8,50,3196,0.7970782096342636,0.06422018348623854,0.03783783783783784,0.21212121212121213,0.933852140077821
8,50,3246,0.7952807585094581,0.06572769953051644,0.03783783783783784,0.25,0.935473411154345
8,50,3296,0.7932763394646803,0.0660377358490566,0.03783783783783784,0.25925925925925924,0.9357976653696498
8,50,3346,0.7984318917054343,0.10328638497652583,0.05945945945945946,0.39285714285714285,0.9380674448767834
8,50,3396,0.7986034326841501,0.06698564593301436,0.03783783783783784,0.2916666666666667,0.9367704280155642
8,50,3446,0.8007737989800771,0.07582938388625593,0.043243243243243246,0.3076923076923077,0.9367704280155642
8,50,3496,0.8003785088986882,0.08294930875576037,0.04864864864864865,0.28125,0.935473411154345
8,50,3546,0.8011821410924549,0.08256880733944955,0.04864864864864865,0.2727272727272727,0.9351491569390402
8,50,3596,0.8011373912719204,0.08411214953271028,0.04864864864864865,0.3103448275862069,0.9364461738002594
8,50,3646,0.808849277010712,0.09433962264150944,0.05405405405405406,0.37037037037037035,0.9377431906614786
8,50,3696,0.8023083449092419,0.10185185185185185,0.05945945945945946,0.3548387096774194,0.937094682230869
8,50,3746,0.7994984290948417,0.10377358490566038,0.05945945945945946,0.4074074074074074,0.9383916990920882
8,50,3796,0.8044619300224681,0.07582938388625593,0.043243243243243246,0.3076923076923077,0.9367704280155642
8,50,3846,0.7970222723585952,0.08333333333333333,0.04864864864864865,0.2903225806451613,0.9357976653696498
8,50,3896,0.8083066854367303,0.05741626794258373,0.032432432432432434,0.25,0.9361219195849546
8,50,3946,0.8049299385622255,0.09216589861751152,0.05405405405405406,0.3125,0.9361219195849546
8,50,3996,0.8021330747788147,0.07582938388625593,0.043243243243243246,0.3076923076923077,0.9367704280155642
8,50,4046,0.8078703746865181,0.1111111111111111,0.06486486486486487,0.3870967741935484,0.9377431906614786
8,50,4096,0.8011989222751555,0.1004566210045662,0.05945945945945946,0.3235294117647059,0.9361219195849546
8,50,4146,0.8052991245816359,0.10185185185185185,0.05945945945945946,0.3548387096774194,0.937094682230869
8,50,4196,0.8086777360319962,0.09259259259259259,0.05405405405405406,0.3225806451612903,0.9364461738002594
8,50,4246,0.8052953954299246,0.11981566820276497,0.07027027027027027,0.40625,0.9380674448767834
8,50,4296,0.8029963733999608,0.09389671361502347,0.05405405405405406,0.35714285714285715,0.9374189364461738
8,50,4346,0.797773696428405,0.09389671361502347,0.05405405405405406,0.35714285714285715,0.9374189364461738
8,50,4396,0.7992951903265804,0.09259259259259259,0.05405405405405406,0.3225806451612903,0.9364461738002594
8,50,4446,0.8024183548847226,0.08530805687203792,0.04864864864864865,0.34615384615384615,0.9374189364461738
8,50,4496,0.7998191361420063,0.09433962264150944,0.05405405405405406,0.37037037037037035,0.9377431906614786
8,50,4546,0.8002013741924057,0.06796116504854369,0.03783783783783784,0.3333333333333333,0.9377431906614786
8,50,4596,0.7979937163793667,0.09615384615384616,0.05405405405405406,0.43478260869565216,0.9390402075226978
8,50,4646,0.797094990816964,0.11214953271028037,0.06486486486486487,0.41379310344827586,0.9383916990920882
8,50,4696,0.7954224662744842,0.0660377358490566,0.03783783783783784,0.25925925925925924,0.9357976653696498
8,50,4746,0.7962652545612185,0.09345794392523364,0.05405405405405406,0.3448275862068966,0.937094682230869
8,50,4796,0.8033338616298258,0.0660377358490566,0.03783783783783784,0.25925925925925924,0.9357976653696498
8,50,4846,0.7928400287144682,0.08695652173913043,0.04864864864864865,0.4090909090909091,0.938715953307393
8,50,4896,0.7920736880378136,0.09803921568627451,0.05405405405405406,0.5263157894736842,0.940337224383917
8,50,4946,0.8005519144532598,0.08695652173913043,0.04864864864864865,0.4090909090909091,0.938715953307393
8,50,4996,0.8032014767440775,0.10377358490566038,0.05945945945945946,0.4074074074074074,0.9383916990920882
8,50,5046,0.8044917632361579,0.08571428571428572,0.04864864864864865,0.36,0.9377431906614786
8,50,5096,0.8157649888591593,0.0784313725490196,0.043243243243243246,0.42105263157894735,0.9390402075226978
8,50,5146,0.8046744916700075,0.13636363636363635,0.08108108108108109,0.42857142857142855,0.9383916990920882
8,50,5196,0.8086460382424508,0.11428571428571428,0.06486486486486487,0.48,0.9396887159533074
8,50,5246,0.8081164986994583,0.1,0.05945945945945946,0.3142857142857143,0.9357976653696498
8,50,5296,0.811716994676636,0.07729468599033816,0.043243243243243246,0.36363636363636365,0.9380674448767834
8,50,5346,0.8096696903871792,0.09345794392523364,0.05405405405405406,0.3448275862068966,0.937094682230869
8,50,5396,0.8068989306657468,0.0761904761904762,0.043243243243243246,0.32,0.937094682230869
8,50,5446,0.8097107110560027,0.0947867298578199,0.05405405405405406,0.38461538461538464,0.9380674448767834
8,50,5496,0.8156549788836785,0.0947867298578199,0.05405405405405406,0.38461538461538464,0.9380674448767834
8,50,5546,0.8177973765417712,0.11059907834101383,0.06486486486486487,0.375,0.9374189364461738
8,50,5596,0.8177824599349264,0.08450704225352113,0.04864864864864865,0.32142857142857145,0.9367704280155642
8,50,5646,0.8158768634104957,0.09523809523809523,0.05405405405405406,0.4,0.9383916990920882
8,50,5696,0.8105311244324697,0.10426540284360189,0.05945945945945946,0.4230769230769231,0.938715953307393
8,50,5746,0.8130650830202399,0.09523809523809523,0.05405405405405406,0.4,0.9383916990920882
8,50,5796,0.8017545658801264,0.11162790697674418,0.06486486486486487,0.4,0.9380674448767834
8,50,5846,0.8095578158358429,0.10185185185185185,0.05945945945945946,0.3548387096774194,0.937094682230869
8,50,5896,0.8137381949041143,0.10377358490566038,0.05945945945945946,0.4074074074074074,0.9383916990920882
8,50,5946,0.8111632156475207,0.0966183574879227,0.05405405405405406,0.45454545454545453,0.9393644617380026
8,50,5996,0.8092781294575017,0.08653846153846154,0.04864864864864865,0.391304347826087,0.9383916990920882
8,50,6046,0.8081314153063032,0.09433962264150944,0.05405405405405406,0.37037037037037035,0.9377431906614786
8,50,6096,0.802084595806569,0.102803738317757,0.05945945945945946,0.3793103448275862,0.9377431906614786
8,50,6146,0.8058752785210185,0.0861244019138756,0.04864864864864865,0.375,0.9380674448767834
8,50,6196,0.8003318945022981,0.0970873786407767,0.05405405405405406,0.47619047619047616,0.9396887159533074
8,50,6246,0.8086646840010069,0.11538461538461539,0.06486486486486487,0.5217391304347826,0.940337224383917
8,50,6296,0.8098337730624725,0.10426540284360189,0.05945945945945946,0.4230769230769231,0.938715953307393
8,50,6346,0.8069753782758268,0.11428571428571428,0.06486486486486487,0.48,0.9396887159533074
8,50,6396,0.7992933257507249,0.11483253588516747,0.06486486486486487,0.5,0.9400129701686122
8,50,6446,0.8040312129998228,0.12727272727272726,0.07567567567567568,0.4,0.9377431906614786
8,50,6496,0.8045439713601149,0.14222222222222222,0.08648648648648649,0.4,0.9374189364461738
8,50,6546,0.7945461156223487,0.12206572769953052,0.07027027027027027,0.4642857142857143,0.9393644617380026
8,50,6596,0.8026812600803632,0.1111111111111111,0.06486486486486487,0.3870967741935484,0.9377431906614786
8,50,6646,0.7985922452290166,0.11214953271028037,0.06486486486486487,0.41379310344827586,0.9383916990920882
8,50,6696,0.8027539785387319,0.13145539906103287,0.07567567567567568,0.5,0.9400129701686122
8,50,6746,0.7988775253349245,0.1388888888888889,0.08108108108108109,0.4838709677419355,0.9396887159533074
8,50,6796,0.8025824375600161,0.10185185185185185,0.05945945945945946,0.3548387096774194,0.937094682230869
8,50,6846,0.8037571203490486,0.0861244019138756,0.04864864864864865,0.375,0.9380674448767834
8,50,6896,0.7963323792920205,0.10328638497652583,0.05945945945945946,0.39285714285714285,0.9380674448767834
8,50,6946,0.796259660833652,0.09523809523809523,0.05405405405405406,0.4,0.9383916990920882
8,50,6996,0.8014991189879082,0.10377358490566038,0.05945945945945946,0.4074074074074074,0.9383916990920882
8,50,7046,0.7990900869824636,0.12093023255813953,0.07027027027027027,0.43333333333333335,0.938715953307393
8,50,7096,0.7998713442659632,0.10679611650485436,0.05945945945945946,0.5238095238095238,0.940337224383917
8,50,7146,0.7967985232559225,0.10576923076923077,0.05945945945945946,0.4782608695652174,0.9396887159533074
8,50,7196,0.7987954839972776,0.10476190476190476,0.05945945945945946,0.44,0.9390402075226978
8,50,7246,0.7955828197980664,0.08695652173913043,0.04864864864864865,0.4090909090909091,0.938715953307393
8,50,7296,0.8014394525605288,0.09523809523809523,0.05405405405405406,0.4,0.9383916990920882
8,50,7346,0.801148578727054,0.10476190476190476,0.05945945945945946,0.44,0.9390402075226978
8,50,7396,0.7970390535412958,0.07692307692307693,0.043243243243243246,0.34782608695652173,0.9377431906614786
8,50,7446,0.7941545546926713,0.10526315789473684,0.05945945945945946,0.4583333333333333,0.9393644617380026
8,50,7496,0.8035650690359211,0.10377358490566038,0.05945945945945946,0.4074074074074074,0.9383916990920882
8,50,7546,0.8037011830733803,0.0947867298578199,0.05405405405405406,0.38461538461538464,0.9380674448767834
8,50,7596,0.7984542666157016,0.08737864077669903,0.04864864864864865,0.42857142857142855,0.9390402075226978
8,50,7646,0.7992560342336127,0.1111111111111111,0.06486486486486487,0.3870967741935484,0.9377431906614786
8,50,7696,0.7979209979209979,0.10576923076923077,0.05945945945945946,0.4782608695652174,0.9396887159533074
8,50,7746,0.8063600682434763,0.10476190476190476,0.05945945945945946,0.44,0.9390402075226978
8,50,7796,0.7971471989409208,0.11538461538461539,0.06486486486486487,0.5217391304347826,0.940337224383917
8,50,7846,0.8045943149082162,0.10377358490566038,0.05945945945945946,0.4074074074074074,0.9383916990920882
8,50,7896,0.7997538759870599,0.08530805687203792,0.04864864864864865,0.34615384615384615,0.9374189364461738
8,50,7946,0.7979508311346877,0.0861244019138756,0.04864864864864865,0.375,0.9380674448767834
8,50,7996,0.7998210007178617,0.0970873786407767,0.05405405405405406,0.47619047619047616,0.9396887159533074
9,51,246,0.6346540745643885,0.08461538461538462,0.05945945945945946,0.14666666666666667,0.9228274967574579
9,51,296,0.6425169909474842,0.09166666666666666,0.05945945945945946,0.2,0.9293125810635539
9,51,346,0.6726103129690574,0.0859375,0.05945945945945946,0.15492957746478872,0.9241245136186771
9,51,396,0.6929705490243607,0.11594202898550725,0.08648648648648649,0.17582417582417584,0.920881971465629
9,51,446,0.6950346344965179,0.14184397163120568,0.10810810810810811,0.20618556701030927,0.9215304798962386
9,51,496,0.7195957599545044,0.08823529411764706,0.06486486486486487,0.13793103448275862,0.9195849546044098
9,51,546,0.7274120619412099,0.08178438661710037,0.05945945945945946,0.13095238095238096,0.9199092088197146
9,51,596,0.7255670641320865,0.10218978102189781,0.07567567567567568,0.15730337078651685,0.9202334630350194
9,51,646,0.7457445717535405,0.06405693950177936,0.04864864864864865,0.09375,0.9147211413748378
9,51,696,0.744877543980683,0.05693950177935943,0.043243243243243246,0.08333333333333333,0.9140726329442282
9,51,746,0.7392912747172836,0.07380073800738007,0.05405405405405406,0.11627906976744186,0.9186121919584954
9,51,796,0.7526752002088325,0.09219858156028368,0.07027027027027027,0.13402061855670103,0.9169909208819714
9,51,846,0.7570923804107662,0.09219858156028368,0.07027027027027027,0.13402061855670103,0.9169909208819714
9,51,896,0.7530257404696868,0.05860805860805861,0.043243243243243246,0.09090909090909091,0.9166666666666666
9,51,946,0.7552912001342496,0.07692307692307693,0.05405405405405406,0.13333333333333333,0.9221789883268483
9,51,996,0.76600878215228,0.06870229007633588,0.04864864864864865,0.11688311688311688,0.920881971465629
9,51,1046,0.7610881664693324,0.09125475285171103,0.06486486486486487,0.15384615384615385,0.9225032425421531
9,51,1096,0.7608793339735044,0.11363636363636363,0.08108108108108109,0.189873417721519,0.9241245136186771
9,51,1146,0.766939205504228,0.12408759124087591,0.0918918918918919,0.19101123595505617,0.9221789883268483
9,51,1196,0.782776912821756,0.14336917562724014,0.10810810810810811,0.2127659574468085,0.9225032425421531
9,51,1246,0.7774759236642645,0.11678832116788321,0.08648648648648649,0.1797752808988764,0.9215304798962386
9,51,1296,0.7654736488817205,0.12318840579710146,0.0918918918918919,0.18681318681318682,0.9215304798962386
9,51,1346,0.7681791484482068,0.13090909090909092,0.0972972972972973,0.2,0.9225032425421531
9,51,1396,0.7774945694228206,0.1494661921708185,0.11351351351351352,0.21875,0.9225032425421531
9,51,1446,0.7708231170114578,0.12903225806451613,0.0972972972972973,0.19148936170212766,0.9212062256809338
9,51,1496,0.7735901475811792,0.12203389830508475,0.0972972972972973,0.16363636363636364,0.916018158236057
9,51,1546,0.7744198838369242,0.12454212454212454,0.0918918918918919,0.19318181818181818,0.9225032425421531
9,51,1596,0.7707280236428218,0.11387900355871886,0.08648648648648649,0.16666666666666666,0.919260700389105
9,51,1646,0.7784175344713462,0.14,0.11351351351351352,0.1826086956521739,0.9163424124513618
9,51,1696,0.779562384046689,0.1366906474820144,0.10270270270270271,0.20430107526881722,0.9221789883268483
9,51,1746,0.7846153846153847,0.1254355400696864,0.0972972972972973,0.17647058823529413,0.9186121919584954
9,51,1796,0.7876695598668693,0.1391941391941392,0.10270270270270271,0.2159090909090909,0.9238002594033723
9,51,1846,0.7885328584880155,0.1520912547528517,0.10810810810810811,0.2564102564102564,0.9276913099870299
9,51,1896,0.7847794672906782,0.13432835820895522,0.0972972972972973,0.21686746987951808,0.9247730220492867
9,51,1946,0.7859578792314219,0.13138686131386862,0.0972972972972973,0.20224719101123595,0.9228274967574579
9,51,1996,0.7874495399159076,0.11808118081180811,0.08648648648648649,0.18604651162790697,0.9225032425421531
9,51,2046,0.7835432534984104,0.13636363636363635,0.0972972972972973,0.22784810126582278,0.9260700389105059
9,51,2096,0.7803026206613651,0.1015625,0.07027027027027027,0.18309859154929578,0.9254215304798963
9,51,2146,0.7725068290090712,0.13740458015267176,0.0972972972972973,0.23376623376623376,0.9267185473411155
9,51,2196,0.7860883995413144,0.1323529411764706,0.0972972972972973,0.20689655172413793,0.9234760051880675
9,51,2246,0.7779047761110542,0.13076923076923078,0.0918918918918919,0.22666666666666666,0.9267185473411155
9,51,2296,0.7802093918685847,0.14074074074074075,0.10270270270270271,0.2235294117647059,0.9247730220492867
9,51,2346,0.7753614946440059,0.12,0.08108108108108109,0.23076923076923078,0.9286640726329443
9,51,2396,0.7788519806457026,0.13740458015267176,0.0972972972972973,0.23376623376623376,0.9267185473411155
9,51,2446,0.7852269654960237,0.13617021276595745,0.08648648648648649,0.32,0.9341763942931258
9,51,2496,0.7849062584488592,0.1306122448979592,0.08648648648648649,0.26666666666666666,0.9309338521400778
9,51,2546,0.7785685651156503,0.152,0.10270270270270271,0.2923076923076923,0.9312581063553826
9,51,2596,0.7839926162796117,0.1568627450980392,0.10810810810810811,0.2857142857142857,0.9302853437094682
9,51,2646,0.7810167532140628,0.16,0.10810810810810811,0.3076923076923077,0.9319066147859922
9,51,2696,0.7781061503034596,0.145748987854251,0.0972972972972973,0.2903225806451613,0.9315823605706874
9,51,2746,0.7902352162441849,0.1532258064516129,0.10270270270270271,0.30158730158730157,0.9319066147859922
9,51,2796,0.786114503603293,0.0975609756097561,0.06486486486486487,0.19672131147540983,0.9280155642023347
9,51,2846,0.776448542367825,0.12396694214876033,0.08108108108108109,0.2631578947368421,0.9312581063553826
9,51,2896,0.7849566019969608,0.10970464135021098,0.07027027027027027,0.25,0.9315823605706874
9,51,2946,0.7883016510819202,0.1306122448979592,0.08648648648648649,0.26666666666666666,0.9309338521400778
9,51,2996,0.7887994928353673,0.1487603305785124,0.0972972972972973,0.3157894736842105,0.9332036316472114
9,51,3046,0.799671834649413,0.13877551020408163,0.0918918918918919,0.2833333333333333,0.9315823605706874
9,51,3096,0.7939252118624316,0.12195121951219512,0.08108108108108109,0.2459016393442623,0.9299610894941635
9,51,3146,0.7997128553182364,0.15079365079365079,0.10270270270270271,0.2835820895522388,0.930609597924773
9,51,3196,0.7990583891929184,0.14457831325301204,0.0972972972972973,0.28125,0.9309338521400778
9,51,3246,0.7975965617221222,0.14754098360655737,0.0972972972972973,0.3050847457627119,0.9325551232166018
9,51,3296,0.7970334598137288,0.11666666666666667,0.07567567567567568,0.2545454545454545,0.9312581063553826
9,51,3346,0.7972385631578457,0.136,0.0918918918918919,0.26153846153846155,0.9299610894941635
9,51,3396,0.7966400343081957,0.1271186440677966,0.08108108108108109,0.29411764705882354,0.9332036316472114
9,51,3446,0.7987619216318768,0.12552301255230125,0.08108108108108109,0.2777777777777778,0.932230869001297
9,51,3496,0.7970800742101191,0.16,0.10810810810810811,0.3076923076923077,0.9319066147859922
9,51,3546,0.8023791987917549,0.14166666666666666,0.0918918918918919,0.3090909090909091,0.9332036316472114
9,51,3596,0.8014189422261171,0.13168724279835392,0.08648648648648649,0.27586206896551724,0.9315823605706874
9,51,3646,0.7976394469668012,0.13765182186234817,0.0918918918918919,0.27419354838709675,0.9309338521400778
9,51,3696,0.7996755638011244,0.13168724279835392,0.08648648648648649,0.27586206896551724,0.9315823605706874
9,51,3746,0.8047919599489107,0.168,0.11351351351351352,0.3230769230769231,0.9325551232166018
9,51,3796,0.8010460270549956,0.13765182186234817,0.0918918918918919,0.27419354838709675,0.9309338521400778
9,51,3846,0.80072159085612,0.10833333333333334,0.07027027027027027,0.23636363636363636,0.930609597924773
9,51,3896,0.7999310106933426,0.1087866108786611,0.07027027027027027,0.24074074074074073,0.9309338521400778
9,51,3946,0.8051052086926526,0.12448132780082988,0.08108108108108109,0.26785714285714285,0.9315823605706874
9,51,3996,0.7981205075375479,0.13114754098360656,0.08648648648648649,0.2711864406779661,0.9312581063553826
9,51,4046,0.8003001967127527,0.14049586776859505,0.0918918918918919,0.2982456140350877,0.9325551232166018
9,51,4096,0.8130576247168175,0.13545816733067728,0.0918918918918919,0.25757575757575757,0.9296368352788587
9,51,4146,0.8004810605707466,0.12931034482758622,0.08108108108108109,0.3191489361702128,0.9345006485084306
9,51,4196,0.802554468922182,0.14457831325301204,0.0972972972972973,0.28125,0.9309338521400778
9,51,4246,0.8068131601763889,0.13278008298755187,0.08648648648648649,0.2857142857142857,0.932230869001297
9,51,4296,0.7984971518603806,0.11864406779661017,0.07567567567567568,0.27450980392156865,0.9325551232166018
9,51,4346,0.8104863746119351,0.14166666666666666,0.0918918918918919,0.3090909090909091,0.9332036316472114
9,51,4396,0.8031548623476875,0.1016949152542373,0.06486486486486487,0.23529411764705882,0.9312581063553826
9,51,4446,0.8094795036499073,0.1487603305785124,0.0972972972972973,0.3157894736842105,0.9332036316472114
9,51,4496,0.8066099214081277,0.09361702127659574,0.05945945945945946,0.22,0.9309338521400778
9,51,4546,0.8051891146061549,0.12121212121212122,0.07567567567567568,0.30434782608695654,0.9341763942931258
9,51,4596,0.8079841138137102,0.12017167381974249,0.07567567567567568,0.2916666666666667,0.9335278858625162
9,51,4646,0.8052189478198447,0.11864406779661017,0.07567567567567568,0.27450980392156865,0.9325551232166018
9,51,4696,0.8076447610079899,0.09649122807017543,0.05945945945945946,0.2558139534883721,0.9332036316472114
9,51,4746,0.8066378900459618,0.11206896551724138,0.07027027027027027,0.2765957446808511,0.9332036316472114
9,51,4796,0.8015569208394321,0.1092436974789916,0.07027027027027027,0.24528301886792453,0.9312581063553826
9,51,4846,0.8112303403783224,0.10300429184549356,0.06486486486486487,0.25,0.932230869001297
9,51,4896,0.8011989222751554,0.11353711790393013,0.07027027027027027,0.29545454545454547,0.9341763942931258
9,51,4946,0.8078703746865182,0.11353711790393013,0.07027027027027027,0.29545454545454547,0.9341763942931258
9,51,4996,0.7982752673335634,0.1350210970464135,0.08648648648648649,0.3076923076923077,0.9335278858625162
9,51,5046,0.8072513355024565,0.0851063829787234,0.05405405405405406,0.2,0.9302853437094682
9,51,5096,0.8097647837558152,0.11965811965811966,0.07567567567567568,0.2857142857142857,0.9332036316472114
9,51,5146,0.8096435863252007,0.10300429184549356,0.06486486486486487,0.25,0.932230869001297
9,51,5196,0.8102439797507063,0.11016949152542373,0.07027027027027027,0.2549019607843137,0.9319066147859922
9,51,5246,0.8073165956574029,0.08771929824561403,0.05405405405405406,0.23255813953488372,0.9325551232166018
9,51,5296,0.8087858814316213,0.0944206008583691,0.05945945945945946,0.22916666666666666,0.9315823605706874
9,51,5346,0.8087635065213542,0.1038961038961039,0.06486486486486487,0.2608695652173913,0.9328793774319066
9,51,5396,0.8107250403214529,0.11206896551724138,0.07027027027027027,0.2765957446808511,0.9332036316472114
9,51,5446,0.8062724331782627,0.10526315789473684,0.06486486486486487,0.27906976744186046,0.933852140077821
9,51,5496,0.8116442762182672,0.09734513274336283,0.05945945945945946,0.2682926829268293,0.933852140077821
9,51,5546,0.8084577160810344,0.08888888888888889,0.05405405405405406,0.25,0.9335278858625162
9,51,5596,0.8081444673372925,0.07964601769911504,0.04864864864864865,0.21951219512195122,0.9325551232166018
9,51,5646,0.8077752813178822,0.09821428571428571,0.05945945945945946,0.28205128205128205,0.9345006485084306
9,51,5696,0.8083327894987088,0.10091743119266056,0.05945945945945946,0.3333333333333333,0.9364461738002594
9,51,5746,0.8137661635419483,0.11304347826086956,0.07027027027027027,0.28888888888888886,0.933852140077821
9,51,5796,0.8071898044992214,0.08256880733944955,0.04864864864864865,0.2727272727272727,0.9351491569390402
9,51,5846,0.8080773426064906,0.10714285714285714,0.06486486486486487,0.3076923076923077,0.9351491569390402
9,51,5896,0.8151571371302313,0.1,0.05945945945945946,0.3142857142857143,0.9357976653696498
9,51,5946,0.8115827452150322,0.09389671361502347,0.05405405405405406,0.35714285714285715,0.9374189364461738
9,51,5996,0.8125131685669802,0.08256880733944955,0.04864864864864865,0.2727272727272727,0.9351491569390402
9,51,6046,0.8066677232596514,0.08928571428571429,0.05405405405405406,0.2564102564102564,0.933852140077821
9,51,6096,0.8107604672627093,0.1,0.05945945945945946,0.3142857142857143,0.9357976653696498
9,51,6146,0.8066602649562291,0.09954751131221719,0.05945945945945946,0.3055555555555556,0.935473411154345
9,51,6196,0.8083607581365428,0.08888888888888889,0.05405405405405406,0.25,0.9335278858625162
9,51,6246,0.8110028621239384,0.0990990990990991,0.05945945945945946,0.2972972972972973,0.9351491569390402
9,51,6296,0.8120880452719017,0.08108108108108109,0.04864864864864865,0.24324324324324326,0.933852140077821
9,51,6346,0.8143665569674539,0.11059907834101383,0.06486486486486487,0.375,0.9374189364461738
9,51,6396,0.8121794094888265,0.09009009009009009,0.05405405405405406,0.2702702702702703,0.9345006485084306
9,51,6446,0.8165369232633806,0.10091743119266056,0.05945945945945946,0.3333333333333333,0.9364461738002594
9,51,6496,0.8164530173498783,0.11607142857142858,0.07027027027027027,0.3333333333333333,0.9357976653696498
9,51,6546,0.8182411455954056,0.11981566820276497,0.07027027027027027,0.40625,0.9380674448767834
9,51,6596,0.8199285867447302,0.11981566820276497,0.07027027027027027,0.40625,0.9380674448767834
9,51,6646,0.8220672552511118,0.09954751131221719,0.05945945945945946,0.3055555555555556,0.935473411154345
9,51,6696,0.8171988476921213,0.08256880733944955,0.04864864864864865,0.2727272727272727,0.9351491569390402
9,51,6746,0.8162814763711626,0.10666666666666667,0.06486486486486487,0.3,0.9348249027237354
9,51,6796,0.8222742231710841,0.09821428571428571,0.05945945945945946,0.28205128205128205,0.9345006485084306
9,51,6846,0.8227086693454407,0.09954751131221719,0.05945945945945946,0.3055555555555556,0.935473411154345
9,51,6896,0.8234004269878709,0.12173913043478261,0.07567567567567568,0.3111111111111111,0.9345006485084306
9,51,6946,0.8185749046735594,0.12280701754385964,0.07567567567567568,0.32558139534883723,0.9351491569390402
9,51,6996,0.8160409460857891,0.11659192825112108,0.07027027027027027,0.34210526315789475,0.9361219195849546
9,51,7046,0.8194587136291173,0.12334801762114538,0.07567567567567568,0.3333333333333333,0.935473411154345
9,51,7096,0.8216756943214343,0.09174311926605505,0.05405405405405406,0.30303030303030304,0.9357976653696498
9,51,7146,0.8177917828142043,0.10762331838565023,0.06486486486486487,0.3157894736842105,0.935473411154345
9,51,7196,0.8137587052385259,0.091324200913242,0.05405405405405406,0.29411764705882354,0.935473411154345
9,51,7246,0.8139824543411986,0.10810810810810811,0.06486486486486487,0.32432432432432434,0.9357976653696498
9,51,7296,0.8115902035184546,0.1,0.05945945945945946,0.3142857142857143,0.9357976653696498
9,51,7346,0.8128376047658559,0.08181818181818182,0.04864864864864865,0.2571428571428571,0.9345006485084306
9,51,7396,0.8085733197840821,0.10909090909090909,0.06486486486486487,0.34285714285714286,0.9364461738002594
9,51,7446,0.8182318227161277,0.09865470852017937,0.05945945945945946,0.2894736842105263,0.9348249027237354
9,51,7496,0.8171093480510522,0.09049773755656108,0.05405405405405406,0.2777777777777778,0.9348249027237354
9,51,7546,0.81851523824618,0.10762331838565023,0.06486486486486487,0.3157894736842105,0.935473411154345
9,51,7596,0.818505915366902,0.11304347826086956,0.07027027027027027,0.28888888888888886,0.933852140077821
9,51,7646,0.8140644956788455,0.0990990990990991,0.05945945945945946,0.2972972972972973,0.9351491569390402
9,51,7696,0.8148699924484679,0.10909090909090909,0.06486486486486487,0.34285714285714286,0.9364461738002594
9,51,7746,0.8109692997585375,0.11659192825112108,0.07027027027027027,0.34210526315789475,0.9361219195849546
9,51,7796,0.8151683245853649,0.0821917808219178,0.04864864864864865,0.2647058823529412,0.9348249027237354
9,51,7846,0.8140365270410115,0.091324200913242,0.05405405405405406,0.29411764705882354,0.935473411154345
9,51,7896,0.810458405974101,0.08108108108108109,0.04864864864864865,0.24324324324324326,0.933852140077821
9,51,7946,0.8122073781266606,0.1,0.05945945945945946,0.3142857142857143,0.9357976653696498
9,51,7996,0.8182280935644165,0.07511737089201878,0.043243243243243246,0.2857142857142857,0.9361219195849546
10,52,246,0.6346540745643885,0.08461538461538462,0.05945945945945946,0.14666666666666667,0.9228274967574579
10,52,296,0.658469369680132,0.09022556390977443,0.06486486486486487,0.14814814814814814,0.9215304798962386
10,52,346,0.6620232512609194,0.08560311284046693,0.05945945945945946,0.1527777777777778,0.9238002594033723
10,52,396,0.7374900944407671,0.10830324909747292,0.08108108108108109,0.16304347826086957,0.9199092088197146
10,52,446,0.7061503034597205,0.10646387832699619,0.07567567567567568,0.1794871794871795,0.9238002594033723
10,52,496,0.705070714039324,0.11808118081180811,0.08648648648648649,0.18604651162790697,0.9225032425421531
10,52,546,0.7156503174440394,0.10687022900763359,0.07567567567567568,0.18181818181818182,0.9241245136186771
10,52,596,0.7048805273020521,0.08921933085501858,0.06486486486486487,0.14285714285714285,0.9205577172503242
10,52,646,0.7187697528504704,0.0962962962962963,0.07027027027027027,0.15294117647058825,0.920881971465629
10,52,696,0.7320212934562711,0.09448818897637795,0.06486486486486487,0.17391304347826086,0.9254215304798963
10,52,746,0.7180295162357943,0.13432835820895522,0.0972972972972973,0.21686746987951808,0.9247730220492867
10,52,796,0.7124637573068068,0.08,0.05945945945945946,0.12222222222222222,0.9179636835278858
10,52,846,0.7236418895611721,0.0599250936329588,0.043243243243243246,0.0975609756097561,0.9186121919584954
10,52,896,0.7313090254794292,0.09454545454545454,0.07027027027027027,0.14444444444444443,0.919260700389105
10,52,946,0.738625621136832,0.09774436090225563,0.07027027027027027,0.16049382716049382,0.9221789883268483
10,52,996,0.7423976580927254,0.0703125,0.04864864864864865,0.1267605633802817,0.9228274967574579
10,52,1046,0.7456662595676048,0.06766917293233082,0.04864864864864865,0.1111111111111111,0.9195849546044098
10,52,1096,0.7501617519554741,0.11023622047244094,0.07567567567567568,0.2028985507246377,0.9267185473411155
10,52,1146,0.7504395737579594,0.08494208494208494,0.05945945945945946,0.14864864864864866,0.9231517509727627
10,52,1196,0.7528877618563719,0.08661417322834646,0.05945945945945946,0.15942028985507245,0.9247730220492867
10,52,1246,0.7577375236568062,0.10294117647058823,0.07567567567567568,0.16091954022988506,0.920881971465629
10,52,1296,0.7798793619421422,0.1015625,0.07027027027027027,0.18309859154929578,0.9254215304798963
10,52,1346,0.7868435527628352,0.0933852140077821,0.06486486486486487,0.16666666666666666,0.9244487678339819
10,52,1396,0.7743900506232344,0.08764940239043825,0.05945945945945946,0.16666666666666666,0.9257457846952011
10,52,1446,0.7808601288421917,0.08365019011406843,0.05945945945945946,0.14102564102564102,0.9218547341115434
10,52,1496,0.7862935028854312,0.09195402298850575,0.06486486486486487,0.15789473684210525,0.9231517509727627
10,52,1546,0.7805767133121394,0.11450381679389313,0.08108108108108109,0.19480519480519481,0.9247730220492867
10,52,1596,0.7924950821811809,0.1111111111111111,0.07567567567567568,0.208955223880597,0.9273670557717251
10,52,1646,0.7798066434837735,0.08130081300813008,0.05405405405405406,0.16393442622950818,0.9267185473411155
10,52,1696,0.7874551336434745,0.10655737704918032,0.07027027027027027,0.22033898305084745,0.9293125810635539
10,52,1746,0.7827787773976115,0.1214574898785425,0.08108108108108109,0.24193548387096775,0.9296368352788587
10,52,1796,0.7847757381389668,0.10300429184549356,0.06486486486486487,0.25,0.932230869001297
10,52,1846,0.7817234274633378,0.09016393442622951,0.05945945945945946,0.1864406779661017,0.9280155642023347
10,52,1896,0.7812460960443024,0.0995850622406639,0.06486486486486487,0.21428571428571427,0.9296368352788587
10,52,1946,0.7777500163150387,0.10441767068273092,0.07027027027027027,0.203125,0.9276913099870299
10,52,1996,0.7729133065455935,0.08979591836734693,0.05945945945945946,0.18333333333333332,0.9276913099870299
10,52,2046,0.7772689557442922,0.08870967741935484,0.05945945945945946,0.1746031746031746,0.9267185473411155
10,52,2096,0.774824496797591,0.0823045267489712,0.05405405405405406,0.1724137931034483,0.9276913099870299
10,52,2146,0.7741737598239842,0.08196721311475409,0.05405405405405406,0.1694915254237288,0.9273670557717251
10,52,2196,0.7790831880517979,0.1016949152542373,0.06486486486486487,0.23529411764705882,0.9312581063553826
10,52,2246,0.767157360879334,0.09243697478991597,0.05945945945945946,0.20754716981132076,0.9299610894941635
10,52,2296,0.7765361774330385,0.07659574468085106,0.04864864864864865,0.18,0.9296368352788587
10,52,2346,0.7834015457333843,0.08264462809917356,0.05405405405405406,0.17543859649122806,0.9280155642023347
10,52,2396,0.7763142929062212,0.06837606837606838,0.043243243243243246,0.16326530612244897,0.9293125810635539
10,52,2446,0.7765044796434932,0.07725321888412018,0.04864864864864865,0.1875,0.9302853437094682
10,52,2496,0.7746995702152653,0.06837606837606838,0.043243243243243246,0.16326530612244897,0.9293125810635539
10,52,2546,0.7666949460671434,0.11475409836065574,0.07567567567567568,0.23728813559322035,0.9299610894941635
10,52,2596,0.7749662045626171,0.0912863070539419,0.05945945945945946,0.19642857142857142,0.9289883268482491
10,52,2646,0.7762434390237082,0.10655737704918032,0.07027027027027027,0.22033898305084745,0.9293125810635539
10,52,2696,0.7810987945517095,0.08196721311475409,0.05405405405405406,0.1694915254237288,0.9273670557717251
10,52,2746,0.7761222415930935,0.09401709401709402,0.05945945945945946,0.22448979591836735,0.9312581063553826
10,52,2796,0.7756169415362241,0.06639004149377593,0.043243243243243246,0.14285714285714285,0.9270428015564203
10,52,2846,0.7809962428796509,0.07079646017699115,0.043243243243243246,0.1951219512195122,0.9319066147859922
10,52,2896,0.7778115473182737,0.09361702127659574,0.05945945945945946,0.22,0.9309338521400778
10,52,2946,0.7830547346242414,0.0847457627118644,0.05405405405405406,0.19607843137254902,0.9299610894941635
10,52,2996,0.7806680775290641,0.06986899563318777,0.043243243243243246,0.18181818181818182,0.9309338521400778
10,52,3046,0.7756262644155021,0.061946902654867256,0.03783783783783784,0.17073170731707318,0.9312581063553826
10,52,3096,0.7823182271612764,0.0611353711790393,0.03783783783783784,0.1590909090909091,0.9302853437094682
10,52,3146,0.7844885934572033,0.07692307692307693,0.04864864864864865,0.1836734693877551,0.9299610894941635
10,52,3196,0.7809720033935281,0.06986899563318777,0.043243243243243246,0.18181818181818182,0.9309338521400778
10,52,3246,0.7829782870141615,0.08438818565400844,0.05405405405405406,0.19230769230769232,0.9296368352788587
10,52,3296,0.7790291153519853,0.06986899563318777,0.043243243243243246,0.18181818181818182,0.9309338521400778
10,52,3346,0.78444757278838,0.08620689655172414,0.05405405405405406,0.2127659574468085,0.9312581063553826
10,52,3396,0.7799931010693343,0.08620689655172414,0.05405405405405406,0.2127659574468085,0.9312581063553826
10,52,3446,0.7758052636976405,0.07758620689655173,0.04864864864864865,0.19148936170212766,0.930609597924773
10,52,3496,0.7813467831405051,0.08733624454148471,0.05405405405405406,0.22727272727272727,0.932230869001297
10,52,3546,0.782553163719083,0.09734513274336283,0.05945945945945946,0.2682926829268293,0.933852140077821
10,52,3596,0.783332556426727,0.08620689655172414,0.05405405405405406,0.2127659574468085,0.9312581063553826
10,52,3646,0.7818464894698078,0.07792207792207792,0.04864864864864865,0.1956521739130435,0.9309338521400778
10,52,3696,0.7897597494010051,0.09401709401709402,0.05945945945945946,0.22448979591836735,0.9312581063553826
10,52,3746,0.7787345123667995,0.08658008658008658,0.05405405405405406,0.21739130434782608,0.9315823605706874
10,52,3796,0.7858534629835078,0.09821428571428571,0.05945945945945946,0.28205128205128205,0.9345006485084306
10,52,3846,0.7919096053625201,0.07174887892376682,0.043243243243243246,0.21052631578947367,0.9328793774319066
10,52,3896,0.7842611152028193,0.09734513274336283,0.05945945945945946,0.2682926829268293,0.933852140077821
10,52,3946,0.7852866319234032,0.09821428571428571,0.05945945945945946,0.28205128205128205,0.9345006485084306
10,52,3996,0.7887603367423995,0.11353711790393013,0.07027027027027027,0.29545454545454547,0.9341763942931258
10,52,4046,0.7851505178859439,0.09049773755656108,0.05405405405405406,0.2777777777777778,0.9348249027237354
10,52,4096,0.792513727939737,0.09734513274336283,0.05945945945945946,0.2682926829268293,0.933852140077821
10,52,4146,0.7849193104798486,0.11659192825112108,0.07027027027027027,0.34210526315789475,0.9361219195849546
10,52,4196,0.7966046073669393,0.10714285714285714,0.06486486486486487,0.3076923076923077,0.9351491569390402
10,52,4246,0.7894203965952845,0.09821428571428571,0.05945945945945946,0.28205128205128205,0.9345006485084306
10,52,4296,0.794279481274997,0.1222707423580786,0.07567567567567568,0.3181818181818182,0.9348249027237354
10,52,4346,0.7940240343827787,0.10909090909090909,0.06486486486486487,0.34285714285714286,0.9364461738002594
10,52,4396,0.7895583752085994,0.12669683257918551,0.07567567567567568,0.3888888888888889,0.9374189364461738
10,52,4446,0.7923682910229997,0.11504424778761062,0.07027027027027027,0.3170731707317073,0.9351491569390402
10,52,4496,0.7864072420126232,0.1278538812785388,0.07567567567567568,0.4117647058823529,0.9380674448767834
10,52,4546,0.7911581812927104,0.11818181818181818,0.07027027027027027,0.37142857142857144,0.937094682230869
10,52,4596,0.792071823461958,0.1278538812785388,0.07567567567567568,0.4117647058823529,0.9380674448767834
10,52,4646,0.7916634813495801,0.125,0.07567567567567568,0.358974358974359,0.9364461738002594
10,52,4696,0.7912681912681913,0.0990990990990991,0.05945945945945946,0.2972972972972973,0.9351491569390402
10,52,4746,0.7880629853724024,0.09821428571428571,0.05945945945945946,0.28205128205128205,0.9345006485084306
10,52,4796,0.7922676039267968,0.1085972850678733,0.06486486486486487,0.3333333333333333,0.9361219195849546
10,52,4846,0.7947307086320539,0.10714285714285714,0.06486486486486487,0.3076923076923077,0.9351491569390402
10,52,4896,0.7924577906640686,0.09777777777777778,0.05945945945945946,0.275,0.9341763942931258
10,52,4946,0.7982827256369858,0.10714285714285714,0.06486486486486487,0.3076923076923077,0.9351491569390402
10,52,4996,0.7870337395001072,0.10762331838565023,0.06486486486486487,0.3157894736842105,0.935473411154345
10,52,5046,0.7931831106719,0.10714285714285714,0.06486486486486487,0.3076923076923077,0.9351491569390402
10,52,5096,0.7945591676533381,0.13215859030837004,0.08108108108108109,0.35714285714285715,0.9361219195849546
10,52,5146,0.7942906687301307,0.11607142857142858,0.07027027027027027,0.3333333333333333,0.9357976653696498
10,52,5196,0.7945722196843273,0.09954751131221719,0.05945945945945946,0.3055555555555556,0.935473411154345
10,52,5246,0.7917641684457828,0.10619469026548672,0.06486486486486487,0.2926829268292683,0.9345006485084306
10,52,5296,0.7958214855075841,0.12612612612612611,0.07567567567567568,0.3783783783783784,0.937094682230869
10,52,5346,0.7878317779663071,0.125,0.07567567567567568,0.358974358974359,0.9364461738002594
10,52,5396,0.790628641749718,0.11981566820276497,0.07027027027027027,0.40625,0.9380674448767834
10,52,5446,0.7872127387822455,0.12844036697247707,0.07567567567567568,0.42424242424242425,0.9383916990920882
10,52,5496,0.7849994872416397,0.136986301369863,0.08108108108108109,0.4411764705882353,0.938715953307393
10,52,5546,0.7829335371936269,0.11818181818181818,0.07027027027027027,0.37142857142857144,0.937094682230869
10,52,5596,0.7877124451115483,0.12727272727272726,0.07567567567567568,0.4,0.9377431906614786
10,52,5646,0.7864650438641471,0.13513513513513514,0.08108108108108109,0.40540540540540543,0.9377431906614786
10,52,5696,0.7818819164110643,0.11818181818181818,0.07027027027027027,0.37142857142857144,0.937094682230869
10,52,5746,0.7902594557303076,0.08490566037735849,0.04864864864864865,0.3333333333333333,0.937094682230869
10,52,5796,0.7819042913213317,0.12037037037037036,0.07027027027027027,0.41935483870967744,0.9383916990920882
10,52,5846,0.7842592506269637,0.102803738317757,0.05945945945945946,0.3793103448275862,0.9377431906614786
10,52,5896,0.7856222555774126,0.11981566820276497,0.07027027027027027,0.40625,0.9380674448767834
10,52,5946,0.7882475783821075,0.11981566820276497,0.07027027027027027,0.40625,0.9380674448767834
10,52,5996,0.7815332407260659,0.13452914798206278,0.08108108108108109,0.39473684210526316,0.9374189364461738
10,52,6046,0.7870878121999199,0.13636363636363635,0.08108108108108109,0.42857142857142855,0.9383916990920882
10,52,6096,0.7888535655351798,0.13636363636363635,0.08108108108108109,0.42857142857142855,0.9383916990920882
10,52,6146,0.7903321741886764,0.10091743119266056,0.05945945945945946,0.3333333333333333,0.9364461738002594
10,52,6196,0.7910407130138072,0.13392857142857142,0.08108108108108109,0.38461538461538464,0.937094682230869
10,52,6246,0.7910668170757857,0.1278538812785388,0.07567567567567568,0.4117647058823529,0.9380674448767834
10,52,6296,0.7941452318133932,0.12727272727272726,0.07567567567567568,0.4,0.9377431906614786
10,52,6346,0.8042512329507845,0.11009174311926606,0.06486486486486487,0.36363636363636365,0.937094682230869
10,52,6396,0.7952677064784688,0.11818181818181818,0.07027027027027027,0.37142857142857144,0.937094682230869
10,52,6446,0.7971005845445307,0.10909090909090909,0.06486486486486487,0.34285714285714286,0.9364461738002594
10,52,6496,0.7969681996587826,0.1187214611872146,0.07027027027027027,0.38235294117647056,0.9374189364461738
10,52,6546,0.7982939130921194,0.10810810810810811,0.06486486486486487,0.32432432432432434,0.9357976653696498
10,52,6596,0.7958401312661403,0.13574660633484162,0.08108108108108109,0.4166666666666667,0.9380674448767834
10,52,6646,0.7940240343827787,0.136986301369863,0.08108108108108109,0.4411764705882353,0.938715953307393
10,52,6696,0.7967500442836765,0.13157894736842105,0.08108108108108109,0.3488372093023256,0.9357976653696498
10,52,6746,0.7938487642523516,0.13157894736842105,0.08108108108108109,0.3488372093023256,0.9357976653696498
10,52,6796,0.7962093172855506,0.11764705882352941,0.07027027027027027,0.3611111111111111,0.9367704280155642
10,52,6846,0.7962428796509514,0.14847161572052403,0.0918918918918919,0.38636363636363635,0.9367704280155642
10,52,6896,0.797085667937686,0.1511111111111111,0.0918918918918919,0.425,0.9380674448767834
10,52,6946,0.8040274838481116,0.13761467889908258,0.08108108108108109,0.45454545454545453,0.9390402075226978
10,52,6996,0.8004829251466021,0.10909090909090909,0.06486486486486487,0.34285714285714286,0.9364461738002594
10,52,7046,0.8041580041580042,0.14414414414414414,0.08648648648648649,0.43243243243243246,0.9383916990920882
10,52,7096,0.8003524048367098,0.11818181818181818,0.07027027027027027,0.37142857142857144,0.937094682230869
10,52,7146,0.7968470022281682,0.15315315315315314,0.0918918918918919,0.4594594594594595,0.9390402075226978
10,52,7196,0.7996606471942795,0.136986301369863,0.08108108108108109,0.4411764705882353,0.938715953307393
10,52,7246,0.8019149194037086,0.1278538812785388,0.07567567567567568,0.4117647058823529,0.9380674448767834
10,52,7296,0.7972572089164018,0.1187214611872146,0.07027027027027027,0.38235294117647056,0.9374189364461738
10,52,7346,0.7984598603432684,0.11926605504587157,0.07027027027027027,0.3939393939393939,0.9377431906614786
10,52,7396,0.799293325750725,0.11764705882352941,0.07027027027027027,0.3611111111111111,0.9367704280155642
10,52,7446,0.8041691916131379,0.136986301369863,0.08108108108108109,0.4411764705882353,0.938715953307393
10,52,7496,0.7983386629126541,0.1278538812785388,0.07567567567567568,0.4117647058823529,0.9380674448767834
10,52,7546,0.8036266000391562,0.1085972850678733,0.06486486486486487,0.3333333333333333,0.9361219195849546
10,52,7596,0.8041412229753038,0.11059907834101383,0.06486486486486487,0.375,0.9374189364461738
10,52,7646,0.7964740870570467,0.11162790697674418,0.06486486486486487,0.4,0.9380674448767834
10,52,7696,0.7985661411670381,0.11926605504587157,0.07027027027027027,0.3939393939393939,0.9377431906614786
10,52,7746,0.8010106001137391,0.13761467889908258,0.08108108108108109,0.45454545454545453,0.9390402075226978
10,52,7796,0.800331894502298,0.11981566820276497,0.07027027027027027,0.40625,0.9380674448767834
10,52,7846,0.8040834211237798,0.12727272727272726,0.07567567567567568,0.4,0.9377431906614786
10,52,7896,0.8087001109422634,0.12093023255813953,0.07027027027027027,0.43333333333333335,0.938715953307393
10,52,7946,0.8031399457408427,0.13452914798206278,0.08108108108108109,0.39473684210526316,0.9374189364461738
10,52,7996,0.800764476100799,0.1278538812785388,0.07567567567567568,0.4117647058823529,0.9380674448767834
11,53,246,0.6346540745643885,0.08461538461538462,0.05945945945945946,0.14666666666666667,0.9228274967574579
11,53,296,0.6619234964526444,0.12213740458015267,0.08648648648648649,0.2077922077922078,0.9254215304798963
11,53,346,0.680991581440012,0.10600706713780919,0.08108108108108109,0.15306122448979592,0.9179636835278858
11,53,396,0.7085565386013817,0.1259259259259259,0.0918918918918919,0.2,0.9234760051880675
11,53,446,0.6914854143553695,0.12781954887218044,0.0918918918918919,0.20987654320987653,0.9247730220492867
11,53,496,0.6809580190746111,0.11235955056179775,0.08108108108108109,0.18292682926829268,0.9231517509727627
11,53,546,0.6758574718215974,0.10486891385767791,0.07567567567567568,0.17073170731707318,0.9225032425421531
11,53,596,0.6653030401909327,0.11155378486055777,0.07567567567567568,0.21212121212121213,0.9276913099870299
11,53,646,0.7023484332901374,0.11583011583011583,0.08108108108108109,0.20270270270270271,0.9257457846952011
11,53,696,0.7389444636081407,0.07518796992481203,0.05405405405405406,0.12345679012345678,0.9202334630350194
11,53,746,0.7359201215703458,0.10358565737051793,0.07027027027027027,0.19696969696969696,0.9270428015564203
11,53,796,0.7491064020212004,0.0796812749003984,0.05405405405405406,0.15151515151515152,0.9250972762645915
11,53,846,0.7406710608504332,0.08196721311475409,0.05405405405405406,0.1694915254237288,0.9273670557717251
11,53,896,0.7532364375413703,0.09561752988047809,0.06486486486486487,0.18181818181818182,0.9263942931258107
11,53,946,0.7638365512804974,0.07171314741035857,0.04864864864864865,0.13636363636363635,0.9244487678339819
11,53,996,0.7647762975117235,0.08032128514056225,0.05405405405405406,0.15625,0.9257457846952011
11,53,1046,0.7579538144560566,0.09375,0.06486486486486487,0.16901408450704225,0.9247730220492867
11,53,1096,0.7485824562057747,0.10236220472440945,0.07027027027027027,0.18840579710144928,0.9260700389105059
11,53,1146,0.7473611590203519,0.09523809523809523,0.06486486486486487,0.1791044776119403,0.9260700389105059
11,53,1196,0.7406729254262887,0.08032128514056225,0.05405405405405406,0.15625,0.9257457846952011
11,53,1246,0.7394665448477108,0.09205020920502092,0.05945945945945946,0.2037037037037037,0.9296368352788587
11,53,1296,0.753091000624633,0.07563025210084033,0.04864864864864865,0.16981132075471697,0.9286640726329443
11,53,1346,0.7527180854535115,0.10612244897959183,0.07027027027027027,0.21666666666666667,0.9289883268482491
11,53,1396,0.7590501850591538,0.11428571428571428,0.07567567567567568,0.23333333333333334,0.9296368352788587
11,53,1446,0.7511555708865125,0.07659574468085106,0.04864864864864865,0.18,0.9296368352788587
11,53,1496,0.7441484948211405,0.11475409836065574,0.07567567567567568,0.23728813559322035,0.9299610894941635
11,53,1546,0.7440906929696168,0.08368200836820083,0.05405405405405406,0.18518518518518517,0.9289883268482491
11,53,1596,0.7386610480780885,0.09205020920502092,0.05945945945945946,0.2037037037037037,0.9296368352788587
11,53,1646,0.7392278791381931,0.05982905982905983,0.03783783783783784,0.14285714285714285,0.9286640726329443
11,53,1696,0.7523451702823901,0.0611353711790393,0.03783783783783784,0.1590909090909091,0.9302853437094682
11,53,1746,0.7516440897606818,0.06926406926406926,0.043243243243243246,0.17391304347826086,0.9302853437094682
11,53,1796,0.7416219945367928,0.059322033898305086,0.03783783783783784,0.13725490196078433,0.9280155642023347
11,53,1846,0.7421608569590633,0.059574468085106386,0.03783783783783784,0.14,0.9283398184176395
11,53,1896,0.760454210678426,0.05172413793103448,0.032432432432432434,0.1276595744680851,0.9286640726329443
11,53,1946,0.7570625471970763,0.05668016194331984,0.03783783783783784,0.11290322580645161,0.9244487678339819
11,53,1996,0.7501505645003403,0.05907172995780591,0.03783783783783784,0.1346153846153846,0.9276913099870299
11,53,2046,0.7621975891034187,0.05172413793103448,0.032432432432432434,0.1276595744680851,0.9286640726329443
11,53,2096,0.7628968050492715,0.0625,0.03783783783783784,0.1794871794871795,0.9319066147859922
11,53,2146,0.7637862077323961,0.07758620689655173,0.04864864864864865,0.19148936170212766,0.930609597924773
11,53,2196,0.7710450015382752,0.08035714285714286,0.04864864864864865,0.23076923076923078,0.9332036316472114
11,53,2246,0.7671126110587994,0.046296296296296294,0.02702702702702703,0.16129032258064516,0.9332036316472114
11,53,2296,0.771867279490598,0.06422018348623854,0.03783783783783784,0.21212121212121213,0.933852140077821
11,53,2346,0.7647110373567774,0.08144796380090498,0.04864864864864865,0.25,0.9341763942931258
11,53,2396,0.7727697342047117,0.10091743119266056,0.05945945945945946,0.3333333333333333,0.9364461738002594
11,53,2446,0.7652237957170693,0.09049773755656108,0.05405405405405406,0.2777777777777778,0.9348249027237354
11,53,2496,0.7674538284403756,0.07373271889400922,0.043243243243243246,0.25,0.9348249027237354
11,53,2546,0.7724807249470927,0.10619469026548672,0.06486486486486487,0.2926829268292683,0.9345006485084306
11,53,2596,0.7708417627700139,0.0821917808219178,0.04864864864864865,0.2647058823529412,0.9348249027237354
11,53,2646,0.7744142901093574,0.06572769953051644,0.03783783783783784,0.25,0.935473411154345
11,53,2696,0.7741327391551608,0.09049773755656108,0.05405405405405406,0.2777777777777778,0.9348249027237354
11,53,2746,0.7790664068690976,0.10810810810810811,0.06486486486486487,0.32432432432432434,0.9357976653696498
11,53,2796,0.7760849500759814,0.09821428571428571,0.05945945945945946,0.28205128205128205,0.9345006485084306
11,53,2846,0.7750911311449429,0.09174311926605505,0.05405405405405406,0.30303030303030304,0.9357976653696498
11,53,2896,0.7775076214538099,0.12389380530973451,0.07567567567567568,0.34146341463414637,0.9357976653696498
11,53,2946,0.7794989884675985,0.1095890410958904,0.06486486486486487,0.35294117647058826,0.9367704280155642
11,53,2996,0.7799651324315001,0.10909090909090909,0.06486486486486487,0.34285714285714286,0.9364461738002594
11,53,3046,0.7843095941750651,0.11764705882352941,0.07027027027027027,0.3611111111111111,0.9367704280155642
11,53,3096,0.7803119435406431,0.11059907834101383,0.06486486486486487,0.375,0.9374189364461738
11,53,3146,0.7873395299404268,0.12334801762114538,0.07567567567567568,0.3333333333333333,0.935473411154345
11,53,3196,0.7902706431854414,0.1415929203539823,0.08648648648648649,0.3902439024390244,0.937094682230869
11,53,3246,0.783839721059452,0.10810810810810811,0.06486486486486487,0.32432432432432434,0.9357976653696498
11,53,3296,0.7849715186038055,0.12444444444444444,0.07567567567567568,0.35,0.9361219195849546
11,53,3346,0.7932688811612579,0.13392857142857142,0.08108108108108109,0.38461538461538464,0.937094682230869
11,53,3396,0.7934982239914976,0.125,0.07567567567567568,0.358974358974359,0.9364461738002594
11,53,3446,0.7871008642309091,0.14096916299559473,0.08648648648648649,0.38095238095238093,0.9367704280155642
11,53,3496,0.7818147916802626,0.12987012987012986,0.08108108108108109,0.32608695652173914,0.9348249027237354
11,53,3546,0.7914509197020407,0.13100436681222707,0.08108108108108109,0.3409090909090909,0.935473411154345
11,53,3596,0.786925594100482,0.15517241379310345,0.0972972972972973,0.3829787234042553,0.9364461738002594
11,53,3646,0.7729841604281066,0.09865470852017937,0.05945945945945946,0.2894736842105263,0.9348249027237354
11,53,3696,0.792148271072038,0.1222707423580786,0.07567567567567568,0.3181818181818182,0.9348249027237354
11,53,3746,0.7899480715624214,0.12173913043478261,0.07567567567567568,0.3111111111111111,0.9345006485084306
11,53,3796,0.7918760429971192,0.14847161572052403,0.0918918918918919,0.38636363636363635,0.9367704280155642
11,53,3846,0.7914919403708642,0.125,0.07567567567567568,0.358974358974359,0.9364461738002594
11,53,3896,0.7978743835246077,0.15450643776824036,0.0972972972972973,0.375,0.9361219195849546
11,53,3946,0.7959184434520757,0.1459227467811159,0.0918918918918919,0.3541666666666667,0.935473411154345
11,53,3996,0.7946747713563858,0.12875536480686695,0.08108108108108109,0.3125,0.9341763942931258
11,53,4046,0.7961440571306042,0.1487603305785124,0.0972972972972973,0.3157894736842105,0.9332036316472114
11,53,4096,0.7931122567893868,0.12444444444444444,0.07567567567567568,0.35,0.9361219195849546
11,53,4146,0.7929910593587725,0.09523809523809523,0.05945945945945946,0.2391304347826087,0.932230869001297
11,53,4196,0.7913520971816935,0.09821428571428571,0.05945945945945946,0.28205128205128205,0.9345006485084306
11,53,4246,0.7930469966344407,0.09009009009009009,0.05405405405405406,0.2702702702702703,0.9345006485084306
11,53,4296,0.7995245331568201,0.1145374449339207,0.07027027027027027,0.30952380952380953,0.9348249027237354
11,53,4346,0.7904421841641573,0.125,0.08108108108108109,0.2727272727272727,0.9319066147859922
11,53,4396,0.7965990136393725,0.11206896551724138,0.07027027027027027,0.2765957446808511,0.9332036316472114
11,53,4446,0.79270764382872,0.13157894736842105,0.08108108108108109,0.3488372093023256,0.9357976653696498
11,53,4496,0.7970912616652526,0.11965811965811966,0.07567567567567568,0.2857142857142857,0.9332036316472114
11,53,4546,0.8068560454210678,0.11304347826086956,0.07027027027027027,0.28888888888888886,0.933852140077821
11,53,4596,0.8080400510893785,0.12334801762114538,0.07567567567567568,0.3333333333333333,0.935473411154345
11,53,4646,0.8063358287573534,0.15384615384615385,0.0972972972972973,0.3673469387755102,0.9357976653696498
11,53,4696,0.8090226825652834,0.14345991561181434,0.0918918918918919,0.3269230769230769,0.9341763942931258
11,53,4746,0.8099922620101992,0.1452991452991453,0.0918918918918919,0.3469387755102041,0.9351491569390402
11,53,4796,0.8053811659192825,0.14655172413793102,0.0918918918918919,0.3617021276595745,0.9357976653696498
11,53,4846,0.804823657738456,0.16593886462882096,0.10270270270270271,0.4318181818181818,0.9380674448767834
11,53,4896,0.8088623290417012,0.1565217391304348,0.0972972972972973,0.4,0.937094682230869
11,53,4946,0.8118549732899509,0.1623931623931624,0.10270270270270271,0.3877551020408163,0.9364461738002594
11,53,4996,0.8157221036144803,0.11607142857142858,0.07027027027027027,0.3333333333333333,0.9357976653696498
11,53,5046,0.8119575249620095,0.14468085106382977,0.0918918918918919,0.34,0.9348249027237354
11,53,5096,0.8072848978678575,0.13274336283185842,0.08108108108108109,0.36585365853658536,0.9364461738002594
11,53,5146,0.8185581234908589,0.14912280701754385,0.0918918918918919,0.3953488372093023,0.937094682230869
11,53,5196,0.81346410225334,0.15584415584415584,0.0972972972972973,0.391304347826087,0.9367704280155642
11,53,5246,0.8044209093536449,0.16101694915254236,0.10270270270270271,0.37254901960784315,0.9357976653696498
11,53,5296,0.8167177871213747,0.15584415584415584,0.0972972972972973,0.391304347826087,0.9367704280155642
11,53,5346,0.8100258243756001,0.14782608695652175,0.0918918918918919,0.37777777777777777,0.9364461738002594
11,53,5396,0.8149147422690024,0.13392857142857142,0.08108108108108109,0.38461538461538464,0.937094682230869
11,53,5446,0.8198148476175382,0.1592920353982301,0.0972972972972973,0.43902439024390244,0.9383916990920882
11,53,5496,0.8133988420983937,0.14655172413793102,0.0918918918918919,0.3617021276595745,0.9357976653696498
11,53,5546,0.8173722532466927,0.14285714285714285,0.08648648648648649,0.41025641025641024,0.9377431906614786
11,53,5596,0.8166767664525513,0.14414414414414414,0.08648648648648649,0.43243243243243246,0.9383916990920882
11,53,5646,0.8111240595545527,0.12669683257918551,0.07567567567567568,0.3888888888888889,0.9374189364461738
11,53,5696,0.8132608634850786,0.13636363636363635,0.08108108108108109,0.42857142857142855,0.9383916990920882
11,53,5746,0.8098300439107614,0.11059907834101383,0.06486486486486487,0.375,0.9374189364461738
11,53,5796,0.8143535049364646,0.15246636771300448,0.0918918918918919,0.4473684210526316,0.938715953307393
11,53,5846,0.8106653738940734,0.11818181818181818,0.07027027027027027,0.37142857142857144,0.937094682230869
11,53,5896,0.8073799912364936,0.12844036697247707,0.07567567567567568,0.42424242424242425,0.9383916990920882
11,53,5946,0.8112508507127342,0.1504424778761062,0.0918918918918919,0.4146341463414634,0.9377431906614786
11,53,5996,0.8090096305342943,0.14479638009049775,0.08648648648648649,0.4444444444444444,0.938715953307393
11,53,6046,0.8165537044460812,0.14545454545454545,0.08648648648648649,0.45714285714285713,0.9390402075226978
11,53,6096,0.8183362389640417,0.14545454545454545,0.08648648648648649,0.45714285714285713,0.9390402075226978
11,53,6146,0.8157780408901485,0.13513513513513514,0.08108108108108109,0.40540540540540543,0.9377431906614786
11,53,6196,0.8142304429299945,0.1643835616438356,0.0972972972972973,0.5294117647058824,0.9406614785992218
11,53,6246,0.8117151301007802,0.14479638009049775,0.08648648648648649,0.4444444444444444,0.938715953307393
11,53,6296,0.8137922676039269,0.14349775784753363,0.08648648648648649,0.42105263157894735,0.9380674448767834
11,53,6346,0.813805319634916,0.13452914798206278,0.08108108108108109,0.39473684210526316,0.9374189364461738
11,53,6396,0.8163952154983545,0.12903225806451613,0.07567567567567568,0.4375,0.938715953307393
11,53,6446,0.8085416219945368,0.13452914798206278,0.08108108108108109,0.39473684210526316,0.9374189364461738
11,53,6496,0.8162721534918845,0.13513513513513514,0.08108108108108109,0.40540540540540543,0.9377431906614786
11,53,6546,0.8129904999860157,0.1461187214611872,0.08648648648648649,0.47058823529411764,0.9393644617380026
11,53,6596,0.809761054604104,0.13452914798206278,0.08108108108108109,0.39473684210526316,0.9374189364461738
11,53,6646,0.8136412369596226,0.14545454545454545,0.08648648648648649,0.45714285714285713,0.9390402075226978
11,53,6696,0.810534853584181,0.13761467889908258,0.08108108108108109,0.45454545454545453,0.9390402075226978
11,53,6746,0.8109357373931366,0.1552511415525114,0.0918918918918919,0.5,0.9400129701686122
11,53,6796,0.8098859811864297,0.15315315315315314,0.0918918918918919,0.4594594594594595,0.9390402075226978
11,53,6846,0.8124553667154564,0.13761467889908258,0.08108108108108109,0.45454545454545453,0.9390402075226978
11,53,6896,0.8205271155943801,0.14222222222222222,0.08648648648648649,0.4,0.9374189364461738
11,53,6946,0.8194307449912832,0.13452914798206278,0.08108108108108109,0.39473684210526316,0.9374189364461738
11,53,6996,0.8148793153277459,0.13574660633484162,0.08108108108108109,0.4166666666666667,0.9380674448767834
11,53,7046,0.8168054221865881,0.11711711711711711,0.07027027027027027,0.35135135135135137,0.9364461738002594
11,53,7096,0.8160670501477677,0.13513513513513514,0.08108108108108109,0.40540540540540543,0.9377431906614786
11,53,7146,0.8131657701164429,0.11818181818181818,0.07027027027027027,0.37142857142857144,0.937094682230869
11,53,7196,0.812699626152541,0.11926605504587157,0.07027027027027027,0.3939393939393939,0.9377431906614786
11,53,7246,0.8184220094533997,0.11711711711711711,0.07027027027027027,0.35135135135135137,0.9364461738002594
11,53,7296,0.8216887463524235,0.09433962264150944,0.05405405405405406,0.37037037037037035,0.9377431906614786
11,53,7346,0.8105348535841809,0.10138248847926268,0.05945945945945946,0.34375,0.9367704280155642
11,53,7396,0.8217857042969151,0.12903225806451613,0.07567567567567568,0.4375,0.938715953307393
11,53,7446,0.8194512553256948,0.10138248847926268,0.05945945945945946,0.34375,0.9367704280155642
11,53,7496,0.8210566551373727,0.1382488479262673,0.08108108108108109,0.46875,0.9393644617380026
11,53,7546,0.8185730400977038,0.136986301369863,0.08108108108108109,0.4411764705882353,0.938715953307393
11,53,7596,0.8166376103595834,0.09523809523809523,0.05405405405405406,0.4,0.9383916990920882
11,53,7646,0.8194344741429942,0.102803738317757,0.05945945945945946,0.3793103448275862,0.9377431906614786
11,53,7696,0.8239635288962643,0.11214953271028037,0.06486486486486487,0.41379310344827586,0.9383916990920882
11,53,7746,0.8188695076587454,0.10091743119266056,0.05945945945945946,0.3333333333333333,0.9364461738002594
11,53,7796,0.8171112126269077,0.10138248847926268,0.05945945945945946,0.34375,0.9367704280155642
11,53,7846,0.81799315700661,0.11009174311926606,0.06486486486486487,0.36363636363636365,0.937094682230869
11,53,7896,0.8189683301790925,0.11059907834101383,0.06486486486486487,0.375,0.9374189364461738
11,53,7946,0.8182411455954056,0.09389671361502347,0.05405405405405406,0.35714285714285715,0.9374189364461738
11,53,7996,0.8167382974557862,0.12037037037037036,0.07027027027027027,0.41935483870967744,0.9383916990920882
12,54,246,0.6346540745643885,0.08461538461538462,0.05945945945945946,0.14666666666666667,0.9228274967574579
12,54,296,0.6443219003757121,0.10108303249097472,0.07567567567567568,0.15217391304347827,0.919260700389105
12,54,346,0.6552231431155198,0.088,0.05945945945945946,0.16923076923076924,0.9260700389105059
12,54,396,0.6821588059256221,0.09836065573770492,0.06486486486486487,0.2033898305084746,0.9286640726329443
12,54,446,0.6805328957795327,0.0823045267489712,0.05405405405405406,0.1724137931034483,0.9276913099870299
12,54,496,0.6836057167895733,0.11155378486055777,0.07567567567567568,0.21212121212121213,0.9276913099870299
12,54,546,0.6869097452057094,0.07936507936507936,0.05405405405405406,0.14925373134328357,0.9247730220492867
12,54,596,0.69767394162013,0.09523809523809523,0.06486486486486487,0.1791044776119403,0.9260700389105059
12,54,646,0.738739360264024,0.1,0.07027027027027027,0.17333333333333334,0.9241245136186771
12,54,696,0.7499715652182021,0.08130081300813008,0.05405405405405406,0.16393442622950818,0.9267185473411155
12,54,746,0.7381557480212189,0.08835341365461848,0.05945945945945946,0.171875,0.9263942931258107
12,54,796,0.7608550944873815,0.08494208494208494,0.05945945945945946,0.14864864864864866,0.9231517509727627
12,54,846,0.7498242637256091,0.07407407407407407,0.04864864864864865,0.15517241379310345,0.9270428015564203
12,54,896,0.7531749065381353,0.06374501992031872,0.043243243243243246,0.12121212121212122,0.9238002594033723
12,54,946,0.7484519358958822,0.08130081300813008,0.05405405405405406,0.16393442622950818,0.9267185473411155
12,54,996,0.7476911889467944,0.10317460317460317,0.07027027027027027,0.19402985074626866,0.9267185473411155
12,54,1046,0.739949469994313,0.07317073170731707,0.04864864864864865,0.14754098360655737,0.9260700389105059
12,54,1096,0.7304774246478282,0.06639004149377593,0.043243243243243246,0.14285714285714285,0.9270428015564203
12,54,1146,0.7438277877739761,0.0759493670886076,0.04864864864864865,0.17307692307692307,0.9289883268482491
12,54,1196,0.743676757129672,0.0759493670886076,0.04864864864864865,0.17307692307692307,0.9289883268482491
12,54,1246,0.7487148410915226,0.07722007722007722,0.05405405405405406,0.13513513513513514,0.9225032425421531
12,54,1296,0.7408370081015822,0.0796812749003984,0.05405405405405406,0.15151515151515152,0.9250972762645915
12,54,1346,0.7407437793088018,0.04780876494023904,0.032432432432432434,0.09090909090909091,0.9225032425421531
12,54,1396,0.7455208226508675,0.04918032786885246,0.032432432432432434,0.1016949152542373,0.9247730220492867
12,54,1446,0.7446015867540532,0.05150214592274678,0.032432432432432434,0.125,0.9283398184176395
12,54,1496,0.7470441811248986,0.03361344537815126,0.021621621621621623,0.07547169811320754,0.9254215304798963
12,54,1546,0.7397014814055173,0.07228915662650602,0.04864864864864865,0.140625,0.9250972762645915
12,54,1596,0.7387654643260024,0.05737704918032787,0.03783783783783784,0.11864406779661017,0.9254215304798963
12,54,1646,0.7428265105395151,0.03347280334728033,0.021621621621621623,0.07407407407407407,0.9250972762645915
12,54,1696,0.728514026271874,0.0653061224489796,0.043243243243243246,0.13333333333333333,0.9257457846952011
12,54,1746,0.7365093275407175,0.075,0.04864864864864865,0.16363636363636364,0.9280155642023347
12,54,1796,0.7308708501533614,0.05150214592274678,0.032432432432432434,0.125,0.9283398184176395
12,54,1846,0.7398469183222547,0.026785714285714284,0.016216216216216217,0.07692307692307693,0.9293125810635539
12,54,1896,0.7249340406291077,0.061946902654867256,0.03783783783783784,0.17073170731707318,0.9312581063553826
12,54,1946,0.7449260229529288,0.05405405405405406,0.032432432432432434,0.16216216216216217,0.9319066147859922
12,54,1996,0.7419016809151338,0.08071748878923767,0.04864864864864865,0.23684210526315788,0.9335278858625162
12,54,2046,0.7492965887584722,0.0365296803652968,0.021621621621621623,0.11764705882352941,0.9315823605706874
12,54,2096,0.7630068150247523,0.05429864253393665,0.032432432432432434,0.16666666666666666,0.932230869001297
12,54,2146,0.7529977718318526,0.035555555555555556,0.021621621621621623,0.1,0.9296368352788587
12,54,2196,0.7633256574960611,0.04484304932735426,0.02702702702702703,0.13157894736842105,0.9309338521400778
12,54,2246,0.7649534322180063,0.036036036036036036,0.021621621621621623,0.10810810810810811,0.930609597924773
12,54,2296,0.7686247820776969,0.027777777777777776,0.016216216216216217,0.0967741935483871,0.9319066147859922
12,54,2346,0.7615785499193571,0.08294930875576037,0.04864864864864865,0.28125,0.935473411154345
12,54,2396,0.7750072252314405,0.07894736842105263,0.04864864864864865,0.20930232558139536,0.9319066147859922
12,54,2446,0.7757101703290045,0.05454545454545454,0.032432432432432434,0.17142857142857143,0.9325551232166018
12,54,2496,0.7757828887873731,0.11158798283261803,0.07027027027027027,0.2708333333333333,0.9328793774319066
12,54,2546,0.77695570700055,0.08108108108108109,0.04864864864864865,0.24324324324324326,0.933852140077821
12,54,2596,0.772113403503538,0.08583690987124463,0.05405405405405406,0.20833333333333334,0.9309338521400778
12,54,2646,0.7816693547635252,0.08733624454148471,0.05405405405405406,0.22727272727272727,0.932230869001297
12,54,2696,0.7783000661924429,0.07017543859649122,0.043243243243243246,0.18604651162790697,0.9312581063553826
12,54,2746,0.7808731808731808,0.10344827586206896,0.06486486486486487,0.2553191489361702,0.9325551232166018
12,54,2796,0.7842797609613754,0.08071748878923767,0.04864864864864865,0.23684210526315788,0.9335278858625162
12,54,2846,0.7838602313938637,0.07111111111111111,0.043243243243243246,0.2,0.932230869001297
12,54,2896,0.7789358865592049,0.0782608695652174,0.04864864864864865,0.2,0.9312581063553826
12,54,2946,0.7831330468101768,0.0881057268722467,0.05405405405405406,0.23809523809523808,0.9328793774319066
12,54,2996,0.790017060869079,0.09777777777777778,0.05945945945945946,0.275,0.9341763942931258
12,54,3046,0.7814008558403177,0.06306306306306306,0.03783783783783784,0.1891891891891892,0.9325551232166018
12,54,3096,0.7758500135181751,0.06306306306306306,0.03783783783783784,0.1891891891891892,0.9325551232166018
12,54,3146,0.7785070341124154,0.07407407407407407,0.043243243243243246,0.25806451612903225,0.9351491569390402
12,54,3196,0.7785611068122279,0.07048458149779736,0.043243243243243246,0.19047619047619047,0.9315823605706874
12,54,3246,0.7816880005220812,0.05429864253393665,0.032432432432432434,0.16666666666666666,0.932230869001297
12,54,3296,0.7765268545537605,0.07207207207207207,0.043243243243243246,0.21621621621621623,0.9332036316472114
12,54,3346,0.7808191081733683,0.08450704225352113,0.04864864864864865,0.32142857142857145,0.9367704280155642
12,54,3396,0.7690405824934974,0.09691629955947137,0.05945945945945946,0.2619047619047619,0.9335278858625162
12,54,3446,0.7680393052590363,0.09049773755656108,0.05405405405405406,0.2777777777777778,0.9348249027237354
12,54,3496,0.7679311598594111,0.08849557522123894,0.05405405405405406,0.24390243902439024,0.9332036316472114
12,54,3546,0.7729095773938823,0.08108108108108109,0.04864864864864865,0.24324324324324326,0.933852140077821
12,54,3596,0.7784566905643139,0.08294930875576037,0.04864864864864865,0.28125,0.935473411154345
12,54,3646,0.7756038895052347,0.09302325581395349,0.05405405405405406,0.3333333333333333,0.9367704280155642
12,54,3696,0.7778693491697976,0.0730593607305936,0.043243243243243246,0.23529411764705882,0.9341763942931258
12,54,3746,0.7801217568033711,0.08333333333333333,0.04864864864864865,0.2903225806451613,0.9357976653696498
12,54,3796,0.773157565982678,0.08256880733944955,0.04864864864864865,0.2727272727272727,0.9351491569390402
12,54,3846,0.7772111538927682,0.06481481481481481,0.03783783783783784,0.22580645161290322,0.9345006485084306
12,54,3896,0.7784772008987256,0.07441860465116279,0.043243243243243246,0.26666666666666666,0.935473411154345
12,54,3946,0.7860977224205925,0.08333333333333333,0.04864864864864865,0.2903225806451613,0.9357976653696498
12,54,3996,0.7799297054902437,0.06542056074766354,0.03783783783783784,0.2413793103448276,0.9351491569390402
12,54,4046,0.7782497226443414,0.07476635514018691,0.043243243243243246,0.27586206896551724,0.9357976653696498
12,54,4096,0.7703327335614332,0.07407407407407407,0.043243243243243246,0.25806451612903225,0.9351491569390402
12,54,4146,0.7776344126119911,0.09302325581395349,0.05405405405405406,0.3333333333333333,0.9367704280155642
12,54,4196,0.7854544437504077,0.07373271889400922,0.043243243243243246,0.25,0.9348249027237354
12,54,4246,0.7819154787764654,0.07407407407407407,0.043243243243243246,0.25806451612903225,0.9351491569390402
12,54,4296,0.7725198810400605,0.07339449541284404,0.043243243243243246,0.24242424242424243,0.9345006485084306
12,54,4346,0.7818147916802626,0.06481481481481481,0.03783783783783784,0.22580645161290322,0.9345006485084306
12,54,4396,0.7844475727883801,0.07407407407407407,0.043243243243243246,0.25806451612903225,0.9351491569390402
12,54,4446,0.7852754444682697,0.05581395348837209,0.032432432432432434,0.2,0.9341763942931258
12,54,4496,0.7836681800807362,0.0639269406392694,0.03783783783783784,0.20588235294117646,0.9335278858625162
12,54,4546,0.7824543411987358,0.07207207207207207,0.043243243243243246,0.21621621621621623,0.9332036316472114
12,54,4596,0.7791913334514232,0.08181818181818182,0.04864864864864865,0.2571428571428571,0.9345006485084306
12,54,4646,0.7711382303310556,0.08181818181818182,0.04864864864864865,0.2571428571428571,0.9345006485084306
12,54,4696,0.7819807389314116,0.08181818181818182,0.04864864864864865,0.2571428571428571,0.9345006485084306
12,54,4746,0.782310768857854,0.07511737089201878,0.043243243243243246,0.2857142857142857,0.9361219195849546
12,54,4796,0.7787028145772541,0.07373271889400922,0.043243243243243246,0.25,0.9348249027237354
12,54,4846,0.7755162544400211,0.07373271889400922,0.043243243243243246,0.25,0.9348249027237354
12,54,4896,0.7795679777742559,0.07511737089201878,0.043243243243243246,0.2857142857142857,0.9361219195849546
12,54,4946,0.779976319886634,0.06511627906976744,0.03783783783783784,0.23333333333333334,0.9348249027237354
12,54,4996,0.7886782954047529,0.06666666666666667,0.03783783783783784,0.28,0.9364461738002594
12,54,5046,0.7865582726569275,0.07582938388625593,0.043243243243243246,0.3076923076923077,0.9367704280155642
12,54,5096,0.7906193188704399,0.10328638497652583,0.05945945945945946,0.39285714285714285,0.9380674448767834
12,54,5146,0.7983927356124666,0.10328638497652583,0.05945945945945946,0.39285714285714285,0.9380674448767834
12,54,5196,0.7960620157929575,0.10138248847926268,0.05945945945945946,0.34375,0.9367704280155642
12,54,5246,0.7977419986388596,0.10091743119266056,0.05945945945945946,0.3333333333333333,0.9364461738002594
12,54,5296,0.7975014683534863,0.09954751131221719,0.05945945945945946,0.3055555555555556,0.935473411154345
12,54,5346,0.7941769296029385,0.09259259259259259,0.05405405405405406,0.3225806451612903,0.9364461738002594
12,54,5396,0.7944864491949694,0.09216589861751152,0.05405405405405406,0.3125,0.9361219195849546
12,54,5446,0.7970297306620175,0.08294930875576037,0.04864864864864865,0.28125,0.935473411154345
12,54,5496,0.805345738978026,0.1111111111111111,0.06486486486486487,0.3870967741935484,0.9377431906614786
12,54,5546,0.8031474040442651,0.11818181818181818,0.07027027027027027,0.37142857142857144,0.937094682230869
12,54,5596,0.8012306200647008,0.1004566210045662,0.05945945945945946,0.3235294117647059,0.9361219195849546
12,54,5646,0.8089462349552036,0.1095890410958904,0.06486486486486487,0.35294117647058826,0.9367704280155642
12,54,5696,0.8045607525428153,0.09216589861751152,0.05405405405405406,0.3125,0.9361219195849546
12,54,5746,0.8129681250757483,0.1085972850678733,0.06486486486486487,0.3333333333333333,0.9361219195849546
12,54,5796,0.8029404361242927,0.102803738317757,0.05945945945945946,0.3793103448275862,0.9377431906614786
12,54,5846,0.8065726298910155,0.10666666666666667,0.06486486486486487,0.3,0.9348249027237354
12,54,5896,0.8049802821103269,0.11009174311926606,0.06486486486486487,0.36363636363636365,0.937094682230869
12,54,5946,0.8069268993035807,0.09302325581395349,0.05405405405405406,0.3333333333333333,0.9367704280155642
12,54,5996,0.8037552557731931,0.11428571428571428,0.06486486486486487,0.48,0.9396887159533074
12,54,6046,0.8072326897439005,0.08530805687203792,0.04864864864864865,0.34615384615384615,0.9374189364461738
12,54,6096,0.8012753698852354,0.07476635514018691,0.043243243243243246,0.27586206896551724,0.9357976653696498
12,54,6146,0.8029609464587043,0.08530805687203792,0.04864864864864865,0.34615384615384615,0.9374189364461738
12,54,6196,0.8080922592133355,0.10091743119266056,0.05945945945945946,0.3333333333333333,0.9364461738002594
12,54,6246,0.8079971658446996,0.09302325581395349,0.05405405405405406,0.3333333333333333,0.9367704280155642
12,54,6296,0.8123565441951092,0.11320754716981132,0.06486486486486487,0.4444444444444444,0.9390402075226978
12,54,6346,0.8047117831871194,0.08571428571428572,0.04864864864864865,0.36,0.9377431906614786
12,54,6396,0.8112005071646328,0.08490566037735849,0.04864864864864865,0.3333333333333333,0.937094682230869
12,54,6446,0.8107455506558645,0.1111111111111111,0.06486486486486487,0.3870967741935484,0.9377431906614786
12,54,6496,0.8081426027614368,0.1111111111111111,0.06486486486486487,0.3870967741935484,0.9377431906614786
12,54,6546,0.8082209149473724,0.10377358490566038,0.05945945945945946,0.4074074074074074,0.9383916990920882
12,54,6596,0.8096174822632223,0.13145539906103287,0.07567567567567568,0.5,0.9400129701686122
12,54,6646,0.8121346596682919,0.11214953271028037,0.06486486486486487,0.41379310344827586,0.9383916990920882
12,54,6696,0.8141334849855029,0.11009174311926606,0.06486486486486487,0.36363636363636365,0.937094682230869
12,54,6746,0.8089257246207918,0.12093023255813953,0.07027027027027027,0.43333333333333335,0.938715953307393
12,54,6796,0.8043239514091532,0.12206572769953052,0.07027027027027027,0.4642857142857143,0.9393644617380026
12,54,6846,0.8055471131704316,0.10377358490566038,0.05945945945945946,0.4074074074074074,0.9383916990920882
12,54,6896,0.8093042335194801,0.11059907834101383,0.06486486486486487,0.375,0.9374189364461738
12,54,6946,0.8003524048367099,0.10232558139534884,0.05945945945945946,0.36666666666666664,0.9374189364461738
12,54,6996,0.8027968637834109,0.09389671361502347,0.05405405405405406,0.35714285714285715,0.9374189364461738
12,54,7046,0.8121048264546021,0.12264150943396226,0.07027027027027027,0.48148148148148145,0.9396887159533074
12,54,7096,0.8084670389603126,0.12380952380952381,0.07027027027027027,0.52,0.940337224383917
12,54,7146,0.8072084502577777,0.10909090909090909,0.06486486486486487,0.34285714285714286,0.9364461738002594
12,54,7196,0.8061363191408035,0.102803738317757,0.05945945945945946,0.3793103448275862,0.9377431906614786
12,54,7246,0.8083980496536549,0.11981566820276497,0.07027027027027027,0.40625,0.9380674448767834
12,54,7296,0.8092818586092128,0.11320754716981132,0.06486486486486487,0.4444444444444444,0.9390402075226978
12,54,7346,0.8084707681120238,0.09302325581395349,0.05405405405405406,0.3333333333333333,0.9367704280155642
12,54,7396,0.8055172799567419,0.09174311926605505,0.05405405405405406,0.30303030303030304,0.9357976653696498
12,54,7446,0.8005686956359601,0.09302325581395349,0.05405405405405406,0.3333333333333333,0.9367704280155642
12,54,7496,0.8103465314227646,0.10138248847926268,0.05945945945945946,0.34375,0.9367704280155642
12,54,7546,0.8048087411316112,0.11162790697674418,0.06486486486486487,0.4,0.9380674448767834
12,54,7596,0.8061549648993597,0.11162790697674418,0.06486486486486487,0.4,0.9380674448767834
12,54,7646,0.8054799884396298,0.09345794392523364,0.05405405405405406,0.3448275862068966,0.937094682230869
12,54,7696,0.8077995208040051,0.08490566037735849,0.04864864864864865,0.3333333333333333,0.937094682230869
12,54,7746,0.8146928577421851,0.11374407582938388,0.06486486486486487,0.46153846153846156,0.9393644617380026
12,54,7796,0.8061922564164717,0.10232558139534884,0.05945945945945946,0.36666666666666664,0.9374189364461738
12,54,7846,0.8083197374677195,0.10138248847926268,0.05945945945945946,0.34375,0.9367704280155642
12,54,7896,0.8054669364086404,0.11059907834101383,0.06486486486486487,0.375,0.9374189364461738
12,54,7946,0.8059256220691198,0.11162790697674418,0.06486486486486487,0.4,0.9380674448767834
12,54,7996,0.7995189394292533,0.09345794392523364,0.05405405405405406,0.3448275862068966,0.937094682230869
13,55,246,0.6346540745643885,0.08461538461538462,0.05945945945945946,0.14666666666666667,0.9228274967574579
13,55,296,0.6832719577114197,0.11552346570397112,0.08648648648648649,0.17391304347826086,0.9205577172503242
13,55,346,0.7015597177032155,0.12639405204460966,0.0918918918918919,0.20238095238095238,0.9238002594033723
13,55,396,0.7232876201486067,0.15789473684210525,0.12972972972972974,0.20168067226890757,0.9169909208819714
13,55,446,0.7140337301772279,0.14814814814814814,0.10810810810810811,0.23529411764705882,0.9254215304798963
13,55,496,0.7103176304970027,0.0967741935483871,0.06486486486486487,0.19047619047619047,0.9273670557717251
13,55,546,0.7245499380028528,0.1,0.06486486486486487,0.21818181818181817,0.9299610894941635
13,55,596,0.7488528197048376,0.11627906976744186,0.08108108108108109,0.2054794520547945,0.9260700389105059
13,55,646,0.7592832570411046,0.1509433962264151,0.10810810810810811,0.25,0.9270428015564203
13,55,696,0.7483885403167915,0.14671814671814673,0.10270270270270271,0.25675675675675674,0.9283398184176395
13,55,746,0.7506894269226108,0.10894941634241245,0.07567567567567568,0.19444444444444445,0.9257457846952011
13,55,796,0.7659714906351678,0.12830188679245283,0.0918918918918919,0.2125,0.9250972762645915
13,55,846,0.7654382219404641,0.12549019607843137,0.08648648648648649,0.22857142857142856,0.9276913099870299
13,55,896,0.7445083579612727,0.12903225806451613,0.08648648648648649,0.25396825396825395,0.9299610894941635
13,55,946,0.7453623337031409,0.13168724279835392,0.08648648648648649,0.27586206896551724,0.9315823605706874
13,55,996,0.746415819061559,0.11475409836065574,0.07567567567567568,0.23728813559322035,0.9299610894941635
13,55,1046,0.7584441979060812,0.16194331983805668,0.10810810810810811,0.3225806451612903,0.9328793774319066
13,55,1096,0.7681232111725386,0.14960629921259844,0.10270270270270271,0.2753623188405797,0.9299610894941635
13,55,1146,0.7512450705275817,0.13765182186234817,0.0918918918918919,0.27419354838709675,0.9309338521400778
13,55,1196,0.7535851132263689,0.1593625498007968,0.10810810810810811,0.30303030303030304,0.9315823605706874
13,55,1246,0.7559848223525354,0.13545816733067728,0.0918918918918919,0.25757575757575757,0.9296368352788587
13,55,1296,0.7625686396986846,0.1487603305785124,0.0972972972972973,0.3157894736842105,0.9332036316472114
13,55,1346,0.7450546786869656,0.1282051282051282,0.08108108108108109,0.30612244897959184,0.933852140077821
13,55,1396,0.7482542908551877,0.1285140562248996,0.08648648648648649,0.25,0.9296368352788587
13,55,1446,0.7513681325340518,0.13675213675213677,0.08648648648648649,0.32653061224489793,0.9345006485084306
13,55,1496,0.7538107269048973,0.0912863070539419,0.05945945945945946,0.19642857142857142,0.9289883268482491
13,55,1546,0.7667825811323571,0.0847457627118644,0.05405405405405406,0.19607843137254902,0.9299610894941635
13,55,1596,0.7581123034037831,0.100418410041841,0.06486486486486487,0.2222222222222222,0.9302853437094682
13,55,1646,0.7488006115808806,0.12345679012345678,0.08108108108108109,0.25862068965517243,0.9309338521400778
13,55,1696,0.7668198726494692,0.09090909090909091,0.05945945945945946,0.19298245614035087,0.9286640726329443
13,55,1746,0.7595461622367452,0.100418410041841,0.06486486486486487,0.2222222222222222,0.9302853437094682
13,55,1796,0.7712650214892367,0.09836065573770492,0.06486486486486487,0.2033898305084746,0.9286640726329443
13,55,1846,0.7783914304093676,0.07377049180327869,0.04864864864864865,0.15254237288135594,0.9267185473411155
13,55,1896,0.7798998722765539,0.09090909090909091,0.05945945945945946,0.19298245614035087,0.9286640726329443
13,55,1946,0.777563558729478,0.043478260869565216,0.02702702702702703,0.1111111111111111,0.9286640726329443
13,55,1996,0.7717516757875502,0.06722689075630252,0.043243243243243246,0.1509433962264151,0.9280155642023347
13,55,2046,0.7745876956639287,0.0823045267489712,0.05405405405405406,0.1724137931034483,0.9276913099870299
13,55,2096,0.7846265720705183,0.08298755186721991,0.05405405405405406,0.17857142857142858,0.9283398184176395
13,55,2146,0.7880163709760123,0.07758620689655173,0.04864864864864865,0.19148936170212766,0.930609597924773
13,55,2196,0.7869218649487708,0.1087866108786611,0.07027027027027027,0.24074074074074073,0.9309338521400778
13,55,2246,0.776362771878467,0.08733624454148471,0.05405405405405406,0.22727272727272727,0.932230869001297
13,55,2296,0.7844233333022571,0.10344827586206896,0.06486486486486487,0.2553191489361702,0.9325551232166018
13,55,2346,0.7803212664199212,0.09401709401709402,0.05945945945945946,0.22448979591836735,0.9312581063553826
13,55,2396,0.7875446332845436,0.06694560669456066,0.043243243243243246,0.14814814814814814,0.9276913099870299
13,55,2446,0.7892320744338682,0.06086956521739131,0.03783783783783784,0.15555555555555556,0.9299610894941635
13,55,2496,0.7895900729981447,0.08620689655172414,0.05405405405405406,0.2127659574468085,0.9312581063553826
13,55,2546,0.7925901755498169,0.09876543209876543,0.06486486486486487,0.20689655172413793,0.9289883268482491
13,55,2596,0.7952173629303675,0.10212765957446808,0.06486486486486487,0.24,0.9315823605706874
13,55,2646,0.7924745718467693,0.10300429184549356,0.06486486486486487,0.25,0.932230869001297
13,55,2696,0.8005108937844363,0.10126582278481013,0.06486486486486487,0.23076923076923078,0.9309338521400778
13,55,2746,0.7922955725646309,0.10256410256410256,0.06486486486486487,0.24489795918367346,0.9319066147859922
13,55,2796,0.7967276693734092,0.09821428571428571,0.05945945945945946,0.28205128205128205,0.9345006485084306
13,55,2846,0.7873693631541167,0.09734513274336283,0.05945945945945946,0.2682926829268293,0.933852140077821
13,55,2896,0.7838005649664842,0.09401709401709402,0.05945945945945946,0.22448979591836735,0.9312581063553826
13,55,2946,0.7924708426950579,0.10619469026548672,0.06486486486486487,0.2926829268292683,0.9345006485084306
13,55,2996,0.7953422895126931,0.11304347826086956,0.07027027027027027,0.28888888888888886,0.933852140077821
13,55,3046,0.8009695794449159,0.05454545454545454,0.032432432432432434,0.17142857142857143,0.9325551232166018
13,55,3096,0.7920550422792576,0.08144796380090498,0.04864864864864865,0.25,0.9341763942931258
13,55,3146,0.7977848838835386,0.08035714285714286,0.04864864864864865,0.23076923076923078,0.9332036316472114
13,55,3196,0.7912998890577366,0.08181818181818182,0.04864864864864865,0.2571428571428571,0.9345006485084306
13,55,3246,0.8032536848680346,0.06481481481481481,0.03783783783783784,0.22580645161290322,0.9345006485084306
13,55,3296,0.7944939074983918,0.06278026905829596,0.03783783783783784,0.18421052631578946,0.932230869001297
13,55,3346,0.8015047127154751,0.055299539170506916,0.032432432432432434,0.1875,0.9335278858625162
13,55,3396,0.7970166786310284,0.04608294930875576,0.02702702702702703,0.15625,0.9328793774319066
13,55,3446,0.7972963650093696,0.05504587155963303,0.032432432432432434,0.18181818181818182,0.9332036316472114
13,55,3496,0.7906584749634077,0.07272727272727272,0.043243243243243246,0.22857142857142856,0.933852140077821
13,55,3546,0.800374779746977,0.05555555555555555,0.032432432432432434,0.1935483870967742,0.933852140077821
13,55,3596,0.796211181861406,0.0730593607305936,0.043243243243243246,0.23529411764705882,0.9341763942931258
13,55,3646,0.7935019531432087,0.07272727272727272,0.043243243243243246,0.22857142857142856,0.933852140077821
13,55,3696,0.789446500657263,0.061946902654867256,0.03783783783783784,0.17073170731707318,0.9312581063553826
13,55,3746,0.795215498354512,0.08071748878923767,0.04864864864864865,0.23684210526315788,0.9335278858625162
13,55,3796,0.7980030392586447,0.08035714285714286,0.04864864864864865,0.23076923076923078,0.9332036316472114
13,55,3846,0.7959930264863,0.08372093023255814,0.04864864864864865,0.3,0.9361219195849546
13,55,3896,0.8005127583602919,0.09090909090909091,0.05405405405405406,0.2857142857142857,0.9351491569390402
13,55,3946,0.7972478860371237,0.04716981132075472,0.02702702702702703,0.18518518518518517,0.9345006485084306
13,55,3996,0.7987115780837755,0.0821917808219178,0.04864864864864865,0.2647058823529412,0.9348249027237354
13,55,4046,0.7979732060449549,0.07373271889400922,0.043243243243243246,0.25,0.9348249027237354
13,55,4096,0.7983442566402208,0.06511627906976744,0.03783783783783784,0.23333333333333334,0.9348249027237354
13,55,4146,0.8005817476669496,0.03773584905660377,0.021621621621621623,0.14814814814814814,0.933852140077821
13,55,4196,0.7995618246739323,0.057971014492753624,0.032432432432432434,0.2727272727272727,0.9367704280155642
13,55,4246,0.7986276721702731,0.07511737089201878,0.043243243243243246,0.2857142857142857,0.9361219195849546
13,55,4296,0.8010665373894074,0.06698564593301436,0.03783783783783784,0.2916666666666667,0.9367704280155642
13,55,4346,0.8024649692811129,0.09259259259259259,0.05405405405405406,0.3225806451612903,0.9364461738002594
13,55,4396,0.8017191389388699,0.05,0.02702702702702703,0.3333333333333333,0.9383916990920882
13,55,4446,0.8008558403177237,0.08256880733944955,0.04864864864864865,0.2727272727272727,0.9351491569390402
13,55,4496,0.7984915581328137,0.09259259259259259,0.05405405405405406,0.3225806451612903,0.9364461738002594
13,55,4546,0.7923179474748981,0.08490566037735849,0.04864864864864865,0.3333333333333333,0.937094682230869
13,55,4596,0.7979526957105432,0.08294930875576037,0.04864864864864865,0.28125,0.935473411154345
13,55,4646,0.7953795810298052,0.07339449541284404,0.043243243243243246,0.24242424242424243,0.9345006485084306
13,55,4696,0.7923682910229997,0.0673076923076923,0.03783783783783784,0.30434782608695654,0.937094682230869
13,55,4746,0.796576638729105,0.05687203791469194,0.032432432432432434,0.23076923076923078,0.935473411154345
13,55,4796,0.7945759488360387,0.055299539170506916,0.032432432432432434,0.1875,0.9335278858625162
13,55,4846,0.7950476865275071,0.05687203791469194,0.032432432432432434,0.23076923076923078,0.935473411154345
13,55,4896,0.7981074555065587,0.04807692307692308,0.02702702702702703,0.21739130434782608,0.9357976653696498
13,55,4946,0.7967463151319654,0.07692307692307693,0.043243243243243246,0.34782608695652173,0.9377431906614786
13,55,4996,0.8014730149259297,0.0861244019138756,0.04864864864864865,0.375,0.9380674448767834
13,55,5046,0.8030485815239179,0.05741626794258373,0.032432432432432434,0.25,0.9361219195849546
13,55,5096,0.800589205970372,0.07511737089201878,0.043243243243243246,0.2857142857142857,0.9361219195849546
13,55,5146,0.8109021750277355,0.07547169811320754,0.043243243243243246,0.2962962962962963,0.9364461738002594
13,55,5196,0.8015979415082556,0.05825242718446602,0.032432432432432434,0.2857142857142857,0.937094682230869
13,55,5246,0.8074881366361186,0.056074766355140186,0.032432432432432434,0.20689655172413793,0.9345006485084306
13,55,5296,0.8137064971145689,0.049019607843137254,0.02702702702702703,0.2631578947368421,0.937094682230869
13,55,5346,0.8125374080531031,0.05660377358490566,0.032432432432432434,0.2222222222222222,0.9351491569390402
13,55,5396,0.8110196433066388,0.057971014492753624,0.032432432432432434,0.2727272727272727,0.9367704280155642
13,55,5446,0.8075366156083644,0.0660377358490566,0.03783783783783784,0.25925925925925924,0.9357976653696498
13,55,5496,0.809272535729935,0.057971014492753624,0.032432432432432434,0.2727272727272727,0.9367704280155642
13,55,5546,0.8059778301930769,0.06796116504854369,0.03783783783783784,0.3333333333333333,0.9377431906614786
13,55,5596,0.8157649888591593,0.04878048780487805,0.02702702702702703,0.25,0.9367704280155642
13,55,5646,0.8094925556808966,0.06635071090047394,0.03783783783783784,0.2692307692307692,0.9361219195849546
13,55,5696,0.808327195771142,0.04878048780487805,0.02702702702702703,0.25,0.9367704280155642
13,55,5746,0.8082693939196182,0.04878048780487805,0.02702702702702703,0.25,0.9367704280155642
13,55,5796,0.8152503659230117,0.0673076923076923,0.03783783783783784,0.30434782608695654,0.937094682230869
13,55,5846,0.8064626199155348,0.06796116504854369,0.03783783783783784,0.3333333333333333,0.9377431906614786
13,55,5896,0.8081873525819714,0.07407407407407407,0.043243243243243246,0.25806451612903225,0.9351491569390402
13,55,5946,0.8136319140803446,0.04854368932038835,0.02702702702702703,0.23809523809523808,0.9364461738002594
13,55,5996,0.8208981661896461,0.08411214953271028,0.04864864864864865,0.3103448275862069,0.9364461738002594
13,55,6046,0.8180714691925455,0.08571428571428572,0.04864864864864865,0.36,0.9377431906614786
13,55,6096,0.816132310302714,0.09090909090909091,0.05405405405405406,0.2857142857142857,0.9351491569390402
13,55,6146,0.8152876574401239,0.0784313725490196,0.043243243243243246,0.42105263157894735,0.9390402075226978
13,55,6196,0.8230610741821505,0.046511627906976744,0.02702702702702703,0.16666666666666666,0.9335278858625162
13,55,6246,0.8184723530015009,0.05714285714285714,0.032432432432432434,0.24,0.9357976653696498
13,55,6296,0.8189776530583706,0.07547169811320754,0.043243243243243246,0.2962962962962963,0.9364461738002594
13,55,6346,0.8254104397602156,0.05825242718446602,0.032432432432432434,0.2857142857142857,0.937094682230869
13,55,6396,0.8250654932269281,0.06763285024154589,0.03783783783783784,0.3181818181818182,0.9374189364461738
13,55,6446,0.8313453847086133,0.10138248847926268,0.05945945945945946,0.34375,0.9367704280155642
13,55,6496,0.8208273123071329,0.07582938388625593,0.043243243243243246,0.3076923076923077,0.9367704280155642
13,55,6546,0.8252239821746548,0.11059907834101383,0.06486486486486487,0.375,0.9374189364461738
13,55,6596,0.8251643157472754,0.10377358490566038,0.05945945945945946,0.4074074074074074,0.9383916990920882
13,55,6646,0.8206091569320269,0.08695652173913043,0.04864864864864865,0.4090909090909091,0.938715953307393
13,55,6696,0.8237826650382704,0.09433962264150944,0.05405405405405406,0.37037037037037035,0.9377431906614786
13,55,6746,0.8256733449558561,0.07766990291262135,0.043243243243243246,0.38095238095238093,0.9383916990920882
13,55,6796,0.8245023913185349,0.07692307692307693,0.043243243243243246,0.34782608695652173,0.9377431906614786
13,55,6846,0.8250468474683722,0.09389671361502347,0.05405405405405406,0.35714285714285715,0.9374189364461738
13,55,6896,0.8221996401368599,0.08571428571428572,0.04864864864864865,0.36,0.9377431906614786
13,55,6946,0.8220542032201225,0.10476190476190476,0.05945945945945946,0.44,0.9390402075226978
13,55,6996,0.8195090571772186,0.07692307692307693,0.043243243243243246,0.34782608695652173,0.9377431906614786
13,55,7046,0.8134324044637946,0.0673076923076923,0.03783783783783784,0.30434782608695654,0.937094682230869
13,55,7096,0.8185674463701369,0.06862745098039216,0.03783783783783784,0.3684210526315789,0.9383916990920882
13,55,7146,0.8209764783755815,0.07655502392344497,0.043243243243243246,0.3333333333333333,0.9374189364461738
13,55,7196,0.8187166124385856,0.09433962264150944,0.05405405405405406,0.37037037037037035,0.9377431906614786
13,55,7246,0.8154461463878505,0.07766990291262135,0.043243243243243246,0.38095238095238093,0.9383916990920882
13,55,7296,0.8136953096594352,0.08372093023255814,0.04864864864864865,0.3,0.9361219195849546
13,55,7346,0.8189888405135043,0.10232558139534884,0.05945945945945946,0.36666666666666664,0.9374189364461738
13,55,7396,0.8162870700987294,0.08490566037735849,0.04864864864864865,0.3333333333333333,0.937094682230869
13,55,7446,0.8148625341450453,0.07582938388625593,0.043243243243243246,0.3076923076923077,0.9367704280155642
13,55,7496,0.8094627224672067,0.11320754716981132,0.06486486486486487,0.4444444444444444,0.9390402075226978
13,55,7546,0.81503034597205,0.0761904761904762,0.043243243243243246,0.32,0.937094682230869
13,55,7596,0.8146779411353402,0.08530805687203792,0.04864864864864865,0.34615384615384615,0.9374189364461738
13,55,7646,0.812647418028584,0.08653846153846154,0.04864864864864865,0.391304347826087,0.9383916990920882
13,55,7696,0.817622106411344,0.09569377990430622,0.05405405405405406,0.4166666666666667,0.938715953307393
13,55,7746,0.8202623458228839,0.0761904761904762,0.043243243243243246,0.32,0.937094682230869
13,55,7796,0.8148233780520776,0.08530805687203792,0.04864864864864865,0.34615384615384615,0.9374189364461738
13,55,7846,0.8125728349943596,0.08780487804878048,0.04864864864864865,0.45,0.9393644617380026
13,55,7896,0.8059778301930768,0.08450704225352113,0.04864864864864865,0.32142857142857145,0.9367704280155642
13,55,7946,0.8117934422867158,0.07692307692307693,0.043243243243243246,0.34782608695652173,0.9377431906614786
13,55,7996,0.813725142873125,0.0594059405940594,0.032432432432432434,0.35294117647058826,0.9383916990920882
14,56,246,0.6346540745643885,0.08461538461538462,0.05945945945945946,0.14666666666666667,0.9228274967574579
14,56,296,0.6481302965607898,0.12345679012345678,0.10810810810810811,0.14388489208633093,0.9079118028534371
14,56,346,0.6667788519806457,0.1360544217687075,0.10810810810810811,0.1834862385321101,0.917639429312581
14,56,396,0.7050408808256343,0.13813813813813813,0.12432432432432433,0.1554054054054054,0.9069390402075227
14,56,446,0.6975135880965478,0.10884353741496598,0.08648648648648649,0.14678899082568808,0.9150453955901426
14,56,496,0.7227804555158815,0.11070110701107011,0.08108108108108109,0.1744186046511628,0.9218547341115434
14,56,546,0.7459142481564006,0.13793103448275862,0.0972972972972973,0.23684210526315788,0.9270428015564203
14,56,596,0.7525073883818278,0.12549019607843137,0.08648648648648649,0.22857142857142856,0.9276913099870299
14,56,646,0.7385137465854954,0.14516129032258066,0.0972972972972973,0.2857142857142857,0.9312581063553826
14,56,696,0.7388120787223926,0.12244897959183673,0.08108108108108109,0.25,0.9302853437094682
14,56,746,0.7497571389948072,0.11618257261410789,0.07567567567567568,0.25,0.9309338521400778
14,56,796,0.7399774386321472,0.08108108108108109,0.04864864864864865,0.24324324324324326,0.933852140077821
14,56,846,0.7699971099074239,0.13934426229508196,0.0918918918918919,0.288135593220339,0.9319066147859922
14,56,896,0.7641292896898279,0.13877551020408163,0.0918918918918919,0.2833333333333333,0.9315823605706874
14,56,946,0.7818669998042195,0.144,0.0972972972972973,0.27692307692307694,0.930609597924773
14,56,996,0.7838509085145857,0.14814814814814814,0.0972972972972973,0.3103448275862069,0.9328793774319066
14,56,1046,0.7855271622087765,0.13389121338912133,0.08648648648648649,0.2962962962962963,0.9328793774319066
14,56,1096,0.777336080475094,0.13793103448275862,0.08648648648648649,0.3404255319148936,0.9351491569390402
14,56,1146,0.771809477639074,0.12987012987012986,0.08108108108108109,0.32608695652173914,0.9348249027237354
14,56,1196,0.7506745103157659,0.11864406779661017,0.07567567567567568,0.27450980392156865,0.9325551232166018
14,56,1246,0.7596580367880815,0.13733905579399142,0.08648648648648649,0.3333333333333333,0.9348249027237354
14,56,1296,0.7591657887622013,0.09482758620689655,0.05945945945945946,0.23404255319148937,0.9319066147859922
14,56,1346,0.7542806000205103,0.12658227848101267,0.08108108108108109,0.28846153846153844,0.9328793774319066
14,56,1396,0.7587798215600906,0.08888888888888889,0.05405405405405406,0.25,0.9335278858625162
14,56,1446,0.7632063246413022,0.10434782608695652,0.06486486486486487,0.26666666666666666,0.9332036316472114
14,56,1496,0.7658167308391525,0.09691629955947137,0.05945945945945946,0.2619047619047619,0.9335278858625162
14,56,1546,0.7712762089443703,0.11353711790393013,0.07027027027027027,0.29545454545454547,0.9341763942931258
14,56,1596,0.7679479410421114,0.08849557522123894,0.05405405405405406,0.24390243902439024,0.9332036316472114
14,56,1646,0.7674053494681297,0.08928571428571429,0.05405405405405406,0.2564102564102564,0.933852140077821
14,56,1696,0.7659957301212906,0.08658008658008658,0.05405405405405406,0.21739130434782608,0.9315823605706874
14,56,1746,0.7604281066164476,0.07017543859649122,0.043243243243243246,0.18604651162790697,0.9312581063553826
14,56,1796,0.7672636417031037,0.08928571428571429,0.05405405405405406,0.2564102564102564,0.933852140077821
14,56,1846,0.7716640407223369,0.08372093023255814,0.04864864864864865,0.3,0.9361219195849546
14,56,1896,0.7689510828524282,0.06278026905829596,0.03783783783783784,0.18421052631578946,0.932230869001297
14,56,1946,0.7593429234684841,0.08928571428571429,0.05405405405405406,0.2564102564102564,0.933852140077821
14,56,1996,0.7740674790002143,0.10762331838565023,0.06486486486486487,0.3157894736842105,0.935473411154345
14,56,2046,0.7762639493581198,0.08256880733944955,0.04864864864864865,0.2727272727272727,0.9351491569390402
14,56,2096,0.7812535543477247,0.11214953271028037,0.06486486486486487,0.41379310344827586,0.9383916990920882
14,56,2146,0.7860939932688811,0.09009009009009009,0.05405405405405406,0.2702702702702703,0.9345006485084306
14,56,2196,0.768785135601279,0.10714285714285714,0.06486486486486487,0.3076923076923077,0.9351491569390402
14,56,2246,0.7873115613025926,0.0990990990990991,0.05945945945945946,0.2972972972972973,0.9351491569390402
14,56,2296,0.7868584693696801,0.07339449541284404,0.043243243243243246,0.24242424242424243,0.9345006485084306
14,56,2346,0.7837427631149605,0.09090909090909091,0.05405405405405406,0.2857142857142857,0.9351491569390402
14,56,2396,0.7863774087989335,0.10714285714285714,0.06486486486486487,0.3076923076923077,0.9351491569390402
14,56,2446,0.7898007700698284,0.10619469026548672,0.06486486486486487,0.2926829268292683,0.9345006485084306
14,56,2496,0.7903172575818317,0.10138248847926268,0.05945945945945946,0.34375,0.9367704280155642
14,56,2546,0.7829167560109265,0.08071748878923767,0.04864864864864865,0.23684210526315788,0.9335278858625162
14,56,2596,0.7782627746753308,0.09009009009009009,0.05405405405405406,0.2702702702702703,0.9345006485084306
14,56,2646,0.7816637610359584,0.08968609865470852,0.05405405405405406,0.2631578947368421,0.9341763942931258
14,56,2696,0.7774647362091308,0.13733905579399142,0.08648648648648649,0.3333333333333333,0.9348249027237354
14,56,2746,0.7742520720099195,0.08928571428571429,0.05405405405405406,0.2564102564102564,0.933852140077821
14,56,2796,0.7678920037664432,0.08620689655172414,0.05405405405405406,0.2127659574468085,0.9312581063553826
14,56,2846,0.779433728312652,0.08695652173913043,0.05405405405405406,0.2222222222222222,0.9319066147859922
14,56,2896,0.7706608989120199,0.09777777777777778,0.05945945945945946,0.275,0.9341763942931258
14,56,2946,0.7779681716901448,0.11403508771929824,0.07027027027027027,0.3023255813953488,0.9345006485084306
14,56,2996,0.7742669886167645,0.12280701754385964,0.07567567567567568,0.32558139534883723,0.9351491569390402
14,56,3046,0.7790477611105413,0.09777777777777778,0.05945945945945946,0.275,0.9341763942931258
14,56,3096,0.778005463207257,0.08144796380090498,0.04864864864864865,0.25,0.9341763942931258
14,56,3146,0.787238842844224,0.08035714285714286,0.04864864864864865,0.23076923076923078,0.9332036316472114
14,56,3196,0.7806606192256417,0.06572769953051644,0.03783783783783784,0.25,0.935473411154345
14,56,3246,0.7750985894483654,0.07373271889400922,0.043243243243243246,0.25,0.9348249027237354
14,56,3296,0.7843412919646104,0.07272727272727272,0.043243243243243246,0.22857142857142856,0.933852140077821
14,56,3346,0.7750165481107185,0.09174311926605505,0.05405405405405406,0.30303030303030304,0.9357976653696498
14,56,3396,0.7746716015774312,0.06572769953051644,0.03783783783783784,0.25,0.935473411154345
14,56,3446,0.778171410458406,0.08294930875576037,0.04864864864864865,0.28125,0.935473411154345
14,56,3496,0.7796406962326246,0.09433962264150944,0.05405405405405406,0.37037037037037035,0.9377431906614786
14,56,3546,0.7821373633032827,0.0861244019138756,0.04864864864864865,0.375,0.9380674448767834
14,56,3596,0.7769445195454163,0.07729468599033816,0.043243243243243246,0.36363636363636365,0.9380674448767834
14,56,3646,0.7836980132944258,0.0761904761904762,0.043243243243243246,0.32,0.937094682230869
14,56,3696,0.7843319690853324,0.14746543778801843,0.08648648648648649,0.5,0.9400129701686122
14,56,3746,0.7861182327550039,0.10328638497652583,0.05945945945945946,0.39285714285714285,0.9380674448767834
14,56,3796,0.7885011606984701,0.11162790697674418,0.06486486486486487,0.4,0.9380674448767834
14,56,3846,0.7921277607376263,0.10576923076923077,0.05945945945945946,0.4782608695652174,0.9396887159533074
14,56,3896,0.786545220625938,0.11009174311926606,0.06486486486486487,0.36363636363636365,0.937094682230869
14,56,3946,0.7797096855392819,0.0660377358490566,0.03783783783783784,0.25925925925925924,0.9357976653696498
14,56,3996,0.7896814372150696,0.08411214953271028,0.04864864864864865,0.3103448275862069,0.9364461738002594
14,56,4046,0.7898753531040527,0.07441860465116279,0.043243243243243246,0.26666666666666666,0.935473411154345
14,56,4096,0.7883799632678558,0.0673076923076923,0.03783783783783784,0.30434782608695654,0.937094682230869
14,56,4146,0.7833847645506838,0.08450704225352113,0.04864864864864865,0.32142857142857145,0.9367704280155642
14,56,4196,0.7852269654960238,0.0761904761904762,0.043243243243243246,0.32,0.937094682230869
14,56,4246,0.7860622954793358,0.06635071090047394,0.03783783783783784,0.2692307692307692,0.9361219195849546
14,56,4296,0.7904869339846918,0.08411214953271028,0.04864864864864865,0.3103448275862069,0.9364461738002594
14,56,4346,0.7842778963855197,0.06796116504854369,0.03783783783783784,0.3333333333333333,0.9377431906614786
14,56,4396,0.7920792817653803,0.08490566037735849,0.04864864864864865,0.3333333333333333,0.937094682230869
14,56,4446,0.7908356096696905,0.06763285024154589,0.03783783783783784,0.3181818181818182,0.9374189364461738
14,56,4496,0.785325788016371,0.0761904761904762,0.043243243243243246,0.32,0.937094682230869
14,56,4546,0.7855364850880546,0.102803738317757,0.05945945945945946,0.3793103448275862,0.9377431906614786
14,56,4596,0.789722457883893,0.0761904761904762,0.043243243243243246,0.32,0.937094682230869
14,56,4646,0.7924950821811809,0.06698564593301436,0.03783783783783784,0.2916666666666667,0.9367704280155642
14,56,4696,0.7913297222714264,0.08571428571428572,0.04864864864864865,0.36,0.9377431906614786
14,56,4746,0.7875670081948108,0.07692307692307693,0.043243243243243246,0.34782608695652173,0.9377431906614786
14,56,4796,0.7969122623831144,0.05853658536585366,0.032432432432432434,0.3,0.9374189364461738
14,56,4846,0.7975536764774432,0.0673076923076923,0.03783783783783784,0.30434782608695654,0.937094682230869
14,56,4896,0.7916094086497674,0.08411214953271028,0.04864864864864865,0.3103448275862069,0.9364461738002594
14,56,4946,0.7903713302816441,0.08450704225352113,0.04864864864864865,0.32142857142857145,0.9367704280155642
14,56,4996,0.7876658307151579,0.08653846153846154,0.04864864864864865,0.391304347826087,0.9383916990920882
14,56,5046,0.7910071506484063,0.08411214953271028,0.04864864864864865,0.3103448275862069,0.9364461738002594
14,56,5096,0.7924391449055126,0.10377358490566038,0.05945945945945946,0.4074074074074074,0.9383916990920882
14,56,5146,0.7919114699383758,0.10328638497652583,0.05945945945945946,0.39285714285714285,0.9380674448767834
14,56,5196,0.7914602425813189,0.06763285024154589,0.03783783783783784,0.3181818181818182,0.9374189364461738
14,56,5246,0.7959426829381986,0.12264150943396226,0.07027027027027027,0.48148148148148145,0.9396887159533074
14,56,5296,0.797583509691133,0.0947867298578199,0.05405405405405406,0.38461538461538464,0.9380674448767834
14,56,5346,0.7982827256369858,0.09523809523809523,0.05405405405405406,0.4,0.9383916990920882
14,56,5396,0.7936995981839031,0.07655502392344497,0.043243243243243246,0.3333333333333333,0.9374189364461738
14,56,5446,0.8039361196311869,0.11981566820276497,0.07027027027027027,0.40625,0.9380674448767834
14,56,5496,0.7982361112405956,0.10232558139534884,0.05945945945945946,0.36666666666666664,0.9374189364461738
14,56,5546,0.7963323792920206,0.08653846153846154,0.04864864864864865,0.391304347826087,0.9383916990920882
14,56,5596,0.7911190251997429,0.09433962264150944,0.05405405405405406,0.37037037037037035,0.9377431906614786
14,56,5646,0.799496564518986,0.09389671361502347,0.05405405405405406,0.35714285714285715,0.9374189364461738
14,56,5696,0.7961198176444815,0.08653846153846154,0.04864864864864865,0.391304347826087,0.9383916990920882
14,56,5746,0.8028602593625016,0.07692307692307693,0.043243243243243246,0.34782608695652173,0.9377431906614786
14,56,5796,0.8012268909129896,0.09174311926605505,0.05405405405405406,0.30303030303030304,0.9357976653696498
14,56,5846,0.8004549565087682,0.102803738317757,0.05945945945945946,0.3793103448275862,0.9377431906614786
14,56,5896,0.7978147170972284,0.07547169811320754,0.043243243243243246,0.2962962962962963,0.9364461738002594
14,56,5946,0.8028789051210575,0.09302325581395349,0.05405405405405406,0.3333333333333333,0.9367704280155642
14,56,5996,0.7999123649347865,0.10476190476190476,0.05945945945945946,0.44,0.9390402075226978
14,56,6046,0.8029758630655492,0.10377358490566038,0.05945945945945946,0.4074074074074074,0.9383916990920882
14,56,6096,0.7986183492909951,0.10232558139534884,0.05945945945945946,0.36666666666666664,0.9374189364461738
14,56,6146,0.7991478888339875,0.09302325581395349,0.05405405405405406,0.3333333333333333,0.9367704280155642
14,56,6196,0.7984579957674129,0.10526315789473684,0.05945945945945946,0.4583333333333333,0.9393644617380026
14,56,6246,0.7919040116349535,0.10232558139534884,0.05945945945945946,0.36666666666666664,0.9374189364461738
14,56,6296,0.8050716463272517,0.09345794392523364,0.05405405405405406,0.3448275862068966,0.937094682230869
14,56,6346,0.80032257162302,0.09216589861751152,0.05405405405405406,0.3125,0.9361219195849546
14,56,6396,0.7979955809552223,0.10091743119266056,0.05945945945945946,0.3333333333333333,0.9364461738002594
14,56,6446,0.798262215302574,0.06635071090047394,0.03783783783783784,0.2692307692307692,0.9361219195849546
14,56,6496,0.8006041225772168,0.09345794392523364,0.05405405405405406,0.3448275862068966,0.937094682230869
14,56,6546,0.7988737961832132,0.09302325581395349,0.05405405405405406,0.3333333333333333,0.9367704280155642
14,56,6596,0.7952248212337899,0.1004566210045662,0.05945945945945946,0.3235294117647059,0.9361219195849546
14,56,6646,0.8003841026262551,0.10377358490566038,0.05945945945945946,0.4074074074074074,0.9383916990920882
14,56,6696,0.7989129522761811,0.102803738317757,0.05945945945945946,0.3793103448275862,0.9377431906614786
14,56,6746,0.7993884191193609,0.0947867298578199,0.05405405405405406,0.38461538461538464,0.9380674448767834
14,56,6796,0.7941806587546497,0.0970873786407767,0.05405405405405406,0.47619047619047616,0.9396887159533074
14,56,6846,0.7998415110522734,0.11374407582938388,0.06486486486486487,0.46153846153846156,0.9393644617380026
14,56,6896,0.800546320725693,0.0966183574879227,0.05405405405405406,0.45454545454545453,0.9393644617380026
14,56,6946,0.804998927868883,0.08490566037735849,0.04864864864864865,0.3333333333333333,0.937094682230869
14,56,6996,0.8018776278865964,0.0861244019138756,0.04864864864864865,0.375,0.9380674448767834
14,56,7046,0.8049560426242041,0.08571428571428572,0.04864864864864865,0.36,0.9377431906614786
14,56,7096,0.8058846014002964,0.0861244019138756,0.04864864864864865,0.375,0.9380674448767834
14,56,7146,0.8051462293614761,0.07441860465116279,0.043243243243243246,0.26666666666666666,0.935473411154345
14,56,7196,0.8012921510679357,0.08571428571428572,0.04864864864864865,0.36,0.9377431906614786
14,56,7246,0.8090748906892404,0.0966183574879227,0.05405405405405406,0.45454545454545453,0.9393644617380026
14,56,7296,0.8062854852092521,0.07692307692307693,0.043243243243243246,0.34782608695652173,0.9377431906614786
14,56,7346,0.8066360254701063,0.08490566037735849,0.04864864864864865,0.3333333333333333,0.937094682230869
14,56,7396,0.8052431873059677,0.07692307692307693,0.043243243243243246,0.34782608695652173,0.9377431906614786
14,56,7446,0.8036210063115893,0.0861244019138756,0.04864864864864865,0.375,0.9380674448767834
14,56,7496,0.804952313472493,0.08530805687203792,0.04864864864864865,0.34615384615384615,0.9374189364461738
14,56,7546,0.8028211032695338,0.0861244019138756,0.04864864864864865,0.375,0.9380674448767834
14,56,7596,0.8069921594585271,0.06829268292682927,0.03783783783783784,0.35,0.9380674448767834
14,56,7646,0.8004493627812014,0.08737864077669903,0.04864864864864865,0.42857142857142855,0.9390402075226978
14,56,7696,0.802677530928652,0.08411214953271028,0.04864864864864865,0.3103448275862069,0.9364461738002594
14,56,7746,0.8026290519564062,0.07655502392344497,0.043243243243243246,0.3333333333333333,0.9374189364461738
14,56,7796,0.8033226741746922,0.08571428571428572,0.04864864864864865,0.36,0.9377431906614786
14,56,7846,0.8011485787270541,0.07960199004975124,0.043243243243243246,0.5,0.9400129701686122
14,56,7896,0.8030690918583295,0.08530805687203792,0.04864864864864865,0.34615384615384615,0.9374189364461738
14,56,7946,0.8006731118838744,0.07729468599033816,0.043243243243243246,0.36363636363636365,0.9380674448767834
14,56,7996,0.8015364105050203,0.06698564593301436,0.03783783783783784,0.2916666666666667,0.9367704280155642
15,57,246,0.6346540745643885,0.08461538461538462,0.05945945945945946,0.14666666666666667,0.9228274967574579
15,57,296,0.6194111669447993,0.11971830985915492,0.0918918918918919,0.1717171717171717,0.9189364461738002
15,57,346,0.6511620969020072,0.09195402298850575,0.06486486486486487,0.15789473684210525,0.9231517509727627
15,57,396,0.6602043575137746,0.06611570247933884,0.043243243243243246,0.14035087719298245,0.9267185473411155
15,57,446,0.7099745485395711,0.072,0.04864864864864865,0.13846153846153847,0.9247730220492867
15,57,496,0.7128571828123398,0.07171314741035857,0.04864864864864865,0.13636363636363635,0.9244487678339819
15,57,546,0.7423547728480464,0.0728744939271255,0.04864864864864865,0.14516129032258066,0.9257457846952011
15,57,596,0.7385491735267521,0.08547008547008547,0.05405405405405406,0.20408163265306123,0.930609597924773
15,57,646,0.7318105963845873,0.08368200836820083,0.05405405405405406,0.18518518518518517,0.9289883268482491
15,57,696,0.7192918340900405,0.09876543209876543,0.06486486486486487,0.20689655172413793,0.9289883268482491
15,57,746,0.7321555429178748,0.0743801652892562,0.04864864864864865,0.15789473684210525,0.9273670557717251
15,57,796,0.7387785163569918,0.08906882591093117,0.05945945945945946,0.1774193548387097,0.9270428015564203
15,57,846,0.7436170907022925,0.10358565737051793,0.07027027027027027,0.19696969696969696,0.9270428015564203
15,57,896,0.7445325974473956,0.0944206008583691,0.05945945945945946,0.22916666666666666,0.9315823605706874
15,57,946,0.7492443806345153,0.09016393442622951,0.05945945945945946,0.1864406779661017,0.9280155642023347
15,57,996,0.7581999384689968,0.09565217391304348,0.05945945945945946,0.24444444444444444,0.9325551232166018
15,57,1046,0.7538853099391217,0.11255411255411256,0.07027027027027027,0.2826086956521739,0.9335278858625162
15,57,1096,0.7591266326692335,0.10126582278481013,0.06486486486486487,0.23076923076923078,0.9309338521400778
15,57,1146,0.7618004344461744,0.08403361344537816,0.05405405405405406,0.18867924528301888,0.9293125810635539
15,57,1196,0.7498932530322666,0.09282700421940929,0.05945945945945946,0.21153846153846154,0.9302853437094682
15,57,1246,0.7508721553564602,0.08733624454148471,0.05405405405405406,0.22727272727272727,0.932230869001297
15,57,1296,0.7454369167373651,0.06451612903225806,0.03783783783783784,0.21875,0.9341763942931258
15,57,1346,0.7503966885132803,0.10970464135021098,0.07027027027027027,0.25,0.9315823605706874
15,57,1396,0.7314264937583324,0.07894736842105263,0.04864864864864865,0.20930232558139536,0.9319066147859922
15,57,1446,0.7435872574886028,0.06986899563318777,0.043243243243243246,0.18181818181818182,0.9309338521400778
15,57,1496,0.7487856949740359,0.08620689655172414,0.05405405405405406,0.2127659574468085,0.9312581063553826
15,57,1546,0.7453586045514295,0.12955465587044535,0.08648648648648649,0.25806451612903225,0.9302853437094682
15,57,1596,0.7598892441941769,0.09361702127659574,0.05945945945945946,0.22,0.9309338521400778
15,57,1646,0.7676962233016045,0.12,0.08108108108108109,0.23076923076923078,0.9286640726329443
15,57,1696,0.7624865983610378,0.109375,0.07567567567567568,0.19718309859154928,0.9260700389105059
15,57,1746,0.7632436161584144,0.10894941634241245,0.07567567567567568,0.19444444444444445,0.9257457846952011
15,57,1796,0.7606798243569544,0.10894941634241245,0.07567567567567568,0.19444444444444445,0.9257457846952011
15,57,1846,0.7629061279285494,0.11583011583011583,0.08108108108108109,0.20270270270270271,0.9257457846952011
15,57,1896,0.7716976030877377,0.1171875,0.08108108108108109,0.2112676056338028,0.9267185473411155
15,57,1946,0.7623113282306108,0.10441767068273092,0.07027027027027027,0.203125,0.9276913099870299
15,57,1996,0.7703495147441336,0.09561752988047809,0.06486486486486487,0.18181818181818182,0.9263942931258107
15,57,2046,0.7751209643586325,0.0912863070539419,0.05945945945945946,0.19642857142857142,0.9289883268482491
15,57,2096,0.7674258598025415,0.11382113821138211,0.07567567567567568,0.22950819672131148,0.9293125810635539
15,57,2146,0.7697659025013285,0.09876543209876543,0.06486486486486487,0.20689655172413793,0.9289883268482491
15,57,2196,0.765400930423352,0.07407407407407407,0.04864864864864865,0.15517241379310345,0.9270428015564203
15,57,2246,0.7654643260024426,0.11016949152542373,0.07027027027027027,0.2549019607843137,0.9319066147859922
15,57,2296,0.7656768876499819,0.09361702127659574,0.05945945945945946,0.22,0.9309338521400778
15,57,2346,0.7704651184471812,0.0881057268722467,0.05405405405405406,0.23809523809523808,0.9328793774319066
15,57,2396,0.765870803538965,0.10300429184549356,0.06486486486486487,0.25,0.932230869001297
15,57,2446,0.77202763301418,0.09565217391304348,0.05945945945945946,0.24444444444444444,0.9325551232166018
15,57,2496,0.7736721889188257,0.09649122807017543,0.05945945945945946,0.2558139534883721,0.9332036316472114
15,57,2546,0.7598109320082416,0.11555555555555555,0.07027027027027027,0.325,0.935473411154345
15,57,2596,0.7582987609893439,0.10480349344978165,0.06486486486486487,0.2727272727272727,0.9335278858625162
15,57,2646,0.7623131928064665,0.1222707423580786,0.07567567567567568,0.3181818181818182,0.9348249027237354
15,57,2696,0.7629993567213299,0.10619469026548672,0.06486486486486487,0.2926829268292683,0.9345006485084306
15,57,2746,0.7762602202064086,0.13157894736842105,0.08108108108108109,0.3488372093023256,0.9357976653696498
15,57,2796,0.7773025181096931,0.0990990990990991,0.05945945945945946,0.2972972972972973,0.9351491569390402
15,57,2846,0.7851169555205428,0.10909090909090909,0.06486486486486487,0.34285714285714286,0.9364461738002594
15,57,2896,0.7767021246841875,0.11009174311926606,0.06486486486486487,0.36363636363636365,0.937094682230869
15,57,2946,0.7713694377371507,0.11009174311926606,0.06486486486486487,0.36363636363636365,0.937094682230869
15,57,2996,0.7737243970427827,0.13452914798206278,0.08108108108108109,0.39473684210526316,0.9374189364461738
15,57,3046,0.7780408901485135,0.14035087719298245,0.08648648648648649,0.37209302325581395,0.9364461738002594
15,57,3096,0.7753559009164391,0.13392857142857142,0.08108108108108109,0.38461538461538464,0.937094682230869
15,57,3146,0.781024211517485,0.13215859030837004,0.08108108108108109,0.35714285714285715,0.9361219195849546
15,57,3196,0.7733682630543618,0.11711711711711711,0.07027027027027027,0.35135135135135137,0.9364461738002594
15,57,3246,0.7871679889617109,0.11711711711711711,0.07027027027027027,0.35135135135135137,0.9364461738002594
15,57,3296,0.7852064551616122,0.10666666666666667,0.06486486486486487,0.3,0.9348249027237354
15,57,3346,0.7731612951343892,0.091324200913242,0.05405405405405406,0.29411764705882354,0.935473411154345
15,57,3396,0.7889598463589496,0.125,0.07567567567567568,0.358974358974359,0.9364461738002594
15,57,3446,0.7819770097797004,0.102803738317757,0.05945945945945946,0.3793103448275862,0.9377431906614786
15,57,3496,0.7837073361737039,0.1145374449339207,0.07027027027027027,0.30952380952380953,0.9348249027237354
15,57,3546,0.7833773062472614,0.11403508771929824,0.07027027027027027,0.3023255813953488,0.9345006485084306
15,57,3596,0.7851840802513448,0.10666666666666667,0.06486486486486487,0.3,0.9348249027237354
15,57,3646,0.7905410066845044,0.11504424778761062,0.07027027027027027,0.3170731707317073,0.9351491569390402
15,57,3696,0.7849621957245276,0.10909090909090909,0.06486486486486487,0.34285714285714286,0.9364461738002594
15,57,3746,0.7941843879063609,0.10328638497652583,0.05945945945945946,0.39285714285714285,0.9380674448767834
15,57,3796,0.7866906575426755,0.10138248847926268,0.05945945945945946,0.34375,0.9367704280155642
15,57,3846,0.7881580787410384,0.08256880733944955,0.04864864864864865,0.2727272727272727,0.9351491569390402
15,57,3896,0.7879455170934991,0.09049773755656108,0.05405405405405406,0.2777777777777778,0.9348249027237354
15,57,3946,0.785482412388242,0.1004566210045662,0.05945945945945946,0.3235294117647059,0.9361219195849546
15,57,3996,0.7897728014319944,0.0990990990990991,0.05945945945945946,0.2972972972972973,0.9351491569390402
15,57,4046,0.7825680803259277,0.0990990990990991,0.05945945945945946,0.2972972972972973,0.9351491569390402
15,57,4096,0.7907666203630329,0.07272727272727272,0.043243243243243246,0.22857142857142856,0.933852140077821
15,57,4146,0.7928996951418475,0.0821917808219178,0.04864864864864865,0.2647058823529412,0.9348249027237354
15,57,4196,0.790533548381082,0.07207207207207207,0.043243243243243246,0.21621621621621623,0.9332036316472114
15,57,4246,0.7936417963323793,0.07339449541284404,0.043243243243243246,0.24242424242424243,0.9345006485084306
15,57,4296,0.7904309967090237,0.10434782608695652,0.06486486486486487,0.26666666666666666,0.9332036316472114
15,57,4346,0.796757502587099,0.06363636363636363,0.03783783783783784,0.2,0.9332036316472114
15,57,4396,0.7937872332491167,0.1145374449339207,0.07027027027027027,0.30952380952380953,0.9348249027237354
15,57,4446,0.7945647613809049,0.1095890410958904,0.06486486486486487,0.35294117647058826,0.9367704280155642
15,57,4496,0.7899182383487318,0.10714285714285714,0.06486486486486487,0.3076923076923077,0.9351491569390402
15,57,4546,0.7885347230638711,0.09954751131221719,0.05945945945945946,0.3055555555555556,0.935473411154345
15,57,4596,0.7921053858273589,0.11981566820276497,0.07027027027027027,0.40625,0.9380674448767834
15,57,4646,0.7916205961049011,0.09216589861751152,0.05405405405405406,0.3125,0.9361219195849546
15,57,4696,0.7944696680122689,0.13761467889908258,0.08108108108108109,0.45454545454545453,0.9390402075226978
15,57,4746,0.7980664348377353,0.10232558139534884,0.05945945945945946,0.36666666666666664,0.9374189364461738
15,57,4796,0.7896049896049896,0.10232558139534884,0.05945945945945946,0.36666666666666664,0.9374189364461738
15,57,4846,0.7919375740003542,0.10185185185185185,0.05945945945945946,0.3548387096774194,0.937094682230869
15,57,4896,0.7899536652899881,0.08411214953271028,0.04864864864864865,0.3103448275862069,0.9364461738002594
15,57,4946,0.7942888041542752,0.07441860465116279,0.043243243243243246,0.26666666666666666,0.935473411154345
15,57,4996,0.7914844820674416,0.09345794392523364,0.05405405405405406,0.3448275862068966,0.937094682230869
15,57,5046,0.7948500414868128,0.0947867298578199,0.05405405405405406,0.38461538461538464,0.9380674448767834
15,57,5096,0.7977792901559718,0.11162790697674418,0.06486486486486487,0.4,0.9380674448767834
15,57,5146,0.79895583752086,0.11009174311926606,0.06486486486486487,0.36363636363636365,0.937094682230869
15,57,5196,0.7917082311701146,0.1095890410958904,0.06486486486486487,0.35294117647058826,0.9367704280155642
15,57,5246,0.7953087271472923,0.11059907834101383,0.06486486486486487,0.375,0.9374189364461738
15,57,5296,0.7987768382387217,0.125,0.07567567567567568,0.358974358974359,0.9364461738002594
15,57,5346,0.7947624064215992,0.11059907834101383,0.06486486486486487,0.375,0.9374189364461738
15,57,5396,0.7974529893812405,0.09433962264150944,0.05405405405405406,0.37037037037037035,0.9377431906614786
15,57,5446,0.8052581039128125,0.14814814814814814,0.08648648648648649,0.5161290322580645,0.940337224383917
15,57,5496,0.8043332742884313,0.14953271028037382,0.08648648648648649,0.5517241379310345,0.9409857328145266
15,57,5546,0.8010050063861722,0.13270142180094788,0.07567567567567568,0.5384615384615384,0.9406614785992218
15,57,5596,0.8025078545257918,0.13145539906103287,0.07567567567567568,0.5,0.9400129701686122
15,57,5646,0.7987917548455665,0.15023474178403756,0.08648648648648649,0.5714285714285714,0.9413099870298314
15,57,5696,0.8037739015317492,0.11320754716981132,0.06486486486486487,0.4444444444444444,0.9390402075226978
15,57,5746,0.798366631550488,0.14746543778801843,0.08648648648648649,0.5,0.9400129701686122
15,57,5796,0.8020267939550452,0.12380952380952381,0.07027027027027027,0.52,0.940337224383917
15,57,5846,0.8027465202353096,0.12149532710280374,0.07027027027027027,0.4482758620689655,0.9390402075226978
15,57,5896,0.8029273840933034,0.125,0.07027027027027027,0.5652173913043478,0.9409857328145266
15,57,5946,0.8016128581151003,0.13953488372093023,0.08108108108108109,0.5,0.9400129701686122
15,57,5996,0.7946803650839526,0.10476190476190476,0.05945945945945946,0.44,0.9390402075226978
15,57,6046,0.7977513215181377,0.10185185185185185,0.05945945945945946,0.3548387096774194,0.937094682230869
15,57,6096,0.7955194242189758,0.12322274881516587,0.07027027027027027,0.5,0.9400129701686122
15,57,6146,0.8029758630655492,0.11267605633802817,0.06486486486486487,0.42857142857142855,0.938715953307393
15,57,6196,0.7991236493478646,0.11214953271028037,0.06486486486486487,0.41379310344827586,0.9383916990920882
15,57,6246,0.7965579929705492,0.1111111111111111,0.06486486486486487,0.3870967741935484,0.9377431906614786
15,57,6296,0.7931141213652424,0.07804878048780488,0.043243243243243246,0.4,0.938715953307393
15,57,6346,0.7996904804079692,0.10526315789473684,0.05945945945945946,0.4583333333333333,0.9393644617380026
15,57,6396,0.8004139358399447,0.0970873786407767,0.05405405405405406,0.47619047619047616,0.9396887159533074
15,57,6446,0.7989595666725713,0.12440191387559808,0.07027027027027027,0.5416666666666666,0.9406614785992218
15,57,6496,0.7979937163793667,0.12206572769953052,0.07027027027027027,0.4642857142857143,0.9393644617380026
15,57,6546,0.7980664348377353,0.09803921568627451,0.05405405405405406,0.5263157894736842,0.940337224383917
15,57,6596,0.7981205075375479,0.10576923076923077,0.05945945945945946,0.4782608695652174,0.9396887159533074
15,57,6646,0.8020100127723447,0.10837438423645321,0.05945945945945946,0.6111111111111112,0.9413099870298314
15,57,6696,0.8031828309855217,0.09803921568627451,0.05405405405405406,0.5263157894736842,0.940337224383917
15,57,6746,0.794663583901252,0.07920792079207921,0.043243243243243246,0.47058823529411764,0.9396887159533074
15,57,6796,0.8008185488006117,0.07960199004975124,0.043243243243243246,0.5,0.9400129701686122
15,57,6846,0.8006209037599172,0.08780487804878048,0.04864864864864865,0.45,0.9393644617380026
15,57,6896,0.804998927868883,0.09,0.04864864864864865,0.6,0.9409857328145266
15,57,6946,0.8093079626711913,0.07960199004975124,0.043243243243243246,0.5,0.9400129701686122
15,57,6996,0.8024631047052573,0.1073170731707317,0.05945945945945946,0.55,0.9406614785992218
15,57,7046,0.8049299385622256,0.08866995073891626,0.04864864864864865,0.5,0.9400129701686122
15,57,7096,0.8026626143218072,0.07881773399014778,0.043243243243243246,0.4444444444444444,0.9393644617380026
15,57,7146,0.8046688979424406,0.09615384615384616,0.05405405405405406,0.43478260869565216,0.9390402075226978
15,57,7196,0.8066341608942506,0.07766990291262135,0.043243243243243246,0.38095238095238093,0.9383916990920882
15,57,7246,0.8048497618004344,0.06965174129353234,0.03783783783783784,0.4375,0.9393644617380026
15,57,7296,0.806656535804518,0.07035175879396985,0.03783783783783784,0.5,0.9400129701686122
15,57,7346,0.809024547141139,0.08695652173913043,0.04864864864864865,0.4090909090909091,0.938715953307393
15,57,7396,0.8038055993212945,0.0707070707070707,0.03783783783783784,0.5384615384615384,0.940337224383917
15,57,7446,0.8068355350866562,0.07035175879396985,0.03783783783783784,0.5,0.9400129701686122
15,57,7496,0.8025227711326366,0.08780487804878048,0.04864864864864865,0.45,0.9393644617380026
15,57,7546,0.8047789079179213,0.07960199004975124,0.043243243243243246,0.5,0.9400129701686122
15,57,7596,0.8004754668431799,0.05102040816326531,0.02702702702702703,0.45454545454545453,0.9396887159533074
15,57,7646,0.8053084474609139,0.061224489795918366,0.032432432432432434,0.5454545454545454,0.940337224383917
15,57,7696,0.8034531944845847,0.08,0.043243243243243246,0.5333333333333333,0.940337224383917
15,57,7746,0.8053811659192827,0.0784313725490196,0.043243243243243246,0.42105263157894735,0.9390402075226978
15,57,7796,0.8055098216533194,0.07,0.03783783783783784,0.4666666666666667,0.9396887159533074
15,57,7846,0.8047733141903546,0.06,0.032432432432432434,0.4,0.9390402075226978
15,57,7896,0.8075161052739529,0.0707070707070707,0.03783783783783784,0.5384615384615384,0.940337224383917
15,57,7946,0.8104602705499566,0.06060606060606061,0.032432432432432434,0.46153846153846156,0.9396887159533074
15,57,7996,0.8040386713032454,0.07881773399014778,0.043243243243243246,0.4444444444444444,0.9393644617380026
16,58,246,0.6346540745643885,0.08461538461538462,0.05945945945945946,0.14666666666666667,0.9228274967574579
16,58,296,0.6862347687459794,0.16938110749185667,0.14054054054054055,0.21311475409836064,0.9173151750972762
16,58,346,0.6725114904487102,0.14035087719298245,0.10810810810810811,0.2,0.9205577172503242
16,58,396,0.6897383067786655,0.13937282229965156,0.10810810810810811,0.19607843137254902,0.9199092088197146
16,58,446,0.7019139871157809,0.11510791366906475,0.08648648648648649,0.17204301075268819,0.9202334630350194
16,58,496,0.72982295852251,0.07913669064748201,0.05945945945945946,0.11827956989247312,0.9169909208819714
16,58,546,0.7374733132580665,0.12857142857142856,0.0972972972972973,0.18947368421052632,0.920881971465629
16,58,596,0.7437774442258747,0.09722222222222222,0.07567567567567568,0.13592233009708737,0.9156939040207522
16,58,646,0.7657663872910511,0.08791208791208792,0.06486486486486487,0.13636363636363635,0.919260700389105
16,58,696,0.7670883715726765,0.11406844106463879,0.08108108108108109,0.19230769230769232,0.9244487678339819
16,58,746,0.7655426381883781,0.1033210332103321,0.07567567567567568,0.16279069767441862,0.9212062256809338
16,58,796,0.7619290901802113,0.11152416356877323,0.08108108108108109,0.17857142857142858,0.9225032425421531
16,58,846,0.7666259567604858,0.08461538461538462,0.05945945945945946,0.14666666666666667,0.9228274967574579
16,58,896,0.7641945498447742,0.07317073170731707,0.04864864864864865,0.14754098360655737,0.9260700389105059
16,58,946,0.764602891957152,0.09836065573770492,0.06486486486486487,0.2033898305084746,0.9286640726329443
16,58,996,0.7562402692447535,0.0823045267489712,0.05405405405405406,0.1724137931034483,0.9276913099870299
16,58,1046,0.7629508777490842,0.09649122807017543,0.05945945945945946,0.2558139534883721,0.9332036316472114
16,58,1096,0.7600906183865827,0.058823529411764705,0.03783783783783784,0.1320754716981132,0.9273670557717251
16,58,1146,0.760838313304681,0.09401709401709402,0.05945945945945946,0.22448979591836735,0.9312581063553826
16,58,1196,0.764959025945573,0.0782608695652174,0.04864864864864865,0.2,0.9312581063553826
16,58,1246,0.7640752169900151,0.1016949152542373,0.06486486486486487,0.23529411764705882,0.9312581063553826
16,58,1296,0.7504526257889488,0.08733624454148471,0.05405405405405406,0.22727272727272727,0.932230869001297
16,58,1346,0.7609706981904292,0.08733624454148471,0.05405405405405406,0.22727272727272727,0.932230869001297
16,58,1396,0.7641386125691059,0.07792207792207792,0.04864864864864865,0.1956521739130435,0.9309338521400778
16,58,1446,0.7707578568565115,0.07929515418502203,0.04864864864864865,0.21428571428571427,0.932230869001297
16,58,1496,0.7691058426484436,0.08547008547008547,0.05405405405405406,0.20408163265306123,0.930609597924773
16,58,1546,0.7713135004614826,0.09565217391304348,0.05945945945945946,0.24444444444444444,0.9325551232166018
16,58,1596,0.7637601036704176,0.09361702127659574,0.05945945945945946,0.22,0.9309338521400778
16,58,1646,0.7621323289484725,0.09322033898305085,0.05945945945945946,0.21568627450980393,0.930609597924773
16,58,1696,0.7667713936772231,0.059322033898305086,0.03783783783783784,0.13725490196078433,0.9280155642023347
16,58,1746,0.7628781592907153,0.07725321888412018,0.04864864864864865,0.1875,0.9302853437094682
16,58,1796,0.7770246963072075,0.08403361344537816,0.05405405405405406,0.18867924528301888,0.9293125810635539
16,58,1846,0.7691580507724006,0.07079646017699115,0.043243243243243246,0.1951219512195122,0.9319066147859922
16,58,1896,0.7698199752011412,0.053811659192825115,0.032432432432432434,0.15789473684210525,0.9315823605706874
16,58,1946,0.7726224327121188,0.06926406926406926,0.043243243243243246,0.17391304347826086,0.9302853437094682
16,58,1996,0.7666017172743631,0.053811659192825115,0.032432432432432434,0.15789473684210525,0.9315823605706874
16,58,2046,0.7690405824934972,0.06140350877192982,0.03783783783783784,0.16279069767441862,0.930609597924773
16,58,2096,0.7650690359210539,0.05504587155963303,0.032432432432432434,0.18181818181818182,0.9332036316472114
16,58,2146,0.7703401918648556,0.07048458149779736,0.043243243243243246,0.19047619047619047,0.9315823605706874
16,58,2196,0.7725795474674398,0.06956521739130435,0.043243243243243246,0.17777777777777778,0.930609597924773
16,58,2246,0.7749680691384728,0.06896551724137931,0.043243243243243246,0.1702127659574468,0.9299610894941635
16,58,2296,0.758802196470358,0.08583690987124463,0.05405405405405406,0.20833333333333334,0.9309338521400778
16,58,2346,0.7714552082265087,0.09243697478991597,0.05945945945945946,0.20754716981132076,0.9299610894941635
16,58,2396,0.7776083085500126,0.10483870967741936,0.07027027027027027,0.20634920634920634,0.9280155642023347
16,58,2446,0.7731240036172773,0.07407407407407407,0.04864864864864865,0.15517241379310345,0.9270428015564203
16,58,2496,0.777544912970922,0.08403361344537816,0.05405405405405406,0.18867924528301888,0.9293125810635539
16,58,2546,0.7808582642663361,0.060085836909871244,0.03783783783783784,0.14583333333333334,0.9289883268482491
16,58,2596,0.7723352880303553,0.06779661016949153,0.043243243243243246,0.1568627450980392,0.9286640726329443
16,58,2646,0.7824599349263026,0.05217391304347826,0.032432432432432434,0.13333333333333333,0.9293125810635539
16,58,2696,0.7768960405731705,0.09361702127659574,0.05945945945945946,0.22,0.9309338521400778
16,58,2746,0.7819080204730429,0.10212765957446808,0.06486486486486487,0.24,0.9315823605706874
16,58,2796,0.7923813430539889,0.08583690987124463,0.05405405405405406,0.20833333333333334,0.9309338521400778
16,58,2846,0.7820776968759032,0.07792207792207792,0.04864864864864865,0.1956521739130435,0.9309338521400778
16,58,2896,0.7834779933434642,0.100418410041841,0.06486486486486487,0.2222222222222222,0.9302853437094682
16,58,2946,0.7845463953087273,0.0603448275862069,0.03783783783783784,0.14893617021276595,0.9293125810635539
16,58,2996,0.7883426717507435,0.09090909090909091,0.05945945945945946,0.19298245614035087,0.9286640726329443
16,58,3046,0.7866086162050288,0.0912863070539419,0.05945945945945946,0.19642857142857142,0.9289883268482491
16,58,3096,0.7863792733747891,0.09401709401709402,0.05945945945945946,0.22448979591836735,0.9312581063553826
16,58,3146,0.7931085276376756,0.08403361344537816,0.05405405405405406,0.18867924528301888,0.9293125810635539
16,58,3196,0.7917436581113712,0.05982905982905983,0.03783783783783784,0.14285714285714285,0.9286640726329443
16,58,3246,0.7954784035501525,0.06086956521739131,0.03783783783783784,0.15555555555555556,0.9299610894941635
16,58,3296,0.7903321741886765,0.08583690987124463,0.05405405405405406,0.20833333333333334,0.9309338521400778
16,58,3346,0.7957953814456057,0.09053497942386832,0.05945945945945946,0.1896551724137931,0.9283398184176395
16,58,3396,0.7913465034541268,0.08403361344537816,0.05405405405405406,0.18867924528301888,0.9293125810635539
16,58,3446,0.7859056711074649,0.07758620689655173,0.04864864864864865,0.19148936170212766,0.930609597924773
16,58,3496,0.7897634785527163,0.09282700421940929,0.05945945945945946,0.21153846153846154,0.9302853437094682
16,58,3546,0.7956555382564351,0.08928571428571429,0.05405405405405406,0.2564102564102564,0.933852140077821
16,58,3596,0.785709890642626,0.09606986899563319,0.05945945945945946,0.25,0.9328793774319066
16,58,3646,0.7808358893560688,0.08108108108108109,0.04864864864864865,0.24324324324324326,0.933852140077821
16,58,3696,0.7898063637973952,0.08,0.04864864864864865,0.225,0.9328793774319066
16,58,3746,0.7911414001100099,0.09090909090909091,0.05405405405405406,0.2857142857142857,0.9351491569390402
16,58,3796,0.7803902557265787,0.08256880733944955,0.04864864864864865,0.2727272727272727,0.9351491569390402
16,58,3846,0.7892003766443229,0.07174887892376682,0.043243243243243246,0.21052631578947367,0.9328793774319066
16,58,3896,0.7866104807808844,0.08144796380090498,0.04864864864864865,0.25,0.9341763942931258
16,58,3946,0.7905671107464829,0.09090909090909091,0.05405405405405406,0.2857142857142857,0.9351491569390402
16,58,3996,0.7912831078750361,0.08181818181818182,0.04864864864864865,0.2571428571428571,0.9345006485084306
16,58,4046,0.7860268685380793,0.08928571428571429,0.05405405405405406,0.2564102564102564,0.933852140077821
16,58,4096,0.7869666147693053,0.1,0.05945945945945946,0.3142857142857143,0.9357976653696498
16,58,4146,0.7928027371973561,0.10232558139534884,0.05945945945945946,0.36666666666666664,0.9374189364461738
16,58,4196,0.7914826174915861,0.10714285714285714,0.06486486486486487,0.3076923076923077,0.9351491569390402
16,58,4246,0.7879585691244884,0.12669683257918551,0.07567567567567568,0.3888888888888889,0.9374189364461738
16,58,4296,0.7891891891891892,0.1004566210045662,0.05945945945945946,0.3235294117647059,0.9361219195849546
16,58,4346,0.7885198064570262,0.07476635514018691,0.043243243243243246,0.27586206896551724,0.9357976653696498
16,58,4396,0.7933714328333162,0.10091743119266056,0.05945945945945946,0.3333333333333333,0.9364461738002594
16,58,4446,0.788126380951493,0.10138248847926268,0.05945945945945946,0.34375,0.9367704280155642
16,58,4496,0.7920419902482683,0.08450704225352113,0.04864864864864865,0.32142857142857145,0.9367704280155642
16,58,4546,0.7883240259921875,0.11009174311926606,0.06486486486486487,0.36363636363636365,0.937094682230869
16,58,4596,0.7884135256332566,0.0947867298578199,0.05405405405405406,0.38461538461538464,0.9380674448767834
16,58,4646,0.7932278604924344,0.08888888888888889,0.05405405405405406,0.25,0.9335278858625162
16,58,4696,0.7876714244427249,0.07894736842105263,0.04864864864864865,0.20930232558139536,0.9319066147859922
16,58,4746,0.7951726131098328,0.07476635514018691,0.043243243243243246,0.27586206896551724,0.9357976653696498
16,58,4796,0.7892675013751247,0.1004566210045662,0.05945945945945946,0.3235294117647059,0.9361219195849546
16,58,4846,0.7918462097834295,0.09216589861751152,0.05405405405405406,0.3125,0.9361219195849546
16,58,4896,0.7880368813104239,0.07476635514018691,0.043243243243243246,0.27586206896551724,0.9357976653696498
16,58,4946,0.7878392362697295,0.05660377358490566,0.032432432432432434,0.2222222222222222,0.9351491569390402
16,58,4996,0.7889728983899388,0.09954751131221719,0.05945945945945946,0.3055555555555556,0.935473411154345
16,58,5046,0.7880107772484454,0.07547169811320754,0.043243243243243246,0.2962962962962963,0.9364461738002594
16,58,5096,0.7894763338709528,0.08372093023255814,0.04864864864864865,0.3,0.9361219195849546
16,58,5146,0.7864836896227032,0.07511737089201878,0.043243243243243246,0.2857142857142857,0.9361219195849546
16,58,5196,0.7931905689753224,0.07547169811320754,0.043243243243243246,0.2962962962962963,0.9364461738002594
16,58,5246,0.7869200003729152,0.0861244019138756,0.04864864864864865,0.375,0.9380674448767834
16,58,5296,0.7829167560109265,0.08530805687203792,0.04864864864864865,0.34615384615384615,0.9374189364461738
16,58,5346,0.7917361998079487,0.0821917808219178,0.04864864864864865,0.2647058823529412,0.9348249027237354
16,58,5396,0.7918070536904618,0.07373271889400922,0.043243243243243246,0.25,0.9348249027237354
16,58,5446,0.7905447358362155,0.06542056074766354,0.03783783783783784,0.2413793103448276,0.9351491569390402
16,58,5496,0.7910630879240745,0.07272727272727272,0.043243243243243246,0.22857142857142856,0.933852140077821
16,58,5546,0.7880070480967342,0.08530805687203792,0.04864864864864865,0.34615384615384615,0.9374189364461738
16,58,5596,0.7929202054762594,0.10666666666666667,0.06486486486486487,0.3,0.9348249027237354
16,58,5646,0.7983032359713973,0.06451612903225806,0.03783783783783784,0.21875,0.9341763942931258
16,58,5696,0.798295777667975,0.08144796380090498,0.04864864864864865,0.25,0.9341763942931258
16,58,5746,0.8025003962223693,0.08490566037735849,0.04864864864864865,0.3333333333333333,0.937094682230869
16,58,5796,0.7958065689007393,0.10091743119266056,0.05945945945945946,0.3333333333333333,0.9364461738002594
16,58,5846,0.8043407325918537,0.091324200913242,0.05405405405405406,0.29411764705882354,0.935473411154345
16,58,5896,0.801685576573469,0.08490566037735849,0.04864864864864865,0.3333333333333333,0.937094682230869
16,58,5946,0.7981633927822268,0.07239819004524888,0.043243243243243246,0.2222222222222222,0.9335278858625162
16,58,5996,0.8005388624222705,0.08372093023255814,0.04864864864864865,0.3,0.9361219195849546
16,58,6046,0.8026159999254169,0.0660377358490566,0.03783783783783784,0.25925925925925924,0.9357976653696498
16,58,6096,0.7998265944454286,0.1095890410958904,0.06486486486486487,0.35294117647058826,0.9367704280155642
16,58,6146,0.8005500498774042,0.10476190476190476,0.05945945945945946,0.44,0.9390402075226978
16,58,6196,0.8043500554711318,0.08411214953271028,0.04864864864864865,0.3103448275862069,0.9364461738002594
16,58,6246,0.8006712473080186,0.08333333333333333,0.04864864864864865,0.2903225806451613,0.9357976653696498
16,58,6296,0.8072382834714673,0.10810810810810811,0.06486486486486487,0.32432432432432434,0.9357976653696498
16,58,6346,0.8032107996233557,0.08411214953271028,0.04864864864864865,0.3103448275862069,0.9364461738002594
16,58,6396,0.8040722336686462,0.07547169811320754,0.043243243243243246,0.2962962962962963,0.9364461738002594
16,58,6446,0.8039659528448766,0.08333333333333333,0.04864864864864865,0.2903225806451613,0.9357976653696498
16,58,6496,0.8115249433635084,0.10232558139534884,0.05945945945945946,0.36666666666666664,0.9374189364461738
16,58,6546,0.8060766527134241,0.11059907834101383,0.06486486486486487,0.375,0.9374189364461738
16,58,6596,0.8101843133233267,0.07582938388625593,0.043243243243243246,0.3076923076923077,0.9367704280155642
16,58,6646,0.8109469248482701,0.06698564593301436,0.03783783783783784,0.2916666666666667,0.9367704280155642
16,58,6696,0.8110830388857296,0.0861244019138756,0.04864864864864865,0.375,0.9380674448767834
16,58,6746,0.815082554096007,0.0947867298578199,0.05405405405405406,0.38461538461538464,0.9380674448767834
16,58,6796,0.8017601596076932,0.06666666666666667,0.03783783783783784,0.28,0.9364461738002594
16,58,6846,0.8108592897830565,0.08294930875576037,0.04864864864864865,0.28125,0.935473411154345
16,58,6896,0.8131993324818437,0.06698564593301436,0.03783783783783784,0.2916666666666667,0.9367704280155642
16,58,6946,0.8108108108108107,0.10426540284360189,0.05945945945945946,0.4230769230769231,0.938715953307393
16,58,6996,0.8089387766517812,0.07547169811320754,0.043243243243243246,0.2962962962962963,0.9364461738002594
16,58,7046,0.8108219982659445,0.0660377358490566,0.03783783783783784,0.25925925925925924,0.9357976653696498
16,58,7096,0.8171317229613194,0.07582938388625593,0.043243243243243246,0.3076923076923077,0.9367704280155642
16,58,7146,0.8118363275313949,0.102803738317757,0.05945945945945946,0.3793103448275862,0.9377431906614786
16,58,7196,0.8052245415474116,0.08571428571428572,0.04864864864864865,0.36,0.9377431906614786
16,58,7246,0.8131415306303199,0.10426540284360189,0.05945945945945946,0.4230769230769231,0.938715953307393
16,58,7296,0.8150471271547507,0.07729468599033816,0.043243243243243246,0.36363636363636365,0.9380674448767834
16,58,7346,0.8148494821140562,0.08571428571428572,0.04864864864864865,0.36,0.9377431906614786
16,58,7396,0.8144728377912234,0.09569377990430622,0.05405405405405406,0.4166666666666667,0.938715953307393
16,58,7446,0.8115752869116097,0.08780487804878048,0.04864864864864865,0.45,0.9393644617380026
16,58,7496,0.8154629275705508,0.09433962264150944,0.05405405405405406,0.37037037037037035,0.9377431906614786
16,58,7546,0.8128637088278343,0.07692307692307693,0.043243243243243246,0.34782608695652173,0.9377431906614786
16,58,7596,0.82127853966419,0.08530805687203792,0.04864864864864865,0.34615384615384615,0.9374189364461738
16,58,7646,0.8098692000037292,0.08695652173913043,0.04864864864864865,0.4090909090909091,0.938715953307393
16,58,7696,0.8119575249620092,0.10426540284360189,0.05945945945945946,0.4230769230769231,0.938715953307393
16,58,7746,0.8071469192545425,0.08695652173913043,0.04864864864864865,0.4090909090909091,0.938715953307393
16,58,7796,0.8174263259465052,0.06829268292682927,0.03783783783783784,0.35,0.9380674448767834
16,58,7846,0.8157500722523144,0.09523809523809523,0.05405405405405406,0.4,0.9383916990920882
16,58,7896,0.8102607609334067,0.09523809523809523,0.05405405405405406,0.4,0.9383916990920882
16,58,7946,0.8191790272507762,0.11374407582938388,0.06486486486486487,0.46153846153846156,0.9393644617380026
16,58,7996,0.8183716659052983,0.10576923076923077,0.05945945945945946,0.4782608695652174,0.9396887159533074
17,59,246,0.6346540745643885,0.08461538461538462,0.05945945945945946,0.14666666666666667,0.9228274967574579
17,59,296,0.6453940314926863,0.1087866108786611,0.07027027027027027,0.24074074074074073,0.9309338521400778
17,59,346,0.6230256472408938,0.10699588477366255,0.07027027027027027,0.22413793103448276,0.9296368352788587
17,59,396,0.6640575035193869,0.047058823529411764,0.032432432432432434,0.08571428571428572,0.9212062256809338
17,59,446,0.6644919496937434,0.018018018018018018,0.010810810810810811,0.05405405405405406,0.9293125810635539
17,59,496,0.6559130361820945,0.04424778761061947,0.02702702702702703,0.12195121951219512,0.9299610894941635
17,59,546,0.6807240148047323,0.03636363636363636,0.021621621621621623,0.11428571428571428,0.9312581063553826
17,59,596,0.6635839012520628,0.06422018348623854,0.03783783783783784,0.21212121212121213,0.933852140077821
17,59,646,0.6929379189468876,0.07547169811320754,0.043243243243243246,0.2962962962962963,0.9364461738002594
17,59,696,0.6799865750538395,0.08658008658008658,0.05405405405405406,0.21739130434782608,0.9315823605706874
17,59,746,0.6660059852884965,0.0639269406392694,0.03783783783783784,0.20588235294117646,0.9335278858625162
17,59,796,0.6759217996886159,0.07079646017699115,0.043243243243243246,0.1951219512195122,0.9319066147859922
17,59,846,0.6924848270139751,0.07207207207207207,0.043243243243243246,0.21621621621621623,0.9332036316472114
17,59,896,0.6908234899266289,0.09049773755656108,0.05405405405405406,0.2777777777777778,0.9348249027237354
17,59,946,0.7176547364888172,0.11016949152542373,0.07027027027027027,0.2549019607843137,0.9319066147859922
17,59,996,0.7143152811314247,0.0881057268722467,0.05405405405405406,0.23809523809523808,0.9328793774319066
17,59,1046,0.714816852036583,0.07792207792207792,0.04864864864864865,0.1956521739130435,0.9309338521400778
17,59,1096,0.703394460345133,0.0821917808219178,0.04864864864864865,0.2647058823529412,0.9348249027237354
17,59,1146,0.7269943969495539,0.08849557522123894,0.05405405405405406,0.24390243902439024,0.9332036316472114
17,59,1196,0.728047882307972,0.08771929824561403,0.05405405405405406,0.23255813953488372,0.9325551232166018
17,59,1246,0.7139628762947149,0.08771929824561403,0.05405405405405406,0.23255813953488372,0.9325551232166018
17,59,1296,0.7266848773575231,0.09243697478991597,0.05945945945945946,0.20754716981132076,0.9299610894941635
17,59,1346,0.7301306135386854,0.0912863070539419,0.05945945945945946,0.19642857142857142,0.9289883268482491
17,59,1396,0.744554972357663,0.0912863070539419,0.05945945945945946,0.19642857142857142,0.9289883268482491
17,59,1446,0.7432068840140589,0.10300429184549356,0.06486486486486487,0.25,0.932230869001297
17,59,1496,0.7573515564546954,0.1271186440677966,0.08108108108108109,0.29411764705882354,0.9332036316472114
17,59,1546,0.751761558039585,0.11063829787234042,0.07027027027027027,0.26,0.932230869001297
17,59,1596,0.756124665541706,0.1078838174273859,0.07027027027027027,0.23214285714285715,0.9302853437094682
17,59,1646,0.7595144644471998,0.1078838174273859,0.07027027027027027,0.23214285714285715,0.9302853437094682
17,59,1696,0.7541482151347622,0.13654618473895583,0.0918918918918919,0.265625,0.9302853437094682
17,59,1746,0.7590408621798757,0.12448132780082988,0.08108108108108109,0.26785714285714285,0.9315823605706874
17,59,1796,0.7530537091075208,0.13821138211382114,0.0918918918918919,0.2786885245901639,0.9312581063553826
17,59,1846,0.7520393798420704,0.10612244897959183,0.07027027027027027,0.21666666666666667,0.9289883268482491
17,59,1896,0.7543980682994137,0.11158798283261803,0.07027027027027027,0.2708333333333333,0.9328793774319066
17,59,1946,0.7618097573254525,0.11522633744855967,0.07567567567567568,0.2413793103448276,0.9302853437094682
17,59,1996,0.7661467607655947,0.1087866108786611,0.07027027027027027,0.24074074074074073,0.9309338521400778
17,59,2046,0.7684028975508795,0.1322314049586777,0.08648648648648649,0.2807017543859649,0.9319066147859922
17,59,2096,0.7685259595573498,0.125,0.08108108108108109,0.2727272727272727,0.9319066147859922
17,59,2146,0.7640770815658708,0.14225941422594143,0.0918918918918919,0.3148148148148148,0.9335278858625162
17,59,2196,0.7664320408715029,0.1092436974789916,0.07027027027027027,0.24528301886792453,0.9312581063553826
17,59,2246,0.7748543300112806,0.13008130081300814,0.08648648648648649,0.26229508196721313,0.930609597924773
17,59,2296,0.766184052282707,0.13278008298755187,0.08648648648648649,0.2857142857142857,0.932230869001297
17,59,2346,0.7738120321079962,0.12931034482758622,0.08108108108108109,0.3191489361702128,0.9345006485084306
17,59,2396,0.7740637498485031,0.125,0.08108108108108109,0.2727272727272727,0.9319066147859922
17,59,2446,0.7756616913567587,0.11158798283261803,0.07027027027027027,0.2708333333333333,0.9328793774319066
17,59,2496,0.7728461818147917,0.11016949152542373,0.07027027027027027,0.2549019607843137,0.9319066147859922
17,59,2546,0.769963547542023,0.11764705882352941,0.07567567567567568,0.2641509433962264,0.9319066147859922
17,59,2596,0.7791186149930545,0.125,0.08108108108108109,0.2727272727272727,0.9319066147859922
17,59,2646,0.7754789629229091,0.12295081967213115,0.08108108108108109,0.2542372881355932,0.930609597924773
17,59,2696,0.7785182215675489,0.13765182186234817,0.0918918918918919,0.27419354838709675,0.9309338521400778
17,59,2746,0.773532345729655,0.14049586776859505,0.0918918918918919,0.2982456140350877,0.9325551232166018
17,59,2796,0.7661467607655948,0.13877551020408163,0.0918918918918919,0.2833333333333333,0.9315823605706874
17,59,2846,0.7768736656629033,0.14107883817427386,0.0918918918918919,0.30357142857142855,0.9328793774319066
17,59,2896,0.7800620903759917,0.13934426229508196,0.0918918918918919,0.288135593220339,0.9319066147859922
17,59,2946,0.7792509998788025,0.14814814814814814,0.0972972972972973,0.3103448275862069,0.9328793774319066
17,59,2996,0.775902221642132,0.14754098360655737,0.0972972972972973,0.3050847457627119,0.9325551232166018
17,59,3046,0.7829130268592152,0.1276595744680851,0.08108108108108109,0.3,0.9335278858625162
17,59,3096,0.7927430707699767,0.13675213675213677,0.08648648648648649,0.32653061224489793,0.9345006485084306
17,59,3146,0.7864277523470349,0.1322314049586777,0.08648648648648649,0.2807017543859649,0.9319066147859922
17,59,3196,0.7956406216495902,0.1350210970464135,0.08648648648648649,0.3076923076923077,0.9335278858625162
17,59,3246,0.7901979247270727,0.12987012987012986,0.08108108108108109,0.32608695652173914,0.9348249027237354
17,59,3296,0.7901792789685166,0.12658227848101267,0.08108108108108109,0.28846153846153844,0.9328793774319066
17,59,3346,0.7988999002451918,0.14285714285714285,0.0918918918918919,0.32075471698113206,0.933852140077821
17,59,3396,0.7936063693911227,0.1282051282051282,0.08108108108108109,0.30612244897959184,0.933852140077821
17,59,3446,0.790690172752953,0.14166666666666666,0.0918918918918919,0.3090909090909091,0.9332036316472114
17,59,3496,0.7929239346279704,0.12605042016806722,0.08108108108108109,0.2830188679245283,0.9325551232166018
17,59,3546,0.7985791931980274,0.13445378151260504,0.08648648648648649,0.3018867924528302,0.9332036316472114
17,59,3596,0.7921874271650057,0.1271186440677966,0.08108108108108109,0.29411764705882354,0.9332036316472114
17,59,3646,0.7910947857136199,0.13389121338912133,0.08648648648648649,0.2962962962962963,0.9328793774319066
17,59,3696,0.80196526295181,0.1452991452991453,0.0918918918918919,0.3469387755102041,0.9351491569390402
17,59,3746,0.7871288328687431,0.15319148936170213,0.0972972972972973,0.36,0.935473411154345
17,59,3796,0.7907218705424983,0.13157894736842105,0.08108108108108109,0.3488372093023256,0.9357976653696498
17,59,3846,0.7929071534452701,0.14655172413793102,0.0918918918918919,0.3617021276595745,0.9357976653696498
17,59,3896,0.7900860501757363,0.1518987341772152,0.0972972972972973,0.34615384615384615,0.9348249027237354
17,59,3946,0.7904850694088362,0.16379310344827586,0.10270270270270271,0.40425531914893614,0.937094682230869
17,59,3996,0.7922079374994174,0.1145374449339207,0.07027027027027027,0.30952380952380953,0.9348249027237354
17,59,4046,0.7914863466432973,0.15384615384615385,0.0972972972972973,0.3673469387755102,0.9357976653696498
17,59,4096,0.7954150079710618,0.13675213675213677,0.08648648648648649,0.32653061224489793,0.9345006485084306
17,59,4146,0.7942160856959064,0.13733905579399142,0.08648648648648649,0.3333333333333333,0.9348249027237354
17,59,4196,0.7898529781937855,0.13675213675213677,0.08648648648648649,0.32653061224489793,0.9345006485084306
17,59,4246,0.7937685874905607,0.1459227467811159,0.0918918918918919,0.3541666666666667,0.935473411154345
17,59,4296,0.7957189338355258,0.12173913043478261,0.07567567567567568,0.3111111111111111,0.9345006485084306
17,59,4346,0.7890101899070509,0.1565217391304348,0.0972972972972973,0.4,0.937094682230869
17,59,4396,0.7990341497067955,0.13852813852813853,0.08648648648648649,0.34782608695652173,0.935473411154345
17,59,4446,0.7935317863568985,0.13100436681222707,0.08108108108108109,0.3409090909090909,0.935473411154345
17,59,4496,0.7956611319840019,0.14035087719298245,0.08648648648648649,0.37209302325581395,0.9364461738002594
17,59,4546,0.7988961710934804,0.10666666666666667,0.06486486486486487,0.3,0.9348249027237354
17,59,4596,0.7945983237463058,0.13392857142857142,0.08108108108108109,0.38461538461538464,0.937094682230869
17,59,4646,0.7964591704502018,0.13452914798206278,0.08108108108108109,0.39473684210526316,0.9374189364461738
17,59,4696,0.7988495566970905,0.12444444444444444,0.07567567567567568,0.35,0.9361219195849546
17,59,4746,0.8092650774265124,0.13157894736842105,0.08108108108108109,0.3488372093023256,0.9357976653696498
17,59,4796,0.7956107884359005,0.11818181818181818,0.07027027027027027,0.37142857142857144,0.937094682230869
17,59,4846,0.8005686956359602,0.11555555555555555,0.07027027027027027,0.325,0.935473411154345
17,59,4896,0.8006712473080186,0.125,0.07567567567567568,0.358974358974359,0.9364461738002594
17,59,4946,0.799843375628129,0.10714285714285714,0.06486486486486487,0.3076923076923077,0.9351491569390402
17,59,4996,0.7980403307757569,0.13333333333333333,0.08108108108108109,0.375,0.9367704280155642
17,59,5046,0.7932912560715252,0.14977973568281938,0.0918918918918919,0.40476190476190477,0.9374189364461738
17,59,5096,0.799615897373745,0.11607142857142858,0.07027027027027027,0.3333333333333333,0.9357976653696498
17,59,5146,0.7931905689753224,0.1,0.05945945945945946,0.3142857142857143,0.9357976653696498
17,59,5196,0.8038615365969626,0.0990990990990991,0.05945945945945946,0.2972972972972973,0.9351491569390402
17,59,5246,0.7961421925547487,0.13215859030837004,0.08108108108108109,0.35714285714285715,0.9361219195849546
17,59,5296,0.8026122707737058,0.13274336283185842,0.08108108108108109,0.36585365853658536,0.9364461738002594
17,59,5346,0.8064999114326468,0.1391304347826087,0.08648648648648649,0.35555555555555557,0.9357976653696498
17,59,5396,0.7988682024556464,0.12334801762114538,0.07567567567567568,0.3333333333333333,0.935473411154345
17,59,5446,0.8084446640500452,0.13793103448275862,0.08648648648648649,0.3404255319148936,0.9351491569390402
17,59,5496,0.796244744226807,0.12727272727272726,0.07567567567567568,0.4,0.9377431906614786
17,59,5546,0.8076839171009574,0.12444444444444444,0.07567567567567568,0.35,0.9361219195849546
17,59,5596,0.8021703662959266,0.13215859030837004,0.08108108108108109,0.35714285714285715,0.9361219195849546
17,59,5646,0.802250543057718,0.12389380530973451,0.07567567567567568,0.34146341463414637,0.9357976653696498
17,59,5696,0.8054147282846833,0.13392857142857142,0.08108108108108109,0.38461538461538464,0.937094682230869
17,59,5746,0.8074825429085518,0.12444444444444444,0.07567567567567568,0.35,0.9361219195849546
17,59,5796,0.8071320026476978,0.13215859030837004,0.08108108108108109,0.35714285714285715,0.9361219195849546
17,59,5846,0.8019317005864091,0.12444444444444444,0.07567567567567568,0.35,0.9361219195849546
17,59,5896,0.8108126753866665,0.09821428571428571,0.05945945945945946,0.28205128205128205,0.9345006485084306
17,59,5946,0.8082787167988961,0.13274336283185842,0.08108108108108109,0.36585365853658536,0.9364461738002594
17,59,5996,0.8083327894987088,0.1415929203539823,0.08648648648648649,0.3902439024390244,0.937094682230869
17,59,6046,0.8100071786170441,0.11764705882352941,0.07027027027027027,0.3611111111111111,0.9367704280155642
17,59,6096,0.8082899042540298,0.11659192825112108,0.07027027027027027,0.34210526315789475,0.9361219195849546
17,59,6146,0.8142994322366521,0.12389380530973451,0.07567567567567568,0.34146341463414637,0.9357976653696498
17,59,6196,0.8122595862506177,0.13274336283185842,0.08108108108108109,0.36585365853658536,0.9364461738002594
17,59,6246,0.8120321079962336,0.12444444444444444,0.07567567567567568,0.35,0.9361219195849546
17,59,6296,0.8109991329722273,0.11764705882352941,0.07027027027027027,0.3611111111111111,0.9367704280155642
17,59,6346,0.8145175876117581,0.11764705882352941,0.07027027027027027,0.3611111111111111,0.9367704280155642
17,59,6396,0.808388726774377,0.12444444444444444,0.07567567567567568,0.35,0.9361219195849546
17,59,6446,0.8117337758593364,0.1095890410958904,0.06486486486486487,0.35294117647058826,0.9367704280155642
17,59,6496,0.815334271836514,0.09174311926605505,0.05405405405405406,0.30303030303030304,0.9357976653696498
17,59,6546,0.8073781266606378,0.09954751131221719,0.05945945945945946,0.3055555555555556,0.935473411154345
17,59,6596,0.8109823517895267,0.09259259259259259,0.05405405405405406,0.3225806451612903,0.9364461738002594
17,59,6646,0.8039193384484864,0.1095890410958904,0.06486486486486487,0.35294117647058826,0.9367704280155642
17,59,6696,0.8121756803371154,0.08333333333333333,0.04864864864864865,0.2903225806451613,0.9357976653696498
17,59,6746,0.8177768662073595,0.08928571428571429,0.05405405405405406,0.2564102564102564,0.933852140077821
17,59,6796,0.8088828393761129,0.08968609865470852,0.05405405405405406,0.2631578947368421,0.9341763942931258
17,59,6846,0.8119556603861537,0.1,0.05945945945945946,0.3142857142857143,0.9357976653696498
17,59,6896,0.8043295451367201,0.09302325581395349,0.05405405405405406,0.3333333333333333,0.9367704280155642
17,59,6946,0.8121980552473825,0.1004566210045662,0.05945945945945946,0.3235294117647059,0.9361219195849546
17,59,6996,0.8140216104341667,0.10762331838565023,0.06486486486486487,0.3157894736842105,0.935473411154345
17,59,7046,0.8169713694377372,0.091324200913242,0.05405405405405406,0.29411764705882354,0.935473411154345
17,59,7096,0.8134958000428852,0.0881057268722467,0.05405405405405406,0.23809523809523808,0.9328793774319066
17,59,7146,0.8061941209923272,0.09216589861751152,0.05405405405405406,0.3125,0.9361219195849546
17,59,7196,0.8100817616512683,0.0821917808219178,0.04864864864864865,0.2647058823529412,0.9348249027237354
17,59,7246,0.8120656703616346,0.09174311926605505,0.05405405405405406,0.30303030303030304,0.9357976653696498
17,59,7296,0.8072009919543551,0.08411214953271028,0.04864864864864865,0.3103448275862069,0.9364461738002594
17,59,7346,0.8077752813178822,0.12556053811659193,0.07567567567567568,0.3684210526315789,0.9367704280155642
17,59,7396,0.810059386741001,0.09302325581395349,0.05405405405405406,0.3333333333333333,0.9367704280155642
17,59,7446,0.8041319000960258,0.125,0.07567567567567568,0.358974358974359,0.9364461738002594
17,59,7496,0.8103726354847431,0.14035087719298245,0.08648648648648649,0.37209302325581395,0.9364461738002594
17,59,7546,0.8076018757633108,0.13333333333333333,0.08108108108108109,0.375,0.9367704280155642
17,59,7596,0.8141502661682034,0.1415929203539823,0.08648648648648649,0.3902439024390244,0.937094682230869
17,59,7646,0.8123584087709649,0.13215859030837004,0.08108108108108109,0.35714285714285715,0.9361219195849546
17,59,7696,0.8099997203136217,0.10138248847926268,0.05945945945945946,0.34375,0.9367704280155642
17,59,7746,0.8094627224672067,0.08181818181818182,0.04864864864864865,0.2571428571428571,0.9345006485084306
17,59,7796,0.8146070872528272,0.1038961038961039,0.06486486486486487,0.2608695652173913,0.9328793774319066
17,59,7846,0.8188732368104565,0.10232558139534884,0.05945945945945946,0.36666666666666664,0.9374189364461738
17,59,7896,0.8094291601018059,0.11764705882352941,0.07027027027027027,0.3611111111111111,0.9367704280155642
17,59,7946,0.8098375022141838,0.125,0.07567567567567568,0.358974358974359,0.9364461738002594
17,59,7996,0.8085845072392157,0.11764705882352941,0.07027027027027027,0.3611111111111111,0.9367704280155642
18,60,246,0.6346540745643885,0.08461538461538462,0.05945945945945946,0.14666666666666667,0.9228274967574579
18,60,296,0.6756327904309967,0.12121212121212122,0.0972972972972973,0.16071428571428573,0.9153696498054474
18,60,346,0.649567884545463,0.06691449814126393,0.04864864864864865,0.10714285714285714,0.9186121919584954
18,60,396,0.6971816935942498,0.0898876404494382,0.06486486486486487,0.14634146341463414,0.9212062256809338
18,60,446,0.6880620530844745,0.04918032786885246,0.032432432432432434,0.1016949152542373,0.9247730220492867
18,60,496,0.7142239169144999,0.060085836909871244,0.03783783783783784,0.14583333333333334,0.9289883268482491
18,60,546,0.7362594743760663,0.10317460317460317,0.07027027027027027,0.19402985074626866,0.9267185473411155
18,60,596,0.7205560165201421,0.08064516129032258,0.05405405405405406,0.15873015873015872,0.9260700389105059
18,60,646,0.6860893318292421,0.058823529411764705,0.03783783783783784,0.1320754716981132,0.9273670557717251
18,60,696,0.7133867223553323,0.06504065040650407,0.043243243243243246,0.13114754098360656,0.9254215304798963
18,60,746,0.7055778786720492,0.06299212598425197,0.043243243243243246,0.11594202898550725,0.9228274967574579
18,60,796,0.7117477601782534,0.07228915662650602,0.04864864864864865,0.140625,0.9250972762645915
18,60,846,0.7133475662623644,0.08298755186721991,0.05405405405405406,0.17857142857142858,0.9283398184176395
18,60,896,0.7060738558496407,0.04979253112033195,0.032432432432432434,0.10714285714285714,0.9257457846952011
18,60,946,0.7009910220672553,0.08333333333333333,0.05405405405405406,0.18181818181818182,0.9286640726329443
18,60,996,0.7269048973084847,0.05150214592274678,0.032432432432432434,0.125,0.9283398184176395
18,60,1046,0.7188834919776624,0.07468879668049792,0.04864864864864865,0.16071428571428573,0.9276913099870299
18,60,1096,0.7253722159551756,0.0847457627118644,0.05405405405405406,0.19607843137254902,0.9299610894941635
18,60,1146,0.7034820954103466,0.043478260869565216,0.02702702702702703,0.1111111111111111,0.9286640726329443
18,60,1196,0.7003011290006806,0.04201680672268908,0.02702702702702703,0.09433962264150944,0.9260700389105059
18,60,1246,0.7158927123052684,0.027149321266968326,0.016216216216216217,0.08333333333333333,0.9302853437094682
18,60,1296,0.712348153603759,0.06086956521739131,0.03783783783783784,0.15555555555555556,0.9299610894941635
18,60,1346,0.6977093685613864,0.06837606837606838,0.043243243243243246,0.16326530612244897,0.9293125810635539
18,60,1396,0.7116246981717835,0.04484304932735426,0.02702702702702703,0.13157894736842105,0.9309338521400778
18,60,1446,0.7065418643893981,0.04504504504504504,0.02702702702702703,0.13513513513513514,0.9312581063553826
18,60,1496,0.729647688392083,0.045454545454545456,0.02702702702702703,0.14285714285714285,0.9319066147859922
18,60,1546,0.7177759339194317,0.08928571428571429,0.05405405405405406,0.2564102564102564,0.933852140077821
18,60,1596,0.7298733020706115,0.037209302325581395,0.021621621621621623,0.13333333333333333,0.9328793774319066
18,60,1646,0.7137018356749298,0.06363636363636363,0.03783783783783784,0.2,0.9332036316472114
18,60,1696,0.7406225818781873,0.05454545454545454,0.032432432432432434,0.17142857142857143,0.9325551232166018
18,60,1746,0.7483978631960695,0.09009009009009009,0.05405405405405406,0.2702702702702703,0.9345006485084306
18,60,1796,0.7511108210659782,0.07207207207207207,0.043243243243243246,0.21621621621621623,0.9332036316472114
18,60,1846,0.7401116880937508,0.07207207207207207,0.043243243243243246,0.21621621621621623,0.9332036316472114
18,60,1896,0.7437140486467841,0.0547945205479452,0.032432432432432434,0.17647058823529413,0.9328793774319066
18,60,1946,0.7617165285326719,0.05429864253393665,0.032432432432432434,0.16666666666666666,0.932230869001297
18,60,1996,0.7666800294602985,0.06422018348623854,0.03783783783783784,0.21212121212121213,0.933852140077821
18,60,2046,0.7758798467318646,0.056074766355140186,0.032432432432432434,0.20689655172413793,0.9345006485084306
18,60,2096,0.769312810568416,0.06363636363636363,0.03783783783783784,0.2,0.9332036316472114
18,60,2146,0.7725273393434828,0.06334841628959276,0.03783783783783784,0.19444444444444445,0.9328793774319066
18,60,2196,0.7612019055965243,0.05581395348837209,0.032432432432432434,0.2,0.9341763942931258
18,60,2246,0.7578214295703084,0.05429864253393665,0.032432432432432434,0.16666666666666666,0.932230869001297
18,60,2296,0.7717945610322292,0.043668122270742356,0.02702702702702703,0.11363636363636363,0.9289883268482491
18,60,2346,0.7631858143068906,0.05333333333333334,0.032432432432432434,0.15,0.9309338521400778
18,60,2396,0.7693053522649936,0.0639269406392694,0.03783783783783784,0.20588235294117646,0.9335278858625162
18,60,2446,0.7806941815910426,0.0730593607305936,0.043243243243243246,0.23529411764705882,0.9341763942931258
18,60,2496,0.783009984803707,0.07441860465116279,0.043243243243243246,0.26666666666666666,0.935473411154345
18,60,2546,0.7784809300504367,0.0730593607305936,0.043243243243243246,0.23529411764705882,0.9341763942931258
18,60,2596,0.7821093946654484,0.07174887892376682,0.043243243243243246,0.21052631578947367,0.9328793774319066
18,60,2646,0.7781024211517485,0.08372093023255814,0.04864864864864865,0.3,0.9361219195849546
18,60,2696,0.7813057624716817,0.06334841628959276,0.03783783783783784,0.19444444444444445,0.9328793774319066
18,60,2746,0.7808750454490364,0.0821917808219178,0.04864864864864865,0.2647058823529412,0.9348249027237354
18,60,2796,0.7851747573720668,0.08181818181818182,0.04864864864864865,0.2571428571428571,0.9345006485084306
18,60,2846,0.7813393248370827,0.06086956521739131,0.03783783783783784,0.15555555555555556,0.9299610894941635
18,60,2896,0.7790309799278409,0.053811659192825115,0.032432432432432434,0.15789473684210525,0.9315823605706874
18,60,2946,0.7761427519275053,0.0625,0.03783783783783784,0.1794871794871795,0.9319066147859922
18,60,2996,0.786741001090777,0.05405405405405406,0.032432432432432434,0.16216216216216217,0.9319066147859922
18,60,3046,0.7885086190018926,0.06222222222222222,0.03783783783783784,0.175,0.9315823605706874
18,60,3096,0.7861834929099504,0.05504587155963303,0.032432432432432434,0.18181818181818182,0.9332036316472114
18,60,3146,0.7775784753363228,0.05405405405405406,0.032432432432432434,0.16216216216216217,0.9319066147859922
18,60,3196,0.7811360860688215,0.07239819004524888,0.043243243243243246,0.2222222222222222,0.9335278858625162
18,60,3246,0.7843394273887547,0.05429864253393665,0.032432432432432434,0.16666666666666666,0.932230869001297
18,60,3296,0.7861928157892285,0.05357142857142857,0.032432432432432434,0.15384615384615385,0.9312581063553826
18,60,3346,0.7787773976114782,0.061946902654867256,0.03783783783783784,0.17073170731707318,0.9312581063553826
18,60,3396,0.781309491623393,0.053811659192825115,0.032432432432432434,0.15789473684210525,0.9315823605706874
18,60,3446,0.7740320520589579,0.059574468085106386,0.03783783783783784,0.14,0.9283398184176395
18,60,3496,0.7764560006712473,0.05240174672489083,0.032432432432432434,0.13636363636363635,0.9296368352788587
18,60,3546,0.7842946775682201,0.06306306306306306,0.03783783783783784,0.1891891891891892,0.9325551232166018
18,60,3596,0.7693706124199399,0.053811659192825115,0.032432432432432434,0.15789473684210525,0.9315823605706874
18,60,3646,0.7833101815164596,0.06956521739130435,0.043243243243243246,0.17777777777777778,0.930609597924773
18,60,3696,0.7868715214006694,0.044642857142857144,0.02702702702702703,0.1282051282051282,0.930609597924773
18,60,3746,0.7861741700306724,0.04329004329004329,0.02702702702702703,0.10869565217391304,0.9283398184176395
18,60,3796,0.7880872248585253,0.06222222222222222,0.03783783783783784,0.175,0.9315823605706874
18,60,3846,0.7859653375348443,0.044642857142857144,0.02702702702702703,0.1282051282051282,0.930609597924773
18,60,3896,0.7893719176230386,0.07017543859649122,0.043243243243243246,0.18604651162790697,0.9312581063553826
18,60,3946,0.7965057848465922,0.046296296296296294,0.02702702702702703,0.16129032258064516,0.9332036316472114
18,60,3996,0.7908095056077119,0.04484304932735426,0.02702702702702703,0.13157894736842105,0.9309338521400778
18,60,4046,0.7932837977681026,0.0625,0.03783783783783784,0.1794871794871795,0.9319066147859922
18,60,4096,0.7920158861862898,0.06222222222222222,0.03783783783783784,0.175,0.9315823605706874
18,60,4146,0.7951110821065979,0.044444444444444446,0.02702702702702703,0.125,0.9302853437094682
18,60,4196,0.7936231505738233,0.03636363636363636,0.021621621621621623,0.11428571428571428,0.9312581063553826
18,60,4246,0.7918835013005415,0.03669724770642202,0.021621621621621623,0.12121212121212122,0.9319066147859922
18,60,4296,0.7874029255195174,0.045871559633027525,0.02702702702702703,0.15151515151515152,0.9325551232166018
18,60,4346,0.79626898371293,0.0380952380952381,0.021621621621621623,0.16,0.9345006485084306
18,60,4396,0.7973429794057597,0.056074766355140186,0.032432432432432434,0.20689655172413793,0.9345006485084306
18,60,4446,0.8027875409041327,0.04608294930875576,0.02702702702702703,0.15625,0.9328793774319066
18,60,4496,0.8007159971285532,0.06306306306306306,0.03783783783783784,0.1891891891891892,0.9325551232166018
18,60,4546,0.7988104006041226,0.027522935779816515,0.016216216216216217,0.09090909090909091,0.9312581063553826
18,60,4596,0.8044376905363452,0.06140350877192982,0.03783783783783784,0.16279069767441862,0.930609597924773
18,60,4646,0.7974623122605186,0.044444444444444446,0.02702702702702703,0.125,0.9302853437094682
18,60,4696,0.7982976422438307,0.061946902654867256,0.03783783783783784,0.17073170731707318,0.9312581063553826
18,60,4746,0.7991572117132656,0.03587443946188341,0.021621621621621623,0.10526315789473684,0.9302853437094682
18,60,4796,0.8033804760262159,0.07079646017699115,0.043243243243243246,0.1951219512195122,0.9319066147859922
18,60,4846,0.8005798830910938,0.07627118644067797,0.04864864864864865,0.17647058823529413,0.9293125810635539
18,60,4896,0.8014058901951279,0.0851063829787234,0.05405405405405406,0.2,0.9302853437094682
18,60,4946,0.8010217875688728,0.05454545454545454,0.032432432432432434,0.17142857142857143,0.9325551232166018
18,60,4996,0.8000727184583687,0.07017543859649122,0.043243243243243246,0.18604651162790697,0.9312581063553826
18,60,5046,0.7944118661607451,0.09691629955947137,0.05945945945945946,0.2619047619047619,0.9335278858625162
18,60,5096,0.8036806727389687,0.1038961038961039,0.06486486486486487,0.2608695652173913,0.9328793774319066
18,60,5146,0.8058976534312857,0.07142857142857142,0.043243243243243246,0.20512820512820512,0.9325551232166018
18,60,5196,0.8118531087140952,0.0821917808219178,0.04864864864864865,0.2647058823529412,0.9348249027237354
18,60,5246,0.8093452541883036,0.11304347826086956,0.07027027027027027,0.28888888888888886,0.933852140077821
18,60,5296,0.8085938301184938,0.07929515418502203,0.04864864864864865,0.21428571428571427,0.932230869001297
18,60,5346,0.8011448495753428,0.08071748878923767,0.04864864864864865,0.23684210526315788,0.9335278858625162
18,60,5396,0.8015121710188975,0.10480349344978165,0.06486486486486487,0.2727272727272727,0.9335278858625162
18,60,5446,0.8013518174953154,0.09954751131221719,0.05945945945945946,0.3055555555555556,0.935473411154345
18,60,5496,0.802554468922182,0.09734513274336283,0.05945945945945946,0.2682926829268293,0.933852140077821
18,60,5546,0.8023493655780651,0.09049773755656108,0.05405405405405406,0.2777777777777778,0.9348249027237354
18,60,5596,0.8000727184583687,0.10666666666666667,0.06486486486486487,0.3,0.9348249027237354
18,60,5646,0.8026122707737057,0.08968609865470852,0.05405405405405406,0.2631578947368421,0.9341763942931258
18,60,5696,0.8065614424358819,0.0639269406392694,0.03783783783783784,0.20588235294117646,0.9335278858625162
18,60,5746,0.8043127639540195,0.09691629955947137,0.05945945945945946,0.2619047619047619,0.9335278858625162
18,60,5796,0.7936623066667912,0.10480349344978165,0.06486486486486487,0.2727272727272727,0.9335278858625162
18,60,5846,0.7965262951810037,0.09734513274336283,0.05945945945945946,0.2682926829268293,0.933852140077821
18,60,5896,0.7956555382564351,0.09009009009009009,0.05405405405405406,0.2702702702702703,0.9345006485084306
18,60,5946,0.8046912728527078,0.08333333333333333,0.04864864864864865,0.2903225806451613,0.9357976653696498
18,60,5996,0.8011429849994872,0.08144796380090498,0.04864864864864865,0.25,0.9341763942931258
18,60,6046,0.7992560342336128,0.09216589861751152,0.05405405405405406,0.3125,0.9361219195849546
18,60,6096,0.804875865862413,0.1085972850678733,0.06486486486486487,0.3333333333333333,0.9361219195849546
18,60,6146,0.8013369008884704,0.06542056074766354,0.03783783783783784,0.2413793103448276,0.9351491569390402
18,60,6196,0.7968059815593448,0.1004566210045662,0.05945945945945946,0.3235294117647059,0.9361219195849546
18,60,6246,0.8036788081631131,0.08256880733944955,0.04864864864864865,0.2727272727272727,0.9351491569390402
18,60,6296,0.80408342112378,0.09259259259259259,0.05405405405405406,0.3225806451612903,0.9364461738002594
18,60,6346,0.8077585001351817,0.10714285714285714,0.06486486486486487,0.3076923076923077,0.9351491569390402
18,60,6396,0.8050772400548185,0.091324200913242,0.05405405405405406,0.29411764705882354,0.935473411154345
18,60,6446,0.8066900981699188,0.09691629955947137,0.05945945945945946,0.2619047619047619,0.9335278858625162
18,60,6496,0.8038410262625509,0.09302325581395349,0.05405405405405406,0.3333333333333333,0.9367704280155642
18,60,6546,0.809128963389053,0.09174311926605505,0.05405405405405406,0.30303030303030304,0.9357976653696498
18,60,6596,0.811237798681745,0.10232558139534884,0.05945945945945946,0.36666666666666664,0.9374189364461738
18,60,6646,0.8116871614629463,0.09523809523809523,0.05405405405405406,0.4,0.9383916990920882
18,60,6696,0.8074415222397285,0.11059907834101383,0.06486486486486487,0.375,0.9374189364461738
18,60,6746,0.8136580181423231,0.102803738317757,0.05945945945945946,0.3793103448275862,0.9377431906614786
18,60,6796,0.8089723390171821,0.0947867298578199,0.05405405405405406,0.38461538461538464,0.9380674448767834
18,60,6846,0.8086534965458733,0.07582938388625593,0.043243243243243246,0.3076923076923077,0.9367704280155642
18,60,6896,0.8060151217101891,0.10232558139534884,0.05945945945945946,0.36666666666666664,0.9374189364461738
18,60,6946,0.8104845100360796,0.0947867298578199,0.05405405405405406,0.38461538461538464,0.9380674448767834
18,60,6996,0.8091364216924755,0.09433962264150944,0.05405405405405406,0.37037037037037035,0.9377431906614786
18,60,7046,0.8047733141903546,0.08571428571428572,0.04864864864864865,0.36,0.9377431906614786
18,60,7096,0.8086236633321835,0.10232558139534884,0.05945945945945946,0.36666666666666664,0.9374189364461738
18,60,7146,0.8037105059526585,0.1085972850678733,0.06486486486486487,0.3333333333333333,0.9361219195849546
18,60,7196,0.8086777360319961,0.09389671361502347,0.05405405405405406,0.35714285714285715,0.9374189364461738
18,60,7246,0.8076447610079898,0.09433962264150944,0.05405405405405406,0.37037037037037035,0.9377431906614786
18,60,7296,0.8082059983405275,0.09389671361502347,0.05405405405405406,0.35714285714285715,0.9374189364461738
18,60,7346,0.8042325871922285,0.11320754716981132,0.06486486486486487,0.4444444444444444,0.9390402075226978
18,60,7396,0.8043463263194205,0.10185185185185185,0.05945945945945946,0.3548387096774194,0.937094682230869
18,60,7446,0.8012362137922676,0.09615384615384616,0.05405405405405406,0.43478260869565216,0.9390402075226978
18,60,7496,0.8077174794663584,0.09345794392523364,0.05405405405405406,0.3448275862068966,0.937094682230869
18,60,7546,0.8044302322329229,0.08653846153846154,0.04864864864864865,0.391304347826087,0.9383916990920882
18,60,7596,0.8045999086357831,0.0947867298578199,0.05405405405405406,0.38461538461538464,0.9380674448767834
18,60,7646,0.8045197318739918,0.07766990291262135,0.043243243243243246,0.38095238095238093,0.9383916990920882
18,60,7696,0.8106019783149828,0.09433962264150944,0.05405405405405406,0.37037037037037035,0.9377431906614786
18,60,7746,0.8080605614237901,0.0947867298578199,0.05405405405405406,0.38461538461538464,0.9380674448767834
18,60,7796,0.8038205159281392,0.11374407582938388,0.06486486486486487,0.46153846153846156,0.9393644617380026
18,60,7846,0.8092557545472344,0.0975609756097561,0.05405405405405406,0.5,0.9400129701686122
18,60,7896,0.8096193468390779,0.10426540284360189,0.05945945945945946,0.4230769230769231,0.938715953307393
18,60,7946,0.8099214081276861,0.08571428571428572,0.04864864864864865,0.36,0.9377431906614786
18,60,7996,0.812429262653478,0.08866995073891626,0.04864864864864865,0.5,0.9400129701686122
19,61,246,0.6346540745643885,0.08461538461538462,0.05945945945945946,0.14666666666666667,0.9228274967574579
19,61,296,0.7165937928269767,0.10181818181818182,0.07567567567567568,0.15555555555555556,0.9199092088197146
19,61,346,0.7112778870626405,0.10108303249097472,0.07567567567567568,0.15217391304347827,0.919260700389105
19,61,396,0.7253554347724751,0.1390728476821192,0.11351351351351352,0.1794871794871795,0.9156939040207522
19,61,446,0.7279061745429458,0.10774410774410774,0.08648648648648649,0.14285714285714285,0.9140726329442282
19,61,496,0.7293978352274317,0.11636363636363636,0.08648648648648649,0.17777777777777778,0.9212062256809338
19,61,546,0.7272405209624939,0.11464968152866242,0.0972972972972973,0.13953488372093023,0.9098573281452659
19,61,596,0.7610107865713248,0.11728395061728394,0.10270270270270271,0.1366906474820144,0.9072632944228275
19,61,646,0.7447265133363787,0.11387900355871886,0.08648648648648649,0.16666666666666666,0.919260700389105
19,61,696,0.7500200441904478,0.09961685823754789,0.07027027027027027,0.17105263157894737,0.9238002594033723
19,61,746,0.7460820599834054,0.09022556390977443,0.06486486486486487,0.14814814814814814,0.9215304798962386
19,61,796,0.7248445409880386,0.10317460317460317,0.07027027027027027,0.19402985074626866,0.9267185473411155
19,61,846,0.7347995114811258,0.07317073170731707,0.04864864864864865,0.14754098360655737,0.9260700389105059
19,61,896,0.7347640845398693,0.06451612903225806,0.043243243243243246,0.12698412698412698,0.9247730220492867
19,61,946,0.7064560939000403,0.06451612903225806,0.043243243243243246,0.12698412698412698,0.9247730220492867
19,61,996,0.7208431612019056,0.0796812749003984,0.05405405405405406,0.15151515151515152,0.9250972762645915
19,61,1046,0.7256295274232496,0.09022556390977443,0.06486486486486487,0.14814814814814814,0.9215304798962386
19,61,1096,0.7340555457147385,0.0916030534351145,0.06486486486486487,0.15584415584415584,0.9228274967574579
19,61,1146,0.7191669075077148,0.06451612903225806,0.043243243243243246,0.12698412698412698,0.9247730220492867
19,61,1196,0.7063982920485162,0.07317073170731707,0.04864864864864865,0.14754098360655737,0.9260700389105059
19,61,1246,0.6963761968246274,0.05982905982905983,0.03783783783783784,0.14285714285714285,0.9286640726329443
19,61,1296,0.6901261385566319,0.06837606837606838,0.043243243243243246,0.16326530612244897,0.9293125810635539
19,61,1346,0.6829251466022767,0.06896551724137931,0.043243243243243246,0.1702127659574468,0.9299610894941635
19,61,1396,0.7002862123938358,0.06986899563318777,0.043243243243243246,0.18181818181818182,0.9309338521400778
19,61,1446,0.6978007327783112,0.05785123966942149,0.03783783783783784,0.12280701754385964,0.9260700389105059
19,61,1496,0.6940193729431399,0.059322033898305086,0.03783783783783784,0.13725490196078433,0.9280155642023347
19,61,1546,0.69924018533884,0.05172413793103448,0.032432432432432434,0.1276595744680851,0.9286640726329443
19,61,1596,0.7256202045439715,0.059574468085106386,0.03783783783783784,0.14,0.9283398184176395
19,61,1646,0.7190867307459236,0.05172413793103448,0.032432432432432434,0.1276595744680851,0.9286640726329443
19,61,1696,0.7203788818138595,0.03508771929824561,0.021621621621621623,0.09302325581395349,0.9286640726329443
19,61,1746,0.7212701490728398,0.06986899563318777,0.043243243243243246,0.18181818181818182,0.9309338521400778
19,61,1796,0.7444897122027166,0.05106382978723404,0.032432432432432434,0.12,0.9276913099870299
19,61,1846,0.7516123919711364,0.043859649122807015,0.02702702702702703,0.11627906976744186,0.9293125810635539
19,61,1896,0.7499398674286567,0.06751054852320675,0.043243243243243246,0.15384615384615385,0.9283398184176395
19,61,1946,0.7633200637684944,0.05217391304347826,0.032432432432432434,0.13333333333333333,0.9293125810635539
19,61,1996,0.762898669625127,0.07079646017699115,0.043243243243243246,0.1951219512195122,0.9319066147859922
19,61,2046,0.7668739453492818,0.0881057268722467,0.05405405405405406,0.23809523809523808,0.9328793774319066
19,61,2096,0.7688317499976693,0.06363636363636363,0.03783783783783784,0.2,0.9332036316472114
19,61,2146,0.7738586465043864,0.07174887892376682,0.043243243243243246,0.21052631578947367,0.9328793774319066
19,61,2196,0.76941722681633,0.046948356807511735,0.02702702702702703,0.17857142857142858,0.9341763942931258
19,61,2246,0.75642859140617,0.07207207207207207,0.043243243243243246,0.21621621621621623,0.9332036316472114
19,61,2296,0.7782534517960528,0.056074766355140186,0.032432432432432434,0.20689655172413793,0.9345006485084306
19,61,2346,0.7794878010124647,0.07272727272727272,0.043243243243243246,0.22857142857142856,0.933852140077821
19,61,2396,0.7840951679516702,0.06481481481481481,0.03783783783783784,0.22580645161290322,0.9345006485084306
19,61,2446,0.7821578736376943,0.08144796380090498,0.04864864864864865,0.25,0.9341763942931258
19,61,2496,0.7792547290305137,0.08333333333333333,0.04864864864864865,0.2903225806451613,0.9357976653696498
19,61,2546,0.779239812423669,0.07407407407407407,0.043243243243243246,0.25806451612903225,0.9351491569390402
19,61,2596,0.7880424750379909,0.08256880733944955,0.04864864864864865,0.2727272727272727,0.9351491569390402
19,61,2646,0.7753148802476157,0.08294930875576037,0.04864864864864865,0.28125,0.935473411154345
19,61,2696,0.7912905661784586,0.09049773755656108,0.05405405405405406,0.2777777777777778,0.9348249027237354
19,61,2746,0.7878653403317081,0.091324200913242,0.05405405405405406,0.29411764705882354,0.935473411154345
19,61,2796,0.7785890754500621,0.08294930875576037,0.04864864864864865,0.28125,0.935473411154345
19,61,2846,0.7901792789685168,0.07582938388625593,0.043243243243243246,0.3076923076923077,0.9367704280155642
19,61,2896,0.776015960769324,0.06451612903225806,0.03783783783783784,0.21875,0.9341763942931258
19,61,2946,0.7895117608122092,0.056074766355140186,0.032432432432432434,0.20689655172413793,0.9345006485084306
19,61,2996,0.789123929034243,0.05504587155963303,0.032432432432432434,0.18181818181818182,0.9332036316472114
19,61,3046,0.7919562197589104,0.07441860465116279,0.043243243243243246,0.26666666666666666,0.935473411154345
19,61,3096,0.7853090068336706,0.038461538461538464,0.021621621621621623,0.17391304347826086,0.9351491569390402
19,61,3146,0.7890549397275854,0.08256880733944955,0.04864864864864865,0.2727272727272727,0.9351491569390402
19,61,3196,0.7895714272395887,0.0730593607305936,0.043243243243243246,0.23529411764705882,0.9341763942931258
19,61,3246,0.7901830081202279,0.07547169811320754,0.043243243243243246,0.2962962962962963,0.9364461738002594
19,61,3296,0.7873507173955604,0.07272727272727272,0.043243243243243246,0.22857142857142856,0.933852140077821
19,61,3346,0.7912905661784586,0.08849557522123894,0.05405405405405406,0.24390243902439024,0.9332036316472114
19,61,3396,0.7911376709582987,0.08294930875576037,0.04864864864864865,0.28125,0.935473411154345
19,61,3446,0.7919562197589105,0.10810810810810811,0.06486486486486487,0.32432432432432434,0.9357976653696498
19,61,3496,0.7887883053802337,0.09691629955947137,0.05945945945945946,0.2619047619047619,0.9335278858625162
19,61,3546,0.7843972292402785,0.09090909090909091,0.05405405405405406,0.2857142857142857,0.9351491569390402
19,61,3596,0.7880070480967342,0.08333333333333333,0.04864864864864865,0.2903225806451613,0.9357976653696498
19,61,3646,0.7812516897718692,0.11764705882352941,0.07027027027027027,0.3611111111111111,0.9367704280155642
19,61,3696,0.7873395299404268,0.11162790697674418,0.06486486486486487,0.4,0.9380674448767834
19,61,3746,0.7806233277085296,0.0821917808219178,0.04864864864864865,0.2647058823529412,0.9348249027237354
19,61,3796,0.7868249070042792,0.0990990990990991,0.05945945945945946,0.2972972972972973,0.9351491569390402
19,61,3846,0.7907330579976319,0.10138248847926268,0.05945945945945946,0.34375,0.9367704280155642
19,61,3896,0.7883370780231768,0.08256880733944955,0.04864864864864865,0.2727272727272727,0.9351491569390402
19,61,3946,0.7875054771915758,0.07272727272727272,0.043243243243243246,0.22857142857142856,0.933852140077821
19,61,3996,0.7816096883361457,0.09049773755656108,0.05405405405405406,0.2777777777777778,0.9348249027237354
19,61,4046,0.78457063479485,0.09389671361502347,0.05405405405405406,0.35714285714285715,0.9374189364461738
19,61,4096,0.785264257013136,0.05429864253393665,0.032432432432432434,0.16666666666666666,0.932230869001297
19,61,4146,0.7900991022067256,0.07547169811320754,0.043243243243243246,0.2962962962962963,0.9364461738002594
19,61,4196,0.7845930097051173,0.0821917808219178,0.04864864864864865,0.2647058823529412,0.9348249027237354
19,61,4246,0.7876900702012809,0.08256880733944955,0.04864864864864865,0.2727272727272727,0.9351491569390402
19,61,4296,0.7904757465295583,0.09090909090909091,0.05405405405405406,0.2857142857142857,0.9351491569390402
19,61,4346,0.7860156810829457,0.07373271889400922,0.043243243243243246,0.25,0.9348249027237354
19,61,4396,0.7868584693696803,0.06511627906976744,0.03783783783783784,0.23333333333333334,0.9348249027237354
19,61,4446,0.7917940016594726,0.102803738317757,0.05945945945945946,0.3793103448275862,0.9377431906614786
19,61,4496,0.7992392530509124,0.08333333333333333,0.04864864864864865,0.2903225806451613,0.9357976653696498
19,61,4546,0.7997109907423808,0.09174311926605505,0.05405405405405406,0.30303030303030304,0.9357976653696498
19,61,4596,0.790600673111884,0.05581395348837209,0.032432432432432434,0.2,0.9341763942931258
19,61,4646,0.7881170580722151,0.08411214953271028,0.04864864864864865,0.3103448275862069,0.9364461738002594
19,61,4696,0.7891761371581999,0.07476635514018691,0.043243243243243246,0.27586206896551724,0.9357976653696498
19,61,4746,0.7896348228186794,0.09389671361502347,0.05405405405405406,0.35714285714285715,0.9374189364461738
19,61,4796,0.7930376737551625,0.091324200913242,0.05405405405405406,0.29411764705882354,0.935473411154345
19,61,4846,0.7786524710291527,0.102803738317757,0.05945945945945946,0.3793103448275862,0.9377431906614786
19,61,4896,0.7859634729589887,0.09216589861751152,0.05405405405405406,0.3125,0.9361219195849546
19,61,4946,0.780796733263101,0.10476190476190476,0.05945945945945946,0.44,0.9390402075226978
19,61,4996,0.7793647390059947,0.10328638497652583,0.05945945945945946,0.39285714285714285,0.9380674448767834
19,61,5046,0.7759879921314898,0.10377358490566038,0.05945945945945946,0.4074074074074074,0.9383916990920882
19,61,5096,0.7749233193179381,0.07655502392344497,0.043243243243243246,0.3333333333333333,0.9374189364461738
19,61,5146,0.7786599293325751,0.09433962264150944,0.05405405405405406,0.37037037037037035,0.9377431906614786
19,61,5196,0.7879622982761996,0.09569377990430622,0.05405405405405406,0.4166666666666667,0.938715953307393
19,61,5246,0.7839721059452002,0.09523809523809523,0.05405405405405406,0.4,0.9383916990920882
19,61,5296,0.7788948658903817,0.11267605633802817,0.06486486486486487,0.42857142857142855,0.938715953307393
19,61,5346,0.7755815145949675,0.10576923076923077,0.05945945945945946,0.4782608695652174,0.9396887159533074
19,61,5396,0.7842741672338085,0.08653846153846154,0.04864864864864865,0.391304347826087,0.9383916990920882
19,61,5446,0.7816152820637126,0.0784313725490196,0.043243243243243246,0.42105263157894735,0.9390402075226978
19,61,5496,0.779648154536047,0.04878048780487805,0.02702702702702703,0.25,0.9367704280155642
19,61,5546,0.7841007616792369,0.06965174129353234,0.03783783783783784,0.4375,0.9393644617380026
19,61,5596,0.7726802345636427,0.050505050505050504,0.02702702702702703,0.38461538461538464,0.9390402075226978
19,61,5646,0.7728834733319038,0.07804878048780488,0.043243243243243246,0.4,0.938715953307393
19,61,5696,0.7730904412518762,0.07547169811320754,0.043243243243243246,0.2962962962962963,0.9364461738002594
19,61,5746,0.7703159523787327,0.06666666666666667,0.03783783783783784,0.28,0.9364461738002594
19,61,5796,0.781048451003608,0.07655502392344497,0.043243243243243246,0.3333333333333333,0.9374189364461738
19,61,5846,0.7778581617146639,0.0970873786407767,0.05405405405405406,0.47619047619047616,0.9396887159533074
19,61,5896,0.7801571837446277,0.08571428571428572,0.04864864864864865,0.36,0.9377431906614786
19,61,5946,0.7867988029423008,0.09302325581395349,0.05405405405405406,0.3333333333333333,0.9367704280155642
19,61,5996,0.7873302070611488,0.08450704225352113,0.04864864864864865,0.32142857142857145,0.9367704280155642
19,61,6046,0.7866664180565526,0.08653846153846154,0.04864864864864865,0.391304347826087,0.9383916990920882
19,61,6096,0.7812796584097034,0.09569377990430622,0.05405405405405406,0.4166666666666667,0.938715953307393
19,61,6146,0.783179661206567,0.08490566037735849,0.04864864864864865,0.3333333333333333,0.937094682230869
19,61,6196,0.7881002768895146,0.0966183574879227,0.05405405405405406,0.45454545454545453,0.9393644617380026
19,61,6246,0.7938413059489293,0.09569377990430622,0.05405405405405406,0.4166666666666667,0.938715953307393
19,61,6296,0.7807109627737431,0.10138248847926268,0.05945945945945946,0.34375,0.9367704280155642
19,61,6346,0.7869200003729152,0.0966183574879227,0.05405405405405406,0.45454545454545453,0.9393644617380026
19,61,6396,0.790960536252016,0.09389671361502347,0.05405405405405406,0.35714285714285715,0.9374189364461738
19,61,6446,0.7842443340201188,0.09569377990430622,0.05405405405405406,0.4166666666666667,0.938715953307393
19,61,6496,0.793757400035427,0.0966183574879227,0.05405405405405406,0.45454545454545453,0.9393644617380026
19,61,6546,0.7887808470768112,0.09302325581395349,0.05405405405405406,0.3333333333333333,0.9367704280155642
19,61,6596,0.7892022412201783,0.10476190476190476,0.05945945945945946,0.44,0.9390402075226978
19,61,6646,0.7866664180565525,0.09615384615384616,0.05405405405405406,0.43478260869565216,0.9390402075226978
19,61,6696,0.7908542554282465,0.07655502392344497,0.043243243243243246,0.3333333333333333,0.9374189364461738
19,61,6746,0.7852698507407028,0.11162790697674418,0.06486486486486487,0.4,0.9380674448767834
19,61,6796,0.7916970437149808,0.10526315789473684,0.05945945945945946,0.4583333333333333,0.9393644617380026
19,61,6846,0.7978221754006507,0.10476190476190476,0.05945945945945946,0.44,0.9390402075226978
19,61,6896,0.796776148345655,0.0975609756097561,0.05405405405405406,0.5,0.9400129701686122
19,61,6946,0.7911805562029777,0.07692307692307693,0.043243243243243246,0.34782608695652173,0.9377431906614786
19,61,6996,0.7920662297343912,0.08955223880597014,0.04864864864864865,0.5625,0.9406614785992218
19,61,7046,0.7956965589252585,0.07729468599033816,0.043243243243243246,0.36363636363636365,0.9380674448767834
19,61,7096,0.7940221698069232,0.0784313725490196,0.043243243243243246,0.42105263157894735,0.9390402075226978
19,61,7146,0.7958009751731725,0.0784313725490196,0.043243243243243246,0.42105263157894735,0.9390402075226978
19,61,7196,0.7928773202315803,0.09615384615384616,0.05405405405405406,0.43478260869565216,0.9390402075226978
19,61,7246,0.7947735938767329,0.07655502392344497,0.043243243243243246,0.3333333333333333,0.9374189364461738
19,61,7296,0.7890940958205532,0.1073170731707317,0.05945945945945946,0.55,0.9406614785992218
19,61,7346,0.794958186886438,0.07729468599033816,0.043243243243243246,0.36363636363636365,0.9380674448767834
19,61,7396,0.7980123621379226,0.07729468599033816,0.043243243243243246,0.36363636363636365,0.9380674448767834
19,61,7446,0.8005631019083933,0.08695652173913043,0.04864864864864865,0.4090909090909091,0.938715953307393
19,61,7496,0.7992448467784791,0.07729468599033816,0.043243243243243246,0.36363636363636365,0.9380674448767834
19,61,7546,0.8039920569068553,0.07804878048780488,0.043243243243243246,0.4,0.938715953307393
19,61,7596,0.8021908766303385,0.10526315789473684,0.05945945945945946,0.4583333333333333,0.9393644617380026
19,61,7646,0.7952583835991908,0.10628019323671498,0.05945945945945946,0.5,0.9400129701686122
19,61,7696,0.8001547597960155,0.0975609756097561,0.05405405405405406,0.5,0.9400129701686122
19,61,7746,0.8064197346708557,0.10576923076923077,0.05945945945945946,0.4782608695652174,0.9396887159533074
19,61,7796,0.8010311104481508,0.10526315789473684,0.05945945945945946,0.4583333333333333,0.9393644617380026
19,61,7846,0.7944566159812797,0.09523809523809523,0.05405405405405406,0.4,0.9383916990920882
19,61,7896,0.7997035324389584,0.0891089108910891,0.04864864864864865,0.5294117647058824,0.940337224383917
19,61,7946,0.7965896907600944,0.0761904761904762,0.043243243243243246,0.32,0.937094682230869
19,61,7996,0.8062109021750278,0.09523809523809523,0.05405405405405406,0.4,0.9383916990920882
20,62,246,0.6346540745643885,0.08461538461538462,0.05945945945945946,0.14666666666666667,0.9228274967574579
20,62,296,0.6432768056086442,0.0975609756097561,0.06486486486486487,0.19672131147540983,0.9280155642023347
20,62,346,0.7058827368244409,0.08333333333333333,0.05405405405405406,0.18181818181818182,0.9286640726329443
20,62,396,0.6773659136887836,0.09166666666666666,0.05945945945945946,0.2,0.9293125810635539
20,62,446,0.6755376970623608,0.08071748878923767,0.04864864864864865,0.23684210526315788,0.9335278858625162
20,62,496,0.6472949665774779,0.1092436974789916,0.07027027027027027,0.24528301886792453,0.9312581063553826
20,62,546,0.6657001948481769,0.06222222222222222,0.03783783783783784,0.175,0.9315823605706874
20,62,596,0.7191519909008699,0.06666666666666667,0.043243243243243246,0.14545454545454545,0.9273670557717251
20,62,646,0.7491716621761464,0.0759493670886076,0.04864864864864865,0.17307692307692307,0.9289883268482491
20,62,696,0.740007271845837,0.05357142857142857,0.032432432432432434,0.15384615384615385,0.9312581063553826
20,62,746,0.7361401415213075,0.08583690987124463,0.05405405405405406,0.20833333333333334,0.9309338521400778
20,62,796,0.7377399476054186,0.0759493670886076,0.04864864864864865,0.17307692307692307,0.9289883268482491
20,62,846,0.7520729422074713,0.07725321888412018,0.04864864864864865,0.1875,0.9302853437094682
20,62,896,0.7420974613799727,0.09016393442622951,0.05945945945945946,0.1864406779661017,0.9280155642023347
20,62,946,0.7621789433448626,0.09565217391304348,0.05945945945945946,0.24444444444444444,0.9325551232166018
20,62,996,0.7723054548166656,0.08583690987124463,0.05405405405405406,0.20833333333333334,0.9309338521400778
20,62,1046,0.7663425412304337,0.07929515418502203,0.04864864864864865,0.21428571428571427,0.932230869001297
20,62,1096,0.771501822622899,0.09649122807017543,0.05945945945945946,0.2558139534883721,0.9332036316472114
20,62,1146,0.7686266466535524,0.06167400881057269,0.03783783783783784,0.16666666666666666,0.9309338521400778
20,62,1196,0.7755964312018124,0.07079646017699115,0.043243243243243246,0.1951219512195122,0.9319066147859922
20,62,1246,0.7690144784315187,0.08108108108108109,0.04864864864864865,0.24324324324324326,0.933852140077821
20,62,1296,0.7722569758444198,0.08928571428571429,0.05405405405405406,0.2564102564102564,0.933852140077821
20,62,1346,0.7801926106858843,0.08144796380090498,0.04864864864864865,0.25,0.9341763942931258
20,62,1396,0.7851934031306228,0.06422018348623854,0.03783783783783784,0.21212121212121213,0.933852140077821
20,62,1446,0.7813486477163608,0.06334841628959276,0.03783783783783784,0.19444444444444445,0.9328793774319066
20,62,1496,0.7801329442585048,0.08658008658008658,0.05405405405405406,0.21739130434782608,0.9315823605706874
20,62,1546,0.7806531609222191,0.08,0.04864864864864865,0.225,0.9328793774319066
20,62,1596,0.7813449185646496,0.08888888888888889,0.05405405405405406,0.25,0.9335278858625162
20,62,1646,0.7928679973523023,0.07079646017699115,0.043243243243243246,0.1951219512195122,0.9319066147859922
20,62,1696,0.7916429710151683,0.07964601769911504,0.04864864864864865,0.21951219512195122,0.9325551232166018
20,62,1746,0.7886540559186299,0.10344827586206896,0.06486486486486487,0.2553191489361702,0.9325551232166018
20,62,1796,0.7695943615226126,0.08035714285714286,0.04864864864864865,0.23076923076923078,0.9332036316472114
20,62,1846,0.7807892749596786,0.09009009009009009,0.05405405405405406,0.2702702702702703,0.9345006485084306
20,62,1896,0.7799203826109657,0.09777777777777778,0.05945945945945946,0.275,0.9341763942931258
20,62,1946,0.7807463897149995,0.08547008547008547,0.05405405405405406,0.20408163265306123,0.930609597924773
20,62,1996,0.7829540475280385,0.11864406779661017,0.07567567567567568,0.27450980392156865,0.9325551232166018
20,62,2046,0.7901736852409499,0.08733624454148471,0.05405405405405406,0.22727272727272727,0.932230869001297
20,62,2096,0.785629713880835,0.09954751131221719,0.05945945945945946,0.3055555555555556,0.935473411154345
20,62,2146,0.7898361970110849,0.13617021276595745,0.08648648648648649,0.32,0.9341763942931258
20,62,2196,0.7821727902445391,0.1145374449339207,0.07027027027027027,0.30952380952380953,0.9348249027237354
20,62,2246,0.7915627942533772,0.08620689655172414,0.05405405405405406,0.2127659574468085,0.9312581063553826
20,62,2296,0.778555513084661,0.11206896551724138,0.07027027027027027,0.2765957446808511,0.9332036316472114
20,62,2346,0.7800676841035586,0.09166666666666666,0.05945945945945946,0.2,0.9293125810635539
20,62,2396,0.7846303012222295,0.07860262008733625,0.04864864864864865,0.20454545454545456,0.9315823605706874
20,62,2446,0.7963976394469667,0.1276595744680851,0.08108108108108109,0.3,0.9335278858625162
20,62,2496,0.78765650783588,0.0995850622406639,0.06486486486486487,0.21428571428571427,0.9296368352788587
20,62,2546,0.7942925333059863,0.10434782608695652,0.06486486486486487,0.26666666666666666,0.9332036316472114
20,62,2596,0.7997725217456159,0.09606986899563319,0.05945945945945946,0.25,0.9328793774319066
20,62,2646,0.7979899872276554,0.13675213675213677,0.08648648648648649,0.32653061224489793,0.9345006485084306
20,62,2696,0.7923123537473313,0.07929515418502203,0.04864864864864865,0.21428571428571427,0.932230869001297
20,62,2746,0.7892152932511677,0.09523809523809523,0.05945945945945946,0.2391304347826087,0.932230869001297
20,62,2796,0.7969103978072588,0.10619469026548672,0.06486486486486487,0.2926829268292683,0.9345006485084306
20,62,2846,0.7977270820320147,0.09691629955947137,0.05945945945945946,0.2619047619047619,0.9335278858625162
20,62,2896,0.7977233528803035,0.08733624454148471,0.05405405405405406,0.22727272727272727,0.932230869001297
20,62,2946,0.794046409293046,0.13043478260869565,0.08108108108108109,0.3333333333333333,0.9351491569390402
20,62,2996,0.7950793843170524,0.08,0.04864864864864865,0.225,0.9328793774319066
20,62,3046,0.8032052058957888,0.09691629955947137,0.05945945945945946,0.2619047619047619,0.9335278858625162
20,62,3096,0.7980198204413451,0.1016949152542373,0.06486486486486487,0.23529411764705882,0.9312581063553826
20,62,3146,0.7987153072354867,0.08888888888888889,0.05405405405405406,0.25,0.9335278858625162
20,62,3196,0.7987507341767431,0.09649122807017543,0.05945945945945946,0.2558139534883721,0.9332036316472114
20,62,3246,0.7971621155477657,0.08771929824561403,0.05405405405405406,0.23255813953488372,0.9325551232166018
20,62,3296,0.8001193328547589,0.11965811965811966,0.07567567567567568,0.2857142857142857,0.9332036316472114
20,62,3346,0.796819033590334,0.10666666666666667,0.06486486486486487,0.3,0.9348249027237354
20,62,3396,0.7972795838266691,0.09649122807017543,0.05945945945945946,0.2558139534883721,0.9332036316472114
20,62,3446,0.7953329666334151,0.10344827586206896,0.06486486486486487,0.2553191489361702,0.9325551232166018
20,62,3496,0.8037888181385939,0.12444444444444444,0.07567567567567568,0.35,0.9361219195849546
20,62,3546,0.7980160912896338,0.08888888888888889,0.05405405405405406,0.25,0.9335278858625162
20,62,3596,0.7959669224243217,0.08849557522123894,0.05405405405405406,0.24390243902439024,0.9332036316472114
20,62,3646,0.7945106886810923,0.09691629955947137,0.05945945945945946,0.2619047619047619,0.9335278858625162
20,62,3696,0.8012511303991124,0.08849557522123894,0.05405405405405406,0.24390243902439024,0.9332036316472114
20,62,3746,0.797740134063004,0.1004566210045662,0.05945945945945946,0.3235294117647059,0.9361219195849546
20,62,3796,0.7961552445857378,0.09216589861751152,0.05405405405405406,0.3125,0.9361219195849546
20,62,3846,0.7935467029637433,0.10666666666666667,0.06486486486486487,0.3,0.9348249027237354
20,62,3896,0.7994946999431305,0.05357142857142857,0.032432432432432434,0.15384615384615385,0.9312581063553826
20,62,3946,0.8042363163439397,0.10714285714285714,0.06486486486486487,0.3076923076923077,0.9351491569390402
20,62,3996,0.7920830109170918,0.08256880733944955,0.04864864864864865,0.2727272727272727,0.9351491569390402
20,62,4046,0.8010068709620279,0.08144796380090498,0.04864864864864865,0.25,0.9341763942931258
20,62,4096,0.8036228708874449,0.09090909090909091,0.05405405405405406,0.2857142857142857,0.9351491569390402
20,62,4146,0.8000708538825131,0.09259259259259259,0.05405405405405406,0.3225806451612903,0.9364461738002594
20,62,4196,0.804372430381399,0.10091743119266056,0.05945945945945946,0.3333333333333333,0.9364461738002594
20,62,4246,0.7985568182877599,0.08411214953271028,0.04864864864864865,0.3103448275862069,0.9364461738002594
20,62,4296,0.805241322730112,0.07407407407407407,0.043243243243243246,0.25806451612903225,0.9351491569390402
20,62,4346,0.8026346456839731,0.08256880733944955,0.04864864864864865,0.2727272727272727,0.9351491569390402
20,62,4396,0.8054221865881059,0.1085972850678733,0.06486486486486487,0.3333333333333333,0.9361219195849546
20,62,4446,0.8010646728135516,0.1415929203539823,0.08648648648648649,0.3902439024390244,0.937094682230869
20,62,4496,0.8017340555457148,0.08144796380090498,0.04864864864864865,0.25,0.9341763942931258
20,62,4546,0.8002722280749187,0.11926605504587157,0.07027027027027027,0.3939393939393939,0.9377431906614786
20,62,4596,0.8053531972814484,0.09302325581395349,0.05405405405405406,0.3333333333333333,0.9367704280155642
20,62,4646,0.7975294369913203,0.11764705882352941,0.07027027027027027,0.3611111111111111,0.9367704280155642
20,62,4696,0.8016725245424798,0.102803738317757,0.05945945945945946,0.3793103448275862,0.9377431906614786
20,62,4746,0.8058603619141735,0.11214953271028037,0.06486486486486487,0.41379310344827586,0.9383916990920882
20,62,4796,0.7942776166991413,0.11267605633802817,0.06486486486486487,0.42857142857142855,0.938715953307393
20,62,4846,0.7964703579053355,0.07692307692307693,0.043243243243243246,0.34782608695652173,0.9377431906614786
20,62,4896,0.8024966670706581,0.12093023255813953,0.07027027027027027,0.43333333333333335,0.938715953307393
20,62,4946,0.8025227711326366,0.09433962264150944,0.05405405405405406,0.37037037037037035,0.9377431906614786
20,62,4996,0.8002610406197851,0.08450704225352113,0.04864864864864865,0.32142857142857145,0.9367704280155642
20,62,5046,0.7994574084260182,0.10232558139534884,0.05945945945945946,0.36666666666666664,0.9374189364461738
20,62,5096,0.7994611375777295,0.05741626794258373,0.032432432432432434,0.25,0.9361219195849546
20,62,5146,0.7952751647818913,0.08294930875576037,0.04864864864864865,0.28125,0.935473411154345
20,62,5196,0.7942496480613073,0.09302325581395349,0.05405405405405406,0.3333333333333333,0.9367704280155642
20,62,5246,0.8009994126586054,0.09216589861751152,0.05405405405405406,0.3125,0.9361219195849546
20,62,5296,0.7984169750985894,0.11214953271028037,0.06486486486486487,0.41379310344827586,0.9383916990920882
20,62,5346,0.7939308055899984,0.09433962264150944,0.05405405405405406,0.37037037037037035,0.9377431906614786
20,62,5396,0.7913987115780838,0.08372093023255814,0.04864864864864865,0.3,0.9361219195849546
20,62,5446,0.7953963622125059,0.08372093023255814,0.04864864864864865,0.3,0.9361219195849546
20,62,5496,0.7987059843562087,0.09302325581395349,0.05405405405405406,0.3333333333333333,0.9367704280155642
20,62,5546,0.7955772260704996,0.09259259259259259,0.05405405405405406,0.3225806451612903,0.9364461738002594
20,62,5596,0.7931737877926218,0.08571428571428572,0.04864864864864865,0.36,0.9377431906614786
20,62,5646,0.7994182523330505,0.08411214953271028,0.04864864864864865,0.3103448275862069,0.9364461738002594
20,62,5696,0.7903862468884892,0.09345794392523364,0.05405405405405406,0.3448275862068966,0.937094682230869
20,62,5746,0.788820003169779,0.08490566037735849,0.04864864864864865,0.3333333333333333,0.937094682230869
20,62,5796,0.794374574643633,0.07373271889400922,0.043243243243243246,0.25,0.9348249027237354
20,62,5846,0.7909679945554384,0.09259259259259259,0.05405405405405406,0.3225806451612903,0.9364461738002594
20,62,5896,0.7956424862254459,0.09389671361502347,0.05405405405405406,0.35714285714285715,0.9374189364461738
20,62,5946,0.7965952844876613,0.0761904761904762,0.043243243243243246,0.32,0.937094682230869
20,62,5996,0.7911768270512666,0.09259259259259259,0.05405405405405406,0.3225806451612903,0.9364461738002594
20,62,6046,0.7954933201569973,0.10091743119266056,0.05945945945945946,0.3333333333333333,0.9364461738002594
20,62,6096,0.7988514212729458,0.08411214953271028,0.04864864864864865,0.3103448275862069,0.9364461738002594
20,62,6146,0.80276330141801,0.08333333333333333,0.04864864864864865,0.2903225806451613,0.9357976653696498
20,62,6196,0.8057503519386928,0.1111111111111111,0.06486486486486487,0.3870967741935484,0.9377431906614786
20,62,6246,0.8060934338961244,0.09523809523809523,0.05405405405405406,0.4,0.9383916990920882
20,62,6296,0.8047061894595527,0.091324200913242,0.05405405405405406,0.29411764705882354,0.935473411154345
20,62,6346,0.7987787028145772,0.09259259259259259,0.05405405405405406,0.3225806451612903,0.9364461738002594
20,62,6396,0.8027353327801758,0.10091743119266056,0.05945945945945946,0.3333333333333333,0.9364461738002594
20,62,6446,0.8022524076335735,0.09302325581395349,0.05405405405405406,0.3333333333333333,0.9367704280155642
20,62,6496,0.8056832272078911,0.09433962264150944,0.05405405405405406,0.37037037037037035,0.9377431906614786
20,62,6546,0.7999999999999999,0.1187214611872146,0.07027027027027027,0.38235294117647056,0.9374189364461738
20,62,6596,0.8078871558692187,0.10909090909090909,0.06486486486486487,0.34285714285714286,0.9364461738002594
20,62,6646,0.8053401452504592,0.1187214611872146,0.07027027027027027,0.38235294117647056,0.9374189364461738
20,62,6696,0.805640341963212,0.11162790697674418,0.06486486486486487,0.4,0.9380674448767834
20,62,6746,0.8087411316110867,0.11981566820276497,0.07027027027027027,0.40625,0.9380674448767834
20,62,6796,0.8110774451581627,0.12844036697247707,0.07567567567567568,0.42424242424242425,0.9383916990920882
20,62,6846,0.7996979387113916,0.11162790697674418,0.06486486486486487,0.4,0.9380674448767834
20,62,6896,0.8098598771244511,0.1095890410958904,0.06486486486486487,0.35294117647058826,0.9367704280155642
20,62,6946,0.8138444757278838,0.12037037037037036,0.07027027027027027,0.41935483870967744,0.9383916990920882
20,62,6996,0.8096529092044789,0.10138248847926268,0.05945945945945946,0.34375,0.9367704280155642
20,62,7046,0.8151757828887874,0.11009174311926606,0.06486486486486487,0.36363636363636365,0.937094682230869
20,62,7096,0.8146425141940837,0.11214953271028037,0.06486486486486487,0.41379310344827586,0.9383916990920882
20,62,7146,0.807823760290128,0.11267605633802817,0.06486486486486487,0.42857142857142855,0.938715953307393
20,62,7196,0.8039249321760532,0.1095890410958904,0.06486486486486487,0.35294117647058826,0.9367704280155642
20,62,7246,0.8108275919935113,0.12727272727272726,0.07567567567567568,0.4,0.9377431906614786
20,62,7296,0.8089219954690807,0.136986301369863,0.08108108108108109,0.4411764705882353,0.938715953307393
20,62,7346,0.8135890288356656,0.11162790697674418,0.06486486486486487,0.4,0.9380674448767834
20,62,7396,0.814318077995208,0.1111111111111111,0.06486486486486487,0.3870967741935484,0.9377431906614786
20,62,7446,0.8118176817728388,0.10909090909090909,0.06486486486486487,0.34285714285714286,0.9364461738002594
20,62,7496,0.8094701807706293,0.12093023255813953,0.07027027027027027,0.43333333333333335,0.938715953307393
20,62,7546,0.8065241509187697,0.12093023255813953,0.07027027027027027,0.43333333333333335,0.938715953307393
20,62,7596,0.8123826482570877,0.09433962264150944,0.05405405405405406,0.37037037037037035,0.9377431906614786
20,62,7646,0.809865470852018,0.11538461538461539,0.06486486486486487,0.5217391304347826,0.940337224383917
20,62,7696,0.8109413311207033,0.10185185185185185,0.05945945945945946,0.3548387096774194,0.937094682230869
20,62,7746,0.8096342634459226,0.11764705882352941,0.07027027027027027,0.3611111111111111,0.9367704280155642
20,62,7796,0.8052655622162349,0.11981566820276497,0.07027027027027027,0.40625,0.9380674448767834
20,62,7846,0.8077883333488715,0.11059907834101383,0.06486486486486487,0.375,0.9374189364461738
20,62,7896,0.8076205215218669,0.12389380530973451,0.07567567567567568,0.34146341463414637,0.9357976653696498
20,62,7946,0.8134883417394628,0.12037037037037036,0.07027027027027027,0.41935483870967744,0.9383916990920882
20,62,7996,0.8103148336332193,0.1111111111111111,0.06486486486486487,0.3870967741935484,0.9377431906614786
21,63,246,0.6346540745643885,0.08461538461538462,0.05945945945945946,0.14666666666666667,0.9228274967574579
21,63,296,0.6667508833428116,0.11023622047244094,0.07567567567567568,0.2028985507246377,0.9267185473411155
21,63,346,0.72264527376635,0.1453287197231834,0.11351351351351352,0.20192307692307693,0.9199092088197146
21,63,396,0.7328025507397704,0.11683848797250859,0.0918918918918919,0.16037735849056603,0.9166666666666666
21,63,446,0.7325732079095307,0.08368200836820083,0.05405405405405406,0.18518518518518517,0.9289883268482491
21,63,496,0.7115081621808079,0.08333333333333333,0.05945945945945946,0.13924050632911392,0.9215304798962386
21,63,546,0.7236456187128832,0.05785123966942149,0.03783783783783784,0.12280701754385964,0.9260700389105059
21,63,596,0.7350139377045207,0.08547008547008547,0.05405405405405406,0.20408163265306123,0.930609597924773
21,63,646,0.7608122092427027,0.08163265306122448,0.05405405405405406,0.16666666666666666,0.9270428015564203
21,63,696,0.7557107297017611,0.08943089430894309,0.05945945945945946,0.18032786885245902,0.9273670557717251
21,63,746,0.7640062276833578,0.07079646017699115,0.043243243243243246,0.1951219512195122,0.9319066147859922
21,63,796,0.7697621733496173,0.08368200836820083,0.05405405405405406,0.18518518518518517,0.9289883268482491
21,63,846,0.7631690331241902,0.10699588477366255,0.07027027027027027,0.22413793103448276,0.9296368352788587
21,63,896,0.774548539570961,0.07377049180327869,0.04864864864864865,0.15254237288135594,0.9267185473411155
21,63,946,0.7713190941890493,0.11570247933884298,0.07567567567567568,0.24561403508771928,0.930609597924773
21,63,996,0.7737355844979164,0.12048192771084337,0.08108108108108109,0.234375,0.9289883268482491
21,63,1046,0.7565386013816507,0.10441767068273092,0.07027027027027027,0.203125,0.9276913099870299
21,63,1096,0.7606164287778638,0.10126582278481013,0.06486486486486487,0.23076923076923078,0.9309338521400778
21,63,1146,0.7471075767039893,0.08403361344537816,0.05405405405405406,0.18867924528301888,0.9293125810635539
21,63,1196,0.7493115053653171,0.08906882591093117,0.05945945945945946,0.1774193548387097,0.9270428015564203
21,63,1246,0.7482710720378883,0.07563025210084033,0.04864864864864865,0.16981132075471697,0.9286640726329443
21,63,1296,0.7421310237453735,0.06808510638297872,0.043243243243243246,0.16,0.9289883268482491
21,63,1346,0.7521866813346635,0.05240174672489083,0.032432432432432434,0.13636363636363635,0.9296368352788587
21,63,1396,0.74729403428955,0.05063291139240506,0.032432432432432434,0.11538461538461539,0.9270428015564203
21,63,1446,0.7473947213857527,0.034482758620689655,0.021621621621621623,0.0851063829787234,0.9273670557717251
21,63,1496,0.750241928717265,0.034934497816593885,0.021621621621621623,0.09090909090909091,0.9283398184176395
21,63,1546,0.7553490019857734,0.043859649122807015,0.02702702702702703,0.11627906976744186,0.9293125810635539
21,63,1596,0.749031818986976,0.06306306306306306,0.03783783783783784,0.1891891891891892,0.9325551232166018
21,63,1646,0.7507472287741347,0.07142857142857142,0.043243243243243246,0.20512820512820512,0.9325551232166018
21,63,1696,0.7652032853826576,0.05286343612334802,0.032432432432432434,0.14285714285714285,0.9302853437094682
21,63,1746,0.7599917958662353,0.0847457627118644,0.05405405405405406,0.19607843137254902,0.9299610894941635
21,63,1796,0.7536503733813151,0.06363636363636363,0.03783783783783784,0.2,0.9332036316472114
21,63,1846,0.7583453753857342,0.055299539170506916,0.032432432432432434,0.1875,0.9335278858625162
21,63,1896,0.7572303590240811,0.046296296296296294,0.02702702702702703,0.16129032258064516,0.9332036316472114
21,63,1946,0.7596953283051937,0.05504587155963303,0.032432432432432434,0.18181818181818182,0.9332036316472114
21,63,1996,0.7601894409069297,0.06422018348623854,0.03783783783783784,0.21212121212121213,0.933852140077821
21,63,2046,0.7785778879949284,0.05429864253393665,0.032432432432432434,0.16666666666666666,0.932230869001297
21,63,2096,0.7696764028602594,0.07207207207207207,0.043243243243243246,0.21621621621621623,0.9332036316472114
21,63,2146,0.750711801832878,0.027522935779816515,0.016216216216216217,0.09090909090909091,0.9312581063553826
21,63,2196,0.7662623644686426,0.07894736842105263,0.04864864864864865,0.20930232558139536,0.9319066147859922
21,63,2246,0.7684196787335802,0.07142857142857142,0.043243243243243246,0.20512820512820512,0.9325551232166018
21,63,2296,0.7725012352815045,0.06363636363636363,0.03783783783783784,0.2,0.9332036316472114
21,63,2346,0.7728163486011019,0.08035714285714286,0.04864864864864865,0.23076923076923078,0.9332036316472114
21,63,2396,0.7807221502288767,0.055299539170506916,0.032432432432432434,0.1875,0.9335278858625162
21,63,2446,0.7735435331847889,0.08695652173913043,0.05405405405405406,0.2222222222222222,0.9319066147859922
21,63,2496,0.7760010441624793,0.055299539170506916,0.032432432432432434,0.1875,0.9335278858625162
21,63,2546,0.7837688671769388,0.08108108108108109,0.04864864864864865,0.24324324324324326,0.933852140077821
21,63,2596,0.783369847943839,0.08,0.04864864864864865,0.225,0.9328793774319066
21,63,2646,0.7742147804928075,0.09482758620689655,0.05945945945945946,0.23404255319148937,0.9319066147859922
21,63,2696,0.7784641488677364,0.06140350877192982,0.03783783783783784,0.16279069767441862,0.930609597924773
21,63,2746,0.7772148830444794,0.100418410041841,0.06486486486486487,0.2222222222222222,0.9302853437094682
21,63,2796,0.7781751396101172,0.06167400881057269,0.03783783783783784,0.16666666666666666,0.9309338521400778
21,63,2846,0.7813318665336604,0.09282700421940929,0.05945945945945946,0.21153846153846154,0.9302853437094682
21,63,2896,0.778223618582363,0.08620689655172414,0.05405405405405406,0.2127659574468085,0.9312581063553826
21,63,2946,0.781613417487857,0.0782608695652174,0.04864864864864865,0.2,0.9312581063553826
21,63,2996,0.7777164539496378,0.10084033613445378,0.06486486486486487,0.22641509433962265,0.930609597924773
21,63,3046,0.7839087103661094,0.08547008547008547,0.05405405405405406,0.20408163265306123,0.930609597924773
21,63,3096,0.7810391281243299,0.10480349344978165,0.06486486486486487,0.2727272727272727,0.9335278858625162
21,63,3146,0.7949973429794059,0.11353711790393013,0.07027027027027027,0.29545454545454547,0.9341763942931258
21,63,3196,0.7890847729412752,0.08583690987124463,0.05405405405405406,0.20833333333333334,0.9309338521400778
21,63,3246,0.781266606378714,0.08035714285714286,0.04864864864864865,0.23076923076923078,0.9332036316472114
21,63,3296,0.7880331521587127,0.0821917808219178,0.04864864864864865,0.2647058823529412,0.9348249027237354
21,63,3346,0.7883874215712782,0.09777777777777778,0.05945945945945946,0.275,0.9341763942931258
21,63,3396,0.790352684523088,0.10699588477366255,0.07027027027027027,0.22413793103448276,0.9296368352788587
21,63,3446,0.7870095000139843,0.10084033613445378,0.06486486486486487,0.22641509433962265,0.930609597924773
21,63,3496,0.7892824179819695,0.11016949152542373,0.07027027027027027,0.2549019607843137,0.9319066147859922
21,63,3546,0.7812106691030458,0.11403508771929824,0.07027027027027027,0.3023255813953488,0.9345006485084306
21,63,3596,0.7847253945908654,0.07929515418502203,0.04864864864864865,0.21428571428571427,0.932230869001297
21,63,3646,0.788193505682295,0.07894736842105263,0.04864864864864865,0.20930232558139536,0.9319066147859922
21,63,3696,0.7892917408612476,0.09482758620689655,0.05945945945945946,0.23404255319148937,0.9319066147859922
21,63,3746,0.7850144038484846,0.08620689655172414,0.05405405405405406,0.2127659574468085,0.9312581063553826
21,63,3796,0.7896329582428236,0.07860262008733625,0.04864864864864865,0.20454545454545456,0.9315823605706874
21,63,3846,0.7977886130352498,0.11764705882352941,0.07567567567567568,0.2641509433962264,0.9319066147859922
21,63,3896,0.7974734997156523,0.10084033613445378,0.06486486486486487,0.22641509433962265,0.930609597924773
21,63,3946,0.7978501440384849,0.07929515418502203,0.04864864864864865,0.21428571428571427,0.932230869001297
21,63,3996,0.7930190279966065,0.08547008547008547,0.05405405405405406,0.20408163265306123,0.930609597924773
21,63,4046,0.7912700558440469,0.1016949152542373,0.06486486486486487,0.23529411764705882,0.9312581063553826
21,63,4096,0.7939065661038754,0.09009009009009009,0.05405405405405406,0.2702702702702703,0.9345006485084306
21,63,4146,0.802615999925417,0.13445378151260504,0.08648648648648649,0.3018867924528302,0.9332036316472114
21,63,4196,0.7997426885319262,0.09401709401709402,0.05945945945945946,0.22448979591836735,0.9312581063553826
21,63,4246,0.8062836206333963,0.10300429184549356,0.06486486486486487,0.25,0.932230869001297
21,63,4296,0.8071338672235534,0.10300429184549356,0.06486486486486487,0.25,0.932230869001297
21,63,4346,0.8069511387897038,0.09565217391304348,0.05945945945945946,0.24444444444444444,0.9325551232166018
21,63,4396,0.8031548623476875,0.07725321888412018,0.04864864864864865,0.1875,0.9302853437094682
21,63,4446,0.8088007980384662,0.07142857142857142,0.043243243243243246,0.20512820512820512,0.9325551232166018
21,63,4496,0.796662409218463,0.053811659192825115,0.032432432432432434,0.15789473684210525,0.9315823605706874
21,63,4546,0.8047173769146863,0.08733624454148471,0.05405405405405406,0.22727272727272727,0.932230869001297
21,63,4596,0.8100724387719903,0.09649122807017543,0.05945945945945946,0.2558139534883721,0.9332036316472114
21,63,4646,0.8062351416611506,0.10344827586206896,0.06486486486486487,0.2553191489361702,0.9325551232166018
21,63,4696,0.801433858832962,0.09565217391304348,0.05945945945945946,0.24444444444444444,0.9325551232166018
21,63,4746,0.8015848894772662,0.08968609865470852,0.05405405405405406,0.2631578947368421,0.9341763942931258
21,63,4796,0.8100687096202791,0.09259259259259259,0.05405405405405406,0.3225806451612903,0.9364461738002594
21,63,4846,0.8095466283807091,0.12444444444444444,0.07567567567567568,0.35,0.9361219195849546
21,63,4896,0.8166693081491287,0.11016949152542373,0.07027027027027027,0.2549019607843137,0.9319066147859922
21,63,4946,0.8101600738372039,0.11353711790393013,0.07027027027027027,0.29545454545454547,0.9341763942931258
21,63,4996,0.8127891257936101,0.08658008658008658,0.05405405405405406,0.21739130434782608,0.9315823605706874
21,63,5046,0.8154927607842406,0.0821917808219178,0.04864864864864865,0.2647058823529412,0.9348249027237354
21,63,5096,0.813344769398581,0.09954751131221719,0.05945945945945946,0.3055555555555556,0.935473411154345
21,63,5146,0.8151198456131191,0.10572687224669604,0.06486486486486487,0.2857142857142857,0.9341763942931258
21,63,5196,0.8115044330290967,0.07239819004524888,0.043243243243243246,0.2222222222222222,0.9335278858625162
21,63,5246,0.8151123873096967,0.08928571428571429,0.05405405405405406,0.2564102564102564,0.933852140077821
21,63,5296,0.813933975368953,0.08108108108108109,0.04864864864864865,0.24324324324324326,0.933852140077821
21,63,5346,0.8159719567791317,0.09865470852017937,0.05945945945945946,0.2894736842105263,0.9348249027237354
21,63,5396,0.8151011998545631,0.08968609865470852,0.05405405405405406,0.2631578947368421,0.9341763942931258
21,63,5446,0.8261320306163357,0.11607142857142858,0.07027027027027027,0.3333333333333333,0.9357976653696498
21,63,5496,0.8115137559083747,0.09821428571428571,0.05945945945945946,0.28205128205128205,0.9345006485084306
21,63,5546,0.8172920764849017,0.09777777777777778,0.05945945945945946,0.275,0.9341763942931258
21,63,5596,0.8154983545118074,0.09216589861751152,0.05405405405405406,0.3125,0.9361219195849546
21,63,5646,0.8154312297810056,0.10909090909090909,0.06486486486486487,0.34285714285714286,0.9364461738002594
21,63,5696,0.8127070844559634,0.1004566210045662,0.05945945945945946,0.3235294117647059,0.9361219195849546
21,63,5746,0.805521009108453,0.11764705882352941,0.07027027027027027,0.3611111111111111,0.9367704280155642
21,63,5796,0.8093322021573144,0.09090909090909091,0.05405405405405406,0.2857142857142857,0.9351491569390402
21,63,5846,0.8042008894026832,0.08108108108108109,0.04864864864864865,0.24324324324324326,0.933852140077821
21,63,5896,0.8036676207079795,0.10091743119266056,0.05945945945945946,0.3333333333333333,0.9364461738002594
21,63,5946,0.8018310134902064,0.10714285714285714,0.06486486486486487,0.3076923076923077,0.9351491569390402
21,63,5996,0.8078107082591387,0.09954751131221719,0.05945945945945946,0.3055555555555556,0.935473411154345
21,63,6046,0.8074657617258514,0.10762331838565023,0.06486486486486487,0.3157894736842105,0.935473411154345
21,63,6096,0.8099232727035418,0.08372093023255814,0.04864864864864865,0.3,0.9361219195849546
21,63,6146,0.8126045327839049,0.07373271889400922,0.043243243243243246,0.25,0.9348249027237354
21,63,6196,0.8084539869293232,0.09009009009009009,0.05405405405405406,0.2702702702702703,0.9345006485084306
21,63,6246,0.8068168893281,0.10185185185185185,0.05945945945945946,0.3548387096774194,0.937094682230869
21,63,6296,0.8088530061624232,0.091324200913242,0.05405405405405406,0.29411764705882354,0.935473411154345
21,63,6346,0.8053289577953255,0.08294930875576037,0.04864864864864865,0.28125,0.935473411154345
21,63,6396,0.8031138416788642,0.1085972850678733,0.06486486486486487,0.3333333333333333,0.9361219195849546
21,63,6446,0.8095130660153081,0.08256880733944955,0.04864864864864865,0.2727272727272727,0.9351491569390402
21,63,6496,0.8090898072960854,0.091324200913242,0.05405405405405406,0.29411764705882354,0.935473411154345
21,63,6546,0.8038857760830855,0.10666666666666667,0.06486486486486487,0.3,0.9348249027237354
21,63,6596,0.8092371087886782,0.0990990990990991,0.05945945945945946,0.2972972972972973,0.9351491569390402
21,63,6646,0.8048367097694451,0.08888888888888889,0.05405405405405406,0.25,0.9335278858625162
21,63,6696,0.8139116004586857,0.08450704225352113,0.04864864864864865,0.32142857142857145,0.9367704280155642
21,63,6746,0.8088306312521558,0.09216589861751152,0.05405405405405406,0.3125,0.9361219195849546
21,63,6796,0.8046353355770395,0.091324200913242,0.05405405405405406,0.29411764705882354,0.935473411154345
21,63,6846,0.8145119938841913,0.091324200913242,0.05405405405405406,0.29411764705882354,0.935473411154345
21,63,6896,0.8081929463095383,0.07441860465116279,0.043243243243243246,0.26666666666666666,0.935473411154345
21,63,6946,0.8143199425710635,0.09345794392523364,0.05405405405405406,0.3448275862068966,0.937094682230869
21,63,6996,0.8118158171969831,0.1,0.05945945945945946,0.3142857142857143,0.9357976653696498
21,63,7046,0.8102253339921501,0.10762331838565023,0.06486486486486487,0.3157894736842105,0.935473411154345
21,63,7096,0.8103950103950104,0.1,0.05945945945945946,0.3142857142857143,0.9357976653696498
21,63,7146,0.8160297586306555,0.07511737089201878,0.043243243243243246,0.2857142857142857,0.9361219195849546
21,63,7196,0.8098188564556278,0.1085972850678733,0.06486486486486487,0.3333333333333333,0.9361219195849546
21,63,7246,0.8124628250188788,0.05687203791469194,0.032432432432432434,0.23076923076923078,0.935473411154345
21,63,7296,0.8136076745942217,0.09049773755656108,0.05405405405405406,0.2777777777777778,0.9348249027237354
21,63,7346,0.8149818669998042,0.05825242718446602,0.032432432432432434,0.2857142857142857,0.937094682230869
21,63,7396,0.814090599740824,0.06635071090047394,0.03783783783783784,0.2692307692307692,0.9361219195849546
21,63,7446,0.8149408463309809,0.06542056074766354,0.03783783783783784,0.2413793103448276,0.9351491569390402
21,63,7496,0.8137642989660927,0.09259259259259259,0.05405405405405406,0.3225806451612903,0.9364461738002594
21,63,7546,0.8119761707205654,0.07511737089201878,0.043243243243243246,0.2857142857142857,0.9361219195849546
21,63,7596,0.8110681222788847,0.091324200913242,0.05405405405405406,0.29411764705882354,0.935473411154345
21,63,7646,0.8158973737449075,0.07511737089201878,0.043243243243243246,0.2857142857142857,0.9361219195849546
21,63,7696,0.81575193682817,0.09090909090909091,0.05405405405405406,0.2857142857142857,0.9351491569390402
21,63,7746,0.8163709760122315,0.07582938388625593,0.043243243243243246,0.3076923076923077,0.9367704280155642
21,63,7796,0.8050045215964499,0.09174311926605505,0.05405405405405406,0.30303030303030304,0.9357976653696498
21,63,7846,0.8104639997016679,0.06511627906976744,0.03783783783783784,0.23333333333333334,0.9348249027237354
21,63,7896,0.8135480081668424,0.07655502392344497,0.043243243243243246,0.3333333333333333,0.9374189364461738
21,63,7946,0.8040013797861332,0.08256880733944955,0.04864864864864865,0.2727272727272727,0.9351491569390402
21,63,7996,0.8142919739332296,0.102803738317757,0.05945945945945946,0.3793103448275862,0.9377431906614786
22,64,246,0.6346540745643885,0.08461538461538462,0.05945945945945946,0.14666666666666667,0.9228274967574579
22,64,296,0.6599311971509281,0.059322033898305086,0.03783783783783784,0.13725490196078433,0.9280155642023347
22,64,346,0.6502782879464494,0.05106382978723404,0.032432432432432434,0.12,0.9276913099870299
22,64,396,0.6828058137475178,0.047619047619047616,0.032432432432432434,0.08955223880597014,0.9221789883268483
22,64,446,0.7398282725636985,0.09558823529411764,0.07027027027027027,0.14942528735632185,0.9202334630350194
22,64,496,0.7029022123192528,0.08791208791208792,0.06486486486486487,0.13636363636363635,0.919260700389105
22,64,546,0.7325788016370975,0.1444043321299639,0.10810810810810811,0.21739130434782608,0.9231517509727627
22,64,596,0.7317192321676628,0.11851851851851852,0.08648648648648649,0.18823529411764706,0.9228274967574579
22,64,646,0.7151189133251913,0.1366906474820144,0.10270270270270271,0.20430107526881722,0.9221789883268483
22,64,696,0.709409582055322,0.07258064516129033,0.04864864864864865,0.14285714285714285,0.9254215304798963
22,64,746,0.71290379720873,0.10236220472440945,0.07027027027027027,0.18840579710144928,0.9260700389105059
22,64,796,0.72857928642682,0.0743801652892562,0.04864864864864865,0.15789473684210525,0.9273670557717251
22,64,846,0.7372327829726933,0.0728744939271255,0.04864864864864865,0.14516129032258066,0.9257457846952011
22,64,896,0.7407046232158341,0.08527131782945736,0.05945945945945946,0.1506849315068493,0.9234760051880675
22,64,946,0.7419091392185564,0.0784313725490196,0.05405405405405406,0.14285714285714285,0.9238002594033723
22,64,996,0.7518510576806541,0.10727969348659004,0.07567567567567568,0.18421052631578946,0.9244487678339819
22,64,1046,0.7559941452318134,0.11522633744855967,0.07567567567567568,0.2413793103448276,0.9302853437094682
22,64,1096,0.7577561694153623,0.08130081300813008,0.05405405405405406,0.16393442622950818,0.9267185473411155
22,64,1146,0.7710021162935962,0.11063829787234042,0.07027027027027027,0.26,0.932230869001297
22,64,1196,0.7718262588217745,0.125,0.08108108108108109,0.2727272727272727,0.9319066147859922
22,64,1246,0.7688578540596478,0.08620689655172414,0.05405405405405406,0.2127659574468085,0.9312581063553826
22,64,1296,0.7606667723259652,0.09821428571428571,0.05945945945945946,0.28205128205128205,0.9345006485084306
22,64,1346,0.7677241919394386,0.08771929824561403,0.05405405405405406,0.23255813953488372,0.9325551232166018
22,64,1396,0.7680989716864156,0.07563025210084033,0.04864864864864865,0.16981132075471697,0.9286640726329443
22,64,1446,0.7566709862673989,0.08849557522123894,0.05405405405405406,0.24390243902439024,0.9332036316472114
22,64,1496,0.7688280208459581,0.11403508771929824,0.07027027027027027,0.3023255813953488,0.9345006485084306
22,64,1546,0.7893420844093489,0.09322033898305085,0.05945945945945946,0.21568627450980393,0.930609597924773
22,64,1596,0.785387319019606,0.09691629955947137,0.05945945945945946,0.2619047619047619,0.9335278858625162
22,64,1646,0.7989334626105926,0.08658008658008658,0.05405405405405406,0.21739130434782608,0.9315823605706874
22,64,1696,0.7956163821634674,0.11158798283261803,0.07027027027027027,0.2708333333333333,0.9328793774319066
22,64,1746,0.8008987255624026,0.09523809523809523,0.05945945945945946,0.2391304347826087,0.932230869001297
22,64,1796,0.804756533007654,0.09523809523809523,0.05945945945945946,0.2391304347826087,0.932230869001297
22,64,1846,0.8038708594762407,0.11555555555555555,0.07027027027027027,0.325,0.935473411154345
22,64,1896,0.8023549593056319,0.11063829787234042,0.07027027027027027,0.26,0.932230869001297
22,64,1946,0.8003337590781539,0.13733905579399142,0.08648648648648649,0.3333333333333333,0.9348249027237354
22,64,1996,0.7978837064038858,0.1506276150627615,0.0972972972972973,0.3333333333333333,0.9341763942931258
22,64,2046,0.7960284534275566,0.10212765957446808,0.06486486486486487,0.24,0.9315823605706874
22,64,2096,0.79611608849277,0.1038961038961039,0.06486486486486487,0.2608695652173913,0.9328793774319066
22,64,2146,0.7941284506306927,0.12448132780082988,0.08108108108108109,0.26785714285714285,0.9315823605706874
22,64,2196,0.8042493683749289,0.11063829787234042,0.07027027027027027,0.26,0.932230869001297
22,64,2246,0.7975629993567214,0.09523809523809523,0.05945945945945946,0.2391304347826087,0.932230869001297
22,64,2296,0.803570662763488,0.10762331838565023,0.06486486486486487,0.3157894736842105,0.935473411154345
22,64,2346,0.7973019587369364,0.11353711790393013,0.07027027027027027,0.29545454545454547,0.9341763942931258
22,64,2396,0.7993772316642271,0.08733624454148471,0.05405405405405406,0.22727272727272727,0.932230869001297
22,64,2446,0.799140430530565,0.09565217391304348,0.05945945945945946,0.24444444444444444,0.9325551232166018
22,64,2496,0.802929248669159,0.13100436681222707,0.08108108108108109,0.3409090909090909,0.935473411154345
22,64,2546,0.8031735081062434,0.11158798283261803,0.07027027027027027,0.2708333333333333,0.9328793774319066
22,64,2596,0.7939811491380999,0.07174887892376682,0.043243243243243246,0.21052631578947367,0.9328793774319066
22,64,2646,0.7985941098048722,0.10666666666666667,0.06486486486486487,0.3,0.9348249027237354
22,64,2696,0.8086311216356059,0.08968609865470852,0.05405405405405406,0.2631578947368421,0.9341763942931258
22,64,2746,0.7995002936706973,0.09009009009009009,0.05405405405405406,0.2702702702702703,0.9345006485084306
22,64,2796,0.8056832272078909,0.10666666666666667,0.06486486486486487,0.3,0.9348249027237354
22,64,2846,0.8030634981307627,0.12556053811659193,0.07567567567567568,0.3684210526315789,0.9367704280155642
22,64,2896,0.8012194326095671,0.10434782608695652,0.06486486486486487,0.26666666666666666,0.9332036316472114
22,64,2946,0.7993790962400829,0.10480349344978165,0.06486486486486487,0.2727272727272727,0.9335278858625162
22,64,2996,0.8032779243541575,0.0847457627118644,0.05405405405405406,0.19607843137254902,0.9299610894941635
22,64,3046,0.8041319000960256,0.100418410041841,0.06486486486486487,0.2222222222222222,0.9302853437094682
22,64,3096,0.8037832244110272,0.07142857142857142,0.043243243243243246,0.20512820512820512,0.9325551232166018
22,64,3146,0.7984710477984022,0.07627118644067797,0.04864864864864865,0.17647058823529413,0.9293125810635539
22,64,3196,0.804894511620969,0.09649122807017543,0.05945945945945946,0.2558139534883721,0.9332036316472114
22,64,3246,0.8079412285690314,0.07111111111111111,0.043243243243243246,0.2,0.932230869001297
22,64,3296,0.8130520309892508,0.07894736842105263,0.04864864864864865,0.20930232558139536,0.9319066147859922
22,64,3346,0.8074433868155841,0.11158798283261803,0.07027027027027027,0.2708333333333333,0.9328793774319066
22,64,3396,0.8076969691319467,0.07929515418502203,0.04864864864864865,0.21428571428571427,0.932230869001297
22,64,3446,0.8024332714915675,0.08695652173913043,0.05405405405405406,0.2222222222222222,0.9319066147859922
22,64,3496,0.8091979526957105,0.09606986899563319,0.05945945945945946,0.25,0.9328793774319066
22,64,3546,0.8043910761399551,0.11016949152542373,0.07027027027027027,0.2549019607843137,0.9319066147859922
22,64,3596,0.8077268023456365,0.10344827586206896,0.06486486486486487,0.2553191489361702,0.9325551232166018
22,64,3646,0.8032835180817244,0.08888888888888889,0.05405405405405406,0.25,0.9335278858625162
22,64,3696,0.8043612429262653,0.09821428571428571,0.05945945945945946,0.28205128205128205,0.9345006485084306
22,64,3746,0.8023158032126642,0.09606986899563319,0.05945945945945946,0.25,0.9328793774319066
22,64,3796,0.8129401564379143,0.07929515418502203,0.04864864864864865,0.21428571428571427,0.932230869001297
22,64,3846,0.8107865713246879,0.07111111111111111,0.043243243243243246,0.2,0.932230869001297
22,64,3896,0.8077995208040052,0.08108108108108109,0.04864864864864865,0.24324324324324326,0.933852140077821
22,64,3946,0.8106262178011058,0.10810810810810811,0.06486486486486487,0.32432432432432434,0.9357976653696498
22,64,3996,0.7971565218201989,0.0730593607305936,0.043243243243243246,0.23529411764705882,0.9341763942931258
22,64,4046,0.8038615365969627,0.046511627906976744,0.02702702702702703,0.16666666666666666,0.9335278858625162
22,64,4096,0.7986108909875727,0.06481481481481481,0.03783783783783784,0.22580645161290322,0.9345006485084306
22,64,4146,0.802407167429589,0.07142857142857142,0.043243243243243246,0.20512820512820512,0.9325551232166018
22,64,4196,0.8043705658055434,0.06481481481481481,0.03783783783783784,0.22580645161290322,0.9345006485084306
22,64,4246,0.8030970604961637,0.06481481481481481,0.03783783783783784,0.22580645161290322,0.9345006485084306
22,64,4296,0.8029441652760039,0.06511627906976744,0.03783783783783784,0.23333333333333334,0.9348249027237354
22,64,4346,0.8056813626320352,0.07441860465116279,0.043243243243243246,0.26666666666666666,0.935473411154345
22,64,4396,0.8001006870962029,0.0660377358490566,0.03783783783783784,0.25925925925925924,0.9357976653696498
22,64,4446,0.8006470078218958,0.09090909090909091,0.05405405405405406,0.2857142857142857,0.9351491569390402
22,64,4496,0.7935877236325667,0.0639269406392694,0.03783783783783784,0.20588235294117646,0.9335278858625162
22,64,4546,0.8009807669000494,0.07511737089201878,0.043243243243243246,0.2857142857142857,0.9361219195849546
22,64,4596,0.7981223721134035,0.07441860465116279,0.043243243243243246,0.26666666666666666,0.935473411154345
22,64,4646,0.7968302210454677,0.08571428571428572,0.04864864864864865,0.36,0.9377431906614786
22,64,4696,0.7990527954653517,0.07476635514018691,0.043243243243243246,0.27586206896551724,0.9357976653696498
22,64,4746,0.7978370920074956,0.07441860465116279,0.043243243243243246,0.26666666666666666,0.935473411154345
22,64,4796,0.802407167429589,0.09345794392523364,0.05405405405405406,0.3448275862068966,0.937094682230869
22,64,4846,0.795523153370687,0.07547169811320754,0.043243243243243246,0.2962962962962963,0.9364461738002594
22,64,4896,0.8010497562067069,0.08695652173913043,0.04864864864864865,0.4090909090909091,0.938715953307393
22,64,4946,0.7961272759479038,0.08256880733944955,0.04864864864864865,0.2727272727272727,0.9351491569390402
22,64,4996,0.8000745830342243,0.06635071090047394,0.03783783783783784,0.2692307692307692,0.9361219195849546
22,64,5046,0.8068150247522446,0.06763285024154589,0.03783783783783784,0.3181818181818182,0.9374189364461738
22,64,5096,0.8050996149650859,0.05714285714285714,0.032432432432432434,0.24,0.9357976653696498
22,64,5146,0.8039491716621763,0.08955223880597014,0.04864864864864865,0.5625,0.9406614785992218
22,64,5196,0.8004736022673242,0.08695652173913043,0.04864864864864865,0.4090909090909091,0.938715953307393
22,64,5246,0.7959892973345889,0.05853658536585366,0.032432432432432434,0.3,0.9374189364461738
22,64,5296,0.7997557405629154,0.06763285024154589,0.03783783783783784,0.3181818181818182,0.9374189364461738
22,64,5346,0.7996177619496005,0.0970873786407767,0.05405405405405406,0.47619047619047616,0.9396887159533074
22,64,5396,0.8115454536979201,0.09569377990430622,0.05405405405405406,0.4166666666666667,0.938715953307393
22,64,5446,0.803660162404557,0.08530805687203792,0.04864864864864865,0.34615384615384615,0.9374189364461738
22,64,5496,0.8049784175344714,0.07692307692307693,0.043243243243243246,0.34782608695652173,0.9377431906614786
22,64,5546,0.8029348423967257,0.11594202898550725,0.06486486486486487,0.5454545454545454,0.9406614785992218
22,64,5596,0.8006376849426177,0.07729468599033816,0.043243243243243246,0.36363636363636365,0.9380674448767834
22,64,5646,0.7967873358007888,0.11320754716981132,0.06486486486486487,0.4444444444444444,0.9390402075226978
22,64,5696,0.7923198120507537,0.08737864077669903,0.04864864864864865,0.42857142857142855,0.9390402075226978
22,64,5746,0.7973429794057598,0.0784313725490196,0.043243243243243246,0.42105263157894735,0.9390402075226978
22,64,5796,0.79534788324026,0.08,0.043243243243243246,0.5333333333333333,0.940337224383917
22,64,5846,0.7971266886065093,0.07804878048780488,0.043243243243243246,0.4,0.938715953307393
22,64,5896,0.7871306974445987,0.07920792079207921,0.043243243243243246,0.47058823529411764,0.9396887159533074
22,64,5946,0.7934161826538508,0.05025125628140704,0.02702702702702703,0.35714285714285715,0.938715953307393
22,64,5996,0.7945405218947821,0.06930693069306931,0.03783783783783784,0.4117647058823529,0.9390402075226978
22,64,6046,0.7972534797646906,0.05102040816326531,0.02702702702702703,0.45454545454545453,0.9396887159533074
22,64,6096,0.7978781126763189,0.06930693069306931,0.03783783783783784,0.4117647058823529,0.9390402075226978
22,64,6146,0.7964796807846136,0.04950495049504951,0.02702702702702703,0.29411764705882354,0.9377431906614786
22,64,6196,0.8017545658801264,0.05102040816326531,0.02702702702702703,0.45454545454545453,0.9396887159533074
22,64,6246,0.7987768382387217,0.06796116504854369,0.03783783783783784,0.3333333333333333,0.9377431906614786
22,64,6296,0.794512553256948,0.06930693069306931,0.03783783783783784,0.4117647058823529,0.9390402075226978
22,64,6346,0.8032947055368581,0.0707070707070707,0.03783783783783784,0.5384615384615384,0.940337224383917
22,64,6396,0.8019428880415427,0.07920792079207921,0.043243243243243246,0.47058823529411764,0.9396887159533074
22,64,6446,0.7961627028891602,0.08780487804878048,0.04864864864864865,0.45,0.9393644617380026
22,64,6496,0.8037571203490487,0.05970149253731343,0.032432432432432434,0.375,0.938715953307393
22,64,6546,0.7951073529548865,0.06,0.032432432432432434,0.4,0.9390402075226978
22,64,6596,0.800014916606845,0.06060606060606061,0.032432432432432434,0.46153846153846156,0.9396887159533074
22,64,6646,0.7992634925370352,0.08955223880597014,0.04864864864864865,0.5625,0.9406614785992218
22,64,6696,0.7910705462274968,0.07920792079207921,0.043243243243243246,0.47058823529411764,0.9396887159533074
22,64,6746,0.7971192303030867,0.08780487804878048,0.04864864864864865,0.45,0.9393644617380026
22,64,6796,0.7997277719250814,0.06896551724137931,0.03783783783783784,0.3888888888888889,0.938715953307393
22,64,6846,0.8013163905540588,0.06965174129353234,0.03783783783783784,0.4375,0.9393644617380026
22,64,6896,0.8058118829419278,0.06965174129353234,0.03783783783783784,0.4375,0.9393644617380026
22,64,6946,0.8015494625360096,0.07035175879396985,0.03783783783783784,0.5,0.9400129701686122
22,64,6996,0.800128655734037,0.050761421319796954,0.02702702702702703,0.4166666666666667,0.9393644617380026
22,64,7046,0.8079039370519191,0.06862745098039216,0.03783783783783784,0.3684210526315789,0.9383916990920882
22,64,7096,0.8007309137353982,0.08695652173913043,0.04864864864864865,0.4090909090909091,0.938715953307393
22,64,7146,0.8011168809375088,0.07920792079207921,0.043243243243243246,0.47058823529411764,0.9396887159533074
22,64,7196,0.7990099102206725,0.07804878048780488,0.043243243243243246,0.4,0.938715953307393
22,64,7246,0.798912952276181,0.0594059405940594,0.032432432432432434,0.35294117647058826,0.9383916990920882
22,64,7296,0.802032387682612,0.05970149253731343,0.032432432432432434,0.375,0.938715953307393
22,64,7346,0.8032387682611897,0.07,0.03783783783783784,0.4666666666666667,0.9396887159533074
22,64,7396,0.8000335623654009,0.08653846153846154,0.04864864864864865,0.391304347826087,0.9383916990920882
22,64,7446,0.8003430819574319,0.06896551724137931,0.03783783783783784,0.3888888888888889,0.938715953307393
22,64,7496,0.8037030476492361,0.07035175879396985,0.03783783783783784,0.5,0.9400129701686122
22,64,7546,0.8041841082199827,0.06030150753768844,0.032432432432432434,0.42857142857142855,0.9393644617380026
22,64,7596,0.8071282734959865,0.07035175879396985,0.03783783783783784,0.5,0.9400129701686122
22,64,7646,0.8015550562635766,0.08866995073891626,0.04864864864864865,0.5,0.9400129701686122
22,64,7696,0.7958121626283061,0.0891089108910891,0.04864864864864865,0.5294117647058824,0.940337224383917
22,64,7746,0.8052599684886681,0.06965174129353234,0.03783783783783784,0.4375,0.9393644617380026
22,64,7796,0.8059349449483979,0.06965174129353234,0.03783783783783784,0.4375,0.9393644617380026
22,64,7846,0.8011858702441662,0.06930693069306931,0.03783783783783784,0.4117647058823529,0.9390402075226978
22,64,7896,0.8039883277551438,0.0784313725490196,0.043243243243243246,0.42105263157894735,0.9390402075226978
22,64,7946,0.8035576107324987,0.09803921568627451,0.05405405405405406,0.5263157894736842,0.940337224383917
22,64,7996,0.8006451432460403,0.08780487804878048,0.04864864864864865,0.45,0.9393644617380026
23,65,246,0.6346540745643885,0.08461538461538462,0.05945945945945946,0.14666666666666667,0.9228274967574579
23,65,296,0.6952350764009957,0.12075471698113208,0.08648648648648649,0.2,0.9244487678339819
23,65,346,0.7166460009509337,0.1245136186770428,0.08648648648648649,0.2222222222222222,0.9270428015564203
23,65,396,0.7196572909577392,0.1245136186770428,0.08648648648648649,0.2222222222222222,0.9270428015564203
23,65,446,0.7208282445950608,0.10526315789473684,0.07567567567567568,0.1728395061728395,0.9228274967574579
23,65,496,0.7237202017471076,0.1111111111111111,0.08108108108108109,0.17647058823529413,0.9221789883268483
23,65,546,0.7243942459189096,0.08029197080291971,0.05945945945945946,0.12359550561797752,0.9182879377431906
23,65,596,0.740139656731585,0.05737704918032787,0.03783783783783784,0.11864406779661017,0.9254215304798963
23,65,646,0.7298210939466545,0.09561752988047809,0.06486486486486487,0.18181818181818182,0.9263942931258107
23,65,696,0.7233584740311199,0.07627118644067797,0.04864864864864865,0.17647058823529413,0.9293125810635539
23,65,746,0.7167783858366819,0.06986899563318777,0.043243243243243246,0.18181818181818182,0.9309338521400778
23,65,796,0.7337105991814512,0.08438818565400844,0.05405405405405406,0.19230769230769232,0.9296368352788587
23,65,846,0.7466209224056759,0.09053497942386832,0.05945945945945946,0.1896551724137931,0.9283398184176395
23,65,896,0.7475196479680785,0.08658008658008658,0.05405405405405406,0.21739130434782608,0.9315823605706874
23,65,946,0.7644630487679813,0.1016949152542373,0.06486486486486487,0.23529411764705882,0.9312581063553826
23,65,996,0.7266923356609456,0.07017543859649122,0.043243243243243246,0.18604651162790697,0.9312581063553826
23,65,1046,0.7259427761669914,0.07017543859649122,0.043243243243243246,0.18604651162790697,0.9312581063553826
23,65,1096,0.7285830155785313,0.043668122270742356,0.02702702702702703,0.11363636363636363,0.9289883268482491
23,65,1146,0.7281317882214743,0.05042016806722689,0.032432432432432434,0.11320754716981132,0.9267185473411155
23,65,1196,0.7299497496806913,0.0759493670886076,0.04864864864864865,0.17307692307692307,0.9289883268482491
23,65,1246,0.7283257041104575,0.07964601769911504,0.04864864864864865,0.21951219512195122,0.9325551232166018
23,65,1296,0.7305296327717854,0.0782608695652174,0.04864864864864865,0.2,0.9312581063553826
23,65,1346,0.7372271892451265,0.08264462809917356,0.05405405405405406,0.17543859649122806,0.9280155642023347
23,65,1396,0.7351146248007234,0.059574468085106386,0.03783783783783784,0.14,0.9283398184176395
23,65,1446,0.739817085108565,0.09401709401709402,0.05945945945945946,0.22448979591836735,0.9312581063553826
23,65,1496,0.7476725431882383,0.09361702127659574,0.05945945945945946,0.22,0.9309338521400778
23,65,1546,0.7487595909120573,0.07142857142857142,0.043243243243243246,0.20512820512820512,0.9325551232166018
23,65,1596,0.7429719474562523,0.0851063829787234,0.05405405405405406,0.2,0.9302853437094682
23,65,1646,0.7352488742623272,0.08658008658008658,0.05405405405405406,0.21739130434782608,0.9315823605706874
23,65,1696,0.7385342569199073,0.08547008547008547,0.05405405405405406,0.20408163265306123,0.930609597924773
23,65,1746,0.7427929481741142,0.08979591836734693,0.05945945945945946,0.18333333333333332,0.9276913099870299
23,65,1796,0.745841529698032,0.09565217391304348,0.05945945945945946,0.24444444444444444,0.9325551232166018
23,65,1846,0.7536671545640155,0.09523809523809523,0.05945945945945946,0.2391304347826087,0.932230869001297
23,65,1896,0.7472735239551384,0.09282700421940929,0.05945945945945946,0.21153846153846154,0.9302853437094682
23,65,1946,0.7504731361233604,0.07659574468085106,0.04864864864864865,0.18,0.9296368352788587
23,65,1996,0.7440254328146705,0.0847457627118644,0.05405405405405406,0.19607843137254902,0.9299610894941635
23,65,2046,0.7507397704707122,0.08547008547008547,0.05405405405405406,0.20408163265306123,0.930609597924773
23,65,2096,0.7574802121887324,0.0851063829787234,0.05405405405405406,0.2,0.9302853437094682
23,65,2146,0.766721050129122,0.09243697478991597,0.05945945945945946,0.20754716981132076,0.9299610894941635
23,65,2196,0.7701332239448831,0.11206896551724138,0.07027027027027027,0.2765957446808511,0.9332036316472114
23,65,2246,0.7686359695328305,0.09401709401709402,0.05945945945945946,0.22448979591836735,0.9312581063553826
23,65,2296,0.7758705238525865,0.11814345991561181,0.07567567567567568,0.2692307692307692,0.932230869001297
23,65,2346,0.7824636640780138,0.11864406779661017,0.07567567567567568,0.27450980392156865,0.9325551232166018
23,65,2396,0.7787307832150882,0.12444444444444444,0.07567567567567568,0.35,0.9361219195849546
23,65,2446,0.7792640519097919,0.12173913043478261,0.07567567567567568,0.3111111111111111,0.9345006485084306
23,65,2496,0.7853108714095262,0.15126050420168066,0.0972972972972973,0.33962264150943394,0.9345006485084306
23,65,2546,0.7843599377231665,0.12017167381974249,0.07567567567567568,0.2916666666666667,0.9335278858625162
23,65,2596,0.7794244054333741,0.13675213675213677,0.08648648648648649,0.32653061224489793,0.9345006485084306
23,65,2646,0.7814940846330982,0.1,0.06486486486486487,0.21818181818181817,0.9299610894941635
23,65,2696,0.7736908346773819,0.14285714285714285,0.0918918918918919,0.32075471698113206,0.933852140077821
23,65,2746,0.7833008586371815,0.1557377049180328,0.10270270270270271,0.3220338983050847,0.9332036316472114
23,65,2796,0.7916448355910239,0.11353711790393013,0.07027027027027027,0.29545454545454547,0.9341763942931258
23,65,2846,0.7757717013322395,0.12173913043478261,0.07567567567567568,0.3111111111111111,0.9345006485084306
23,65,2896,0.7778562971388083,0.12121212121212122,0.07567567567567568,0.30434782608695654,0.9341763942931258
23,65,2946,0.778508898688271,0.10619469026548672,0.06486486486486487,0.2926829268292683,0.9345006485084306
23,65,2996,0.7898623010730634,0.13274336283185842,0.08108108108108109,0.36585365853658536,0.9364461738002594
23,65,3046,0.7751918182411457,0.11504424778761062,0.07027027027027027,0.3170731707317073,0.9351491569390402
23,65,3096,0.7865620018086386,0.13157894736842105,0.08108108108108109,0.3488372093023256,0.9357976653696498
23,65,3146,0.7843375628128991,0.12280701754385964,0.07567567567567568,0.32558139534883723,0.9351491569390402
23,65,3196,0.7858329526490961,0.13157894736842105,0.08108108108108109,0.3488372093023256,0.9357976653696498
23,65,3246,0.7862226490029182,0.14345991561181434,0.0918918918918919,0.3269230769230769,0.9341763942931258
23,65,3296,0.7918797721488304,0.10434782608695652,0.06486486486486487,0.26666666666666666,0.9332036316472114
23,65,3346,0.7877646532355053,0.11504424778761062,0.07027027027027027,0.3170731707317073,0.9351491569390402
23,65,3396,0.7925044050604588,0.09009009009009009,0.05405405405405406,0.2702702702702703,0.9345006485084306
23,65,3446,0.7846582698600637,0.12612612612612611,0.07567567567567568,0.3783783783783784,0.937094682230869
23,65,3496,0.7840560118587024,0.09049773755656108,0.05405405405405406,0.2777777777777778,0.9348249027237354
23,65,3546,0.7822100817616513,0.12389380530973451,0.07567567567567568,0.34146341463414637,0.9357976653696498
23,65,3596,0.7884582754537912,0.0990990990990991,0.05945945945945946,0.2972972972972973,0.9351491569390402
23,65,3646,0.788924419417693,0.0881057268722467,0.05405405405405406,0.23809523809523808,0.9328793774319066
23,65,3696,0.7961589737374491,0.08035714285714286,0.04864864864864865,0.23076923076923078,0.9332036316472114
23,65,3746,0.796929043565815,0.1085972850678733,0.06486486486486487,0.3333333333333333,0.9361219195849546
23,65,3796,0.7919711363657551,0.12669683257918551,0.07567567567567568,0.3888888888888889,0.9374189364461738
23,65,3846,0.7983778190056217,0.09009009009009009,0.05405405405405406,0.2702702702702703,0.9345006485084306
23,65,3896,0.7950831134687637,0.09216589861751152,0.05405405405405406,0.3125,0.9361219195849546
23,65,3946,0.7897131350046149,0.11214953271028037,0.06486486486486487,0.41379310344827586,0.9383916990920882
23,65,3996,0.7934310992606958,0.1111111111111111,0.06486486486486487,0.3870967741935484,0.9377431906614786
23,65,4046,0.7899238320762985,0.08490566037735849,0.04864864864864865,0.3333333333333333,0.937094682230869
23,65,4096,0.7922955725646309,0.10138248847926268,0.05945945945945946,0.34375,0.9367704280155642
23,65,4146,0.7906510166599854,0.1085972850678733,0.06486486486486487,0.3333333333333333,0.9361219195849546
23,65,4196,0.7870617081379414,0.09302325581395349,0.05405405405405406,0.3333333333333333,0.9367704280155642
23,65,4246,0.7920941983722254,0.11059907834101383,0.06486486486486487,0.375,0.9374189364461738
23,65,4296,0.7912197122959455,0.11162790697674418,0.06486486486486487,0.4,0.9380674448767834
23,65,4346,0.794445428526146,0.10185185185185185,0.05945945945945946,0.3548387096774194,0.937094682230869
23,65,4396,0.8020212002274782,0.11818181818181818,0.07027027027027027,0.37142857142857144,0.937094682230869
23,65,4446,0.8106038428908384,0.12844036697247707,0.07567567567567568,0.42424242424242425,0.9383916990920882
23,65,4496,0.8019428880415428,0.09302325581395349,0.05405405405405406,0.3333333333333333,0.9367704280155642
23,65,4546,0.7969961682966167,0.11214953271028037,0.06486486486486487,0.41379310344827586,0.9383916990920882
23,65,4596,0.8011299329684981,0.13145539906103287,0.07567567567567568,0.5,0.9400129701686122
23,65,4646,0.7999328752691982,0.11009174311926606,0.06486486486486487,0.36363636363636365,0.937094682230869
23,65,4696,0.8063731202744656,0.12612612612612611,0.07567567567567568,0.3783783783783784,0.937094682230869
23,65,4746,0.8050753754789629,0.091324200913242,0.05405405405405406,0.29411764705882354,0.935473411154345
23,65,4796,0.7981074555065585,0.0947867298578199,0.05405405405405406,0.38461538461538464,0.9380674448767834
23,65,4846,0.7973373856781929,0.10232558139534884,0.05945945945945946,0.36666666666666664,0.9374189364461738
23,65,4896,0.8076167923701556,0.11214953271028037,0.06486486486486487,0.41379310344827586,0.9383916990920882
23,65,4946,0.806223954206017,0.1095890410958904,0.06486486486486487,0.35294117647058826,0.9367704280155642
23,65,4996,0.80925761912309,0.1111111111111111,0.06486486486486487,0.3870967741935484,0.9377431906614786
23,65,5046,0.8043500554711316,0.12612612612612611,0.07567567567567568,0.3783783783783784,0.937094682230869
23,65,5096,0.8028546656349347,0.12093023255813953,0.07027027027027027,0.43333333333333335,0.938715953307393
23,65,5146,0.8032891118092912,0.08294930875576037,0.04864864864864865,0.28125,0.935473411154345
23,65,5196,0.8049112928036696,0.09259259259259259,0.05405405405405406,0.3225806451612903,0.9364461738002594
23,65,5246,0.8055228736843087,0.09174311926605505,0.05405405405405406,0.30303030303030304,0.9357976653696498
23,65,5296,0.8046987311561302,0.09433962264150944,0.05405405405405406,0.37037037037037035,0.9377431906614786
23,65,5346,0.8073203248091141,0.0861244019138756,0.04864864864864865,0.375,0.9380674448767834
23,65,5396,0.8103987395467217,0.0947867298578199,0.05405405405405406,0.38461538461538464,0.9380674448767834
23,65,5446,0.8040330775756784,0.10328638497652583,0.05945945945945946,0.39285714285714285,0.9380674448767834
23,65,5496,0.810587061708138,0.11981566820276497,0.07027027027027027,0.40625,0.9380674448767834
23,65,5546,0.8067087439284749,0.11267605633802817,0.06486486486486487,0.42857142857142855,0.938715953307393
23,65,5596,0.8026271873805507,0.11428571428571428,0.06486486486486487,0.48,0.9396887159533074
23,65,5646,0.8071786170440879,0.12149532710280374,0.07027027027027027,0.4482758620689655,0.9390402075226978
23,65,5696,0.8030038317033832,0.11538461538461539,0.06486486486486487,0.5217391304347826,0.940337224383917
23,65,5746,0.802023064803334,0.12322274881516587,0.07027027027027027,0.5,0.9400129701686122
23,65,5796,0.8019074611002863,0.11374407582938388,0.06486486486486487,0.46153846153846156,0.9393644617380026
23,65,5846,0.8038652657486738,0.11428571428571428,0.06486486486486487,0.48,0.9396887159533074
23,65,5896,0.7923888013574112,0.11428571428571428,0.06486486486486487,0.48,0.9396887159533074
23,65,5946,0.8018310134902064,0.10328638497652583,0.05945945945945946,0.39285714285714285,0.9380674448767834
23,65,5996,0.8034420070294508,0.11320754716981132,0.06486486486486487,0.4444444444444444,0.9390402075226978
23,65,6046,0.8086590902734401,0.10426540284360189,0.05945945945945946,0.4230769230769231,0.938715953307393
23,65,6096,0.7977345403354372,0.10232558139534884,0.05945945945945946,0.36666666666666664,0.9374189364461738
23,65,6146,0.8003057904403196,0.09389671361502347,0.05405405405405406,0.35714285714285715,0.9374189364461738
23,65,6196,0.8105814679805711,0.0947867298578199,0.05405405405405406,0.38461538461538464,0.9380674448767834
23,65,6246,0.8051704688475988,0.102803738317757,0.05945945945945946,0.3793103448275862,0.9377431906614786
23,65,6296,0.7989875353104053,0.10426540284360189,0.05945945945945946,0.4230769230769231,0.938715953307393
23,65,6346,0.8014506400156626,0.10328638497652583,0.05945945945945946,0.39285714285714285,0.9380674448767834
23,65,6396,0.792716966707998,0.1073170731707317,0.05945945945945946,0.55,0.9406614785992218
23,65,6446,0.8047845016454882,0.09569377990430622,0.05405405405405406,0.4166666666666667,0.938715953307393
23,65,6496,0.7963995040228223,0.12037037037037036,0.07027027027027027,0.41935483870967744,0.9383916990920882
23,65,6546,0.7971770321546107,0.10377358490566038,0.05945945945945946,0.4074074074074074,0.9383916990920882
23,65,6596,0.7995655538256434,0.10526315789473684,0.05945945945945946,0.4583333333333333,0.9393644617380026
23,65,6646,0.7950532802550739,0.12264150943396226,0.07027027027027027,0.48148148148148145,0.9396887159533074
23,65,6696,0.797193813337311,0.11320754716981132,0.06486486486486487,0.4444444444444444,0.9390402075226978
23,65,6746,0.8021573142649375,0.10526315789473684,0.05945945945945946,0.4583333333333333,0.9393644617380026
23,65,6796,0.8029124674864586,0.1308411214953271,0.07567567567567568,0.4827586206896552,0.9396887159533074
23,65,6846,0.8009472045346485,0.10476190476190476,0.05945945945945946,0.44,0.9390402075226978
23,65,6896,0.8030504460997735,0.10232558139534884,0.05945945945945946,0.36666666666666664,0.9374189364461738
23,65,6946,0.8035035380326859,0.12380952380952381,0.07027027027027027,0.52,0.940337224383917
23,65,6996,0.805278614247224,0.10185185185185185,0.05945945945945946,0.3548387096774194,0.937094682230869
23,65,7046,0.7973056878886475,0.09345794392523364,0.05405405405405406,0.3448275862068966,0.937094682230869
23,65,7096,0.7947139274493535,0.10679611650485436,0.05945945945945946,0.5238095238095238,0.940337224383917
23,65,7146,0.7998042195351612,0.11320754716981132,0.06486486486486487,0.4444444444444444,0.9390402075226978
23,65,7196,0.801722868090581,0.10426540284360189,0.05945945945945946,0.4230769230769231,0.938715953307393
23,65,7246,0.7971714384270439,0.09523809523809523,0.05405405405405406,0.4,0.9383916990920882
23,65,7296,0.793186839823611,0.09433962264150944,0.05405405405405406,0.37037037037037035,0.9377431906614786
23,65,7346,0.7995226685809645,0.09615384615384616,0.05405405405405406,0.43478260869565216,0.9390402075226978
23,65,7396,0.7992877320231581,0.10426540284360189,0.05945945945945946,0.4230769230769231,0.938715953307393
23,65,7446,0.7987283592664759,0.09523809523809523,0.05405405405405406,0.4,0.9383916990920882
23,65,7496,0.7980981326272807,0.11320754716981132,0.06486486486486487,0.4444444444444444,0.9390402075226978
23,65,7546,0.7928829139591472,0.08450704225352113,0.04864864864864865,0.32142857142857145,0.9367704280155642
23,65,7596,0.8003281653505869,0.09523809523809523,0.05405405405405406,0.4,0.9383916990920882
23,65,7646,0.8004530919329126,0.11320754716981132,0.06486486486486487,0.4444444444444444,0.9390402075226978
23,65,7696,0.796149650858171,0.07655502392344497,0.043243243243243246,0.3333333333333333,0.9374189364461738
23,65,7746,0.8043892115640993,0.08411214953271028,0.04864864864864865,0.3103448275862069,0.9364461738002594
23,65,7796,0.8022001995096166,0.10526315789473684,0.05945945945945946,0.4583333333333333,0.9393644617380026
23,65,7846,0.8066807752906409,0.10426540284360189,0.05945945945945946,0.4230769230769231,0.938715953307393
23,65,7896,0.8077734167420266,0.10784313725490197,0.05945945945945946,0.5789473684210527,0.9409857328145266
23,65,7946,0.8060486840755899,0.09569377990430622,0.05405405405405406,0.4166666666666667,0.938715953307393
23,65,7996,0.8045607525428153,0.10628019323671498,0.05945945945945946,0.5,0.9400129701686122
24,66,246,0.6346540745643885,0.08461538461538462,0.05945945945945946,0.14666666666666667,0.9228274967574579
24,66,296,0.7178533138174393,0.12639405204460966,0.0918918918918919,0.20238095238095238,0.9238002594033723
24,66,346,0.722877413460373,0.0995850622406639,0.06486486486486487,0.21428571428571427,0.9296368352788587
24,66,396,0.6975751190997828,0.09665427509293681,0.07027027027027027,0.15476190476190477,0.9212062256809338
24,66,446,0.7386330794402545,0.16339869281045752,0.13513513513513514,0.2066115702479339,0.9169909208819714
24,66,496,0.7233472865759862,0.1678832116788321,0.12432432432432433,0.25842696629213485,0.9260700389105059
24,66,546,0.7245741774889758,0.15172413793103448,0.11891891891891893,0.20952380952380953,0.9202334630350194
24,66,596,0.7274586763376001,0.11072664359861592,0.08648648648648649,0.15384615384615385,0.9166666666666666
24,66,646,0.728004997063293,0.10526315789473684,0.08108108108108109,0.15,0.9173151750972762
24,66,696,0.7277644667779197,0.13620071684587814,0.10270270270270271,0.20212765957446807,0.9218547341115434
24,66,746,0.758151459496751,0.09701492537313433,0.07027027027027027,0.1566265060240964,0.9215304798962386
24,66,796,0.737186168576303,0.07874015748031496,0.05405405405405406,0.14492753623188406,0.9241245136186771
24,66,846,0.7411595797246022,0.08560311284046693,0.05945945945945946,0.1527777777777778,0.9238002594033723
24,66,896,0.7246133335819435,0.075,0.04864864864864865,0.16363636363636364,0.9280155642023347
24,66,946,0.741782348060375,0.08097165991902834,0.05405405405405406,0.16129032258064516,0.9263942931258107
24,66,996,0.7327316968572575,0.06611570247933884,0.043243243243243246,0.14035087719298245,0.9267185473411155
24,66,1046,0.7373110951586288,0.07086614173228346,0.04864864864864865,0.13043478260869565,0.9234760051880675
24,66,1096,0.7391905876210808,0.07114624505928854,0.04864864864864865,0.1323529411764706,0.9238002594033723
24,66,1146,0.7476837306433719,0.0642570281124498,0.043243243243243246,0.125,0.9244487678339819
24,66,1196,0.7583546982650122,0.09561752988047809,0.06486486486486487,0.18181818181818182,0.9263942931258107
24,66,1246,0.7537007169294164,0.08163265306122448,0.05405405405405406,0.16666666666666666,0.9270428015564203
24,66,1296,0.7493413385790069,0.06611570247933884,0.043243243243243246,0.14035087719298245,0.9267185473411155
24,66,1346,0.7608905214286382,0.08333333333333333,0.05405405405405406,0.18181818181818182,0.9286640726329443
24,66,1396,0.7637339996084391,0.09243697478991597,0.05945945945945946,0.20754716981132076,0.9299610894941635
24,66,1446,0.7591937574000355,0.09401709401709402,0.05945945945945946,0.22448979591836735,0.9312581063553826
24,66,1496,0.7741737598239841,0.0912863070539419,0.05945945945945946,0.19642857142857142,0.9289883268482491
24,66,1546,0.7716304783569358,0.060085836909871244,0.03783783783783784,0.14583333333333334,0.9289883268482491
24,66,1596,0.7701332239448831,0.0912863070539419,0.05945945945945946,0.19642857142857142,0.9289883268482491
24,66,1646,0.7711214491483551,0.0851063829787234,0.05405405405405406,0.2,0.9302853437094682
24,66,1696,0.7802671937201084,0.07758620689655173,0.04864864864864865,0.19148936170212766,0.930609597924773
24,66,1746,0.7714999580470433,0.0851063829787234,0.05405405405405406,0.2,0.9302853437094682
24,66,1796,0.7709088875008157,0.0912863070539419,0.05945945945945946,0.19642857142857142,0.9289883268482491
24,66,1846,0.7690200721590856,0.08403361344537816,0.05405405405405406,0.18867924528301888,0.9293125810635539
24,66,1896,0.7649515676421506,0.06278026905829596,0.03783783783783784,0.18421052631578946,0.932230869001297
24,66,1946,0.7648620680010816,0.08547008547008547,0.05405405405405406,0.20408163265306123,0.930609597924773
24,66,1996,0.7673811099820068,0.100418410041841,0.06486486486486487,0.2222222222222222,0.9302853437094682
24,66,2046,0.7751340163896219,0.10212765957446808,0.06486486486486487,0.24,0.9315823605706874
24,66,2096,0.7758873050352872,0.08097165991902834,0.05405405405405406,0.16129032258064516,0.9263942931258107
24,66,2146,0.776875530238759,0.10084033613445378,0.06486486486486487,0.22641509433962265,0.930609597924773
24,66,2196,0.7656936688326823,0.0851063829787234,0.05405405405405406,0.2,0.9302853437094682
24,66,2246,0.7642728620307095,0.09205020920502092,0.05945945945945946,0.2037037037037037,0.9296368352788587
24,66,2296,0.7696391113431472,0.07792207792207792,0.04864864864864865,0.1956521739130435,0.9309338521400778
24,66,2346,0.7736498140085584,0.09243697478991597,0.05945945945945946,0.20754716981132076,0.9299610894941635
24,66,2396,0.7664096659612354,0.09401709401709402,0.05945945945945946,0.22448979591836735,0.9312581063553826
24,66,2446,0.7591620596104901,0.1087866108786611,0.07027027027027027,0.24074074074074073,0.9309338521400778
24,66,2496,0.7836793675358699,0.06611570247933884,0.043243243243243246,0.14035087719298245,0.9267185473411155
24,66,2546,0.7847291237425766,0.07317073170731707,0.04864864864864865,0.14754098360655737,0.9260700389105059
24,66,2596,0.7850050809692066,0.09016393442622951,0.05945945945945946,0.1864406779661017,0.9280155642023347
24,66,2646,0.7826333404808742,0.06751054852320675,0.043243243243243246,0.15384615384615385,0.9283398184176395
24,66,2696,0.792593904701528,0.09361702127659574,0.05945945945945946,0.22,0.9309338521400778
24,66,2746,0.7823480603749662,0.10526315789473684,0.07027027027027027,0.20967741935483872,0.9283398184176395
24,66,2796,0.7812703355304254,0.06722689075630252,0.043243243243243246,0.1509433962264151,0.9280155642023347
24,66,2846,0.7875502270121104,0.09166666666666666,0.05945945945945946,0.2,0.9293125810635539
24,66,2896,0.7837334402356824,0.058577405857740586,0.03783783783783784,0.12962962962962962,0.9270428015564203
24,66,2946,0.779752570783961,0.096,0.06486486486486487,0.18461538461538463,0.9267185473411155
24,66,2996,0.7828403084008466,0.07346938775510205,0.04864864864864865,0.15,0.9263942931258107
24,66,3046,0.7818819164110643,0.06666666666666667,0.043243243243243246,0.14545454545454545,0.9273670557717251
24,66,3096,0.7904309967090237,0.0502092050209205,0.032432432432432434,0.1111111111111111,0.9263942931258107
24,66,3146,0.7929052888694145,0.1078838174273859,0.07027027027027027,0.23214285714285715,0.9302853437094682
24,66,3196,0.7913036182094478,0.08403361344537816,0.05405405405405406,0.18867924528301888,0.9293125810635539
24,66,3246,0.7897112704287592,0.06557377049180328,0.043243243243243246,0.13559322033898305,0.9260700389105059
24,66,3296,0.7908039118801451,0.05907172995780591,0.03783783783783784,0.1346153846153846,0.9276913099870299
24,66,3346,0.7894800630226639,0.07377049180327869,0.04864864864864865,0.15254237288135594,0.9267185473411155
24,66,3396,0.7871922284478339,0.09561752988047809,0.06486486486486487,0.18181818181818182,0.9263942931258107
24,66,3446,0.7890549397275854,0.09716599190283401,0.06486486486486487,0.1935483870967742,0.9276913099870299
24,66,3496,0.7765604169191613,0.10441767068273092,0.07027027027027027,0.203125,0.9276913099870299
24,66,3546,0.788350130054166,0.06837606837606838,0.043243243243243246,0.16326530612244897,0.9293125810635539
24,66,3596,0.7841734801376057,0.09053497942386832,0.05945945945945946,0.1896551724137931,0.9283398184176395
24,66,3646,0.7910015569208394,0.10256410256410256,0.06486486486486487,0.24489795918367346,0.9319066147859922
24,66,3696,0.7969644705070715,0.0851063829787234,0.05405405405405406,0.2,0.9302853437094682
24,66,3746,0.7958942039659529,0.06751054852320675,0.043243243243243246,0.15384615384615385,0.9283398184176395
24,66,3796,0.801433858832962,0.0847457627118644,0.05405405405405406,0.19607843137254902,0.9299610894941635
24,66,3846,0.7906659332668301,0.08658008658008658,0.05405405405405406,0.21739130434782608,0.9315823605706874
24,66,3896,0.7889020445074257,0.075,0.04864864864864865,0.16363636363636364,0.9280155642023347
24,66,3946,0.7919767300933219,0.07659574468085106,0.04864864864864865,0.18,0.9296368352788587
24,66,3996,0.7974902808983526,0.07964601769911504,0.04864864864864865,0.21951219512195122,0.9325551232166018
24,66,4046,0.7925342382741486,0.07659574468085106,0.04864864864864865,0.18,0.9296368352788587
24,66,4096,0.7982100071786171,0.06986899563318777,0.043243243243243246,0.18181818181818182,0.9309338521400778
24,66,4146,0.7904664236502801,0.08583690987124463,0.05405405405405406,0.20833333333333334,0.9309338521400778
24,66,4196,0.7936921398804806,0.06140350877192982,0.03783783783783784,0.16279069767441862,0.930609597924773
24,66,4246,0.7916261898324679,0.08108108108108109,0.04864864864864865,0.24324324324324326,0.933852140077821
24,66,4296,0.798912952276181,0.0821917808219178,0.04864864864864865,0.2647058823529412,0.9348249027237354
24,66,4346,0.8000074583034225,0.08733624454148471,0.05405405405405406,0.22727272727272727,0.932230869001297
24,66,4396,0.7896012604532785,0.10344827586206896,0.06486486486486487,0.2553191489361702,0.9325551232166018
24,66,4446,0.7982100071786169,0.0782608695652174,0.04864864864864865,0.2,0.9312581063553826
24,66,4496,0.7926330607944958,0.1092436974789916,0.07027027027027027,0.24528301886792453,0.9312581063553826
24,66,4546,0.7972124590958671,0.10434782608695652,0.06486486486486487,0.26666666666666666,0.9332036316472114
24,66,4596,0.7895639689361663,0.08771929824561403,0.05405405405405406,0.23255813953488372,0.9325551232166018
24,66,4646,0.7917082311701146,0.08583690987124463,0.05405405405405406,0.20833333333333334,0.9309338521400778
24,66,4696,0.7989054939727586,0.08928571428571429,0.05405405405405406,0.2564102564102564,0.933852140077821
24,66,4746,0.7971117719996643,0.08849557522123894,0.05405405405405406,0.24390243902439024,0.9332036316472114
24,66,4796,0.7940352218379124,0.08733624454148471,0.05405405405405406,0.22727272727272727,0.932230869001297
24,66,4846,0.7987395467216095,0.11403508771929824,0.07027027027027027,0.3023255813953488,0.9345006485084306
24,66,4896,0.7951241341375871,0.10666666666666667,0.06486486486486487,0.3,0.9348249027237354
24,66,4946,0.7963435667471541,0.08968609865470852,0.05405405405405406,0.2631578947368421,0.9341763942931258
24,66,4996,0.7903228513093983,0.0881057268722467,0.05405405405405406,0.23809523809523808,0.9328793774319066
24,66,5046,0.7903023409749868,0.08888888888888889,0.05405405405405406,0.25,0.9335278858625162
24,66,5096,0.7964498475709237,0.08928571428571429,0.05405405405405406,0.2564102564102564,0.933852140077821
24,66,5146,0.7967556380112434,0.08035714285714286,0.04864864864864865,0.23076923076923078,0.9332036316472114
24,66,5196,0.7949246245210371,0.08968609865470852,0.05405405405405406,0.2631578947368421,0.9341763942931258
24,66,5246,0.7997352302285038,0.09954751131221719,0.05945945945945946,0.3055555555555556,0.935473411154345
24,66,5296,0.8004829251466022,0.09009009009009009,0.05405405405405406,0.2702702702702703,0.9345006485084306
24,66,5346,0.8038820469313743,0.09865470852017937,0.05945945945945946,0.2894736842105263,0.9348249027237354
24,66,5396,0.8083234666194308,0.09090909090909091,0.05405405405405406,0.2857142857142857,0.9351491569390402
24,66,5446,0.8060076634067666,0.08968609865470852,0.05405405405405406,0.2631578947368421,0.9341763942931258
24,66,5496,0.8012548595508237,0.08888888888888889,0.05405405405405406,0.25,0.9335278858625162
24,66,5546,0.8032965701127136,0.09734513274336283,0.05945945945945946,0.2682926829268293,0.933852140077821
24,66,5596,0.8007514240698098,0.09090909090909091,0.05405405405405406,0.2857142857142857,0.9351491569390402
24,66,5646,0.8038652657486738,0.07894736842105263,0.04864864864864865,0.20930232558139536,0.9319066147859922
24,66,5696,0.8044880340844466,0.10434782608695652,0.06486486486486487,0.26666666666666666,0.9332036316472114
24,66,5746,0.7982361112405955,0.08620689655172414,0.05405405405405406,0.2127659574468085,0.9312581063553826
24,66,5796,0.804034942151534,0.09777777777777778,0.05945945945945946,0.275,0.9341763942931258
24,66,5846,0.8041393583994481,0.08849557522123894,0.05405405405405406,0.24390243902439024,0.9332036316472114
24,66,5896,0.8080158116032556,0.07964601769911504,0.04864864864864865,0.21951219512195122,0.9325551232166018
24,66,5946,0.8081146341236027,0.08888888888888889,0.05405405405405406,0.25,0.9335278858625162
24,66,5996,0.8102290631438614,0.09734513274336283,0.05945945945945946,0.2682926829268293,0.933852140077821
24,66,6046,0.8073613454779374,0.07174887892376682,0.043243243243243246,0.21052631578947367,0.9328793774319066
24,66,6096,0.8064943177050801,0.08071748878923767,0.04864864864864865,0.23684210526315788,0.9335278858625162
24,66,6146,0.809865470852018,0.07476635514018691,0.043243243243243246,0.27586206896551724,0.9357976653696498
24,66,6196,0.8055806755358325,0.07239819004524888,0.043243243243243246,0.2222222222222222,0.9335278858625162
24,66,6246,0.8052189478198448,0.10619469026548672,0.06486486486486487,0.2926829268292683,0.9345006485084306
24,66,6296,0.8091065884787858,0.07174887892376682,0.043243243243243246,0.21052631578947367,0.9328793774319066
24,66,6346,0.81430875511593,0.08928571428571429,0.05405405405405406,0.2564102564102564,0.933852140077821
24,66,6396,0.8071320026476977,0.08108108108108109,0.04864864864864865,0.24324324324324326,0.933852140077821
24,66,6446,0.813820236241761,0.0821917808219178,0.04864864864864865,0.2647058823529412,0.9348249027237354
24,66,6496,0.8165014963221241,0.08108108108108109,0.04864864864864865,0.24324324324324326,0.933852140077821
24,66,6546,0.8131750929957208,0.07511737089201878,0.043243243243243246,0.2857142857142857,0.9361219195849546
24,66,6596,0.8156400622768336,0.056074766355140186,0.032432432432432434,0.20689655172413793,0.9345006485084306
24,66,6646,0.8141763702301819,0.06542056074766354,0.03783783783783784,0.2413793103448276,0.9351491569390402
24,66,6696,0.8133839254915488,0.091324200913242,0.05405405405405406,0.29411764705882354,0.935473411154345
24,66,6746,0.8108238628418001,0.07511737089201878,0.043243243243243246,0.2857142857142857,0.9361219195849546
24,66,6796,0.8196283900319774,0.10138248847926268,0.05945945945945946,0.34375,0.9367704280155642
24,66,6846,0.8149613566653926,0.09389671361502347,0.05405405405405406,0.35714285714285715,0.9374189364461738
24,66,6896,0.8047304289456756,0.10232558139534884,0.05945945945945946,0.36666666666666664,0.9374189364461738
24,66,6946,0.809613753111511,0.09090909090909091,0.05405405405405406,0.2857142857142857,0.9351491569390402
24,66,6996,0.8146331913148056,0.09174311926605505,0.05405405405405406,0.30303030303030304,0.9357976653696498
24,66,7046,0.8167457557592087,0.08333333333333333,0.04864864864864865,0.2903225806451613,0.9357976653696498
24,66,7096,0.8130594892926731,0.08333333333333333,0.04864864864864865,0.2903225806451613,0.9357976653696498
24,66,7146,0.812770480035054,0.09302325581395349,0.05405405405405406,0.3333333333333333,0.9367704280155642
24,66,7196,0.8174766694946066,0.10909090909090909,0.06486486486486487,0.34285714285714286,0.9364461738002594
24,66,7246,0.8152466367713005,0.0730593607305936,0.043243243243243246,0.23529411764705882,0.9341763942931258
24,66,7296,0.8174095447638048,0.12669683257918551,0.07567567567567568,0.3888888888888889,0.9374189364461738
24,66,7346,0.8171317229613194,0.1004566210045662,0.05945945945945946,0.3235294117647059,0.9361219195849546
24,66,7396,0.8137642989660926,0.12612612612612611,0.07567567567567568,0.3783783783783784,0.937094682230869
24,66,7446,0.8215022887668628,0.10138248847926268,0.05945945945945946,0.34375,0.9367704280155642
24,66,7496,0.8209373222826137,0.10185185185185185,0.05945945945945946,0.3548387096774194,0.937094682230869
24,66,7546,0.8226471383422056,0.09389671361502347,0.05405405405405406,0.35714285714285715,0.9374189364461738
24,66,7596,0.818890017993157,0.10138248847926268,0.05945945945945946,0.34375,0.9367704280155642
24,66,7646,0.8118754836243627,0.12903225806451613,0.07567567567567568,0.4375,0.938715953307393
24,66,7696,0.8161863830025265,0.102803738317757,0.05945945945945946,0.3793103448275862,0.9377431906614786
24,66,7746,0.8185804984011262,0.10377358490566038,0.05945945945945946,0.4074074074074074,0.9383916990920882
24,66,7796,0.8105460410393146,0.09569377990430622,0.05405405405405406,0.4166666666666667,0.938715953307393
24,66,7846,0.8140216104341667,0.11267605633802817,0.06486486486486487,0.42857142857142855,0.938715953307393
24,66,7896,0.8185077799427576,0.13023255813953488,0.07567567567567568,0.4666666666666667,0.9393644617380026
24,66,7946,0.8118773482002182,0.11214953271028037,0.06486486486486487,0.41379310344827586,0.9383916990920882
24,66,7996,0.8100258243756002,0.102803738317757,0.05945945945945946,0.3793103448275862,0.9377431906614786
25,67,246,0.6346540745643885,0.08461538461538462,0.05945945945945946,0.14666666666666667,0.9228274967574579
25,67,296,0.6521158274521504,0.1015625,0.07027027027027027,0.18309859154929578,0.9254215304798963
25,67,346,0.6454089480995311,0.09923664122137404,0.07027027027027027,0.16883116883116883,0.9234760051880675
25,67,396,0.7163252939037693,0.10358565737051793,0.07027027027027027,0.19696969696969696,0.9270428015564203
25,67,446,0.7156167550786385,0.08368200836820083,0.05405405405405406,0.18518518518518517,0.9289883268482491
25,67,496,0.7528803035529492,0.07407407407407407,0.04864864864864865,0.15517241379310345,0.9270428015564203
25,67,546,0.7619458713629117,0.08,0.05405405405405406,0.15384615384615385,0.9254215304798963
25,67,596,0.7361848913418421,0.07258064516129033,0.04864864864864865,0.14285714285714285,0.9254215304798963
25,67,646,0.7858329526490961,0.07782101167315175,0.05405405405405406,0.1388888888888889,0.9231517509727627
25,67,696,0.768397303823313,0.0796812749003984,0.05405405405405406,0.15151515151515152,0.9250972762645915
25,67,746,0.7735435331847889,0.0873015873015873,0.05945945945945946,0.16417910447761194,0.9254215304798963
25,67,796,0.766336947502867,0.0842911877394636,0.05945945945945946,0.14473684210526316,0.9225032425421531
25,67,846,0.7616475392260146,0.06504065040650407,0.043243243243243246,0.13114754098360656,0.9254215304798963
25,67,896,0.7632827722513821,0.08270676691729323,0.05945945945945946,0.13580246913580246,0.920881971465629
25,67,946,0.7563372271892452,0.05714285714285714,0.03783783783783784,0.11666666666666667,0.9250972762645915
25,67,996,0.7506167084642422,0.05533596837944664,0.03783783783783784,0.10294117647058823,0.9225032425421531
25,67,1046,0.7467514427155684,0.054474708171206226,0.03783783783783784,0.09722222222222222,0.9212062256809338
25,67,1096,0.7571315365037339,0.07633587786259542,0.05405405405405406,0.12987012987012986,0.9215304798962386
25,67,1146,0.7547653897429681,0.09302325581395349,0.06486486486486487,0.1643835616438356,0.9241245136186771
25,67,1196,0.7731240036172773,0.0916030534351145,0.06486486486486487,0.15584415584415584,0.9228274967574579
25,67,1246,0.7650336089797974,0.07905138339920949,0.05405405405405406,0.14705882352941177,0.9244487678339819
25,67,1296,0.7591098514865331,0.064,0.043243243243243246,0.12307692307692308,0.9241245136186771
25,67,1346,0.7656936688326823,0.08130081300813008,0.05405405405405406,0.16393442622950818,0.9267185473411155
25,67,1396,0.760828990425403,0.06504065040650407,0.043243243243243246,0.13114754098360656,0.9254215304798963
25,67,1446,0.7643082889719661,0.08835341365461848,0.05945945945945946,0.171875,0.9263942931258107
25,67,1496,0.7763870113645899,0.0859375,0.05945945945945946,0.15492957746478872,0.9241245136186771
25,67,1546,0.7712668860650923,0.09302325581395349,0.06486486486486487,0.1643835616438356,0.9241245136186771
25,67,1596,0.7762136058100184,0.0959409594095941,0.07027027027027027,0.1511627906976744,0.9205577172503242
25,67,1646,0.780910472390293,0.0873015873015873,0.05945945945945946,0.16417910447761194,0.9254215304798963
25,67,1696,0.7960247242758454,0.0963855421686747,0.06486486486486487,0.1875,0.9270428015564203
25,67,1746,0.7907367871493433,0.10236220472440945,0.07027027027027027,0.18840579710144928,0.9260700389105059
25,67,1796,0.7967388568285431,0.09486166007905138,0.06486486486486487,0.17647058823529413,0.9257457846952011
25,67,1846,0.793281933192247,0.08695652173913043,0.05945945945945946,0.16176470588235295,0.9250972762645915
25,67,1896,0.7921706459823052,0.09230769230769231,0.06486486486486487,0.16,0.9234760051880675
25,67,1946,0.7989893998862609,0.0823045267489712,0.05405405405405406,0.1724137931034483,0.9276913099870299
25,67,1996,0.7924894884536141,0.08764940239043825,0.05945945945945946,0.16666666666666666,0.9257457846952011
25,67,2046,0.8012380783681232,0.0823045267489712,0.05405405405405406,0.1724137931034483,0.9276913099870299
25,67,2096,0.7983330691850871,0.06557377049180328,0.043243243243243246,0.13559322033898305,0.9260700389105059
25,67,2146,0.7980757577170132,0.07468879668049792,0.04864864864864865,0.16071428571428573,0.9276913099870299
25,67,2196,0.8011280683926424,0.06666666666666667,0.043243243243243246,0.14545454545454545,0.9273670557717251
25,67,2246,0.7949824263725608,0.060085836909871244,0.03783783783783784,0.14583333333333334,0.9289883268482491
25,67,2296,0.8027521139628763,0.08658008658008658,0.05405405405405406,0.21739130434782608,0.9315823605706874
25,67,2346,0.8024575109776905,0.06808510638297872,0.043243243243243246,0.16,0.9289883268482491
25,67,2396,0.8016128581151003,0.06722689075630252,0.043243243243243246,0.1509433962264151,0.9280155642023347
25,67,2446,0.8002069679199725,0.060085836909871244,0.03783783783783784,0.14583333333333334,0.9289883268482491
25,67,2496,0.8032816535058688,0.06837606837606838,0.043243243243243246,0.16326530612244897,0.9293125810635539
25,67,2546,0.8056086441736666,0.09361702127659574,0.05945945945945946,0.22,0.9309338521400778
25,67,2596,0.7992373884750568,0.06140350877192982,0.03783783783783784,0.16279069767441862,0.930609597924773
25,67,2646,0.8078181665625612,0.06896551724137931,0.043243243243243246,0.1702127659574468,0.9299610894941635
25,67,2696,0.8016967640286027,0.08620689655172414,0.05405405405405406,0.2127659574468085,0.9312581063553826
25,67,2746,0.8075459384876426,0.058823529411764705,0.03783783783783784,0.1320754716981132,0.9273670557717251
25,67,2796,0.8054725301362073,0.059322033898305086,0.03783783783783784,0.13725490196078433,0.9280155642023347
25,67,2846,0.8120749932409126,0.05172413793103448,0.032432432432432434,0.1276595744680851,0.9286640726329443
25,67,2896,0.7974138332882728,0.05150214592274678,0.032432432432432434,0.125,0.9283398184176395
25,67,2946,0.8052581039128124,0.06866952789699571,0.043243243243243246,0.16666666666666666,0.9296368352788587
25,67,2996,0.8049784175344714,0.06140350877192982,0.03783783783783784,0.16279069767441862,0.930609597924773
25,67,3046,0.803617277159878,0.06956521739130435,0.043243243243243246,0.17777777777777778,0.930609597924773
25,67,3096,0.8032723306265909,0.0611353711790393,0.03783783783783784,0.1590909090909091,0.9302853437094682
25,67,3146,0.7973485731333265,0.044444444444444446,0.02702702702702703,0.125,0.9302853437094682
25,67,3196,0.8047938245247663,0.08583690987124463,0.05405405405405406,0.20833333333333334,0.9309338521400778
25,67,3246,0.8051630105441765,0.05263157894736842,0.032432432432432434,0.13953488372093023,0.9299610894941635
25,67,3296,0.8035296420946646,0.09606986899563319,0.05945945945945946,0.25,0.9328793774319066
25,67,3346,0.7997091261665252,0.03587443946188341,0.021621621621621623,0.10526315789473684,0.9302853437094682
25,67,3396,0.8063582036676207,0.06222222222222222,0.03783783783783784,0.175,0.9315823605706874
25,67,3446,0.8007700698283658,0.07079646017699115,0.043243243243243246,0.1951219512195122,0.9319066147859922
25,67,3496,0.8047938245247662,0.08695652173913043,0.05405405405405406,0.2222222222222222,0.9319066147859922
25,67,3546,0.8114242562673056,0.09649122807017543,0.05945945945945946,0.2558139534883721,0.9332036316472114
25,67,3596,0.8074321993604505,0.08108108108108109,0.04864864864864865,0.24324324324324326,0.933852140077821
25,67,3646,0.8021125644444029,0.09049773755656108,0.05405405405405406,0.2777777777777778,0.9348249027237354
25,67,3696,0.8014692857742185,0.08733624454148471,0.05405405405405406,0.22727272727272727,0.932230869001297
25,67,3746,0.7993846899676498,0.08108108108108109,0.04864864864864865,0.24324324324324326,0.933852140077821
25,67,3796,0.8016874411493246,0.09777777777777778,0.05945945945945946,0.275,0.9341763942931258
25,67,3846,0.8031380811649871,0.09649122807017543,0.05945945945945946,0.2558139534883721,0.9332036316472114
25,67,3896,0.8029329778208703,0.07174887892376682,0.043243243243243246,0.21052631578947367,0.9328793774319066
25,67,3946,0.8036079542806001,0.12875536480686695,0.08108108108108109,0.3125,0.9341763942931258
25,67,3996,0.8085826426633602,0.10256410256410256,0.06486486486486487,0.24489795918367346,0.9319066147859922
25,67,4046,0.8122614508264733,0.06222222222222222,0.03783783783783784,0.175,0.9315823605706874
25,67,4096,0.8131750929957208,0.07207207207207207,0.043243243243243246,0.21621621621621623,0.9332036316472114
25,67,4146,0.8121104201821692,0.0782608695652174,0.04864864864864865,0.2,0.9312581063553826
25,67,4196,0.8090692969616735,0.11158798283261803,0.07027027027027027,0.2708333333333333,0.9328793774319066
25,67,4246,0.8137512469351035,0.09777777777777778,0.05945945945945946,0.275,0.9341763942931258
25,67,4296,0.8107026654111855,0.056338028169014086,0.032432432432432434,0.21428571428571427,0.9348249027237354
25,67,4346,0.8072345543197562,0.0730593607305936,0.043243243243243246,0.23529411764705882,0.9341763942931258
25,67,4396,0.8086423090907395,0.055299539170506916,0.032432432432432434,0.1875,0.9335278858625162
25,67,4446,0.8121943260956714,0.05504587155963303,0.032432432432432434,0.18181818181818182,0.9332036316472114
25,67,4496,0.8099027623691301,0.08968609865470852,0.05405405405405406,0.2631578947368421,0.9341763942931258
25,67,4546,0.8142807864780961,0.07339449541284404,0.043243243243243246,0.24242424242424243,0.9345006485084306
25,67,4596,0.8119575249620093,0.09691629955947137,0.05945945945945946,0.2619047619047619,0.9335278858625162
25,67,4646,0.8108536960554897,0.055299539170506916,0.032432432432432434,0.1875,0.9335278858625162
25,67,4696,0.814332994602053,0.07239819004524888,0.043243243243243246,0.2222222222222222,0.9335278858625162
25,67,4746,0.8067889206902661,0.0730593607305936,0.043243243243243246,0.23529411764705882,0.9341763942931258
25,67,4796,0.8059908822240662,0.08372093023255814,0.04864864864864865,0.3,0.9361219195849546
25,67,4846,0.8111035492201413,0.056338028169014086,0.032432432432432434,0.21428571428571427,0.9348249027237354
25,67,4896,0.8070779299478852,0.04672897196261682,0.02702702702702703,0.1724137931034483,0.933852140077821
25,67,4946,0.8017899928213829,0.0821917808219178,0.04864864864864865,0.2647058823529412,0.9348249027237354
25,67,4996,0.8094328892535172,0.08372093023255814,0.04864864864864865,0.3,0.9361219195849546
25,67,5046,0.8097107110560026,0.056338028169014086,0.032432432432432434,0.21428571428571427,0.9348249027237354
25,67,5096,0.810363312605465,0.03755868544600939,0.021621621621621623,0.14285714285714285,0.9335278858625162
25,67,5146,0.8158526239243727,0.056074766355140186,0.032432432432432434,0.20689655172413793,0.9345006485084306
25,67,5196,0.811265767319579,0.047619047619047616,0.02702702702702703,0.2,0.9351491569390402
25,67,5246,0.8132664572126456,0.03773584905660377,0.021621621621621623,0.14814814814814814,0.933852140077821
25,67,5296,0.8108257274176556,0.04716981132075472,0.02702702702702703,0.18518518518518517,0.9345006485084306
25,67,5346,0.8053867596468494,0.05581395348837209,0.032432432432432434,0.2,0.9341763942931258
25,67,5396,0.8119761707205654,0.08108108108108109,0.04864864864864865,0.24324324324324326,0.933852140077821
25,67,5446,0.8146760765594847,0.08035714285714286,0.04864864864864865,0.23076923076923078,0.9332036316472114
25,67,5496,0.8100854908029796,0.08256880733944955,0.04864864864864865,0.2727272727272727,0.9351491569390402
25,67,5546,0.8123882419846545,0.07339449541284404,0.043243243243243246,0.24242424242424243,0.9345006485084306
25,67,5596,0.8094310246776615,0.07373271889400922,0.043243243243243246,0.25,0.9348249027237354
25,67,5646,0.8143852027260098,0.07476635514018691,0.043243243243243246,0.27586206896551724,0.9357976653696498
25,67,5696,0.8151328976441083,0.07476635514018691,0.043243243243243246,0.27586206896551724,0.9357976653696498
25,67,5746,0.8104938329153577,0.07339449541284404,0.043243243243243246,0.24242424242424243,0.9345006485084306
25,67,5796,0.8133764671881263,0.09954751131221719,0.05945945945945946,0.3055555555555556,0.935473411154345
25,67,5846,0.8151403559475308,0.09049773755656108,0.05405405405405406,0.2777777777777778,0.9348249027237354
25,67,5896,0.7996736992252687,0.08181818181818182,0.04864864864864865,0.2571428571428571,0.9345006485084306
25,67,5946,0.8035072671843972,0.0821917808219178,0.04864864864864865,0.2647058823529412,0.9348249027237354
25,67,5996,0.8036974539216692,0.10138248847926268,0.05945945945945946,0.34375,0.9367704280155642
25,67,6046,0.8008726215004242,0.1145374449339207,0.07027027027027027,0.30952380952380953,0.9348249027237354
25,67,6096,0.7992840028714467,0.07174887892376682,0.043243243243243246,0.21052631578947367,0.9328793774319066
25,67,6146,0.8013592757987376,0.08144796380090498,0.04864864864864865,0.25,0.9341763942931258
25,67,6196,0.8018962736451525,0.1004566210045662,0.05945945945945946,0.3235294117647059,0.9361219195849546
25,67,6246,0.8056906855113133,0.1085972850678733,0.06486486486486487,0.3333333333333333,0.9361219195849546
25,67,6296,0.8060337674687451,0.10185185185185185,0.05945945945945946,0.3548387096774194,0.937094682230869
25,67,6346,0.8039044218416416,0.1004566210045662,0.05945945945945946,0.3235294117647059,0.9361219195849546
25,67,6396,0.8053438744021704,0.10810810810810811,0.06486486486486487,0.32432432432432434,0.9357976653696498
25,67,6446,0.8028639885142128,0.10666666666666667,0.06486486486486487,0.3,0.9348249027237354
25,67,6496,0.8068635037244902,0.09009009009009009,0.05405405405405406,0.2702702702702703,0.9345006485084306
25,67,6546,0.800151030644304,0.10091743119266056,0.05945945945945946,0.3333333333333333,0.9364461738002594
25,67,6596,0.7963491604747212,0.11711711711711711,0.07027027027027027,0.35135135135135137,0.9364461738002594
25,67,6646,0.8027334682043203,0.08333333333333333,0.04864864864864865,0.2903225806451613,0.9357976653696498
25,67,6696,0.8085173825084139,0.09345794392523364,0.05405405405405406,0.3448275862068966,0.937094682230869
25,67,6746,0.8009583919897821,0.1,0.05945945945945946,0.3142857142857143,0.9357976653696498
25,67,6796,0.7990546600412072,0.09302325581395349,0.05405405405405406,0.3333333333333333,0.9367704280155642
25,67,6846,0.8056422065390676,0.09345794392523364,0.05405405405405406,0.3448275862068966,0.937094682230869
25,67,6896,0.8017116806354475,0.09345794392523364,0.05405405405405406,0.3448275862068966,0.937094682230869
25,67,6946,0.8046502521838845,0.09216589861751152,0.05405405405405406,0.3125,0.9361219195849546
25,67,6996,0.808388726774377,0.07511737089201878,0.043243243243243246,0.2857142857142857,0.9361219195849546
25,67,7046,0.8069716491241156,0.09302325581395349,0.05405405405405406,0.3333333333333333,0.9367704280155642
25,67,7096,0.8045570233911041,0.09345794392523364,0.05405405405405406,0.3448275862068966,0.937094682230869
25,67,7146,0.8052040312129998,0.10091743119266056,0.05945945945945946,0.3333333333333333,0.9364461738002594
25,67,7196,0.7987358175698983,0.09433962264150944,0.05405405405405406,0.37037037037037035,0.9377431906614786
25,67,7246,0.802696176687208,0.102803738317757,0.05945945945945946,0.3793103448275862,0.9377431906614786
25,67,7296,0.8026458331391069,0.10328638497652583,0.05945945945945946,0.39285714285714285,0.9380674448767834
25,67,7346,0.8058062892143609,0.11267605633802817,0.06486486486486487,0.42857142857142855,0.938715953307393
25,67,7396,0.8127425113972199,0.10328638497652583,0.05945945945945946,0.39285714285714285,0.9380674448767834
25,67,7446,0.8091979526957105,0.12206572769953052,0.07027027027027027,0.4642857142857143,0.9393644617380026
25,67,7496,0.812371460801954,0.12037037037037036,0.07027027027027027,0.41935483870967744,0.9383916990920882
25,67,7546,0.8126753866664181,0.13574660633484162,0.08108108108108109,0.4166666666666667,0.9380674448767834
25,67,7596,0.811996681054977,0.1278538812785388,0.07567567567567568,0.4117647058823529,0.9380674448767834
25,67,7646,0.8114298499948724,0.11981566820276497,0.07027027027027027,0.40625,0.9380674448767834
25,67,7696,0.8083756747433879,0.10138248847926268,0.05945945945945946,0.34375,0.9367704280155642
25,67,7746,0.8060449549238788,0.11659192825112108,0.07027027027027027,0.34210526315789475,0.9361219195849546
25,67,7796,0.8138948192759851,0.1111111111111111,0.06486486486486487,0.3870967741935484,0.9377431906614786
25,67,7846,0.807642896432134,0.10091743119266056,0.05945945945945946,0.3333333333333333,0.9364461738002594
25,67,7896,0.8095447638048535,0.09345794392523364,0.05405405405405406,0.3448275862068966,0.937094682230869
25,67,7946,0.8033916634813496,0.10185185185185185,0.05945945945945946,0.3548387096774194,0.937094682230869
25,67,7996,0.8079393639931758,0.10232558139534884,0.05945945945945946,0.36666666666666664,0.9374189364461738
26,68,246,0.6346540745643885,0.08461538461538462,0.05945945945945946,0.14666666666666667,0.9228274967574579
26,68,296,0.6812749969700642,0.10909090909090909,0.08108108108108109,0.16666666666666666,0.9205577172503242
26,68,346,0.7193692139880481,0.10894941634241245,0.07567567567567568,0.19444444444444445,0.9257457846952011
26,68,396,0.7119612541137205,0.14736842105263157,0.11351351351351352,0.21,0.9212062256809338
26,68,446,0.7267053876919347,0.0842911877394636,0.05945945945945946,0.14473684210526316,0.9225032425421531
26,68,496,0.7350754687077556,0.11347517730496454,0.08648648648648649,0.16494845360824742,0.9189364461738002
26,68,546,0.7454965831647447,0.125,0.0972972972972973,0.17475728155339806,0.9182879377431906
26,68,596,0.7374975527441895,0.09090909090909091,0.06486486486486487,0.1518987341772152,0.9221789883268483
26,68,646,0.7371432833316242,0.07531380753138076,0.04864864864864865,0.16666666666666666,0.9283398184176395
26,68,696,0.7488826529185274,0.0963855421686747,0.06486486486486487,0.1875,0.9270428015564203
26,68,746,0.7587220197085669,0.07627118644067797,0.04864864864864865,0.17647058823529413,0.9293125810635539
26,68,796,0.7494028695822418,0.09166666666666666,0.05945945945945946,0.2,0.9293125810635539
26,68,846,0.7474003151133196,0.06896551724137931,0.043243243243243246,0.1702127659574468,0.9299610894941635
26,68,896,0.7476986472502167,0.08333333333333333,0.05405405405405406,0.18181818181818182,0.9286640726329443
26,68,946,0.7500853043453941,0.08620689655172414,0.05405405405405406,0.2127659574468085,0.9312581063553826
26,68,996,0.7742427491306416,0.08,0.04864864864864865,0.225,0.9328793774319066
26,68,1046,0.7596617659397928,0.06451612903225806,0.03783783783783784,0.21875,0.9341763942931258
26,68,1096,0.7655128049746884,0.07860262008733625,0.04864864864864865,0.20454545454545456,0.9315823605706874
26,68,1146,0.7578960126045327,0.12195121951219512,0.08108108108108109,0.2459016393442623,0.9299610894941635
26,68,1196,0.7519741196871241,0.10441767068273092,0.07027027027027027,0.203125,0.9276913099870299
26,68,1246,0.7592441009481369,0.08627450980392157,0.05945945945945946,0.15714285714285714,0.9244487678339819
26,68,1296,0.7532830519377604,0.08771929824561403,0.05405405405405406,0.23255813953488372,0.9325551232166018
26,68,1346,0.7582260425309754,0.0851063829787234,0.05405405405405406,0.2,0.9302853437094682
26,68,1396,0.7617016119258272,0.08928571428571429,0.05405405405405406,0.2564102564102564,0.933852140077821
26,68,1446,0.7643903303096128,0.07894736842105263,0.04864864864864865,0.20930232558139536,0.9319066147859922
26,68,1496,0.7534639157957544,0.07894736842105263,0.04864864864864865,0.20930232558139536,0.9319066147859922
26,68,1546,0.7688466666045142,0.07373271889400922,0.043243243243243246,0.25,0.9348249027237354
26,68,1596,0.7807221502288767,0.10619469026548672,0.06486486486486487,0.2926829268292683,0.9345006485084306
26,68,1646,0.770039995152103,0.07407407407407407,0.043243243243243246,0.25806451612903225,0.9351491569390402
26,68,1696,0.7770862273104426,0.09090909090909091,0.05405405405405406,0.2857142857142857,0.9351491569390402
26,68,1746,0.7708660022561369,0.08888888888888889,0.05405405405405406,0.25,0.9335278858625162
26,68,1796,0.7732806279891481,0.09049773755656108,0.05405405405405406,0.2777777777777778,0.9348249027237354
26,68,1846,0.7719474562523891,0.06572769953051644,0.03783783783783784,0.25,0.935473411154345
26,68,1896,0.7713451982510278,0.09090909090909091,0.05405405405405406,0.2857142857142857,0.9351491569390402
26,68,1946,0.7805562029777277,0.08256880733944955,0.04864864864864865,0.2727272727272727,0.9351491569390402
26,68,1996,0.7687254691738996,0.08411214953271028,0.04864864864864865,0.3103448275862069,0.9364461738002594
26,68,2046,0.7914471905503296,0.08071748878923767,0.04864864864864865,0.23684210526315788,0.9335278858625162
26,68,2096,0.7763683656060337,0.08771929824561403,0.05405405405405406,0.23255813953488372,0.9325551232166018
26,68,2146,0.7810111594864958,0.09649122807017543,0.05945945945945946,0.2558139534883721,0.9332036316472114
26,68,2196,0.7693556958130949,0.05405405405405406,0.032432432432432434,0.16216216216216217,0.9319066147859922
26,68,2246,0.7679647222248119,0.08968609865470852,0.05405405405405406,0.2631578947368421,0.9341763942931258
26,68,2296,0.7734074191473295,0.08888888888888889,0.05405405405405406,0.25,0.9335278858625162
26,68,2346,0.7727529530220113,0.1038961038961039,0.06486486486486487,0.2608695652173913,0.9328793774319066
26,68,2396,0.7686695318982315,0.08968609865470852,0.05405405405405406,0.2631578947368421,0.9341763942931258
26,68,2446,0.7792938851234816,0.07111111111111111,0.043243243243243246,0.2,0.932230869001297
26,68,2496,0.7764187091541352,0.08035714285714286,0.04864864864864865,0.23076923076923078,0.9332036316472114
26,68,2546,0.7862002740926508,0.0881057268722467,0.05405405405405406,0.23809523809523808,0.9328793774319066
26,68,2596,0.785212048889179,0.09216589861751152,0.05405405405405406,0.3125,0.9361219195849546
26,68,2646,0.7847981130492341,0.1085972850678733,0.06486486486486487,0.3333333333333333,0.9361219195849546
26,68,2696,0.7891985120684673,0.14096916299559473,0.08648648648648649,0.38095238095238093,0.9367704280155642
26,68,2746,0.7971024491203864,0.12931034482758622,0.08108108108108109,0.3191489361702128,0.9345006485084306
26,68,2796,0.7962093172855506,0.1452991452991453,0.0918918918918919,0.3469387755102041,0.9351491569390402
26,68,2846,0.7960004847897225,0.1532258064516129,0.10270270270270271,0.30158730158730157,0.9319066147859922
26,68,2896,0.8108947167243131,0.11965811965811966,0.07567567567567568,0.2857142857142857,0.9332036316472114
26,68,2946,0.8117430987386145,0.14782608695652175,0.0918918918918919,0.37777777777777777,0.9364461738002594
26,68,2996,0.8118885356553518,0.16101694915254236,0.10270270270270271,0.37254901960784315,0.9357976653696498
26,68,3046,0.8115752869116099,0.12280701754385964,0.07567567567567568,0.32558139534883723,0.9351491569390402
26,68,3096,0.8080698843030681,0.14468085106382977,0.0918918918918919,0.34,0.9348249027237354
26,68,3146,0.8058547681866067,0.1702127659574468,0.10810810810810811,0.4,0.9367704280155642
26,68,3196,0.8049672300793377,0.1645021645021645,0.10270270270270271,0.41304347826086957,0.9374189364461738
26,68,3246,0.7929574969933714,0.14225941422594143,0.0918918918918919,0.3148148148148148,0.9335278858625162
26,68,3296,0.8062817560575409,0.12605042016806722,0.08108108108108109,0.2830188679245283,0.9325551232166018
26,68,3346,0.7988402338178124,0.1440677966101695,0.0918918918918919,0.3333333333333333,0.9345006485084306
26,68,3396,0.799781844624894,0.13852813852813853,0.08648648648648649,0.34782608695652173,0.935473411154345
26,68,3446,0.789636687394535,0.1271186440677966,0.08108108108108109,0.29411764705882354,0.9332036316472114
26,68,3496,0.7913576909092604,0.1276595744680851,0.08108108108108109,0.3,0.9335278858625162
26,68,3546,0.7964050977503893,0.1206896551724138,0.07567567567567568,0.2978723404255319,0.933852140077821
26,68,3596,0.7919002824832422,0.13733905579399142,0.08648648648648649,0.3333333333333333,0.9348249027237354
26,68,3646,0.79454984477406,0.13733905579399142,0.08648648648648649,0.3333333333333333,0.9348249027237354
26,68,3696,0.7947642709974548,0.11206896551724138,0.07027027027027027,0.2765957446808511,0.9332036316472114
26,68,3746,0.7915739817085111,0.10434782608695652,0.06486486486486487,0.26666666666666666,0.9332036316472114
26,68,3796,0.7948183436972674,0.09523809523809523,0.05945945945945946,0.2391304347826087,0.932230869001297
26,68,3846,0.7948090208179894,0.10666666666666667,0.06486486486486487,0.3,0.9348249027237354
26,68,3896,0.7872257908132347,0.09090909090909091,0.05405405405405406,0.2857142857142857,0.9351491569390402
26,68,3946,0.7940874299618693,0.07339449541284404,0.043243243243243246,0.24242424242424243,0.9345006485084306
26,68,3996,0.7911059731687533,0.09606986899563319,0.05945945945945946,0.25,0.9328793774319066
26,68,4046,0.7976077491772559,0.08928571428571429,0.05405405405405406,0.2564102564102564,0.933852140077821
26,68,4096,0.7927542582251103,0.08144796380090498,0.04864864864864865,0.25,0.9341763942931258
26,68,4146,0.7972758546749579,0.09954751131221719,0.05945945945945946,0.3055555555555556,0.935473411154345
26,68,4196,0.7948295311524012,0.1206896551724138,0.07567567567567568,0.2978723404255319,0.933852140077821
26,68,4246,0.7969309081416706,0.09649122807017543,0.05945945945945946,0.2558139534883721,0.9332036316472114
26,68,4296,0.7939363993175652,0.08,0.04864864864864865,0.225,0.9328793774319066
26,68,4346,0.7944361056468681,0.1145374449339207,0.07027027027027027,0.30952380952380953,0.9348249027237354
26,68,4396,0.7909120572797703,0.10256410256410256,0.06486486486486487,0.24489795918367346,0.9319066147859922
26,68,4446,0.8055620297772765,0.11304347826086956,0.07027027027027027,0.28888888888888886,0.933852140077821
26,68,4496,0.8001883221614163,0.07929515418502203,0.04864864864864865,0.21428571428571427,0.932230869001297
26,68,4546,0.8018254197626395,0.10344827586206896,0.06486486486486487,0.2553191489361702,0.9325551232166018
26,68,4596,0.8018328780660618,0.1145374449339207,0.07027027027027027,0.30952380952380953,0.9348249027237354
26,68,4646,0.8051238544512087,0.11304347826086956,0.07027027027027027,0.28888888888888886,0.933852140077821
26,68,4696,0.8029273840933034,0.13852813852813853,0.08648648648648649,0.34782608695652173,0.935473411154345
26,68,4746,0.8057988309109386,0.1702127659574468,0.10810810810810811,0.4,0.9367704280155642
26,68,4796,0.8024127611571558,0.10434782608695652,0.06486486486486487,0.26666666666666666,0.9332036316472114
26,68,4846,0.802843478179801,0.10526315789473684,0.06486486486486487,0.27906976744186046,0.933852140077821
26,68,4896,0.8023493655780651,0.11353711790393013,0.07027027027027027,0.29545454545454547,0.9341763942931258
26,68,4946,0.8053233640677587,0.09523809523809523,0.05945945945945946,0.2391304347826087,0.932230869001297
26,68,4996,0.8050119798998724,0.13733905579399142,0.08648648648648649,0.3333333333333333,0.9348249027237354
26,68,5046,0.8092128693025555,0.12173913043478261,0.07567567567567568,0.3111111111111111,0.9345006485084306
26,68,5096,0.8090637032341067,0.09734513274336283,0.05945945945945946,0.2682926829268293,0.933852140077821
26,68,5146,0.8084539869293234,0.08035714285714286,0.04864864864864865,0.23076923076923078,0.9332036316472114
26,68,5196,0.8121626283061262,0.11255411255411256,0.07027027027027027,0.2826086956521739,0.9335278858625162
26,68,5246,0.8078890204450743,0.11504424778761062,0.07027027027027027,0.3170731707317073,0.9351491569390402
26,68,5296,0.8059685073137988,0.10810810810810811,0.06486486486486487,0.32432432432432434,0.9357976653696498
26,68,5346,0.8059256220691199,0.11504424778761062,0.07027027027027027,0.3170731707317073,0.9351491569390402
26,68,5396,0.8117430987386144,0.09821428571428571,0.05945945945945946,0.28205128205128205,0.9345006485084306
26,68,5446,0.8122036489749495,0.091324200913242,0.05405405405405406,0.29411764705882354,0.935473411154345
26,68,5496,0.810525530704903,0.11009174311926606,0.06486486486486487,0.36363636363636365,0.937094682230869
26,68,5546,0.809552222108276,0.11764705882352941,0.07027027027027027,0.3611111111111111,0.9367704280155642
26,68,5596,0.8070984402822968,0.09216589861751152,0.05405405405405406,0.3125,0.9361219195849546
26,68,5646,0.8068579099969236,0.09954751131221719,0.05945945945945946,0.3055555555555556,0.935473411154345
26,68,5696,0.8058286641246283,0.08411214953271028,0.04864864864864865,0.3103448275862069,0.9364461738002594
26,68,5746,0.8043687012296877,0.07407407407407407,0.043243243243243246,0.25806451612903225,0.9351491569390402
26,68,5796,0.8049094282278139,0.091324200913242,0.05405405405405406,0.29411764705882354,0.935473411154345
26,68,5846,0.8013797861331495,0.08333333333333333,0.04864864864864865,0.2903225806451613,0.9357976653696498
26,68,5896,0.8074564388465734,0.09302325581395349,0.05405405405405406,0.3333333333333333,0.9367704280155642
26,68,5946,0.8052152186681335,0.08450704225352113,0.04864864864864865,0.32142857142857145,0.9367704280155642
26,68,5996,0.8024910733430914,0.07547169811320754,0.043243243243243246,0.2962962962962963,0.9364461738002594
26,68,6046,0.8045924503323607,0.08333333333333333,0.04864864864864865,0.2903225806451613,0.9357976653696498
26,68,6096,0.8096473154769119,0.06451612903225806,0.03783783783783784,0.21875,0.9341763942931258
26,68,6146,0.8035352358222312,0.09954751131221719,0.05945945945945946,0.3055555555555556,0.935473411154345
26,68,6196,0.8056086441736666,0.08256880733944955,0.04864864864864865,0.2727272727272727,0.9351491569390402
26,68,6246,0.8067833269626992,0.06511627906976744,0.03783783783783784,0.23333333333333334,0.9348249027237354
26,68,6296,0.8091755777854434,0.07239819004524888,0.043243243243243246,0.2222222222222222,0.9335278858625162
26,68,6346,0.8054016762536943,0.07441860465116279,0.043243243243243246,0.26666666666666666,0.935473411154345
26,68,6396,0.8030206128860837,0.08144796380090498,0.04864864864864865,0.25,0.9341763942931258
26,68,6446,0.805189114606155,0.09090909090909091,0.05405405405405406,0.2857142857142857,0.9351491569390402
26,68,6496,0.805241322730112,0.07476635514018691,0.043243243243243246,0.27586206896551724,0.9357976653696498
26,68,6546,0.8109972683963715,0.0660377358490566,0.03783783783783784,0.25925925925925924,0.9357976653696498
26,68,6596,0.8109450602724145,0.07547169811320754,0.043243243243243246,0.2962962962962963,0.9364461738002594
26,68,6646,0.812030243420378,0.0660377358490566,0.03783783783783784,0.25925925925925924,0.9357976653696498
26,68,6696,0.8074023661467608,0.07511737089201878,0.043243243243243246,0.2857142857142857,0.9361219195849546
26,68,6746,0.8132664572126455,0.08372093023255814,0.04864864864864865,0.3,0.9361219195849546
26,68,6796,0.8134846125877516,0.08411214953271028,0.04864864864864865,0.3103448275862069,0.9364461738002594
26,68,6846,0.8040312129998228,0.07582938388625593,0.043243243243243246,0.3076923076923077,0.9367704280155642
26,68,6896,0.8134790188601848,0.08256880733944955,0.04864864864864865,0.2727272727272727,0.9351491569390402
26,68,6946,0.8095596804116985,0.07373271889400922,0.043243243243243246,0.25,0.9348249027237354
26,68,6996,0.8086609548492958,0.06542056074766354,0.03783783783783784,0.2413793103448276,0.9351491569390402
26,68,7046,0.8095428992289979,0.07547169811320754,0.043243243243243246,0.2962962962962963,0.9364461738002594
26,68,7096,0.8086385799390284,0.07407407407407407,0.043243243243243246,0.25806451612903225,0.9351491569390402
26,68,7146,0.806484994825802,0.06698564593301436,0.03783783783783784,0.2916666666666667,0.9367704280155642
26,68,7196,0.8072513355024566,0.06542056074766354,0.03783783783783784,0.2413793103448276,0.9351491569390402
26,68,7246,0.8118288692279724,0.06763285024154589,0.03783783783783784,0.3181818181818182,0.9374189364461738
26,68,7296,0.8131489889337423,0.06698564593301436,0.03783783783783784,0.2916666666666667,0.9367704280155642
26,68,7346,0.8152130744058995,0.06542056074766354,0.03783783783783784,0.2413793103448276,0.9351491569390402
26,68,7396,0.8186923729524627,0.06635071090047394,0.03783783783783784,0.2692307692307692,0.9361219195849546
26,68,7446,0.81182141092455,0.06796116504854369,0.03783783783783784,0.3333333333333333,0.9377431906614786
26,68,7496,0.8089164017415139,0.06542056074766354,0.03783783783783784,0.2413793103448276,0.9351491569390402
26,68,7546,0.8092445670921007,0.07511737089201878,0.043243243243243246,0.2857142857142857,0.9361219195849546
26,68,7596,0.8096790132664573,0.0673076923076923,0.03783783783783784,0.30434782608695654,0.937094682230869
26,68,7646,0.8075272927290865,0.0861244019138756,0.04864864864864865,0.375,0.9380674448767834
26,68,7696,0.806015121710189,0.07582938388625593,0.043243243243243246,0.3076923076923077,0.9367704280155642
26,68,7746,0.8098188564556276,0.06635071090047394,0.03783783783783784,0.2692307692307692,0.9361219195849546
26,68,7796,0.8088157146453111,0.06763285024154589,0.03783783783783784,0.3181818181818182,0.9374189364461738
26,68,7846,0.8059368095242534,0.05741626794258373,0.032432432432432434,0.25,0.9361219195849546
26,68,7896,0.8082749876471849,0.06796116504854369,0.03783783783783784,0.3333333333333333,0.9377431906614786
26,68,7946,0.8089126725898027,0.06763285024154589,0.03783783783783784,0.3181818181818182,0.9374189364461738
26,68,7996,0.8111762676785098,0.05687203791469194,0.032432432432432434,0.23076923076923078,0.935473411154345
27,69,246,0.6346540745643885,0.08461538461538462,0.05945945945945946,0.14666666666666667,0.9228274967574579
27,69,296,0.6662250729515303,0.1299638989169675,0.0972972972972973,0.1956521739130435,0.9218547341115434
27,69,346,0.6650084372057466,0.11387900355871886,0.08648648648648649,0.16666666666666666,0.919260700389105
27,69,396,0.7043621752141931,0.1456953642384106,0.11891891891891893,0.18803418803418803,0.9163424124513618
27,69,446,0.7168287293847833,0.11929824561403508,0.0918918918918919,0.17,0.9186121919584954
27,69,496,0.7377240987106458,0.14084507042253522,0.10810810810810811,0.20202020202020202,0.920881971465629
27,69,546,0.7162749503556678,0.12099644128113879,0.0918918918918919,0.17708333333333334,0.9199092088197146
27,69,596,0.7257619123089974,0.1348314606741573,0.0972972972972973,0.21951219512195122,0.9250972762645915
27,69,646,0.7445903992989195,0.11510791366906475,0.08648648648648649,0.17204301075268819,0.9202334630350194
27,69,696,0.7513159244100948,0.11940298507462686,0.08648648648648649,0.1927710843373494,0.9234760051880675
27,69,746,0.756186196544941,0.14705882352941177,0.10810810810810811,0.22988505747126436,0.9247730220492867
27,69,796,0.7336770368160502,0.11522633744855967,0.07567567567567568,0.2413793103448276,0.9302853437094682
27,69,846,0.7600943475382936,0.12698412698412698,0.08648648648648649,0.23880597014925373,0.9286640726329443
27,69,896,0.769972870421301,0.12318840579710146,0.0918918918918919,0.18681318681318682,0.9215304798962386
27,69,946,0.7598426297977866,0.1296928327645051,0.10270270270270271,0.17592592592592593,0.9173151750972762
27,69,996,0.7715969159915348,0.08727272727272728,0.06486486486486487,0.13333333333333333,0.9186121919584954
27,69,1046,0.7714570728023644,0.10752688172043011,0.08108108108108109,0.1595744680851064,0.919260700389105
27,69,1096,0.7687515732358782,0.09885931558935361,0.07027027027027027,0.16666666666666666,0.9231517509727627
27,69,1146,0.7701369530965945,0.12878787878787878,0.0918918918918919,0.21518987341772153,0.9254215304798963
27,69,1196,0.7611459683208561,0.125,0.0918918918918919,0.19540229885057472,0.9228274967574579
27,69,1246,0.7449465332873404,0.09266409266409266,0.06486486486486487,0.16216216216216217,0.9238002594033723
27,69,1296,0.7581626469518846,0.07317073170731707,0.04864864864864865,0.14754098360655737,0.9260700389105059
27,69,1346,0.7510828524281439,0.08979591836734693,0.05945945945945946,0.18333333333333332,0.9276913099870299
27,69,1396,0.7555037617817886,0.0933852140077821,0.06486486486486487,0.16666666666666666,0.9244487678339819
27,69,1446,0.7594622563232429,0.12213740458015267,0.08648648648648649,0.2077922077922078,0.9254215304798963
27,69,1496,0.7526099400538862,0.08064516129032258,0.05405405405405406,0.15873015873015872,0.9260700389105059
27,69,1546,0.756993557890419,0.10276679841897234,0.07027027027027027,0.19117647058823528,0.9263942931258107
27,69,1596,0.7622982761996214,0.1328125,0.0918918918918919,0.23943661971830985,0.9280155642023347
27,69,1646,0.7636072084502578,0.13333333333333333,0.0918918918918919,0.24285714285714285,0.9283398184176395
27,69,1696,0.7604952313472492,0.10980392156862745,0.07567567567567568,0.2,0.9263942931258107
27,69,1746,0.7637750202772625,0.1306122448979592,0.08648648648648649,0.26666666666666666,0.9309338521400778
27,69,1796,0.7718635503388868,0.10038610038610038,0.07027027027027027,0.17567567567567569,0.9244487678339819
27,69,1846,0.7680859196554264,0.10526315789473684,0.07027027027027027,0.20967741935483872,0.9283398184176395
27,69,1896,0.7734018254197628,0.12244897959183673,0.08108108108108109,0.25,0.9302853437094682
27,69,1946,0.7763926050921568,0.11522633744855967,0.07567567567567568,0.2413793103448276,0.9302853437094682
27,69,1996,0.7682611897858536,0.12448132780082988,0.08108108108108109,0.26785714285714285,0.9315823605706874
27,69,2046,0.7735621789433449,0.10126582278481013,0.06486486486486487,0.23076923076923078,0.9309338521400778
27,69,2096,0.7716006451432461,0.09322033898305085,0.05945945945945946,0.21568627450980393,0.930609597924773
27,69,2146,0.7561563633312511,0.0967741935483871,0.06486486486486487,0.19047619047619047,0.9273670557717251
27,69,2196,0.7750538396278307,0.1078838174273859,0.07027027027027027,0.23214285714285715,0.9302853437094682
27,69,2246,0.7641143730829829,0.08403361344537816,0.05405405405405406,0.18867924528301888,0.9293125810635539
27,69,2296,0.7776362771878468,0.09565217391304348,0.05945945945945946,0.24444444444444444,0.9325551232166018
27,69,2346,0.776780436870123,0.09322033898305085,0.05945945945945946,0.21568627450980393,0.930609597924773
27,69,2396,0.7814083141437401,0.09917355371900827,0.06486486486486487,0.21052631578947367,0.9293125810635539
27,69,2446,0.7725236101917717,0.08368200836820083,0.05405405405405406,0.18518518518518517,0.9289883268482491
27,69,2496,0.7757847533632289,0.1,0.06486486486486487,0.21818181818181817,0.9299610894941635
27,69,2546,0.7817625835563056,0.08658008658008658,0.05405405405405406,0.21739130434782608,0.9315823605706874
27,69,2596,0.7765771981018618,0.08620689655172414,0.05405405405405406,0.2127659574468085,0.9312581063553826
27,69,2646,0.775745597270261,0.0851063829787234,0.05405405405405406,0.2,0.9302853437094682
27,69,2696,0.7795605194708334,0.09649122807017543,0.05945945945945946,0.2558139534883721,0.9332036316472114
27,69,2746,0.7851337367032433,0.0995850622406639,0.06486486486486487,0.21428571428571427,0.9296368352788587
27,69,2796,0.7828179334905793,0.1038961038961039,0.06486486486486487,0.2608695652173913,0.9328793774319066
27,69,2846,0.7871568015065774,0.1145374449339207,0.07027027027027027,0.30952380952380953,0.9348249027237354
27,69,2896,0.7797040918117152,0.10526315789473684,0.06486486486486487,0.27906976744186046,0.933852140077821
27,69,2946,0.7835432534984105,0.12280701754385964,0.07567567567567568,0.32558139534883723,0.9351491569390402
27,69,2996,0.7948519060626684,0.10480349344978165,0.06486486486486487,0.2727272727272727,0.9335278858625162
27,69,3046,0.7893793759264611,0.11914893617021277,0.07567567567567568,0.28,0.9328793774319066
27,69,3096,0.7892525847682798,0.11504424778761062,0.07027027027027027,0.3170731707317073,0.9351491569390402
27,69,3146,0.7900972376308701,0.10480349344978165,0.06486486486486487,0.2727272727272727,0.9335278858625162
27,69,3196,0.7903079347025536,0.09734513274336283,0.05945945945945946,0.2682926829268293,0.933852140077821
27,69,3246,0.7897970409181172,0.08695652173913043,0.05405405405405406,0.2222222222222222,0.9319066147859922
27,69,3296,0.7951819359891109,0.13733905579399142,0.08648648648648649,0.3333333333333333,0.9348249027237354
27,69,3346,0.7897056767011924,0.11764705882352941,0.07567567567567568,0.2641509433962264,0.9319066147859922
27,69,3396,0.7878522883007189,0.12121212121212122,0.07567567567567568,0.30434782608695654,0.9341763942931258
27,69,3446,0.8022729179679854,0.10666666666666667,0.06486486486486487,0.3,0.9348249027237354
27,69,3496,0.7963361084437318,0.09865470852017937,0.05945945945945946,0.2894736842105263,0.9348249027237354
27,69,3546,0.8036844018906799,0.11555555555555555,0.07027027027027027,0.325,0.935473411154345
27,69,3596,0.7984635894949796,0.10762331838565023,0.06486486486486487,0.3157894736842105,0.935473411154345
27,69,3646,0.8037571203490486,0.14782608695652175,0.0918918918918919,0.37777777777777777,0.9364461738002594
27,69,3696,0.7889337422969709,0.10572687224669604,0.06486486486486487,0.2857142857142857,0.9341763942931258
27,69,3746,0.794193710785639,0.10619469026548672,0.06486486486486487,0.2926829268292683,0.9345006485084306
27,69,3796,0.796785471224933,0.0944206008583691,0.05945945945945946,0.22916666666666666,0.9315823605706874
27,69,3846,0.79494886400716,0.10480349344978165,0.06486486486486487,0.2727272727272727,0.9335278858625162
27,69,3896,0.7942160856959064,0.08968609865470852,0.05405405405405406,0.2631578947368421,0.9341763942931258
27,69,3946,0.7898567073454965,0.09865470852017937,0.05945945945945946,0.2894736842105263,0.9348249027237354
27,69,3996,0.7921258961617705,0.08035714285714286,0.04864864864864865,0.23076923076923078,0.9332036316472114
27,69,4046,0.7952751647818912,0.091324200913242,0.05405405405405406,0.29411764705882354,0.935473411154345
27,69,4096,0.7963808582642664,0.11764705882352941,0.07027027027027027,0.3611111111111111,0.9367704280155642
27,69,4146,0.7898063637973951,0.09009009009009009,0.05405405405405406,0.2702702702702703,0.9345006485084306
27,69,4196,0.7943727100677773,0.09216589861751152,0.05405405405405406,0.3125,0.9361219195849546
27,69,4246,0.7820515928139247,0.09049773755656108,0.05405405405405406,0.2777777777777778,0.9348249027237354
27,69,4296,0.7879641628520552,0.10714285714285714,0.06486486486486487,0.3076923076923077,0.9351491569390402
27,69,4346,0.7941116694479923,0.0990990990990991,0.05945945945945946,0.2972972972972973,0.9351491569390402
27,69,4396,0.791767897597494,0.11607142857142858,0.07027027027027027,0.3333333333333333,0.9357976653696498
27,69,4446,0.7940109823517896,0.13215859030837004,0.08108108108108109,0.35714285714285715,0.9361219195849546
27,69,4496,0.793324818436926,0.10810810810810811,0.06486486486486487,0.32432432432432434,0.9357976653696498
27,69,4546,0.7956760485908467,0.11059907834101383,0.06486486486486487,0.375,0.9374189364461738
27,69,4596,0.7954467057606072,0.11926605504587157,0.07027027027027027,0.3939393939393939,0.9377431906614786
27,69,4646,0.7974734997156522,0.12727272727272726,0.07567567567567568,0.4,0.9377431906614786
27,69,4696,0.7958177563558729,0.10810810810810811,0.06486486486486487,0.32432432432432434,0.9357976653696498
27,69,4746,0.796653086339185,0.09954751131221719,0.05945945945945946,0.3055555555555556,0.935473411154345
27,69,4796,0.7990733057997632,0.10232558139534884,0.05945945945945946,0.36666666666666664,0.9374189364461738
27,69,4846,0.8049224802588032,0.09433962264150944,0.05405405405405406,0.37037037037037035,0.9377431906614786
27,69,4896,0.7992578988094684,0.09216589861751152,0.05405405405405406,0.3125,0.9361219195849546
27,69,4946,0.7999515210277542,0.10232558139534884,0.05945945945945946,0.36666666666666664,0.9374189364461738
27,69,4996,0.8044861695085911,0.10426540284360189,0.05945945945945946,0.4230769230769231,0.938715953307393
27,69,5046,0.8074900012119742,0.11267605633802817,0.06486486486486487,0.42857142857142855,0.938715953307393
27,69,5096,0.8104229790328445,0.11162790697674418,0.06486486486486487,0.4,0.9380674448767834
27,69,5146,0.8034047155123389,0.10426540284360189,0.05945945945945946,0.4230769230769231,0.938715953307393
27,69,5196,0.8066546712286623,0.13636363636363635,0.08108108108108109,0.42857142857142855,0.9383916990920882
27,69,5246,0.8050418131135619,0.11162790697674418,0.06486486486486487,0.4,0.9380674448767834
27,69,5296,0.7991031390134529,0.1111111111111111,0.06486486486486487,0.3870967741935484,0.9377431906614786
27,69,5346,0.8008204133764671,0.12206572769953052,0.07027027027027027,0.4642857142857143,0.9393644617380026
27,69,5396,0.811109142947708,0.0947867298578199,0.05405405405405406,0.38461538461538464,0.9380674448767834
27,69,5446,0.8017079514837362,0.09389671361502347,0.05405405405405406,0.35714285714285715,0.9374189364461738
27,69,5496,0.8044880340844467,0.08490566037735849,0.04864864864864865,0.3333333333333333,0.937094682230869
27,69,5546,0.8007980384661999,0.09216589861751152,0.05405405405405406,0.3125,0.9361219195849546
27,69,5596,0.8033543719642375,0.12037037037037036,0.07027027027027027,0.41935483870967744,0.9383916990920882
27,69,5646,0.8010031418103167,0.09259259259259259,0.05405405405405406,0.3225806451612903,0.9364461738002594
27,69,5696,0.8057708622731043,0.12844036697247707,0.07567567567567568,0.42424242424242425,0.9383916990920882
27,69,5746,0.8070648779168959,0.1187214611872146,0.07027027027027027,0.38235294117647056,0.9374189364461738
27,69,5796,0.8031548623476875,0.12149532710280374,0.07027027027027027,0.4482758620689655,0.9390402075226978
27,69,5846,0.804599908635783,0.11374407582938388,0.06486486486486487,0.46153846153846156,0.9393644617380026
27,69,5896,0.7969029395038364,0.1111111111111111,0.06486486486486487,0.3870967741935484,0.9377431906614786
27,69,5946,0.793923347286576,0.1111111111111111,0.06486486486486487,0.3870967741935484,0.9377431906614786
27,69,5996,0.7980440599274682,0.10426540284360189,0.05945945945945946,0.4230769230769231,0.938715953307393
27,69,6046,0.8044470134156233,0.11162790697674418,0.06486486486486487,0.4,0.9380674448767834
27,69,6096,0.8037440683180592,0.10138248847926268,0.05945945945945946,0.34375,0.9367704280155642
27,69,6146,0.8105702805254374,0.12037037037037036,0.07027027027027027,0.41935483870967744,0.9383916990920882
27,69,6196,0.8178328034830278,0.12962962962962962,0.07567567567567568,0.45161290322580644,0.9390402075226978
27,69,6246,0.8161323103027139,0.12322274881516587,0.07027027027027027,0.5,0.9400129701686122
27,69,6296,0.815942123565442,0.09803921568627451,0.05405405405405406,0.5263157894736842,0.940337224383917
27,69,6346,0.8169918797721488,0.11374407582938388,0.06486486486486487,0.46153846153846156,0.9393644617380026
27,69,6396,0.8150433980030393,0.10476190476190476,0.05945945945945946,0.44,0.9390402075226978
27,69,6446,0.8070704716444627,0.0966183574879227,0.05405405405405406,0.45454545454545453,0.9393644617380026
27,69,6496,0.8132179782403999,0.0975609756097561,0.05405405405405406,0.5,0.9400129701686122
27,69,6546,0.8127070844559634,0.08653846153846154,0.04864864864864865,0.391304347826087,0.9383916990920882
27,69,6596,0.8193692139880482,0.12149532710280374,0.07027027027027027,0.4482758620689655,0.9390402075226978
27,69,6646,0.8128413339175672,0.102803738317757,0.05945945945945946,0.3793103448275862,0.9377431906614786
27,69,6696,0.8125746995702153,0.12149532710280374,0.07027027027027027,0.4482758620689655,0.9390402075226978
27,69,6746,0.8166581206939951,0.1278538812785388,0.07567567567567568,0.4117647058823529,0.9380674448767834
27,69,6796,0.8139563502792203,0.11214953271028037,0.06486486486486487,0.41379310344827586,0.9383916990920882
27,69,6846,0.8095223888945863,0.12206572769953052,0.07027027027027027,0.4642857142857143,0.9393644617380026
27,69,6896,0.8081407381855814,0.07655502392344497,0.043243243243243246,0.3333333333333333,0.9374189364461738
27,69,6946,0.814498941853202,0.09523809523809523,0.05405405405405406,0.4,0.9383916990920882
27,69,6996,0.8098542833968844,0.09523809523809523,0.05405405405405406,0.4,0.9383916990920882
27,69,7046,0.8150023773342159,0.10426540284360189,0.05945945945945946,0.4230769230769231,0.938715953307393
27,69,7096,0.8101936362026049,0.08695652173913043,0.04864864864864865,0.4090909090909091,0.938715953307393
27,69,7146,0.8121402533958588,0.08653846153846154,0.04864864864864865,0.391304347826087,0.9383916990920882
27,69,7196,0.8072755749885795,0.08571428571428572,0.04864864864864865,0.36,0.9377431906614786
27,69,7246,0.8139507565516533,0.0966183574879227,0.05405405405405406,0.45454545454545453,0.9393644617380026
27,69,7296,0.8109581123034039,0.09569377990430622,0.05405405405405406,0.4166666666666667,0.938715953307393
27,69,7346,0.8159309361103083,0.0975609756097561,0.05405405405405406,0.5,0.9400129701686122
27,69,7396,0.8065670361634487,0.07729468599033816,0.043243243243243246,0.36363636363636365,0.9380674448767834
27,69,7446,0.8130072811687161,0.08780487804878048,0.04864864864864865,0.45,0.9393644617380026
27,69,7496,0.8139171941862525,0.09569377990430622,0.05405405405405406,0.4166666666666667,0.938715953307393
27,69,7546,0.8114074750846052,0.07881773399014778,0.043243243243243246,0.4444444444444444,0.9393644617380026
27,69,7596,0.810477051732657,0.0966183574879227,0.05405405405405406,0.45454545454545453,0.9393644617380026
27,69,7646,0.8109916746688047,0.10628019323671498,0.05945945945945946,0.5,0.9400129701686122
27,69,7696,0.805631019083934,0.06862745098039216,0.03783783783783784,0.3684210526315789,0.9383916990920882
27,69,7746,0.8085397574186812,0.08823529411764706,0.04864864864864865,0.47368421052631576,0.9396887159533074
27,69,7796,0.8138537986071619,0.06896551724137931,0.03783783783783784,0.3888888888888889,0.938715953307393
27,69,7846,0.8118997231104855,0.08737864077669903,0.04864864864864865,0.42857142857142855,0.9390402075226978
27,69,7896,0.809024547141139,0.07692307692307693,0.043243243243243246,0.34782608695652173,0.9377431906614786
27,69,7946,0.8063320996056422,0.07729468599033816,0.043243243243243246,0.36363636363636365,0.9380674448767834
27,69,7996,0.804695002004419,0.07692307692307693,0.043243243243243246,0.34782608695652173,0.9377431906614786
28,70,246,0.6346540745643885,0.08461538461538462,0.05945945945945946,0.14666666666666667,0.9228274967574579
28,70,296,0.666834789256314,0.11333333333333333,0.0918918918918919,0.14782608695652175,0.9137483787289234
28,70,346,0.6410449083094824,0.1310344827586207,0.10270270270270271,0.18095238095238095,0.9182879377431906
28,70,396,0.6494261767804368,0.12779552715654952,0.10810810810810811,0.15625,0.9114785992217899
28,70,446,0.6655044143833383,0.09655172413793103,0.07567567567567568,0.13333333333333333,0.9150453955901426
28,70,496,0.6754948118176818,0.09737827715355805,0.07027027027027027,0.15853658536585366,0.9218547341115434
28,70,546,0.6914257479279902,0.10526315789473684,0.08108108108108109,0.15,0.9173151750972762
28,70,596,0.7027996606471943,0.1037037037037037,0.07567567567567568,0.16470588235294117,0.9215304798962386
28,70,646,0.7018002479885888,0.08148148148148149,0.05945945945945946,0.12941176470588237,0.9195849546044098
28,70,696,0.7162544400212562,0.10071942446043165,0.07567567567567568,0.15053763440860216,0.9189364461738002
28,70,746,0.7220215731426494,0.10294117647058823,0.07567567567567568,0.16091954022988506,0.920881971465629
28,70,796,0.7268209913949825,0.09523809523809523,0.07027027027027027,0.14772727272727273,0.9199092088197146
28,70,846,0.7296346363610937,0.11808118081180811,0.08648648648648649,0.18604651162790697,0.9225032425421531
28,70,896,0.7278949870878123,0.1044776119402985,0.07567567567567568,0.1686746987951807,0.9221789883268483
28,70,946,0.7183110671899909,0.10236220472440945,0.07027027027027027,0.18840579710144928,0.9260700389105059
28,70,996,0.7501263250142173,0.10038610038610038,0.07027027027027027,0.17567567567567569,0.9244487678339819
28,70,1046,0.7581775635587296,0.09448818897637795,0.06486486486486487,0.17391304347826086,0.9254215304798963
28,70,1096,0.7425113972199173,0.11155378486055777,0.07567567567567568,0.21212121212121213,0.9276913099870299
28,70,1146,0.7385678192853082,0.08032128514056225,0.05405405405405406,0.15625,0.9257457846952011
28,70,1196,0.7475569394851908,0.1111111111111111,0.07567567567567568,0.208955223880597,0.9273670557717251
28,70,1246,0.7679982845902129,0.1297709923664122,0.0918918918918919,0.22077922077922077,0.9260700389105059
28,70,1296,0.7630049504488967,0.09375,0.06486486486486487,0.16901408450704225,0.9247730220492867
28,70,1346,0.7598761921631877,0.09448818897637795,0.06486486486486487,0.17391304347826086,0.9254215304798963
28,70,1396,0.7621845370724295,0.05785123966942149,0.03783783783783784,0.12280701754385964,0.9260700389105059
28,70,1446,0.7632268349757139,0.07317073170731707,0.04864864864864865,0.14754098360655737,0.9260700389105059
28,70,1496,0.7561973840000745,0.09205020920502092,0.05945945945945946,0.2037037037037037,0.9296368352788587
28,70,1546,0.7675190885953218,0.08403361344537816,0.05405405405405406,0.18867924528301888,0.9293125810635539
28,70,1596,0.764802401573702,0.06694560669456066,0.043243243243243246,0.14814814814814814,0.9276913099870299
28,70,1646,0.7652219311412137,0.05172413793103448,0.032432432432432434,0.1276595744680851,0.9286640726329443
28,70,1696,0.7580041580041581,0.1078838174273859,0.07027027027027027,0.23214285714285715,0.9302853437094682
28,70,1746,0.7703271398338665,0.11428571428571428,0.07567567567567568,0.23333333333333334,0.9296368352788587
28,70,1796,0.7657346895015056,0.09876543209876543,0.06486486486486487,0.20689655172413793,0.9289883268482491
28,70,1846,0.7652946495995825,0.1087866108786611,0.07027027027027027,0.24074074074074073,0.9309338521400778
28,70,1896,0.7512487996792929,0.07860262008733625,0.04864864864864865,0.20454545454545456,0.9315823605706874
28,70,1946,0.7549928679973524,0.09401709401709402,0.05945945945945946,0.22448979591836735,0.9312581063553826
28,70,1996,0.7612298742343586,0.08583690987124463,0.05405405405405406,0.20833333333333334,0.9309338521400778
28,70,2046,0.7562290817896199,0.0851063829787234,0.05405405405405406,0.2,0.9302853437094682
28,70,2096,0.7547579314395458,0.07627118644067797,0.04864864864864865,0.17647058823529413,0.9293125810635539
28,70,2146,0.7599153482561554,0.10256410256410256,0.06486486486486487,0.24489795918367346,0.9319066147859922
28,70,2196,0.7525801068401966,0.06896551724137931,0.043243243243243246,0.1702127659574468,0.9299610894941635
28,70,2246,0.7605660852297624,0.07142857142857142,0.043243243243243246,0.20512820512820512,0.9325551232166018
28,70,2296,0.7548698059908823,0.07563025210084033,0.04864864864864865,0.16981132075471697,0.9286640726329443
28,70,2346,0.7546702963743323,0.061946902654867256,0.03783783783783784,0.17073170731707318,0.9312581063553826
28,70,2396,0.7711997613342905,0.07017543859649122,0.043243243243243246,0.18604651162790697,0.9312581063553826
28,70,2446,0.7784343156540466,0.05982905982905983,0.03783783783783784,0.14285714285714285,0.9286640726329443
28,70,2496,0.770200348675685,0.08658008658008658,0.05405405405405406,0.21739130434782608,0.9315823605706874
28,70,2546,0.7782105665513738,0.10434782608695652,0.06486486486486487,0.26666666666666666,0.9332036316472114
28,70,2596,0.7818744581076419,0.11304347826086956,0.07027027027027027,0.28888888888888886,0.933852140077821
28,70,2646,0.7810130240623514,0.08071748878923767,0.04864864864864865,0.23684210526315788,0.9335278858625162
28,70,2696,0.7780595359070696,0.13333333333333333,0.08648648648648649,0.2909090909090909,0.9325551232166018
28,70,2746,0.7877273617183932,0.11158798283261803,0.07027027027027027,0.2708333333333333,0.9328793774319066
28,70,2796,0.7732638468064477,0.09565217391304348,0.05945945945945946,0.24444444444444444,0.9325551232166018
28,70,2846,0.7807407959874327,0.11158798283261803,0.07027027027027027,0.2708333333333333,0.9328793774319066
28,70,2896,0.7829260788902045,0.08928571428571429,0.05405405405405406,0.2564102564102564,0.933852140077821
28,70,2946,0.78444757278838,0.08928571428571429,0.05405405405405406,0.2564102564102564,0.933852140077821
28,70,2996,0.7822473732787634,0.10762331838565023,0.06486486486486487,0.3157894736842105,0.935473411154345
28,70,3046,0.7738586465043864,0.10434782608695652,0.06486486486486487,0.26666666666666666,0.9332036316472114
28,70,3096,0.7722961319373874,0.09821428571428571,0.05945945945945946,0.28205128205128205,0.9345006485084306
28,70,3146,0.7832393276339465,0.09954751131221719,0.05945945945945946,0.3055555555555556,0.935473411154345
28,70,3196,0.7862468884890408,0.1085972850678733,0.06486486486486487,0.3333333333333333,0.9361219195849546
28,70,3246,0.7810782842172977,0.07441860465116279,0.043243243243243246,0.26666666666666666,0.935473411154345
28,70,3296,0.7782422643409191,0.09777777777777778,0.05945945945945946,0.275,0.9341763942931258
28,70,3346,0.7787885850666121,0.1145374449339207,0.07027027027027027,0.30952380952380953,0.9348249027237354
28,70,3396,0.7777798495287285,0.06451612903225806,0.03783783783783784,0.21875,0.9341763942931258
28,70,3446,0.772450891733403,0.07142857142857142,0.043243243243243246,0.20512820512820512,0.9325551232166018
28,70,3496,0.7731258681931328,0.05581395348837209,0.032432432432432434,0.2,0.9341763942931258
28,70,3546,0.7847701444114,0.09049773755656108,0.05405405405405406,0.2777777777777778,0.9348249027237354
28,70,3596,0.7798047789079179,0.11607142857142858,0.07027027027027027,0.3333333333333333,0.9357976653696498
28,70,3646,0.7816768130669476,0.11403508771929824,0.07027027027027027,0.3023255813953488,0.9345006485084306
28,70,3696,0.7831908486617007,0.09865470852017937,0.05945945945945946,0.2894736842105263,0.9348249027237354
28,70,3746,0.7892973345888145,0.09049773755656108,0.05405405405405406,0.2777777777777778,0.9348249027237354
28,70,3796,0.7826892777565424,0.08071748878923767,0.04864864864864865,0.23684210526315788,0.9335278858625162
28,70,3846,0.7851467887342327,0.09777777777777778,0.05945945945945946,0.275,0.9341763942931258
28,70,3896,0.7911358063824432,0.10526315789473684,0.06486486486486487,0.27906976744186046,0.933852140077821
28,70,3946,0.77971900841856,0.09649122807017543,0.05945945945945946,0.2558139534883721,0.9332036316472114
28,70,3996,0.7858609212869303,0.0990990990990991,0.05945945945945946,0.2972972972972973,0.9351491569390402
28,70,4046,0.7791931980272789,0.09649122807017543,0.05945945945945946,0.2558139534883721,0.9332036316472114
28,70,4096,0.7902482682751742,0.1085972850678733,0.06486486486486487,0.3333333333333333,0.9361219195849546
28,70,4146,0.7851747573720668,0.11764705882352941,0.07027027027027027,0.3611111111111111,0.9367704280155642
28,70,4196,0.7865247102915265,0.12389380530973451,0.07567567567567568,0.34146341463414637,0.9357976653696498
28,70,4246,0.7884191193608234,0.125,0.07567567567567568,0.358974358974359,0.9364461738002594
28,70,4296,0.7961738903442939,0.10232558139534884,0.05945945945945946,0.36666666666666664,0.9374189364461738
28,70,4346,0.800878215227991,0.10714285714285714,0.06486486486486487,0.3076923076923077,0.9351491569390402
28,70,4396,0.7938040144318171,0.12556053811659193,0.07567567567567568,0.3684210526315789,0.9367704280155642
28,70,4446,0.7975163849603313,0.11764705882352941,0.07027027027027027,0.3611111111111111,0.9367704280155642
28,70,4496,0.7975051975051975,0.12556053811659193,0.07567567567567568,0.3684210526315789,0.9367704280155642
28,70,4546,0.7943167727921092,0.1,0.05945945945945946,0.3142857142857143,0.9357976653696498
28,70,4596,0.7997520114112043,0.125,0.07567567567567568,0.358974358974359,0.9364461738002594
28,70,4646,0.8059256220691198,0.11818181818181818,0.07027027027027027,0.37142857142857144,0.937094682230869
28,70,4696,0.8011373912719204,0.12280701754385964,0.07567567567567568,0.32558139534883723,0.9351491569390402
28,70,4746,0.8043332742884313,0.09821428571428571,0.05945945945945946,0.28205128205128205,0.9345006485084306
28,70,4796,0.8003654568676991,0.11711711711711711,0.07027027027027027,0.35135135135135137,0.9364461738002594
28,70,4846,0.800331894502298,0.11555555555555555,0.07027027027027027,0.325,0.935473411154345
28,70,4896,0.8056720397527573,0.09174311926605505,0.05405405405405406,0.30303030303030304,0.9357976653696498
28,70,4946,0.8082376961300728,0.09090909090909091,0.05405405405405406,0.2857142857142857,0.9351491569390402
28,70,4996,0.8051108024202195,0.10232558139534884,0.05945945945945946,0.36666666666666664,0.9374189364461738
28,70,5046,0.8015438688084429,0.09389671361502347,0.05405405405405406,0.35714285714285715,0.9374189364461738
28,70,5096,0.8020752729272909,0.09259259259259259,0.05405405405405406,0.3225806451612903,0.9364461738002594
28,70,5146,0.8078237602901279,0.091324200913242,0.05405405405405406,0.29411764705882354,0.935473411154345
28,70,5196,0.8098524188210287,0.1004566210045662,0.05945945945945946,0.3235294117647059,0.9361219195849546
28,70,5246,0.8043873469882438,0.11009174311926606,0.06486486486486487,0.36363636363636365,0.937094682230869
28,70,5296,0.8111557573440982,0.09174311926605505,0.05405405405405406,0.30303030303030304,0.9357976653696498
28,70,5346,0.8090842135685186,0.09174311926605505,0.05405405405405406,0.30303030303030304,0.9357976653696498
28,70,5396,0.8027949992075553,0.08968609865470852,0.05405405405405406,0.2631578947368421,0.9341763942931258
28,70,5446,0.8077417189524814,0.08181818181818182,0.04864864864864865,0.2571428571428571,0.9345006485084306
28,70,5496,0.8110438827927617,0.10377358490566038,0.05945945945945946,0.4074074074074074,0.9383916990920882
28,70,5546,0.8094795036499071,0.09821428571428571,0.05945945945945946,0.28205128205128205,0.9345006485084306
28,70,5596,0.8128003132487437,0.09090909090909091,0.05405405405405406,0.2857142857142857,0.9351491569390402
28,70,5646,0.8120246496928112,0.13574660633484162,0.08108108108108109,0.4166666666666667,0.9380674448767834
28,70,5696,0.8145996289494047,0.1085972850678733,0.06486486486486487,0.3333333333333333,0.9361219195849546
28,70,5746,0.8150098356376383,0.12612612612612611,0.07567567567567568,0.3783783783783784,0.937094682230869
28,70,5796,0.810083626227124,0.08450704225352113,0.04864864864864865,0.32142857142857145,0.9367704280155642
28,70,5846,0.8082376961300728,0.10328638497652583,0.05945945945945946,0.39285714285714285,0.9380674448767834
28,70,5896,0.8068001081453996,0.11214953271028037,0.06486486486486487,0.41379310344827586,0.9383916990920882
28,70,5946,0.8147469304419978,0.09433962264150944,0.05405405405405406,0.37037037037037035,0.9377431906614786
28,70,5996,0.8023493655780652,0.11214953271028037,0.06486486486486487,0.41379310344827586,0.9383916990920882
28,70,6046,0.7985997035324389,0.07511737089201878,0.043243243243243246,0.2857142857142857,0.9361219195849546
28,70,6096,0.8054781238637742,0.07547169811320754,0.043243243243243246,0.2962962962962963,0.9364461738002594
28,70,6146,0.8048740012865573,0.09259259259259259,0.05405405405405406,0.3225806451612903,0.9364461738002594
28,70,6196,0.8092557545472344,0.09259259259259259,0.05405405405405406,0.3225806451612903,0.9364461738002594
28,70,6246,0.809119640509775,0.10232558139534884,0.05945945945945946,0.36666666666666664,0.9374189364461738
28,70,6296,0.8085677260565154,0.08294930875576037,0.04864864864864865,0.28125,0.935473411154345
28,70,6346,0.8074060952984721,0.08372093023255814,0.04864864864864865,0.3,0.9361219195849546
28,70,6396,0.8134958000428852,0.08571428571428572,0.04864864864864865,0.36,0.9377431906614786
28,70,6446,0.8060915693202688,0.08333333333333333,0.04864864864864865,0.2903225806451613,0.9357976653696498
28,70,6496,0.808222779523228,0.08450704225352113,0.04864864864864865,0.32142857142857145,0.9367704280155642
28,70,6546,0.809423566374239,0.07407407407407407,0.043243243243243246,0.25806451612903225,0.9351491569390402
28,70,6596,0.8138966838518408,0.091324200913242,0.05405405405405406,0.29411764705882354,0.935473411154345
28,70,6646,0.8091159113580638,0.09216589861751152,0.05405405405405406,0.3125,0.9361219195849546
28,70,6696,0.8110233724583501,0.09216589861751152,0.05405405405405406,0.3125,0.9361219195849546
28,70,6746,0.8178253451796053,0.0947867298578199,0.05405405405405406,0.38461538461538464,0.9380674448767834
28,70,6796,0.8095596804116983,0.10328638497652583,0.05945945945945946,0.39285714285714285,0.9380674448767834
28,70,6846,0.8139899126446211,0.08571428571428572,0.04864864864864865,0.36,0.9377431906614786
28,70,6896,0.8136878513560128,0.102803738317757,0.05945945945945946,0.3793103448275862,0.9377431906614786
28,70,6946,0.809039463747984,0.09302325581395349,0.05405405405405406,0.3333333333333333,0.9367704280155642
28,70,6996,0.8097330859662699,0.10377358490566038,0.05945945945945946,0.4074074074074074,0.9383916990920882
28,70,7046,0.8060785172892796,0.08372093023255814,0.04864864864864865,0.3,0.9361219195849546
28,70,7096,0.8117244529800585,0.09615384615384616,0.05405405405405406,0.43478260869565216,0.9390402075226978
28,70,7146,0.811290006805702,0.09345794392523364,0.05405405405405406,0.3448275862068966,0.937094682230869
28,70,7196,0.8101936362026049,0.1111111111111111,0.06486486486486487,0.3870967741935484,0.9377431906614786
28,70,7246,0.8148233780520776,0.0966183574879227,0.05405405405405406,0.45454545454545453,0.9393644617380026
28,70,7296,0.8112732256230015,0.08653846153846154,0.04864864864864865,0.391304347826087,0.9383916990920882
28,70,7346,0.8088343604038671,0.0861244019138756,0.04864864864864865,0.375,0.9380674448767834
28,70,7396,0.8117953068625714,0.10377358490566038,0.05945945945945946,0.4074074074074074,0.9383916990920882
28,70,7446,0.8072532000783122,0.07881773399014778,0.043243243243243246,0.4444444444444444,0.9393644617380026
28,70,7496,0.8120022747825439,0.08411214953271028,0.04864864864864865,0.3103448275862069,0.9364461738002594
28,70,7546,0.8082246440990837,0.08695652173913043,0.04864864864864865,0.4090909090909091,0.938715953307393
28,70,7596,0.8081593839441373,0.09615384615384616,0.05405405405405406,0.43478260869565216,0.9390402075226978
28,70,7646,0.8128730317071124,0.10576923076923077,0.05945945945945946,0.4782608695652174,0.9396887159533074
28,70,7696,0.8168650886139676,0.06796116504854369,0.03783783783783784,0.3333333333333333,0.9377431906614786
28,70,7746,0.8157668534350148,0.0784313725490196,0.043243243243243246,0.42105263157894735,0.9390402075226978
28,70,7796,0.8113291628986697,0.0966183574879227,0.05405405405405406,0.45454545454545453,0.9393644617380026
28,70,7846,0.8166618498457064,0.08695652173913043,0.04864864864864865,0.4090909090909091,0.938715953307393
28,70,7896,0.8196283900319774,0.09433962264150944,0.05405405405405406,0.37037037037037035,0.9377431906614786
28,70,7946,0.817305128515891,0.08653846153846154,0.04864864864864865,0.391304347826087,0.9383916990920882
28,70,7996,0.8092538899713788,0.09433962264150944,0.05405405405405406,0.37037037037037035,0.9377431906614786
29,71,246,0.6346540745643885,0.08461538461538462,0.05945945945945946,0.14666666666666667,0.9228274967574579
29,71,296,0.6911441969737933,0.0933852140077821,0.06486486486486487,0.16666666666666666,0.9244487678339819
29,71,346,0.7133065455935412,0.1044776119402985,0.07567567567567568,0.1686746987951807,0.9221789883268483
29,71,396,0.6937564677474991,0.11149825783972125,0.08648648648648649,0.1568627450980392,0.9173151750972762
29,71,446,0.7423883352134472,0.16326530612244897,0.15135135135135136,0.17721518987341772,0.9069390402075227
29,71,496,0.7425710636472969,0.1641337386018237,0.14594594594594595,0.1875,0.9108300907911803
29,71,546,0.7378070723362202,0.1563517915309446,0.12972972972972974,0.19672131147540983,0.916018158236057
29,71,596,0.7239961589737375,0.1391941391941392,0.10270270270270271,0.2159090909090909,0.9238002594033723
29,71,646,0.7198381548157333,0.12403100775193798,0.08648648648648649,0.2191780821917808,0.9267185473411155
29,71,696,0.746842806932493,0.13138686131386862,0.0972972972972973,0.20224719101123595,0.9228274967574579
29,71,746,0.7333880275584311,0.0916030534351145,0.06486486486486487,0.15584415584415584,0.9228274967574579
29,71,796,0.7322841986519117,0.12686567164179105,0.0918918918918919,0.20481927710843373,0.9241245136186771
29,71,846,0.7536429150778927,0.12878787878787878,0.0918918918918919,0.21518987341772153,0.9254215304798963
29,71,896,0.7542134752897085,0.1171875,0.08108108108108109,0.2112676056338028,0.9267185473411155
29,71,946,0.7580768764625267,0.12,0.08108108108108109,0.23076923076923078,0.9286640726329443
29,71,996,0.7629732526593513,0.08943089430894309,0.05945945945945946,0.18032786885245902,0.9273670557717251
29,71,1046,0.7536186755917698,0.07722007722007722,0.05405405405405406,0.13513513513513514,0.9225032425421531
29,71,1096,0.7554459599302649,0.10980392156862745,0.07567567567567568,0.2,0.9263942931258107
29,71,1146,0.7621602975863065,0.10116731517509728,0.07027027027027027,0.18055555555555555,0.9250972762645915
29,71,1196,0.7538163206324642,0.0759493670886076,0.04864864864864865,0.17307692307692307,0.9289883268482491
29,71,1246,0.7632380224308476,0.08130081300813008,0.05405405405405406,0.16393442622950818,0.9267185473411155
29,71,1296,0.7574242749130642,0.07377049180327869,0.04864864864864865,0.15254237288135594,0.9267185473411155
29,71,1346,0.7509541966941071,0.07627118644067797,0.04864864864864865,0.17647058823529413,0.9293125810635539
29,71,1396,0.7596020995124134,0.14545454545454545,0.10810810810810811,0.2222222222222222,0.9238002594033723
29,71,1446,0.7668571641665812,0.13333333333333333,0.0972972972972973,0.21176470588235294,0.9241245136186771
29,71,1496,0.7742408845547859,0.12546125461254612,0.0918918918918919,0.19767441860465115,0.9231517509727627
29,71,1546,0.7741924055825402,0.1198501872659176,0.08648648648648649,0.1951219512195122,0.9238002594033723
29,71,1596,0.7707168361876883,0.13380281690140844,0.10270270270270271,0.1919191919191919,0.9202334630350194
29,71,1646,0.770295442044321,0.1371841155234657,0.10270270270270271,0.20652173913043478,0.9225032425421531
29,71,1696,0.7766909372290537,0.11387900355871886,0.08648648648648649,0.16666666666666666,0.919260700389105
29,71,1746,0.7784772008987255,0.08695652173913043,0.06486486486486487,0.13186813186813187,0.9182879377431906
29,71,1796,0.7588506754426039,0.08494208494208494,0.05945945945945946,0.14864864864864866,0.9231517509727627
29,71,1846,0.7667415604635336,0.08560311284046693,0.05945945945945946,0.1527777777777778,0.9238002594033723
29,71,1896,0.764891901214771,0.06751054852320675,0.043243243243243246,0.15384615384615385,0.9283398184176395
29,71,1946,0.7718933835525764,0.07346938775510205,0.04864864864864865,0.15,0.9263942931258107
29,71,1996,0.7687347920531779,0.05907172995780591,0.03783783783783784,0.1346153846153846,0.9276913099870299
29,71,2046,0.7796313733533464,0.06477732793522267,0.043243243243243246,0.12903225806451613,0.9250972762645915
29,71,2096,0.7829596412556054,0.059574468085106386,0.03783783783783784,0.14,0.9283398184176395
29,71,2146,0.7718840606732984,0.059574468085106386,0.03783783783783784,0.14,0.9283398184176395
29,71,2196,0.7819154787764653,0.0653061224489796,0.043243243243243246,0.13333333333333333,0.9257457846952011
29,71,2246,0.7746566849705863,0.0502092050209205,0.032432432432432434,0.1111111111111111,0.9263942931258107
29,71,2296,0.7779364739005994,0.04310344827586207,0.02702702702702703,0.10638297872340426,0.9280155642023347
29,71,2346,0.7786617939084307,0.04918032786885246,0.032432432432432434,0.1016949152542373,0.9247730220492867
29,71,2396,0.7788930013145261,0.042735042735042736,0.02702702702702703,0.10204081632653061,0.9273670557717251
29,71,2446,0.7803194018440655,0.043668122270742356,0.02702702702702703,0.11363636363636363,0.9289883268482491
29,71,2496,0.7820571865414914,0.03389830508474576,0.021621621621621623,0.0784313725490196,0.9260700389105059
29,71,2546,0.7766890726531982,0.058577405857740586,0.03783783783783784,0.12962962962962962,0.9270428015564203
29,71,2596,0.7839105749419651,0.05240174672489083,0.032432432432432434,0.13636363636363635,0.9296368352788587
29,71,2646,0.7789340219833493,0.043478260869565216,0.02702702702702703,0.1111111111111111,0.9286640726329443
29,71,2696,0.7824692578055809,0.06837606837606838,0.043243243243243246,0.16326530612244897,0.9293125810635539
29,71,2746,0.7909754528588611,0.035555555555555556,0.021621621621621623,0.1,0.9296368352788587
29,71,2796,0.7840765221931142,0.034782608695652174,0.021621621621621623,0.08888888888888889,0.9280155642023347
29,71,2846,0.7804089014851348,0.06808510638297872,0.043243243243243246,0.16,0.9289883268482491
29,71,2896,0.7777015373427931,0.06278026905829596,0.03783783783783784,0.18421052631578946,0.932230869001297
29,71,2946,0.7764224383058462,0.06986899563318777,0.043243243243243246,0.18181818181818182,0.9309338521400778
29,71,2996,0.774496331447004,0.07692307692307693,0.04864864864864865,0.1836734693877551,0.9299610894941635
29,71,3046,0.7794505094953524,0.0603448275862069,0.03783783783783784,0.14893617021276595,0.9293125810635539
29,71,3096,0.7842592506269637,0.10212765957446808,0.06486486486486487,0.24,0.9315823605706874
29,71,3146,0.772598193225996,0.07476635514018691,0.043243243243243246,0.27586206896551724,0.9357976653696498
29,71,3196,0.7778413805319635,0.0821917808219178,0.04864864864864865,0.2647058823529412,0.9348249027237354
29,71,3246,0.7817756355872948,0.10480349344978165,0.06486486486486487,0.2727272727272727,0.9335278858625162
29,71,3296,0.7779402030523107,0.08849557522123894,0.05405405405405406,0.24390243902439024,0.9332036316472114
29,71,3346,0.781840895742241,0.09009009009009009,0.05405405405405406,0.2702702702702703,0.9345006485084306
29,71,3396,0.7795586548949778,0.08450704225352113,0.04864864864864865,0.32142857142857145,0.9367704280155642
29,71,3446,0.7759227319765436,0.08108108108108109,0.04864864864864865,0.24324324324324326,0.933852140077821
29,71,3496,0.7775076214538097,0.07894736842105263,0.04864864864864865,0.20930232558139536,0.9319066147859922
29,71,3546,0.7723203714235105,0.06306306306306306,0.03783783783783784,0.1891891891891892,0.9325551232166018
29,71,3596,0.7772689557442921,0.07929515418502203,0.04864864864864865,0.21428571428571427,0.932230869001297
29,71,3646,0.7815798551224561,0.07207207207207207,0.043243243243243246,0.21621621621621623,0.9332036316472114
29,71,3696,0.7776083085500126,0.05286343612334802,0.032432432432432434,0.14285714285714285,0.9302853437094682
29,71,3746,0.7825662157500722,0.06278026905829596,0.03783783783783784,0.18421052631578946,0.932230869001297
29,71,3796,0.7769221446351492,0.06306306306306306,0.03783783783783784,0.1891891891891892,0.9325551232166018
29,71,3846,0.7812349085891687,0.08035714285714286,0.04864864864864865,0.23076923076923078,0.9332036316472114
29,71,3896,0.7800303925864465,0.05454545454545454,0.032432432432432434,0.17142857142857143,0.9325551232166018
29,71,3946,0.7787009500013986,0.07207207207207207,0.043243243243243246,0.21621621621621623,0.9332036316472114
29,71,3996,0.7793777910369839,0.08,0.04864864864864865,0.225,0.9328793774319066
29,71,4046,0.7838248044526072,0.05405405405405406,0.032432432432432434,0.16216216216216217,0.9319066147859922
29,71,4096,0.7891351164893766,0.07207207207207207,0.043243243243243246,0.21621621621621623,0.9332036316472114
29,71,4146,0.7877870281457725,0.06422018348623854,0.03783783783783784,0.21212121212121213,0.933852140077821
29,71,4196,0.789071720910286,0.0639269406392694,0.03783783783783784,0.20588235294117646,0.9335278858625162
29,71,4246,0.7901233416928486,0.08928571428571429,0.05405405405405406,0.2564102564102564,0.933852140077821
29,71,4296,0.786987125103717,0.07174887892376682,0.043243243243243246,0.21052631578947367,0.9328793774319066
29,71,4346,0.784149240651483,0.07407407407407407,0.043243243243243246,0.25806451612903225,0.9351491569390402
29,71,4396,0.7906099959911619,0.09821428571428571,0.05945945945945946,0.28205128205128205,0.9345006485084306
29,71,4446,0.7868752505523806,0.056074766355140186,0.032432432432432434,0.20689655172413793,0.9345006485084306
29,71,4496,0.7832784837269142,0.0990990990990991,0.05945945945945946,0.2972972972972973,0.9351491569390402
29,71,4546,0.7851188200963986,0.06167400881057269,0.03783783783783784,0.16666666666666666,0.9309338521400778
29,71,4596,0.7926759460391748,0.07079646017699115,0.043243243243243246,0.1951219512195122,0.9319066147859922
29,71,4646,0.8024444589467011,0.07239819004524888,0.043243243243243246,0.2222222222222222,0.9335278858625162
29,71,4696,0.7974529893812404,0.07339449541284404,0.043243243243243246,0.24242424242424243,0.9345006485084306
29,71,4746,0.7835880033189451,0.07239819004524888,0.043243243243243246,0.2222222222222222,0.9335278858625162
29,71,4796,0.7910835982584863,0.07373271889400922,0.043243243243243246,0.25,0.9348249027237354
29,71,4846,0.7933509224989046,0.06956521739130435,0.043243243243243246,0.17777777777777778,0.930609597924773
29,71,4896,0.7942850750025637,0.0730593607305936,0.043243243243243246,0.23529411764705882,0.9341763942931258
29,71,4946,0.7971322823340761,0.07373271889400922,0.043243243243243246,0.25,0.9348249027237354
29,71,4996,0.7923403223851655,0.07207207207207207,0.043243243243243246,0.21621621621621623,0.9332036316472114
29,71,5046,0.8021479913856596,0.07239819004524888,0.043243243243243246,0.2222222222222222,0.9335278858625162
29,71,5096,0.7887025348908758,0.055299539170506916,0.032432432432432434,0.1875,0.9335278858625162
29,71,5146,0.795556715736088,0.05454545454545454,0.032432432432432434,0.17142857142857143,0.9325551232166018
29,71,5196,0.7958158917800174,0.06481481481481481,0.03783783783783784,0.22580645161290322,0.9345006485084306
29,71,5246,0.7915310964638319,0.06481481481481481,0.03783783783783784,0.22580645161290322,0.9345006485084306
29,71,5296,0.7880611207965467,0.06481481481481481,0.03783783783783784,0.22580645161290322,0.9345006485084306
29,71,5346,0.7919226573935094,0.06334841628959276,0.03783783783783784,0.19444444444444445,0.9328793774319066
29,71,5396,0.799244846778479,0.05504587155963303,0.032432432432432434,0.18181818181818182,0.9332036316472114
29,71,5446,0.7925249153948705,0.06542056074766354,0.03783783783783784,0.2413793103448276,0.9351491569390402
29,71,5496,0.8003691860194102,0.08771929824561403,0.05405405405405406,0.23255813953488372,0.9325551232166018
29,71,5546,0.7949992075552612,0.09090909090909091,0.05405405405405406,0.2857142857142857,0.9351491569390402
29,71,5596,0.7993529921781043,0.08256880733944955,0.04864864864864865,0.2727272727272727,0.9351491569390402
29,71,5646,0.8001678118270047,0.07339449541284404,0.043243243243243246,0.24242424242424243,0.9345006485084306
29,71,5696,0.7985773286221717,0.047619047619047616,0.02702702702702703,0.2,0.9351491569390402
29,71,5746,0.8042195351612392,0.05714285714285714,0.032432432432432434,0.24,0.9357976653696498
29,71,5796,0.8132608634850788,0.09174311926605505,0.05405405405405406,0.30303030303030304,0.9357976653696498
29,71,5846,0.806979107427538,0.05555555555555555,0.032432432432432434,0.1935483870967742,0.933852140077821
29,71,5896,0.8068653683003459,0.06572769953051644,0.03783783783783784,0.25,0.935473411154345
29,71,5946,0.8062463291162844,0.07207207207207207,0.043243243243243246,0.21621621621621623,0.9332036316472114
29,71,5996,0.8069250347277254,0.07339449541284404,0.043243243243243246,0.24242424242424243,0.9345006485084306
29,71,6046,0.8118885356553519,0.07511737089201878,0.043243243243243246,0.2857142857142857,0.9361219195849546
29,71,6096,0.809362035371004,0.06666666666666667,0.03783783783783784,0.28,0.9364461738002594
29,71,6146,0.8083663518641098,0.05660377358490566,0.032432432432432434,0.2222222222222222,0.9351491569390402
29,71,6196,0.8092650774265122,0.07511737089201878,0.043243243243243246,0.2857142857142857,0.9361219195849546
29,71,6246,0.805839851579762,0.057692307692307696,0.032432432432432434,0.2608695652173913,0.9364461738002594
29,71,6296,0.8031157062547197,0.04784688995215311,0.02702702702702703,0.20833333333333334,0.935473411154345
29,71,6346,0.8059535907069539,0.07511737089201878,0.043243243243243246,0.2857142857142857,0.9361219195849546
29,71,6396,0.8081854880061158,0.07582938388625593,0.043243243243243246,0.3076923076923077,0.9367704280155642
29,71,6446,0.8084800909913018,0.0861244019138756,0.04864864864864865,0.375,0.9380674448767834
29,71,6496,0.8077957916522939,0.09049773755656108,0.05405405405405406,0.2777777777777778,0.9348249027237354
29,71,6546,0.8082917688298854,0.08411214953271028,0.04864864864864865,0.3103448275862069,0.9364461738002594
29,71,6596,0.8085658614806596,0.07476635514018691,0.043243243243243246,0.27586206896551724,0.9357976653696498
29,71,6646,0.8062556519955624,0.06451612903225806,0.03783783783783784,0.21875,0.9341763942931258
29,71,6696,0.809803939848783,0.06666666666666667,0.03783783783783784,0.28,0.9364461738002594
29,71,6746,0.8076596776148345,0.08737864077669903,0.04864864864864865,0.42857142857142855,0.9390402075226978
29,71,6796,0.8079505514483093,0.08571428571428572,0.04864864864864865,0.36,0.9377431906614786
29,71,6846,0.8065483904048928,0.08530805687203792,0.04864864864864865,0.34615384615384615,0.9374189364461738
29,71,6896,0.8171708790542871,0.09302325581395349,0.05405405405405406,0.3333333333333333,0.9367704280155642
29,71,6946,0.8182411455954057,0.08294930875576037,0.04864864864864865,0.28125,0.935473411154345
29,71,6996,0.8152783345608456,0.0947867298578199,0.05405405405405406,0.38461538461538464,0.9380674448767834
29,71,7046,0.8169806923170152,0.08530805687203792,0.04864864864864865,0.34615384615384615,0.9374189364461738
29,71,7096,0.8197048376420575,0.07441860465116279,0.043243243243243246,0.26666666666666666,0.935473411154345
29,71,7146,0.8234470413842611,0.09174311926605505,0.05405405405405406,0.30303030303030304,0.9357976653696498
29,71,7196,0.8237901233416929,0.10185185185185185,0.05945945945945946,0.3548387096774194,0.937094682230869
29,71,7246,0.8229864911479261,0.09216589861751152,0.05405405405405406,0.3125,0.9361219195849546
29,71,7296,0.8249685352824367,0.11981566820276497,0.07027027027027027,0.40625,0.9380674448767834
29,71,7346,0.8195556715736088,0.10909090909090909,0.06486486486486487,0.34285714285714286,0.9364461738002594
29,71,7396,0.8326170254421376,0.08333333333333333,0.04864864864864865,0.2903225806451613,0.9357976653696498
29,71,7446,0.8271724639437644,0.09302325581395349,0.05405405405405406,0.3333333333333333,0.9367704280155642
29,71,7496,0.8236316343939662,0.12149532710280374,0.07027027027027027,0.4482758620689655,0.9390402075226978
29,71,7546,0.8229995431789153,0.091324200913242,0.05405405405405406,0.29411764705882354,0.935473411154345
29,71,7596,0.8286995515695067,0.09259259259259259,0.05405405405405406,0.3225806451612903,0.9364461738002594
29,71,7646,0.82814204338868,0.1095890410958904,0.06486486486486487,0.35294117647058826,0.9367704280155642
29,71,7696,0.8206818753903955,0.08372093023255814,0.04864864864864865,0.3,0.9361219195849546
29,71,7746,0.8238572480724947,0.10426540284360189,0.05945945945945946,0.4230769230769231,0.938715953307393
29,71,7796,0.8272302657952884,0.10138248847926268,0.05945945945945946,0.34375,0.9367704280155642
29,71,7846,0.8229175018412687,0.09389671361502347,0.05405405405405406,0.35714285714285715,0.9374189364461738
29,71,7896,0.8238348731622274,0.07547169811320754,0.043243243243243246,0.2962962962962963,0.9364461738002594
29,71,7946,0.8289978837064039,0.08411214953271028,0.04864864864864865,0.3103448275862069,0.9364461738002594
29,71,7996,0.8259120106653739,0.0660377358490566,0.03783783783783784,0.25925925925925924,0.9357976653696498
