sim_id,seed,labels_used,auc,f1,recall,precision,accuracy
0,42,246,0.6346540745643885,0.08461538461538462,0.05945945945945946,0.14666666666666667,0.9228274967574579
0,42,296,0.6662269375273859,0.10441767068273092,0.07027027027027027,0.203125,0.9276913099870299
0,42,346,0.6763711624698172,0.10743801652892562,0.07027027027027027,0.22807017543859648,0.9299610894941635
0,42,396,0.672123658670744,0.0653061224489796,0.043243243243243246,0.13333333333333333,0.9257457846952011
0,42,446,0.70075981466116,0.11382113821138211,0.07567567567567568,0.22950819672131148,0.9293125810635539
0,42,496,0.728873889412006,0.12403100775193798,0.08648648648648649,0.2191780821917808,0.9267185473411155
0,42,546,0.733218351155571,0.08870967741935484,0.05945945945945946,0.1746031746031746,0.9267185473411155
0,42,596,0.6979909195155831,0.09523809523809523,0.06486486486486487,0.1791044776119403,0.9260700389105059
0,42,646,0.6967397891164707,0.08368200836820083,0.05405405405405406,0.18518518518518517,0.9289883268482491
0,42,696,0.6944519545416407,0.0425531914893617,0.02702702702702703,0.1,0.9270428015564203
0,42,746,0.7059880853602827,0.06694560669456066,0.043243243243243246,0.14814814814814814,0.9276913099870299
0,42,796,0.6988915096538415,0.0502092050209205,0.032432432432432434,0.1111111111111111,0.9263942931258107
0,42,846,0.7287098067367125,0.05982905982905983,0.03783783783783784,0.14285714285714285,0.9286640726329443
0,42,896,0.7226275602957218,0.06639004149377593,0.043243243243243246,0.14285714285714285,0.9270428015564203
0,42,946,0.7223851654344928,0.0743801652892562,0.04864864864864865,0.15789473684210525,0.9273670557717251
0,42,996,0.717128926097536,0.07111111111111111,0.043243243243243246,0.2,0.932230869001297
0,42,1046,0.7160437429495725,0.07894736842105263,0.04864864864864865,0.20930232558139536,0.9319066147859922
0,42,1096,0.7175652368477481,0.07725321888412018,0.04864864864864865,0.1875,0.9302853437094682
0,42,1146,0.7297092193953181,0.08658008658008658,0.05405405405405406,0.21739130434782608,0.9315823605706874
0,42,1196,0.7311374845007133,0.11158798283261803,0.07027027027027027,0.2708333333333333,0.9328793774319066
0,42,1246,0.7148541435536951,0.09649122807017543,0.05945945945945946,0.2558139534883721,0.9332036316472114
0,42,1296,0.7228177470329937,0.07174887892376682,0.043243243243243246,0.21052631578947367,0.9328793774319066
0,42,1346,0.7310106933425319,0.06986899563318777,0.043243243243243246,0.18181818181818182,0.9309338521400778
0,42,1396,0.7121542377147757,0.07758620689655173,0.04864864864864865,0.19148936170212766,0.930609597924773
0,42,1446,0.7264965551961068,0.05555555555555555,0.032432432432432434,0.1935483870967742,0.933852140077821
0,42,1496,0.7284730056030505,0.055299539170506916,0.032432432432432434,0.1875,0.9335278858625162
0,42,1546,0.7180127350530938,0.05504587155963303,0.032432432432432434,0.18181818181818182,0.9332036316472114
0,42,1596,0.7284785993306172,0.04739336492890995,0.02702702702702703,0.19230769230769232,0.9348249027237354
0,42,1646,0.7363788072308252,0.04739336492890995,0.02702702702702703,0.19230769230769232,0.9348249027237354
0,42,1696,0.7307645693295918,0.06422018348623854,0.03783783783783784,0.21212121212121213,0.933852140077821
0,42,1746,0.7301306135386854,0.028708133971291867,0.016216216216216217,0.125,0.9341763942931258
0,42,1796,0.7262261916970437,0.06542056074766354,0.03783783783783784,0.2413793103448276,0.9351491569390402
0,42,1846,0.7339902855597924,0.0392156862745098,0.021621621621621623,0.21052631578947367,0.9364461738002594
0,42,1896,0.7424293558822708,0.09302325581395349,0.05405405405405406,0.3333333333333333,0.9367704280155642
0,42,1946,0.7521736293036742,0.06666666666666667,0.03783783783783784,0.28,0.9364461738002594
0,42,1996,0.7660423445176809,0.07547169811320754,0.043243243243243246,0.2962962962962963,0.9364461738002594
0,42,2046,0.7721040806242598,0.09345794392523364,0.05405405405405406,0.3448275862068966,0.937094682230869
0,42,2096,0.7634095634095633,0.04807692307692308,0.02702702702702703,0.21739130434782608,0.9357976653696498
0,42,2146,0.7684737514333928,0.06572769953051644,0.03783783783783784,0.25,0.935473411154345
0,42,2196,0.7619123089975108,0.09174311926605505,0.05405405405405406,0.30303030303030304,0.9357976653696498
0,42,2246,0.7594902249610771,0.06451612903225806,0.03783783783783784,0.21875,0.9341763942931258
0,42,2296,0.7641181022346942,0.1,0.05945945945945946,0.3142857142857143,0.9357976653696498
0,42,2346,0.7644425384335698,0.09009009009009009,0.05405405405405406,0.2702702702702703,0.9345006485084306
0,42,2396,0.7633760010441625,0.11659192825112108,0.07027027027027027,0.34210526315789475,0.9361219195849546
0,42,2446,0.7700922032760599,0.06306306306306306,0.03783783783783784,0.1891891891891892,0.9325551232166018
0,42,2496,0.7589140710216943,0.07929515418502203,0.04864864864864865,0.21428571428571427,0.932230869001297
0,42,2546,0.7702320464652304,0.08968609865470852,0.05405405405405406,0.2631578947368421,0.9341763942931258
0,42,2596,0.7694116330887631,0.11764705882352941,0.07027027027027027,0.3611111111111111,0.9367704280155642
0,42,2646,0.7673363601614723,0.0990990990990991,0.05945945945945946,0.2972972972972973,0.9351491569390402
0,42,2696,0.7737430428013388,0.07142857142857142,0.043243243243243246,0.20512820512820512,0.9325551232166018
0,42,2746,0.7764709172780923,0.091324200913242,0.05405405405405406,0.29411764705882354,0.935473411154345
0,42,2796,0.7682127108136076,0.06511627906976744,0.03783783783783784,0.23333333333333334,0.9348249027237354
0,42,2846,0.7688690415147814,0.046948356807511735,0.02702702702702703,0.17857142857142858,0.9341763942931258
0,42,2896,0.7726205681362632,0.05660377358490566,0.032432432432432434,0.2222222222222222,0.9351491569390402
0,42,2946,0.7631336061829335,0.05741626794258373,0.032432432432432434,0.25,0.9361219195849546
0,42,2996,0.7595909120572798,0.08372093023255814,0.04864864864864865,0.3,0.9361219195849546
0,42,3046,0.7688578540596478,0.07407407407407407,0.043243243243243246,0.25806451612903225,0.9351491569390402
0,42,3096,0.779372197309417,0.091324200913242,0.05405405405405406,0.29411764705882354,0.935473411154345
0,42,3146,0.7823033105544317,0.0821917808219178,0.04864864864864865,0.2647058823529412,0.9348249027237354
0,42,3196,0.7839926162796118,0.08968609865470852,0.05405405405405406,0.2631578947368421,0.9341763942931258
0,42,3246,0.778702814577254,0.10666666666666667,0.06486486486486487,0.3,0.9348249027237354
0,42,3296,0.7833456084577162,0.09009009009009009,0.05405405405405406,0.2702702702702703,0.9345006485084306
0,42,3346,0.7822175400650738,0.09821428571428571,0.05945945945945946,0.28205128205128205,0.9345006485084306
0,42,3396,0.7816674901876696,0.10666666666666667,0.06486486486486487,0.3,0.9348249027237354
0,42,3446,0.7860548371759134,0.04608294930875576,0.02702702702702703,0.15625,0.9328793774319066
0,42,3496,0.784290948416509,0.125,0.07567567567567568,0.358974358974359,0.9364461738002594
0,42,3546,0.7892544493441356,0.08294930875576037,0.04864864864864865,0.28125,0.935473411154345
0,42,3596,0.7842312819891296,0.10138248847926268,0.05945945945945946,0.34375,0.9367704280155642
0,42,3646,0.7877646532355054,0.06451612903225806,0.03783783783783784,0.21875,0.9341763942931258
0,42,3696,0.790115883389426,0.05504587155963303,0.032432432432432434,0.18181818181818182,0.9332036316472114
0,42,3746,0.794497636650103,0.09259259259259259,0.05405405405405406,0.3225806451612903,0.9364461738002594
0,42,3796,0.7925416965775711,0.08928571428571429,0.05405405405405406,0.2564102564102564,0.933852140077821
0,42,3846,0.7932688811612579,0.05555555555555555,0.032432432432432434,0.1935483870967742,0.933852140077821
0,42,3896,0.7900879147515919,0.09954751131221719,0.05945945945945946,0.3055555555555556,0.935473411154345
0,42,3946,0.78909968954812,0.09216589861751152,0.05405405405405406,0.3125,0.9361219195849546
0,42,3996,0.7894446360814074,0.07272727272727272,0.043243243243243246,0.22857142857142856,0.933852140077821
0,42,4046,0.7863382527059657,0.09259259259259259,0.05405405405405406,0.3225806451612903,0.9364461738002594
0,42,4096,0.790011467141512,0.09049773755656108,0.05405405405405406,0.2777777777777778,0.9348249027237354
0,42,4146,0.7898529781937854,0.091324200913242,0.05405405405405406,0.29411764705882354,0.935473411154345
0,42,4196,0.7810372635484744,0.07339449541284404,0.043243243243243246,0.24242424242424243,0.9345006485084306
0,42,4246,0.787619216318768,0.08144796380090498,0.04864864864864865,0.25,0.9341763942931258
0,42,4296,0.7930600486654298,0.056074766355140186,0.032432432432432434,0.20689655172413793,0.9345006485084306
0,42,4346,0.7844289270298239,0.05581395348837209,0.032432432432432434,0.2,0.9341763942931258
0,42,4396,0.7909101927039146,0.07407407407407407,0.043243243243243246,0.25806451612903225,0.9351491569390402
0,42,4446,0.788611170673951,0.07511737089201878,0.043243243243243246,0.2857142857142857,0.9361219195849546
0,42,4496,0.7781303897895826,0.06635071090047394,0.03783783783783784,0.2692307692307692,0.9361219195849546
0,42,4546,0.7839404081556548,0.06511627906976744,0.03783783783783784,0.23333333333333334,0.9348249027237354
0,42,4596,0.7860492434483466,0.07407407407407407,0.043243243243243246,0.25806451612903225,0.9351491569390402
0,42,4646,0.7896721143357914,0.08333333333333333,0.04864864864864865,0.2903225806451613,0.9357976653696498
0,42,4696,0.7911059731687533,0.1004566210045662,0.05945945945945946,0.3235294117647059,0.9361219195849546
0,42,4746,0.7781210669103046,0.08294930875576037,0.04864864864864865,0.28125,0.935473411154345
0,42,4796,0.7931141213652422,0.091324200913242,0.05405405405405406,0.29411764705882354,0.935473411154345
0,42,4846,0.7866981158460978,0.07547169811320754,0.043243243243243246,0.2962962962962963,0.9364461738002594
0,42,4896,0.7862077323960732,0.1004566210045662,0.05945945945945946,0.3235294117647059,0.9361219195849546
0,42,4946,0.7966791904011634,0.09259259259259259,0.05405405405405406,0.3225806451612903,0.9364461738002594
0,42,4996,0.7953777164539496,0.08372093023255814,0.04864864864864865,0.3,0.9361219195849546
0,42,5046,0.7999850833931551,0.09174311926605505,0.05405405405405406,0.30303030303030304,0.9357976653696498
0,42,5096,0.7941209923272703,0.1111111111111111,0.06486486486486487,0.3870967741935484,0.9377431906614786
0,42,5146,0.791497534098431,0.07582938388625593,0.043243243243243246,0.3076923076923077,0.9367704280155642
0,42,5196,0.7964610350260575,0.1111111111111111,0.06486486486486487,0.3870967741935484,0.9377431906614786
0,42,5246,0.7948407186075347,0.08823529411764706,0.04864864864864865,0.47368421052631576,0.9396887159533074
0,42,5296,0.790979182010572,0.08411214953271028,0.04864864864864865,0.3103448275862069,0.9364461738002594
0,42,5346,0.7930563195137186,0.10909090909090909,0.06486486486486487,0.34285714285714286,0.9364461738002594
0,42,5396,0.7961608383133046,0.09259259259259259,0.05405405405405406,0.3225806451612903,0.9364461738002594
0,42,5446,0.7941582838443826,0.10138248847926268,0.05945945945945946,0.34375,0.9367704280155642
0,42,5496,0.8000186457585561,0.09302325581395349,0.05405405405405406,0.3333333333333333,0.9367704280155642
0,42,5546,0.7921128441307813,0.08333333333333333,0.04864864864864865,0.2903225806451613,0.9357976653696498
0,42,5596,0.7978053942179504,0.07547169811320754,0.043243243243243246,0.2962962962962963,0.9364461738002594
0,42,5646,0.7981223721134034,0.06635071090047394,0.03783783783783784,0.2692307692307692,0.9361219195849546
0,42,5696,0.7937126502148923,0.08571428571428572,0.04864864864864865,0.36,0.9377431906614786
0,42,5746,0.7982976422438307,0.05825242718446602,0.032432432432432434,0.2857142857142857,0.937094682230869
0,42,5796,0.7976114783289672,0.07655502392344497,0.043243243243243246,0.3333333333333333,0.9374189364461738
0,42,5846,0.79751265580862,0.08333333333333333,0.04864864864864865,0.2903225806451613,0.9357976653696498
0,42,5896,0.8000633955790906,0.09523809523809523,0.05405405405405406,0.4,0.9383916990920882
0,42,5946,0.7980552473826017,0.0673076923076923,0.03783783783783784,0.30434782608695654,0.937094682230869
0,42,5996,0.8012119743061447,0.10377358490566038,0.05945945945945946,0.4074074074074074,0.9383916990920882
0,42,6046,0.7971527926684878,0.11162790697674418,0.06486486486486487,0.4,0.9380674448767834
0,42,6096,0.8054389677708063,0.08372093023255814,0.04864864864864865,0.3,0.9361219195849546
0,42,6146,0.8120358371479448,0.08653846153846154,0.04864864864864865,0.391304347826087,0.9383916990920882
0,42,6196,0.8007682052525102,0.07729468599033816,0.043243243243243246,0.36363636363636365,0.9380674448767834
0,42,6246,0.8065968693771386,0.0673076923076923,0.03783783783783784,0.30434782608695654,0.937094682230869
0,42,6296,0.8144616503360897,0.10526315789473684,0.05945945945945946,0.4583333333333333,0.9393644617380026
0,42,6346,0.8098505542451732,0.09523809523809523,0.05405405405405406,0.4,0.9383916990920882
0,42,6396,0.8064831302499464,0.08571428571428572,0.04864864864864865,0.36,0.9377431906614786
0,42,6446,0.8060319028928895,0.0861244019138756,0.04864864864864865,0.375,0.9380674448767834
0,42,6496,0.8112303403783224,0.09615384615384616,0.05405405405405406,0.43478260869565216,0.9390402075226978
0,42,6546,0.8064421095811231,0.08530805687203792,0.04864864864864865,0.34615384615384615,0.9374189364461738
0,42,6596,0.8052581039128124,0.09615384615384616,0.05405405405405406,0.43478260869565216,0.9390402075226978
0,42,6646,0.8106635093182178,0.07655502392344497,0.043243243243243246,0.3333333333333333,0.9374189364461738
0,42,6696,0.811920233444897,0.09803921568627451,0.05405405405405406,0.5263157894736842,0.940337224383917
0,42,6746,0.8093601707951483,0.07655502392344497,0.043243243243243246,0.3333333333333333,0.9374189364461738
0,42,6796,0.8010497562067069,0.08490566037735849,0.04864864864864865,0.3333333333333333,0.937094682230869
0,42,6846,0.8123378984365531,0.07692307692307693,0.043243243243243246,0.34782608695652173,0.9377431906614786
0,42,6896,0.8111147366752748,0.08450704225352113,0.04864864864864865,0.32142857142857145,0.9367704280155642
0,42,6946,0.8125765641460709,0.09569377990430622,0.05405405405405406,0.4166666666666667,0.938715953307393
0,42,6996,0.8136897159318685,0.11162790697674418,0.06486486486486487,0.4,0.9380674448767834
0,42,7046,0.8140794122856904,0.08695652173913043,0.04864864864864865,0.4090909090909091,0.938715953307393
0,42,7096,0.8124963873842798,0.06666666666666667,0.03783783783783784,0.28,0.9364461738002594
0,42,7146,0.8124236689259111,0.10328638497652583,0.05945945945945946,0.39285714285714285,0.9380674448767834
0,42,7196,0.8137605698143815,0.06635071090047394,0.03783783783783784,0.2692307692307692,0.9361219195849546
0,42,7246,0.8119314209000308,0.07511737089201878,0.043243243243243246,0.2857142857142857,0.9361219195849546
0,42,7296,0.8128860837381016,0.06698564593301436,0.03783783783783784,0.2916666666666667,0.9367704280155642
0,42,7346,0.8161267165751471,0.09615384615384616,0.05405405405405406,0.43478260869565216,0.9390402075226978
0,42,7396,0.8157892283452821,0.09433962264150944,0.05405405405405406,0.37037037037037035,0.9377431906614786
0,42,7446,0.8100370118307338,0.12903225806451613,0.07567567567567568,0.4375,0.938715953307393
0,42,7496,0.8160502689650673,0.09259259259259259,0.05405405405405406,0.3225806451612903,0.9364461738002594
0,42,7546,0.8137083616904245,0.0673076923076923,0.03783783783783784,0.30434782608695654,0.937094682230869
0,42,7596,0.8133056133056134,0.12093023255813953,0.07027027027027027,0.43333333333333335,0.938715953307393
0,42,7646,0.817812293148616,0.11267605633802817,0.06486486486486487,0.42857142857142855,0.938715953307393
0,42,7696,0.8174617528877619,0.1111111111111111,0.06486486486486487,0.3870967741935484,0.9377431906614786
0,42,7746,0.8161901121542376,0.13023255813953488,0.07567567567567568,0.4666666666666667,0.9393644617380026
0,42,7796,0.8221865881058706,0.09389671361502347,0.05405405405405406,0.35714285714285715,0.9374189364461738
0,42,7846,0.8137270074489806,0.11594202898550725,0.06486486486486487,0.5454545454545454,0.9406614785992218
0,42,7896,0.8121141493338803,0.0970873786407767,0.05405405405405406,0.47619047619047616,0.9396887159533074
0,42,7946,0.8142807864780958,0.0784313725490196,0.043243243243243246,0.42105263157894735,0.9390402075226978
0,42,7996,0.813093051658074,0.10526315789473684,0.05945945945945946,0.4583333333333333,0.9393644617380026
1,43,246,0.6731212067534937,0.12096774193548387,0.08108108108108109,0.23809523809523808,0.9293125810635539
1,43,296,0.6495865303040191,0.088,0.05945945945945946,0.16923076923076924,0.9260700389105059
1,43,346,0.6569553340853789,0.10833333333333334,0.07027027027027027,0.23636363636363636,0.930609597924773
1,43,396,0.6713815574802122,0.08097165991902834,0.05405405405405406,0.16129032258064516,0.9263942931258107
1,43,446,0.661754752337712,0.07627118644067797,0.04864864864864865,0.17647058823529413,0.9293125810635539
1,43,496,0.6940547998843964,0.06694560669456066,0.043243243243243246,0.14814814814814814,0.9276913099870299
1,43,546,0.6940529353085407,0.08097165991902834,0.05405405405405406,0.16129032258064516,0.9263942931258107
1,43,596,0.6910099475121897,0.058823529411764705,0.03783783783783784,0.1320754716981132,0.9273670557717251
1,43,646,0.7268191268191269,0.06477732793522267,0.043243243243243246,0.12903225806451613,0.9250972762645915
1,43,696,0.7260975359630069,0.09322033898305085,0.05945945945945946,0.21568627450980393,0.930609597924773
1,43,746,0.7268023456364264,0.0728744939271255,0.04864864864864865,0.14516129032258066,0.9257457846952011
1,43,796,0.7244026365102599,0.10276679841897234,0.07027027027027027,0.19117647058823528,0.9263942931258107
1,43,846,0.7323289484724462,0.12734082397003746,0.0918918918918919,0.2073170731707317,0.9244487678339819
1,43,896,0.739375180630786,0.10810810810810811,0.07567567567567568,0.1891891891891892,0.9250972762645915
1,43,946,0.7393490765688074,0.12355212355212356,0.08648648648648649,0.21621621621621623,0.9263942931258107
1,43,996,0.7406580088194439,0.14901960784313725,0.10270270270270271,0.2714285714285714,0.9296368352788587
1,43,1046,0.7514893299646662,0.112,0.07567567567567568,0.2153846153846154,0.9280155642023347
1,43,1096,0.753892768242544,0.09448818897637795,0.06486486486486487,0.17391304347826086,0.9254215304798963
1,43,1146,0.7643698199752011,0.11583011583011583,0.08108108108108109,0.20270270270270271,0.9257457846952011
1,43,1196,0.7690778740106095,0.13636363636363635,0.0972972972972973,0.22784810126582278,0.9260700389105059
1,43,1246,0.7654158470301968,0.112,0.07567567567567568,0.2153846153846154,0.9280155642023347
1,43,1296,0.7549481181768178,0.11475409836065574,0.07567567567567568,0.23728813559322035,0.9299610894941635
1,43,1346,0.7511443834313789,0.08298755186721991,0.05405405405405406,0.17857142857142858,0.9283398184176395
1,43,1396,0.7512674454378492,0.0859375,0.05945945945945946,0.15492957746478872,0.9241245136186771
1,43,1446,0.7636239896329582,0.11538461538461539,0.08108108108108109,0.2,0.9254215304798963
1,43,1496,0.7458527171531656,0.10236220472440945,0.07027027027027027,0.18840579710144928,0.9260700389105059
1,43,1546,0.7449092417702283,0.13229571984435798,0.0918918918918919,0.2361111111111111,0.9276913099870299
1,43,1596,0.7388978492117506,0.11382113821138211,0.07567567567567568,0.22950819672131148,0.9293125810635539
1,43,1646,0.7529660740423072,0.12,0.08108108108108109,0.23076923076923078,0.9286640726329443
1,43,1696,0.755298658437672,0.12549019607843137,0.08648648648648649,0.22857142857142856,0.9276913099870299
1,43,1746,0.7535310405265561,0.11857707509881422,0.08108108108108109,0.22058823529411764,0.9276913099870299
1,43,1796,0.7601241807519835,0.13740458015267176,0.0972972972972973,0.23376623376623376,0.9267185473411155
1,43,1846,0.7684290016128581,0.12195121951219512,0.08108108108108109,0.2459016393442623,0.9299610894941635
1,43,1896,0.7679162432525661,0.11382113821138211,0.07567567567567568,0.22950819672131148,0.9293125810635539
1,43,1946,0.7644593196162702,0.12955465587044535,0.08648648648648649,0.25806451612903225,0.9302853437094682
1,43,1996,0.7722103614480297,0.11904761904761904,0.08108108108108109,0.22388059701492538,0.9280155642023347
1,43,2046,0.7657048562878159,0.11475409836065574,0.07567567567567568,0.23728813559322035,0.9299610894941635
1,43,2096,0.7752589429719474,0.13877551020408163,0.0918918918918919,0.2833333333333333,0.9315823605706874
1,43,2146,0.7711773864240233,0.14049586776859505,0.0918918918918919,0.2982456140350877,0.9325551232166018
1,43,2196,0.7779103698386209,0.12749003984063745,0.08648648648648649,0.24242424242424243,0.9289883268482491
1,43,2246,0.7855047872985093,0.16733067729083664,0.11351351351351352,0.3181818181818182,0.932230869001297
1,43,2296,0.7848969355695813,0.12345679012345678,0.08108108108108109,0.25862068965517243,0.9309338521400778
1,43,2346,0.7859299105935877,0.13278008298755187,0.08648648648648649,0.2857142857142857,0.932230869001297
1,43,2396,0.7963491604747209,0.1214574898785425,0.08108108108108109,0.24193548387096775,0.9296368352788587
1,43,2446,0.7865936995981839,0.09917355371900827,0.06486486486486487,0.21052631578947367,0.9293125810635539
1,43,2496,0.7871176454136095,0.11016949152542373,0.07027027027027027,0.2549019607843137,0.9319066147859922
1,43,2546,0.7785853462983507,0.12396694214876033,0.08108108108108109,0.2631578947368421,0.9312581063553826
1,43,2596,0.7777929015597178,0.13675213675213677,0.08648648648648649,0.32653061224489793,0.9345006485084306
1,43,2646,0.7725814120432956,0.11504424778761062,0.07027027027027027,0.3170731707317073,0.9351491569390402
1,43,2696,0.7828309855215685,0.11504424778761062,0.07027027027027027,0.3170731707317073,0.9351491569390402
1,43,2746,0.7825270596571045,0.11063829787234042,0.07027027027027027,0.26,0.932230869001297
1,43,2796,0.7735509914882112,0.12121212121212122,0.07567567567567568,0.30434782608695654,0.9341763942931258
1,43,2846,0.7698703187492425,0.12658227848101267,0.08108108108108109,0.28846153846153844,0.9328793774319066
1,43,2896,0.7733179195062603,0.12017167381974249,0.07567567567567568,0.2916666666666667,0.9335278858625162
1,43,2946,0.7868043966698676,0.12121212121212122,0.07567567567567568,0.30434782608695654,0.9341763942931258
1,43,2996,0.7684103558543022,0.11814345991561181,0.07567567567567568,0.2692307692307692,0.932230869001297
1,43,3046,0.7789470740143387,0.11607142857142858,0.07027027027027027,0.3333333333333333,0.9357976653696498
1,43,3096,0.7773957469024734,0.11504424778761062,0.07027027027027027,0.3170731707317073,0.9351491569390402
1,43,3146,0.7674165369232634,0.1145374449339207,0.07027027027027027,0.30952380952380953,0.9348249027237354
1,43,3196,0.7728909316353262,0.10572687224669604,0.06486486486486487,0.2857142857142857,0.9341763942931258
1,43,3246,0.7742110513410964,0.1222707423580786,0.07567567567567568,0.3181818181818182,0.9348249027237354
1,43,3296,0.7706497114568863,0.11711711711711711,0.07027027027027027,0.35135135135135137,0.9364461738002594
1,43,3346,0.7736889701015262,0.09777777777777778,0.05945945945945946,0.275,0.9341763942931258
1,43,3396,0.7652219311412136,0.12987012987012986,0.08108108108108109,0.32608695652173914,0.9348249027237354
1,43,3446,0.772061195379581,0.08071748878923767,0.04864864864864865,0.23684210526315788,0.9335278858625162
1,43,3496,0.7722159551755965,0.10619469026548672,0.06486486486486487,0.2926829268292683,0.9345006485084306
1,43,3546,0.7769762173349618,0.08108108108108109,0.04864864864864865,0.24324324324324326,0.933852140077821
1,43,3596,0.7745597270260949,0.1145374449339207,0.07027027027027027,0.30952380952380953,0.9348249027237354
1,43,3646,0.7684700222816815,0.08333333333333333,0.04864864864864865,0.2903225806451613,0.9357976653696498
1,43,3696,0.771278073520226,0.09049773755656108,0.05405405405405406,0.2777777777777778,0.9348249027237354
1,43,3746,0.7842126362305736,0.14912280701754385,0.0918918918918919,0.3953488372093023,0.937094682230869
1,43,3796,0.774434800443769,0.10714285714285714,0.06486486486486487,0.3076923076923077,0.9351491569390402
1,43,3846,0.7758201803044853,0.12444444444444444,0.07567567567567568,0.35,0.9361219195849546
1,43,3896,0.7693762061475067,0.0990990990990991,0.05945945945945946,0.2972972972972973,0.9351491569390402
1,43,3946,0.7746548203947308,0.1085972850678733,0.06486486486486487,0.3333333333333333,0.9361219195849546
1,43,3996,0.7763124283303656,0.09821428571428571,0.05945945945945946,0.28205128205128205,0.9345006485084306
1,43,4046,0.7751396101171887,0.11711711711711711,0.07027027027027027,0.35135135135135137,0.9364461738002594
1,43,4096,0.7666818940361543,0.13333333333333333,0.08108108108108109,0.375,0.9367704280155642
1,43,4146,0.7670268405694415,0.11818181818181818,0.07027027027027027,0.37142857142857144,0.937094682230869
1,43,4196,0.7739611981764449,0.10666666666666667,0.06486486486486487,0.3,0.9348249027237354
1,43,4246,0.777502027726243,0.12389380530973451,0.07567567567567568,0.34146341463414637,0.9357976653696498
1,43,4296,0.7804089014851346,0.10714285714285714,0.06486486486486487,0.3076923076923077,0.9351491569390402
1,43,4346,0.7658875847216655,0.1145374449339207,0.07027027027027027,0.30952380952380953,0.9348249027237354
1,43,4396,0.7792099792099794,0.09954751131221719,0.05945945945945946,0.3055555555555556,0.935473411154345
1,43,4446,0.7842275528374184,0.08928571428571429,0.05405405405405406,0.2564102564102564,0.933852140077821
1,43,4496,0.7715167392297437,0.11711711711711711,0.07027027027027027,0.35135135135135137,0.9364461738002594
1,43,4546,0.77879790794589,0.11504424778761062,0.07027027027027027,0.3170731707317073,0.9351491569390402
1,43,4596,0.7859131294108872,0.10762331838565023,0.06486486486486487,0.3157894736842105,0.935473411154345
1,43,4646,0.7784380448057577,0.09259259259259259,0.05405405405405406,0.3225806451612903,0.9364461738002594
1,43,4696,0.7765231254020492,0.13215859030837004,0.08108108108108109,0.35714285714285715,0.9361219195849546
1,43,4746,0.7890978249722644,0.08181818181818182,0.04864864864864865,0.2571428571428571,0.9345006485084306
1,43,4796,0.7939625033795438,0.09174311926605505,0.05405405405405406,0.30303030303030304,0.9357976653696498
1,43,4846,0.7792528644546582,0.09090909090909091,0.05405405405405406,0.2857142857142857,0.9351491569390402
1,43,4896,0.7786338252705965,0.06511627906976744,0.03783783783783784,0.23333333333333334,0.9348249027237354
1,43,4946,0.7856707345496583,0.07441860465116279,0.043243243243243246,0.26666666666666666,0.935473411154345
1,43,4996,0.7872798635130472,0.06481481481481481,0.03783783783783784,0.22580645161290322,0.9345006485084306
1,43,5046,0.7869200003729151,0.0547945205479452,0.032432432432432434,0.17647058823529413,0.9328793774319066
1,43,5096,0.7845818222499837,0.09954751131221719,0.05945945945945946,0.3055555555555556,0.935473411154345
1,43,5146,0.7856707345496583,0.08181818181818182,0.04864864864864865,0.2571428571428571,0.9345006485084306
1,43,5196,0.7898343324352294,0.09174311926605505,0.05405405405405406,0.30303030303030304,0.9357976653696498
1,43,5246,0.790490663136403,0.08372093023255814,0.04864864864864865,0.3,0.9361219195849546
1,43,5296,0.7917212832011039,0.057692307692307696,0.032432432432432434,0.2608695652173913,0.9364461738002594
1,43,5346,0.788012641824301,0.11059907834101383,0.06486486486486487,0.375,0.9374189364461738
1,43,5396,0.8002349365578064,0.10909090909090909,0.06486486486486487,0.34285714285714286,0.9364461738002594
1,43,5446,0.7916467001668794,0.08372093023255814,0.04864864864864865,0.3,0.9361219195849546
1,43,5496,0.7935224634776205,0.07692307692307693,0.043243243243243246,0.34782608695652173,0.9377431906614786
1,43,5546,0.79743620819854,0.07511737089201878,0.043243243243243246,0.2857142857142857,0.9361219195849546
1,43,5596,0.7955399345533875,0.08372093023255814,0.04864864864864865,0.3,0.9361219195849546
1,43,5646,0.7959464120899098,0.102803738317757,0.05945945945945946,0.3793103448275862,0.9377431906614786
1,43,5696,0.7954672160950188,0.07729468599033816,0.043243243243243246,0.36363636363636365,0.9380674448767834
1,43,5746,0.7911358063824432,0.09216589861751152,0.05405405405405406,0.3125,0.9361219195849546
1,43,5796,0.7958587770246963,0.0947867298578199,0.05405405405405406,0.38461538461538464,0.9380674448767834
1,43,5846,0.7942496480613073,0.08411214953271028,0.04864864864864865,0.3103448275862069,0.9364461738002594
1,43,5896,0.7969887099931943,0.08450704225352113,0.04864864864864865,0.32142857142857145,0.9367704280155642
1,43,5946,0.7942496480613073,0.07441860465116279,0.043243243243243246,0.26666666666666666,0.935473411154345
1,43,5996,0.7899890922312447,0.08372093023255814,0.04864864864864865,0.3,0.9361219195849546
1,43,6046,0.7978520086143404,0.07582938388625593,0.043243243243243246,0.3076923076923077,0.9367704280155642
1,43,6096,0.7999962708482888,0.05714285714285714,0.032432432432432434,0.24,0.9357976653696498
1,43,6146,0.789465146415819,0.07547169811320754,0.043243243243243246,0.2962962962962963,0.9364461738002594
1,43,6196,0.7881375684066267,0.06698564593301436,0.03783783783783784,0.2916666666666667,0.9367704280155642
1,43,6246,0.7901196125411372,0.07582938388625593,0.043243243243243246,0.3076923076923077,0.9367704280155642
1,43,6296,0.7916653459254357,0.08530805687203792,0.04864864864864865,0.34615384615384615,0.9374189364461738
1,43,6346,0.7913856595470945,0.07582938388625593,0.043243243243243246,0.3076923076923077,0.9367704280155642
1,43,6396,0.7895714272395886,0.059113300492610835,0.032432432432432434,0.3333333333333333,0.9380674448767834
1,43,6446,0.7973784063470162,0.06666666666666667,0.03783783783783784,0.28,0.9364461738002594
1,43,6496,0.7893402198334935,0.057692307692307696,0.032432432432432434,0.2608695652173913,0.9364461738002594
1,43,6546,0.7901438520272601,0.07655502392344497,0.043243243243243246,0.3333333333333333,0.9374189364461738
1,43,6596,0.7948313957282567,0.06796116504854369,0.03783783783783784,0.3333333333333333,0.9377431906614786
1,43,6646,0.7910164735276842,0.0784313725490196,0.043243243243243246,0.42105263157894735,0.9390402075226978
1,43,6696,0.788678295404753,0.10328638497652583,0.05945945945945946,0.39285714285714285,0.9380674448767834
1,43,6746,0.7894502298089743,0.0660377358490566,0.03783783783783784,0.25925925925925924,0.9357976653696498
1,43,6796,0.7880779019792473,0.06896551724137931,0.03783783783783784,0.3888888888888889,0.938715953307393
1,43,6846,0.7980421953516125,0.0947867298578199,0.05405405405405406,0.38461538461538464,0.9380674448767834
1,43,6896,0.7955306116741094,0.0761904761904762,0.043243243243243246,0.32,0.937094682230869
1,43,6946,0.7954243308503397,0.09615384615384616,0.05405405405405406,0.43478260869565216,0.9390402075226978
1,43,6996,0.8009770377483383,0.08653846153846154,0.04864864864864865,0.391304347826087,0.9383916990920882
1,43,7046,0.8013835152848605,0.08737864077669903,0.04864864864864865,0.42857142857142855,0.9390402075226978
1,43,7096,0.7976953842424693,0.06862745098039216,0.03783783783783784,0.3684210526315789,0.9383916990920882
1,43,7146,0.7948425831833903,0.06796116504854369,0.03783783783783784,0.3333333333333333,0.9377431906614786
1,43,7196,0.8024090320054447,0.07766990291262135,0.043243243243243246,0.38095238095238093,0.9383916990920882
1,43,7246,0.7995841995841996,0.08653846153846154,0.04864864864864865,0.391304347826087,0.9383916990920882
1,43,7296,0.806352609940054,0.07729468599033816,0.043243243243243246,0.36363636363636365,0.9380674448767834
1,43,7346,0.7970110849034615,0.09803921568627451,0.05405405405405406,0.5263157894736842,0.940337224383917
1,43,7396,0.8028434781798011,0.11214953271028037,0.06486486486486487,0.41379310344827586,0.9383916990920882
1,43,7446,0.8008782152279909,0.08571428571428572,0.04864864864864865,0.36,0.9377431906614786
1,43,7496,0.8021144290202585,0.125,0.07027027027027027,0.5652173913043478,0.9409857328145266
1,43,7546,0.7969029395038365,0.0947867298578199,0.05405405405405406,0.38461538461538464,0.9380674448767834
1,43,7596,0.798983806158694,0.10476190476190476,0.05945945945945946,0.44,0.9390402075226978
1,43,7646,0.8028583947866459,0.11374407582938388,0.06486486486486487,0.46153846153846156,0.9393644617380026
1,43,7696,0.8060952984719801,0.08780487804878048,0.04864864864864865,0.45,0.9393644617380026
1,43,7746,0.7973243336472036,0.09523809523809523,0.05405405405405406,0.4,0.9383916990920882
1,43,7796,0.7998042195351613,0.06862745098039216,0.03783783783783784,0.3684210526315789,0.9383916990920882
1,43,7846,0.7990994098617415,0.0947867298578199,0.05405405405405406,0.38461538461538464,0.9380674448767834
1,43,7896,0.7986929323252193,0.07881773399014778,0.043243243243243246,0.4444444444444444,0.9393644617380026
1,43,7946,0.8016743891183353,0.08866995073891626,0.04864864864864865,0.5,0.9400129701686122
1,43,7996,0.7981037263548475,0.06930693069306931,0.03783783783783784,0.4117647058823529,0.9390402075226978
2,44,246,0.6342597167709275,0.07586206896551724,0.05945945945945946,0.10476190476190476,0.9130998702983139
2,44,296,0.648134025712501,0.09090909090909091,0.06486486486486487,0.1518987341772152,0.9221789883268483
2,44,346,0.6556762350484323,0.10658307210031348,0.0918918918918919,0.12686567164179105,0.9075875486381323
2,44,396,0.702331652107437,0.12686567164179105,0.0918918918918919,0.20481927710843373,0.9241245136186771
2,44,446,0.7150098356376382,0.1254355400696864,0.0972972972972973,0.17647058823529413,0.9186121919584954
2,44,496,0.7291237425766575,0.1111111111111111,0.08108108108108109,0.17647058823529413,0.9221789883268483
2,44,546,0.7101628707009873,0.12274368231046931,0.0918918918918919,0.18478260869565216,0.9212062256809338
2,44,596,0.7321350325834631,0.10852713178294573,0.07567567567567568,0.1917808219178082,0.9254215304798963
2,44,646,0.7476762723399494,0.10077519379844961,0.07027027027027027,0.1780821917808219,0.9247730220492867
2,44,696,0.751599339940147,0.14559386973180077,0.10270270270270271,0.25,0.9276913099870299
2,44,746,0.7570998387141885,0.149812734082397,0.10810810810810811,0.24390243902439024,0.9263942931258107
2,44,796,0.7711587406654672,0.15139442231075698,0.10270270270270271,0.2878787878787879,0.9309338521400778
2,44,846,0.7588227068047696,0.13765182186234817,0.0918918918918919,0.27419354838709675,0.9309338521400778
2,44,896,0.7642877786375544,0.1568627450980392,0.10810810810810811,0.2857142857142857,0.9302853437094682
2,44,946,0.7632249703998584,0.13765182186234817,0.0918918918918919,0.27419354838709675,0.9309338521400778
2,44,996,0.7700064327867019,0.12355212355212356,0.08648648648648649,0.21621621621621623,0.9263942931258107
2,44,1046,0.7683022104546768,0.1198501872659176,0.08648648648648649,0.1951219512195122,0.9238002594033723
2,44,1096,0.7736759180705369,0.12355212355212356,0.08648648648648649,0.21621621621621623,0.9263942931258107
2,44,1146,0.7691375404379889,0.14671814671814673,0.10270270270270271,0.25675675675675674,0.9283398184176395
2,44,1196,0.7490113086525643,0.140625,0.0972972972972973,0.2535211267605634,0.9286640726329443
2,44,1246,0.7515359443610565,0.11811023622047244,0.08108108108108109,0.21739130434782608,0.9273670557717251
2,44,1296,0.7649068178216161,0.14007782101167315,0.0972972972972973,0.25,0.9283398184176395
2,44,1346,0.7605287937126501,0.1328125,0.0918918918918919,0.23943661971830985,0.9280155642023347
2,44,1396,0.7658875847216655,0.12749003984063745,0.08648648648648649,0.24242424242424243,0.9289883268482491
2,44,1446,0.7705639409675284,0.1349206349206349,0.0918918918918919,0.2537313432835821,0.9293125810635539
2,44,1496,0.7708697314078481,0.1245136186770428,0.08648648648648649,0.2222222222222222,0.9270428015564203
2,44,1546,0.7762732722373977,0.1078838174273859,0.07027027027027027,0.23214285714285715,0.9302853437094682
2,44,1596,0.7745112480538491,0.13168724279835392,0.08648648648648649,0.27586206896551724,0.9315823605706874
2,44,1646,0.7756132123845129,0.14225941422594143,0.0918918918918919,0.3148148148148148,0.9335278858625162
2,44,1696,0.7780017340555456,0.11570247933884298,0.07567567567567568,0.24561403508771928,0.930609597924773
2,44,1746,0.7742110513410961,0.10434782608695652,0.06486486486486487,0.26666666666666666,0.9332036316472114
2,44,1796,0.7620707979452375,0.1016949152542373,0.06486486486486487,0.23529411764705882,0.9312581063553826
2,44,1846,0.763534489991889,0.10612244897959183,0.07027027027027027,0.21666666666666667,0.9289883268482491
2,44,1896,0.7654755134575763,0.1087866108786611,0.07027027027027027,0.24074074074074073,0.9309338521400778
2,44,1946,0.7695011327298322,0.10699588477366255,0.07027027027027027,0.22413793103448276,0.9296368352788587
2,44,1996,0.7681474506586614,0.1087866108786611,0.07027027027027027,0.24074074074074073,0.9309338521400778
2,44,2046,0.7724341105507025,0.13043478260869565,0.08108108108108109,0.3333333333333333,0.9351491569390402
2,44,2096,0.7718243942459189,0.11158798283261803,0.07027027027027027,0.2708333333333333,0.9328793774319066
2,44,2146,0.7604598044059927,0.1282051282051282,0.08108108108108109,0.30612244897959184,0.933852140077821
2,44,2196,0.7751582558757447,0.13852813852813853,0.08648648648648649,0.34782608695652173,0.935473411154345
2,44,2246,0.7723259651510772,0.10619469026548672,0.06486486486486487,0.2926829268292683,0.9345006485084306
2,44,2296,0.7655743359779233,0.10526315789473684,0.06486486486486487,0.27906976744186046,0.933852140077821
2,44,2346,0.7601670659966624,0.10762331838565023,0.06486486486486487,0.3157894736842105,0.935473411154345
2,44,2396,0.7678770871595985,0.10762331838565023,0.06486486486486487,0.3157894736842105,0.935473411154345
2,44,2446,0.7663276246235887,0.0990990990990991,0.05945945945945946,0.2972972972972973,0.9351491569390402
2,44,2496,0.7648322347873917,0.12334801762114538,0.07567567567567568,0.3333333333333333,0.935473411154345
2,44,2546,0.7706385240017527,0.10714285714285714,0.06486486486486487,0.3076923076923077,0.9351491569390402
2,44,2596,0.7755218481675882,0.0881057268722467,0.05405405405405406,0.23809523809523808,0.9328793774319066
2,44,2646,0.770817523283891,0.07207207207207207,0.043243243243243246,0.21621621621621623,0.9332036316472114
2,44,2696,0.7745970185432068,0.06363636363636363,0.03783783783783784,0.2,0.9332036316472114
2,44,2746,0.7688914164250487,0.0821917808219178,0.04864864864864865,0.2647058823529412,0.9348249027237354
2,44,2796,0.7749512879557722,0.0730593607305936,0.043243243243243246,0.23529411764705882,0.9341763942931258
2,44,2846,0.7734838667574094,0.10232558139534884,0.05945945945945946,0.36666666666666664,0.9374189364461738
2,44,2896,0.7809738679693837,0.11659192825112108,0.07027027027027027,0.34210526315789475,0.9361219195849546
2,44,2946,0.7870262811966848,0.10909090909090909,0.06486486486486487,0.34285714285714286,0.9364461738002594
2,44,2996,0.7795754360776783,0.1,0.05945945945945946,0.3142857142857143,0.9357976653696498
2,44,3046,0.772488183250515,0.10810810810810811,0.06486486486486487,0.32432432432432434,0.9357976653696498
2,44,3096,0.7874122483987954,0.09049773755656108,0.05405405405405406,0.2777777777777778,0.9348249027237354
2,44,3146,0.7872835926647586,0.10714285714285714,0.06486486486486487,0.3076923076923077,0.9351491569390402
2,44,3196,0.786375544223078,0.09821428571428571,0.05945945945945946,0.28205128205128205,0.9345006485084306
2,44,3246,0.7885048898501814,0.09777777777777778,0.05945945945945946,0.275,0.9341763942931258
2,44,3296,0.7864426689538797,0.10714285714285714,0.06486486486486487,0.3076923076923077,0.9351491569390402
2,44,3346,0.783341879306005,0.09345794392523364,0.05405405405405406,0.3448275862068966,0.937094682230869
2,44,3396,0.7870673018655081,0.09433962264150944,0.05405405405405406,0.37037037037037035,0.9377431906614786
2,44,3446,0.7792416769995245,0.09954751131221719,0.05945945945945946,0.3055555555555556,0.935473411154345
2,44,3496,0.7887528784389771,0.102803738317757,0.05945945945945946,0.3793103448275862,0.9377431906614786
2,44,3546,0.7921706459823051,0.09389671361502347,0.05405405405405406,0.35714285714285715,0.9374189364461738
2,44,3596,0.787300373847459,0.09865470852017937,0.05945945945945946,0.2894736842105263,0.9348249027237354
2,44,3646,0.7794505094953526,0.1085972850678733,0.06486486486486487,0.3333333333333333,0.9361219195849546
2,44,3696,0.7835898678948007,0.12962962962962962,0.07567567567567568,0.45161290322580644,0.9390402075226978
2,44,3746,0.7842648443545305,0.06572769953051644,0.03783783783783784,0.25,0.935473411154345
2,44,3796,0.7890978249722644,0.08333333333333333,0.04864864864864865,0.2903225806451613,0.9357976653696498
2,44,3846,0.7904515070434353,0.0821917808219178,0.04864864864864865,0.2647058823529412,0.9348249027237354
2,44,3896,0.7841361886204936,0.0947867298578199,0.05405405405405406,0.38461538461538464,0.9380674448767834
2,44,3946,0.7851244138239655,0.08450704225352113,0.04864864864864865,0.32142857142857145,0.9367704280155642
2,44,3996,0.7829335371936269,0.09345794392523364,0.05405405405405406,0.3448275862068966,0.937094682230869
2,44,4046,0.7868677922489582,0.11059907834101383,0.06486486486486487,0.375,0.9374189364461738
2,44,4096,0.7799408929453772,0.12844036697247707,0.07567567567567568,0.42424242424242425,0.9383916990920882
2,44,4146,0.7820553219656359,0.1095890410958904,0.06486486486486487,0.35294117647058826,0.9367704280155642
2,44,4196,0.7941862524822165,0.12206572769953052,0.07027027027027027,0.4642857142857143,0.9393644617380026
2,44,4246,0.794331689398954,0.11162790697674418,0.06486486486486487,0.4,0.9380674448767834
2,44,4296,0.7941284506306927,0.12093023255813953,0.07027027027027027,0.43333333333333335,0.938715953307393
2,44,4346,0.8011597661821878,0.11162790697674418,0.06486486486486487,0.4,0.9380674448767834
2,44,4396,0.793367703681605,0.12380952380952381,0.07027027027027027,0.52,0.940337224383917
2,44,4446,0.800460550236335,0.1278538812785388,0.07567567567567568,0.4117647058823529,0.9380674448767834
2,44,4496,0.791202931113245,0.10232558139534884,0.05945945945945946,0.36666666666666664,0.9374189364461738
2,44,4546,0.7969159915348256,0.12093023255813953,0.07027027027027027,0.43333333333333335,0.938715953307393
2,44,4596,0.7997594697146267,0.09569377990430622,0.05405405405405406,0.4166666666666667,0.938715953307393
2,44,4646,0.7983125588506754,0.13023255813953488,0.07567567567567568,0.4666666666666667,0.9393644617380026
2,44,4696,0.7983703607021994,0.12206572769953052,0.07027027027027027,0.4642857142857143,0.9393644617380026
2,44,4746,0.8122521279471951,0.13023255813953488,0.07567567567567568,0.4666666666666667,0.9393644617380026
2,44,4796,0.8068858786347575,0.1111111111111111,0.06486486486486487,0.3870967741935484,0.9377431906614786
2,44,4846,0.8038205159281393,0.1320754716981132,0.07567567567567568,0.5185185185185185,0.940337224383917
2,44,4896,0.807786468773016,0.12206572769953052,0.07027027027027027,0.4642857142857143,0.9393644617380026
2,44,4946,0.7970129494793172,0.12149532710280374,0.07027027027027027,0.4482758620689655,0.9390402075226978
2,44,4996,0.7974772288673634,0.11538461538461539,0.06486486486486487,0.5217391304347826,0.940337224383917
2,44,5046,0.7957786002629051,0.11428571428571428,0.06486486486486487,0.48,0.9396887159533074
2,44,5096,0.7981186429616923,0.11267605633802817,0.06486486486486487,0.42857142857142855,0.938715953307393
2,44,5146,0.7969253144141036,0.12206572769953052,0.07027027027027027,0.4642857142857143,0.9393644617380026
2,44,5196,0.7974940100500639,0.10232558139534884,0.05945945945945946,0.36666666666666664,0.9374189364461738
2,44,5246,0.7968302210454679,0.09615384615384616,0.05405405405405406,0.43478260869565216,0.9390402075226978
2,44,5296,0.8021554496890821,0.102803738317757,0.05945945945945946,0.3793103448275862,0.9377431906614786
2,44,5346,0.8032592785956015,0.09433962264150944,0.05405405405405406,0.37037037037037035,0.9377431906614786
2,44,5396,0.8005537790291154,0.10377358490566038,0.05945945945945946,0.4074074074074074,0.9383916990920882
2,44,5446,0.7991851803510995,0.08571428571428572,0.04864864864864865,0.36,0.9377431906614786
2,44,5496,0.8001827284338495,0.09569377990430622,0.05405405405405406,0.4166666666666667,0.938715953307393
2,44,5546,0.7953944976366502,0.10185185185185185,0.05945945945945946,0.3548387096774194,0.937094682230869
2,44,5596,0.801970856679377,0.10526315789473684,0.05945945945945946,0.4583333333333333,0.9393644617380026
2,44,5646,0.7915199090086983,0.08695652173913043,0.04864864864864865,0.4090909090909091,0.938715953307393
2,44,5696,0.8027297390526091,0.11926605504587157,0.07027027027027027,0.3939393939393939,0.9377431906614786
2,44,5746,0.8027427910835983,0.11320754716981132,0.06486486486486487,0.4444444444444444,0.9390402075226978
2,44,5796,0.8018645758556072,0.10476190476190476,0.05945945945945946,0.44,0.9390402075226978
2,44,5846,0.7969309081416704,0.11214953271028037,0.06486486486486487,0.41379310344827586,0.9383916990920882
2,44,5896,0.8086199341804722,0.10679611650485436,0.05945945945945946,0.5238095238095238,0.940337224383917
2,44,5946,0.8051145315719307,0.09523809523809523,0.05405405405405406,0.4,0.9383916990920882
2,44,5996,0.8079393639931757,0.09389671361502347,0.05405405405405406,0.35714285714285715,0.9374189364461738
2,44,6046,0.8020398459860344,0.08530805687203792,0.04864864864864865,0.34615384615384615,0.9374189364461738
2,44,6096,0.8078778329899405,0.0966183574879227,0.05405405405405406,0.45454545454545453,0.9393644617380026
2,44,6146,0.8070182635205058,0.12264150943396226,0.07027027027027027,0.48148148148148145,0.9396887159533074
2,44,6196,0.8037254225595033,0.11214953271028037,0.06486486486486487,0.41379310344827586,0.9383916990920882
2,44,6246,0.8069399513345701,0.10232558139534884,0.05945945945945946,0.36666666666666664,0.9374189364461738
2,44,6296,0.8007290491595425,0.11428571428571428,0.06486486486486487,0.48,0.9396887159533074
2,44,6346,0.8066248380149725,0.12149532710280374,0.07027027027027027,0.4482758620689655,0.9390402075226978
2,44,6396,0.8015159001706087,0.10426540284360189,0.05945945945945946,0.4230769230769231,0.938715953307393
2,44,6446,0.8036060897047445,0.09433962264150944,0.05405405405405406,0.37037037037037035,0.9377431906614786
2,44,6496,0.8064588907638235,0.11214953271028037,0.06486486486486487,0.41379310344827586,0.9383916990920882
2,44,6546,0.806190391840616,0.11320754716981132,0.06486486486486487,0.4444444444444444,0.9390402075226978
2,44,6596,0.8103894166674436,0.10576923076923077,0.05945945945945946,0.4782608695652174,0.9396887159533074
2,44,6646,0.8134193524328054,0.10784313725490197,0.05945945945945946,0.5789473684210527,0.9409857328145266
2,44,6696,0.817541929649553,0.09615384615384616,0.05405405405405406,0.43478260869565216,0.9390402075226978
2,44,6746,0.8047602621593652,0.06896551724137931,0.03783783783783784,0.3888888888888889,0.938715953307393
2,44,6796,0.803251820292179,0.07960199004975124,0.043243243243243246,0.5,0.9400129701686122
2,44,6846,0.8064514324604011,0.08653846153846154,0.04864864864864865,0.391304347826087,0.9383916990920882
2,44,6896,0.8070182635205058,0.11538461538461539,0.06486486486486487,0.5217391304347826,0.940337224383917
2,44,6946,0.8070443675824841,0.07692307692307693,0.043243243243243246,0.34782608695652173,0.9377431906614786
2,44,6996,0.8046819499734299,0.0761904761904762,0.043243243243243246,0.32,0.937094682230869
2,44,7046,0.8109581123034039,0.08823529411764706,0.04864864864864865,0.47368421052631576,0.9396887159533074
2,44,7096,0.808987255624027,0.09523809523809523,0.05405405405405406,0.4,0.9383916990920882
2,44,7146,0.8041095251857583,0.07766990291262135,0.043243243243243246,0.38095238095238093,0.9383916990920882
2,44,7196,0.8025041253740806,0.06930693069306931,0.03783783783783784,0.4117647058823529,0.9390402075226978
2,44,7246,0.8072177731370557,0.09615384615384616,0.05405405405405406,0.43478260869565216,0.9390402075226978
2,44,7296,0.806798243569544,0.07729468599033816,0.043243243243243246,0.36363636363636365,0.9380674448767834
2,44,7346,0.8083663518641098,0.08823529411764706,0.04864864864864865,0.47368421052631576,0.9396887159533074
2,44,7396,0.8044097218985111,0.07766990291262135,0.043243243243243246,0.38095238095238093,0.9383916990920882
2,44,7446,0.8033730177227936,0.08695652173913043,0.04864864864864865,0.4090909090909091,0.938715953307393
2,44,7496,0.8015942123565443,0.0970873786407767,0.05405405405405406,0.47619047619047616,0.9396887159533074
2,44,7546,0.803798141017872,0.08695652173913043,0.04864864864864865,0.4090909090909091,0.938715953307393
2,44,7596,0.8058361224280506,0.07729468599033816,0.043243243243243246,0.36363636363636365,0.9380674448767834
2,44,7646,0.7965039202707365,0.11267605633802817,0.06486486486486487,0.42857142857142855,0.938715953307393
2,44,7696,0.7974082395607061,0.07729468599033816,0.043243243243243246,0.36363636363636365,0.9380674448767834
2,44,7746,0.8066173797115501,0.09345794392523364,0.05405405405405406,0.3448275862068966,0.937094682230869
2,44,7796,0.8038279742315617,0.10426540284360189,0.05945945945945946,0.4230769230769231,0.938715953307393
2,44,7846,0.8102794066919627,0.10476190476190476,0.05945945945945946,0.44,0.9390402075226978
2,44,7896,0.8138929547001296,0.09950248756218906,0.05405405405405406,0.625,0.9413099870298314
2,44,7946,0.8040107026654112,0.09389671361502347,0.05405405405405406,0.35714285714285715,0.9374189364461738
2,44,7996,0.8099512413413759,0.09615384615384616,0.05405405405405406,0.43478260869565216,0.9390402075226978
3,45,246,0.6839702413693445,0.04201680672268908,0.02702702702702703,0.09433962264150944,0.9260700389105059
3,45,296,0.7273067134053682,0.10980392156862745,0.07567567567567568,0.2,0.9263942931258107
3,45,346,0.7098953040657077,0.15492957746478872,0.11891891891891893,0.2222222222222222,0.9221789883268483
3,45,396,0.6939820814260277,0.09420289855072464,0.07027027027027027,0.14285714285714285,0.9189364461738002
3,45,446,0.6956974912131862,0.14388489208633093,0.10810810810810811,0.21505376344086022,0.9228274967574579
3,45,496,0.7079598743275874,0.0859375,0.05945945945945946,0.15492957746478872,0.9241245136186771
3,45,546,0.6842378080046242,0.104,0.07027027027027027,0.2,0.9273670557717251
3,45,596,0.6910435098775907,0.09716599190283401,0.06486486486486487,0.1935483870967742,0.9276913099870299
3,45,646,0.7078135051229222,0.08835341365461848,0.05945945945945946,0.171875,0.9263942931258107
3,45,696,0.7086376476511006,0.08870967741935484,0.05945945945945946,0.1746031746031746,0.9267185473411155
3,45,746,0.7349952919459646,0.10441767068273092,0.07027027027027027,0.203125,0.9276913099870299
3,45,796,0.7324184481135155,0.07228915662650602,0.04864864864864865,0.140625,0.9250972762645915
3,45,846,0.7399476054184574,0.0703125,0.04864864864864865,0.1267605633802817,0.9228274967574579
3,45,896,0.7354045663462704,0.07114624505928854,0.04864864864864865,0.1323529411764706,0.9238002594033723
3,45,946,0.7291517112144915,0.06751054852320675,0.043243243243243246,0.15384615384615385,0.9283398184176395
3,45,996,0.7320306163355492,0.11023622047244094,0.07567567567567568,0.2028985507246377,0.9267185473411155
3,45,1046,0.7455096351957339,0.10196078431372549,0.07027027027027027,0.18571428571428572,0.9257457846952011
3,45,1096,0.7488248510670035,0.09737827715355805,0.07027027027027027,0.15853658536585366,0.9218547341115434
3,45,1146,0.7491735267520022,0.08527131782945736,0.05945945945945946,0.1506849315068493,0.9234760051880675
3,45,1196,0.7440571306042159,0.09448818897637795,0.06486486486486487,0.17391304347826086,0.9254215304798963
3,45,1246,0.7599377231664228,0.08,0.05405405405405406,0.15384615384615385,0.9254215304798963
3,45,1296,0.7603292840961002,0.11406844106463879,0.08108108108108109,0.19230769230769232,0.9244487678339819
3,45,1346,0.7678621705527535,0.09961685823754789,0.07027027027027027,0.17105263157894737,0.9238002594033723
3,45,1396,0.7623747238097014,0.08627450980392157,0.05945945945945946,0.15714285714285714,0.9244487678339819
3,45,1446,0.76456560044004,0.06477732793522267,0.043243243243243246,0.12903225806451613,0.9250972762645915
3,45,1496,0.7682891584236876,0.08870967741935484,0.05945945945945946,0.1746031746031746,0.9267185473411155
3,45,1546,0.7640080922592133,0.10646387832699619,0.07567567567567568,0.1794871794871795,0.9238002594033723
3,45,1596,0.7731948574997903,0.11583011583011583,0.08108108108108109,0.20270270270270271,0.9257457846952011
3,45,1646,0.7667396958876779,0.11428571428571428,0.07567567567567568,0.23333333333333334,0.9296368352788587
3,45,1696,0.7670585383589869,0.09411764705882353,0.06486486486486487,0.17142857142857143,0.9250972762645915
3,45,1746,0.7661803231309958,0.08130081300813008,0.05405405405405406,0.16393442622950818,0.9267185473411155
3,45,1796,0.7800919235896815,0.08943089430894309,0.05945945945945946,0.18032786885245902,0.9273670557717251
3,45,1846,0.768738521204889,0.0873015873015873,0.05945945945945946,0.16417910447761194,0.9254215304798963
3,45,1896,0.7712333236996914,0.096,0.06486486486486487,0.18461538461538463,0.9267185473411155
3,45,1946,0.7682462731790087,0.0967741935483871,0.06486486486486487,0.19047619047619047,0.9273670557717251
3,45,1996,0.7727063386256211,0.11016949152542373,0.07027027027027027,0.2549019607843137,0.9319066147859922
3,45,2046,0.772555307981317,0.08298755186721991,0.05405405405405406,0.17857142857142858,0.9283398184176395
3,45,2096,0.7781322543654381,0.06866952789699571,0.043243243243243246,0.16666666666666666,0.9296368352788587
3,45,2146,0.7781919207928177,0.09876543209876543,0.06486486486486487,0.20689655172413793,0.9289883268482491
3,45,2196,0.7743620819854005,0.11063829787234042,0.07027027027027027,0.26,0.932230869001297
3,45,2246,0.7705061391160046,0.0995850622406639,0.06486486486486487,0.21428571428571427,0.9296368352788587
3,45,2296,0.7759674817970782,0.10655737704918032,0.07027027027027027,0.22033898305084745,0.9293125810635539
3,45,2346,0.7807631708977001,0.09836065573770492,0.06486486486486487,0.2033898305084746,0.9286640726329443
3,45,2396,0.7742371554030747,0.08870967741935484,0.05945945945945946,0.1746031746031746,0.9267185473411155
3,45,2446,0.7740022188452683,0.10743801652892562,0.07027027027027027,0.22807017543859648,0.9299610894941635
3,45,2496,0.7726205681362632,0.0851063829787234,0.05405405405405406,0.2,0.9302853437094682
3,45,2546,0.7807557125942777,0.12295081967213115,0.08108108108108109,0.2542372881355932,0.930609597924773
3,45,2596,0.7876770181702918,0.09401709401709402,0.05945945945945946,0.22448979591836735,0.9312581063553826
3,45,2646,0.7879865377623225,0.0611353711790393,0.03783783783783784,0.1590909090909091,0.9302853437094682
3,45,2696,0.7846097908878178,0.08906882591093117,0.05945945945945946,0.1774193548387097,0.9270428015564203
3,45,2746,0.7827209755460875,0.06694560669456066,0.043243243243243246,0.14814814814814814,0.9276913099870299
3,45,2796,0.7859504209279994,0.07659574468085106,0.04864864864864865,0.18,0.9296368352788587
3,45,2846,0.7954895910052862,0.1111111111111111,0.07027027027027027,0.2653061224489796,0.9325551232166018
3,45,2896,0.7967686900422327,0.09166666666666666,0.05945945945945946,0.2,0.9293125810635539
3,45,2946,0.7888330552007683,0.07860262008733625,0.04864864864864865,0.20454545454545456,0.9315823605706874
3,45,2996,0.7926069567325174,0.08438818565400844,0.05405405405405406,0.19230769230769232,0.9296368352788587
3,45,3046,0.7911283480790208,0.09734513274336283,0.05945945945945946,0.2682926829268293,0.933852140077821
3,45,3096,0.7855458079673325,0.08,0.04864864864864865,0.225,0.9328793774319066
3,45,3146,0.7888069511387896,0.08849557522123894,0.05405405405405406,0.24390243902439024,0.9332036316472114
3,45,3196,0.7933266830127815,0.1016949152542373,0.06486486486486487,0.23529411764705882,0.9312581063553826
3,45,3246,0.791322263968004,0.10344827586206896,0.06486486486486487,0.2553191489361702,0.9325551232166018
3,45,3296,0.7962223693165398,0.11607142857142858,0.07027027027027027,0.3333333333333333,0.9357976653696498
3,45,3346,0.7981652573580825,0.1391304347826087,0.08648648648648649,0.35555555555555557,0.9357976653696498
3,45,3396,0.7940333572620568,0.11403508771929824,0.07027027027027027,0.3023255813953488,0.9345006485084306
3,45,3446,0.7901811435443723,0.07079646017699115,0.043243243243243246,0.1951219512195122,0.9319066147859922
3,45,3496,0.7948388540316791,0.08968609865470852,0.05405405405405406,0.2631578947368421,0.9341763942931258
3,45,3546,0.8009956835068942,0.12173913043478261,0.07567567567567568,0.3111111111111111,0.9345006485084306
3,45,3596,0.7925211862431594,0.1282051282051282,0.08108108108108109,0.30612244897959184,0.933852140077821
3,45,3646,0.7945330635913596,0.09691629955947137,0.05945945945945946,0.2619047619047619,0.9335278858625162
3,45,3696,0.7948649580936576,0.13100436681222707,0.08108108108108109,0.3409090909090909,0.935473411154345
3,45,3746,0.7889542526313826,0.09734513274336283,0.05945945945945946,0.2682926829268293,0.933852140077821
3,45,3796,0.7920084278828673,0.11304347826086956,0.07027027027027027,0.28888888888888886,0.933852140077821
3,45,3846,0.7901457166031157,0.11403508771929824,0.07027027027027027,0.3023255813953488,0.9345006485084306
3,45,3896,0.7996457305874346,0.10619469026548672,0.06486486486486487,0.2926829268292683,0.9345006485084306
3,45,3946,0.7977960713386723,0.09734513274336283,0.05945945945945946,0.2682926829268293,0.933852140077821
3,45,3996,0.7907069539356535,0.13100436681222707,0.08108108108108109,0.3409090909090909,0.935473411154345
3,45,4046,0.7944286473434455,0.09009009009009009,0.05405405405405406,0.2702702702702703,0.9345006485084306
3,45,4096,0.7961757549201496,0.09777777777777778,0.05945945945945946,0.275,0.9341763942931258
3,45,4146,0.7900897793274477,0.09565217391304348,0.05945945945945946,0.24444444444444444,0.9325551232166018
3,45,4196,0.7954709452467301,0.06422018348623854,0.03783783783783784,0.21212121212121213,0.933852140077821
3,45,4246,0.7912719204199024,0.07373271889400922,0.043243243243243246,0.25,0.9348249027237354
3,45,4296,0.7915944920429225,0.1085972850678733,0.06486486486486487,0.3333333333333333,0.9361219195849546
3,45,4346,0.7871698535375665,0.091324200913242,0.05405405405405406,0.29411764705882354,0.935473411154345
3,45,4396,0.7930414029068737,0.09821428571428571,0.05945945945945946,0.28205128205128205,0.9345006485084306
3,45,4446,0.7892786888302583,0.0821917808219178,0.04864864864864865,0.2647058823529412,0.9348249027237354
3,45,4496,0.7855998806671453,0.11162790697674418,0.06486486486486487,0.4,0.9380674448767834
3,45,4546,0.7916578876220133,0.08571428571428572,0.04864864864864865,0.36,0.9377431906614786
3,45,4596,0.7889486589038158,0.06698564593301436,0.03783783783783784,0.2916666666666667,0.9367704280155642
3,45,4646,0.7891127415791092,0.07655502392344497,0.043243243243243246,0.3333333333333333,0.9374189364461738
3,45,4696,0.7818073333768402,0.09389671361502347,0.05405405405405406,0.35714285714285715,0.9374189364461738
3,45,4746,0.7827601316390554,0.09302325581395349,0.05405405405405406,0.3333333333333333,0.9367704280155642
3,45,4796,0.7813784809300505,0.07766990291262135,0.043243243243243246,0.38095238095238093,0.9383916990920882
3,45,4846,0.788583202036117,0.09090909090909091,0.05405405405405406,0.2857142857142857,0.9351491569390402
3,45,4896,0.7841361886204936,0.0861244019138756,0.04864864864864865,0.375,0.9380674448767834
3,45,4946,0.7886093060980953,0.08530805687203792,0.04864864864864865,0.34615384615384615,0.9374189364461738
3,45,4996,0.791924521969365,0.10138248847926268,0.05945945945945946,0.34375,0.9367704280155642
3,45,5046,0.7871045933826203,0.09389671361502347,0.05405405405405406,0.35714285714285715,0.9374189364461738
3,45,5096,0.7835563055293997,0.0821917808219178,0.04864864864864865,0.2647058823529412,0.9348249027237354
3,45,5146,0.7833437438818606,0.07511737089201878,0.043243243243243246,0.2857142857142857,0.9361219195849546
3,45,5196,0.7878149967836066,0.08256880733944955,0.04864864864864865,0.2727272727272727,0.9351491569390402
3,45,5246,0.7869013546143591,0.08144796380090498,0.04864864864864865,0.25,0.9341763942931258
3,45,5296,0.7873227487577263,0.0761904761904762,0.043243243243243246,0.32,0.937094682230869
3,45,5346,0.7897168641563261,0.10328638497652583,0.05945945945945946,0.39285714285714285,0.9380674448767834
3,45,5396,0.7855775057568779,0.09049773755656108,0.05405405405405406,0.2777777777777778,0.9348249027237354
3,45,5446,0.7879902669140337,0.08294930875576037,0.04864864864864865,0.28125,0.935473411154345
3,45,5496,0.7921930208925725,0.08490566037735849,0.04864864864864865,0.3333333333333333,0.937094682230869
3,45,5546,0.7905727044740496,0.09090909090909091,0.05405405405405406,0.2857142857142857,0.9351491569390402
3,45,5596,0.787177311840989,0.0947867298578199,0.05405405405405406,0.38461538461538464,0.9380674448767834
3,45,5646,0.7909661299795828,0.09345794392523364,0.05405405405405406,0.3448275862068966,0.937094682230869
3,45,5696,0.7923030308680532,0.09302325581395349,0.05405405405405406,0.3333333333333333,0.9367704280155642
3,45,5746,0.7888106802905009,0.07582938388625593,0.043243243243243246,0.3076923076923077,0.9367704280155642
3,45,5796,0.7903862468884891,0.07407407407407407,0.043243243243243246,0.25806451612903225,0.9351491569390402
3,45,5846,0.7839776996727669,0.08333333333333333,0.04864864864864865,0.2903225806451613,0.9357976653696498
3,45,5896,0.7834183269160848,0.07511737089201878,0.043243243243243246,0.2857142857142857,0.9361219195849546
3,45,5946,0.7844736768503585,0.0970873786407767,0.05405405405405406,0.47619047619047616,0.9396887159533074
3,45,5996,0.7850442370621743,0.09345794392523364,0.05405405405405406,0.3448275862068966,0.937094682230869
3,45,6046,0.7893253032266485,0.09615384615384616,0.05405405405405406,0.43478260869565216,0.9390402075226978
3,45,6096,0.7839590539142108,0.06666666666666667,0.03783783783783784,0.28,0.9364461738002594
3,45,6146,0.7863307944025434,0.07582938388625593,0.043243243243243246,0.3076923076923077,0.9367704280155642
3,45,6196,0.7915441484948212,0.0861244019138756,0.04864864864864865,0.375,0.9380674448767834
3,45,6246,0.7924428740572238,0.06481481481481481,0.03783783783783784,0.22580645161290322,0.9345006485084306
3,45,6296,0.7924633843916354,0.06635071090047394,0.03783783783783784,0.2692307692307692,0.9361219195849546
3,45,6346,0.7904459133158684,0.07547169811320754,0.043243243243243246,0.2962962962962963,0.9364461738002594
3,45,6396,0.7914154927607842,0.08530805687203792,0.04864864864864865,0.34615384615384615,0.9374189364461738
3,45,6446,0.786673876359975,0.08530805687203792,0.04864864864864865,0.34615384615384615,0.9374189364461738
3,45,6496,0.7842406048684076,0.0761904761904762,0.043243243243243246,0.32,0.937094682230869
3,45,6546,0.7903209867335429,0.07920792079207921,0.043243243243243246,0.47058823529411764,0.9396887159533074
3,45,6596,0.7927915497422224,0.06763285024154589,0.03783783783783784,0.3181818181818182,0.9374189364461738
3,45,6646,0.7928978305659921,0.0761904761904762,0.043243243243243246,0.32,0.937094682230869
3,45,6696,0.7965840970325275,0.08780487804878048,0.04864864864864865,0.45,0.9393644617380026
3,45,6746,0.7998993129037972,0.06698564593301436,0.03783783783783784,0.2916666666666667,0.9367704280155642
3,45,6796,0.7965505346671267,0.058823529411764705,0.032432432432432434,0.3157894736842105,0.9377431906614786
3,45,6846,0.8008539757418681,0.07729468599033816,0.043243243243243246,0.36363636363636365,0.9380674448767834
3,45,6896,0.7966418988840513,0.06796116504854369,0.03783783783783784,0.3333333333333333,0.9377431906614786
3,45,6946,0.7971248240306537,0.06862745098039216,0.03783783783783784,0.3684210526315789,0.9383916990920882
3,45,6996,0.8002722280749187,0.06698564593301436,0.03783783783783784,0.2916666666666667,0.9367704280155642
3,45,7046,0.794037086413768,0.07766990291262135,0.043243243243243246,0.38095238095238093,0.9383916990920882
3,45,7096,0.8002144262233949,0.07582938388625593,0.043243243243243246,0.3076923076923077,0.9367704280155642
3,45,7146,0.7991105973168753,0.08530805687203792,0.04864864864864865,0.34615384615384615,0.9374189364461738
3,45,7196,0.803598631401322,0.08571428571428572,0.04864864864864865,0.36,0.9377431906614786
3,45,7246,0.800684299339008,0.05825242718446602,0.032432432432432434,0.2857142857142857,0.937094682230869
3,45,7296,0.7996998032872473,0.0761904761904762,0.043243243243243246,0.32,0.937094682230869
3,45,7346,0.8032536848680346,0.059113300492610835,0.032432432432432434,0.3333333333333333,0.9380674448767834
3,45,7396,0.8062220896301614,0.05825242718446602,0.032432432432432434,0.2857142857142857,0.937094682230869
3,45,7446,0.8079897075412771,0.06862745098039216,0.03783783783783784,0.3684210526315789,0.9383916990920882
3,45,7496,0.8013033385230695,0.059113300492610835,0.032432432432432434,0.3333333333333333,0.9380674448767834
3,45,7546,0.8017359201215704,0.06930693069306931,0.03783783783783784,0.4117647058823529,0.9390402075226978
3,45,7596,0.807424741057028,0.0784313725490196,0.043243243243243246,0.42105263157894735,0.9390402075226978
3,45,7646,0.8069157118484473,0.04926108374384237,0.02702702702702703,0.2777777777777778,0.9374189364461738
3,45,7696,0.8131694992681539,0.058823529411764705,0.032432432432432434,0.3157894736842105,0.9377431906614786
3,45,7746,0.8102812712678183,0.07,0.03783783783783784,0.4666666666666667,0.9396887159533074
3,45,7796,0.810725040321453,0.06030150753768844,0.032432432432432434,0.42857142857142855,0.9393644617380026
3,45,7846,0.8115976618218771,0.059113300492610835,0.032432432432432434,0.3333333333333333,0.9380674448767834
3,45,7896,0.813307477881469,0.06829268292682927,0.03783783783783784,0.35,0.9380674448767834
3,45,7946,0.8123211172538527,0.06930693069306931,0.03783783783783784,0.4117647058823529,0.9390402075226978
3,45,7996,0.8147245555317306,0.05970149253731343,0.032432432432432434,0.375,0.938715953307393
4,46,246,0.6287769314675145,0.09230769230769231,0.06486486486486487,0.16,0.9234760051880675
4,46,296,0.6855411465276936,0.0642570281124498,0.043243243243243246,0.125,0.9244487678339819
4,46,346,0.6657328249256501,0.07346938775510205,0.04864864864864865,0.15,0.9263942931258107
4,46,396,0.6869227972366986,0.0873015873015873,0.05945945945945946,0.16417910447761194,0.9254215304798963
4,46,446,0.6693547635251671,0.1,0.07027027027027027,0.17333333333333334,0.9241245136186771
4,46,496,0.7079216505225474,0.07003891050583658,0.04864864864864865,0.125,0.9225032425421531
4,46,546,0.7265841902613204,0.1391941391941392,0.10270270270270271,0.2159090909090909,0.9238002594033723
4,46,596,0.7330691850871224,0.11764705882352941,0.08108108108108109,0.21428571428571427,0.9270428015564203
4,46,646,0.7476445745504042,0.13026819923371646,0.0918918918918919,0.2236842105263158,0.9263942931258107
4,46,696,0.742998051518231,0.10810810810810811,0.07567567567567568,0.1891891891891892,0.9250972762645915
4,46,746,0.7438762667462219,0.11811023622047244,0.08108108108108109,0.21739130434782608,0.9273670557717251
4,46,796,0.7315905764336258,0.09448818897637795,0.06486486486486487,0.17391304347826086,0.9254215304798963
4,46,846,0.7306023512301539,0.10569105691056911,0.07027027027027027,0.21311475409836064,0.9286640726329443
4,46,896,0.7345179605269292,0.05217391304347826,0.032432432432432434,0.13333333333333333,0.9293125810635539
4,46,946,0.741834556184332,0.0625,0.03783783783783784,0.1794871794871795,0.9319066147859922
4,46,996,0.7467104220467449,0.07407407407407407,0.04864864864864865,0.15517241379310345,0.9270428015564203
4,46,1046,0.746225632324287,0.06837606837606838,0.043243243243243246,0.16326530612244897,0.9293125810635539
4,46,1096,0.76396707159039,0.05907172995780591,0.03783783783783784,0.1346153846153846,0.9276913099870299
4,46,1146,0.7685912197122959,0.05,0.032432432432432434,0.10909090909090909,0.9260700389105059
4,46,1196,0.7740245937555356,0.05128205128205128,0.032432432432432434,0.12244897959183673,0.9280155642023347
4,46,1246,0.7711978967584348,0.03571428571428571,0.021621621621621623,0.10256410256410256,0.9299610894941635
4,46,1296,0.7783354931336993,0.058333333333333334,0.03783783783783784,0.12727272727272726,0.9267185473411155
4,46,1346,0.7625667751228289,0.0944206008583691,0.05945945945945946,0.22916666666666666,0.9315823605706874
4,46,1396,0.7751787662101565,0.059322033898305086,0.03783783783783784,0.13725490196078433,0.9280155642023347
4,46,1446,0.7582521465929537,0.06060606060606061,0.03783783783783784,0.15217391304347827,0.9296368352788587
4,46,1496,0.7714943643194765,0.08583690987124463,0.05405405405405406,0.20833333333333334,0.9309338521400778
4,46,1546,0.7661001463692046,0.09361702127659574,0.05945945945945946,0.22,0.9309338521400778
4,46,1596,0.7641404771449615,0.07725321888412018,0.04864864864864865,0.1875,0.9302853437094682
4,46,1646,0.7662232083756747,0.08438818565400844,0.05405405405405406,0.19230769230769232,0.9296368352788587
4,46,1696,0.7693351854786833,0.09482758620689655,0.05945945945945946,0.23404255319148937,0.9319066147859922
4,46,1746,0.7751302872379106,0.08438818565400844,0.05405405405405406,0.19230769230769232,0.9296368352788587
4,46,1796,0.7814884909055313,0.1087866108786611,0.07027027027027027,0.24074074074074073,0.9309338521400778
4,46,1846,0.7835357951949882,0.11063829787234042,0.07027027027027027,0.26,0.932230869001297
4,46,1896,0.7894054799884397,0.13333333333333333,0.08648648648648649,0.2909090909090909,0.9325551232166018
4,46,1946,0.7845818222499836,0.12552301255230125,0.08108108108108109,0.2777777777777778,0.932230869001297
4,46,1996,0.7797152792668488,0.13765182186234817,0.0918918918918919,0.27419354838709675,0.9309338521400778
4,46,2046,0.775693389146304,0.13333333333333333,0.0918918918918919,0.24285714285714285,0.9283398184176395
4,46,2096,0.7850330496070405,0.1245136186770428,0.08648648648648649,0.2222222222222222,0.9270428015564203
4,46,2146,0.7869088129177817,0.13127413127413126,0.0918918918918919,0.22972972972972974,0.9270428015564203
4,46,2196,0.7813616997473501,0.13127413127413126,0.0918918918918919,0.22972972972972974,0.9270428015564203
4,46,2246,0.7861462013928383,0.12403100775193798,0.08648648648648649,0.2191780821917808,0.9267185473411155
4,46,2296,0.7848577794766136,0.10727969348659004,0.07567567567567568,0.18421052631578946,0.9244487678339819
4,46,2346,0.7887845762285225,0.15613382899628253,0.11351351351351352,0.25,0.9263942931258107
4,46,2396,0.7944361056468681,0.14840989399293286,0.11351351351351352,0.21428571428571427,0.9218547341115434
4,46,2446,0.7875819248016558,0.13333333333333333,0.0972972972972973,0.21176470588235294,0.9241245136186771
4,46,2496,0.7851206846722543,0.1171875,0.08108108108108109,0.2112676056338028,0.9267185473411155
4,46,2546,0.7824897681399924,0.12121212121212122,0.08648648648648649,0.20253164556962025,0.9247730220492867
4,46,2596,0.7854842769640975,0.13026819923371646,0.0918918918918919,0.2236842105263158,0.9263942931258107
4,46,2646,0.7933788911367388,0.12403100775193798,0.08648648648648649,0.2191780821917808,0.9267185473411155
4,46,2696,0.7870374686518185,0.13127413127413126,0.0918918918918919,0.22972972972972974,0.9270428015564203
4,46,2746,0.7883557237817327,0.12121212121212122,0.08648648648648649,0.20253164556962025,0.9247730220492867
4,46,2796,0.792541696577571,0.14728682170542637,0.10270270270270271,0.2602739726027397,0.9286640726329443
4,46,2846,0.7866067516291732,0.13076923076923078,0.0918918918918919,0.22666666666666666,0.9267185473411155
4,46,2896,0.7884806503640585,0.1349206349206349,0.0918918918918919,0.2537313432835821,0.9293125810635539
4,46,2946,0.7880387458862794,0.14285714285714285,0.0972972972972973,0.26865671641791045,0.9299610894941635
4,46,2996,0.7925342382741486,0.13438735177865613,0.0918918918918919,0.25,0.9289883268482491
4,46,3046,0.7856670053979472,0.1328125,0.0918918918918919,0.23943661971830985,0.9280155642023347
4,46,3096,0.7859243168660208,0.11244979919678715,0.07567567567567568,0.21875,0.9283398184176395
4,46,3146,0.781822249983685,0.15447154471544716,0.10270270270270271,0.3114754098360656,0.9325551232166018
4,46,3196,0.7769855402142398,0.1322314049586777,0.08648648648648649,0.2807017543859649,0.9319066147859922
4,46,3246,0.7851486533100883,0.13991769547325103,0.0918918918918919,0.29310344827586204,0.932230869001297
4,46,3296,0.7921687814064496,0.1532567049808429,0.10810810810810811,0.2631578947368421,0.9283398184176395
4,46,3346,0.7941098048721368,0.1214574898785425,0.08108108108108109,0.24193548387096775,0.9296368352788587
4,46,3396,0.7932968497990921,0.12552301255230125,0.08108108108108109,0.2777777777777778,0.932230869001297
4,46,3446,0.7864538564090133,0.11570247933884298,0.07567567567567568,0.24561403508771928,0.930609597924773
4,46,3496,0.7944752617398357,0.10612244897959183,0.07027027027027027,0.21666666666666667,0.9289883268482491
4,46,3546,0.7949936138276945,0.10300429184549356,0.06486486486486487,0.25,0.932230869001297
4,46,3596,0.7920140216104342,0.11814345991561181,0.07567567567567568,0.2692307692307692,0.932230869001297
4,46,3646,0.8005575081808267,0.10212765957446808,0.06486486486486487,0.24,0.9315823605706874
4,46,3696,0.796653086339185,0.10833333333333334,0.07027027027027027,0.23636363636363636,0.930609597924773
4,46,3746,0.7866794700875418,0.1282051282051282,0.08108108108108109,0.30612244897959184,0.933852140077821
4,46,3796,0.7918928241798198,0.13114754098360656,0.08648648648648649,0.2711864406779661,0.9312581063553826
4,46,3846,0.7946990108425086,0.11914893617021277,0.07567567567567568,0.28,0.9328793774319066
4,46,3896,0.794768000149166,0.10970464135021098,0.07027027027027027,0.25,0.9315823605706874
4,46,3946,0.8013163905540586,0.11864406779661017,0.07567567567567568,0.27450980392156865,0.9325551232166018
4,46,3996,0.7994052003020613,0.11504424778761062,0.07027027027027027,0.3170731707317073,0.9351491569390402
4,46,4046,0.8040535879100903,0.10810810810810811,0.06486486486486487,0.32432432432432434,0.9357976653696498
4,46,4096,0.8018645758556073,0.12444444444444444,0.07567567567567568,0.35,0.9361219195849546
4,46,4146,0.808422289139778,0.1206896551724138,0.07567567567567568,0.2978723404255319,0.933852140077821
4,46,4196,0.8055247382601644,0.1111111111111111,0.07027027027027027,0.2653061224489796,0.9325551232166018
4,46,4246,0.8017676179111156,0.07964601769911504,0.04864864864864865,0.21951219512195122,0.9325551232166018
4,46,4296,0.8065036405843581,0.09821428571428571,0.05945945945945946,0.28205128205128205,0.9345006485084306
4,46,4346,0.8049485843207816,0.11965811965811966,0.07567567567567568,0.2857142857142857,0.9332036316472114
4,46,4396,0.8043332742884313,0.10480349344978165,0.06486486486486487,0.2727272727272727,0.9335278858625162
4,46,4446,0.8029124674864586,0.11304347826086956,0.07027027027027027,0.28888888888888886,0.933852140077821
4,46,4496,0.8047397518249537,0.08928571428571429,0.05405405405405406,0.2564102564102564,0.933852140077821
4,46,4546,0.8016482850563569,0.11504424778761062,0.07027027027027027,0.3170731707317073,0.9351491569390402
4,46,4596,0.8030504460997735,0.1,0.05945945945945946,0.3142857142857143,0.9357976653696498
4,46,4646,0.7988644733039353,0.10619469026548672,0.06486486486486487,0.2926829268292683,0.9345006485084306
4,46,4696,0.8012250263371339,0.12017167381974249,0.07567567567567568,0.2916666666666667,0.9335278858625162
4,46,4746,0.799748282259493,0.09049773755656108,0.05405405405405406,0.2777777777777778,0.9348249027237354
4,46,4796,0.8072718458368683,0.12444444444444444,0.07567567567567568,0.35,0.9361219195849546
4,46,4846,0.8046688979424406,0.10619469026548672,0.06486486486486487,0.2926829268292683,0.9345006485084306
4,46,4896,0.8006339557909063,0.10526315789473684,0.06486486486486487,0.27906976744186046,0.933852140077821
4,46,4946,0.7962466088026627,0.09174311926605505,0.05405405405405406,0.30303030303030304,0.9357976653696498
4,46,4996,0.7962988169266196,0.1459227467811159,0.0918918918918919,0.3541666666666667,0.935473411154345
4,46,5046,0.8033581011159485,0.11764705882352941,0.07027027027027027,0.3611111111111111,0.9367704280155642
4,46,5096,0.7984915581328138,0.09865470852017937,0.05945945945945946,0.2894736842105263,0.9348249027237354
4,46,5146,0.7982156009061839,0.09821428571428571,0.05945945945945946,0.28205128205128205,0.9345006485084306
4,46,5196,0.8022524076335736,0.125,0.07567567567567568,0.358974358974359,0.9364461738002594
4,46,5246,0.7975629993567213,0.125,0.07567567567567568,0.358974358974359,0.9364461738002594
4,46,5296,0.7984393500088567,0.12334801762114538,0.07567567567567568,0.3333333333333333,0.935473411154345
4,46,5346,0.7965896907600943,0.10810810810810811,0.06486486486486487,0.32432432432432434,0.9357976653696498
4,46,5396,0.8008222779523227,0.13333333333333333,0.08108108108108109,0.375,0.9367704280155642
4,46,5446,0.7961925361028499,0.11009174311926606,0.06486486486486487,0.36363636363636365,0.937094682230869
4,46,5496,0.803964088269021,0.09216589861751152,0.05405405405405406,0.3125,0.9361219195849546
4,46,5546,0.7968339501971788,0.125,0.07567567567567568,0.358974358974359,0.9364461738002594
4,46,5596,0.8017694824869713,0.07511737089201878,0.043243243243243246,0.2857142857142857,0.9361219195849546
4,46,5646,0.8029702693379823,0.07407407407407407,0.043243243243243246,0.25806451612903225,0.9351491569390402
4,46,5696,0.7986202138668507,0.08490566037735849,0.04864864864864865,0.3333333333333333,0.937094682230869
4,46,5746,0.7957543607767823,0.07511737089201878,0.043243243243243246,0.2857142857142857,0.9361219195849546
4,46,5796,0.7925099987880259,0.0730593607305936,0.043243243243243246,0.23529411764705882,0.9341763942931258
4,46,5846,0.8011504433029096,0.08333333333333333,0.04864864864864865,0.2903225806451613,0.9357976653696498
4,46,5896,0.791174962475411,0.09389671361502347,0.05405405405405406,0.35714285714285715,0.9374189364461738
4,46,5946,0.792427957450379,0.06635071090047394,0.03783783783783784,0.2692307692307692,0.9361219195849546
4,46,5996,0.7995674184014991,0.08530805687203792,0.04864864864864865,0.34615384615384615,0.9374189364461738
4,46,6046,0.7921930208925725,0.10138248847926268,0.05945945945945946,0.34375,0.9367704280155642
4,46,6096,0.7949395411278819,0.10138248847926268,0.05945945945945946,0.34375,0.9367704280155642
4,46,6146,0.7960004847897224,0.07407407407407407,0.043243243243243246,0.25806451612903225,0.9351491569390402
4,46,6196,0.7998172715661506,0.08411214953271028,0.04864864864864865,0.3103448275862069,0.9364461738002594
4,46,6246,0.7921725105581608,0.08372093023255814,0.04864864864864865,0.3,0.9361219195849546
4,46,6296,0.7956872360459805,0.08411214953271028,0.04864864864864865,0.3103448275862069,0.9364461738002594
4,46,6346,0.7882699532923748,0.07511737089201878,0.043243243243243246,0.2857142857142857,0.9361219195849546
4,46,6396,0.788920690265982,0.09433962264150944,0.05405405405405406,0.37037037037037035,0.9377431906614786
4,46,6446,0.7920904692205141,0.07547169811320754,0.043243243243243246,0.2962962962962963,0.9364461738002594
4,46,6496,0.7931103922135312,0.0660377358490566,0.03783783783783784,0.25925925925925924,0.9357976653696498
4,46,6546,0.7963715353849883,0.09345794392523364,0.05405405405405406,0.3448275862068966,0.937094682230869
4,46,6596,0.7986761511425188,0.09216589861751152,0.05405405405405406,0.3125,0.9361219195849546
4,46,6646,0.8029739984896936,0.09174311926605505,0.05405405405405406,0.30303030303030304,0.9357976653696498
4,46,6696,0.8066453483493843,0.08411214953271028,0.04864864864864865,0.3103448275862069,0.9364461738002594
4,46,6746,0.806911982696736,0.06542056074766354,0.03783783783783784,0.2413793103448276,0.9351491569390402
4,46,6796,0.7986798802942302,0.06635071090047394,0.03783783783783784,0.2692307692307692,0.9361219195849546
4,46,6846,0.8067945144178328,0.091324200913242,0.05405405405405406,0.29411764705882354,0.935473411154345
4,46,6896,0.7992373884750567,0.05714285714285714,0.032432432432432434,0.24,0.9357976653696498
4,46,6946,0.8047695850386434,0.08256880733944955,0.04864864864864865,0.2727272727272727,0.9351491569390402
4,46,6996,0.8016165872668114,0.10328638497652583,0.05945945945945946,0.39285714285714285,0.9380674448767834
4,46,7046,0.8086423090907396,0.07441860465116279,0.043243243243243246,0.26666666666666666,0.935473411154345
4,46,7096,0.7986929323252193,0.09216589861751152,0.05405405405405406,0.3125,0.9361219195849546
4,46,7146,0.8021200227478255,0.07476635514018691,0.043243243243243246,0.27586206896551724,0.9357976653696498
4,46,7196,0.8042325871922285,0.06796116504854369,0.03783783783783784,0.3333333333333333,0.9377431906614786
4,46,7246,0.8036582978287015,0.07547169811320754,0.043243243243243246,0.2962962962962963,0.9364461738002594
4,46,7296,0.8065595778600263,0.0947867298578199,0.05405405405405406,0.38461538461538464,0.9380674448767834
4,46,7346,0.8081258215787364,0.09389671361502347,0.05405405405405406,0.35714285714285715,0.9374189364461738
4,46,7396,0.8038801823555186,0.07511737089201878,0.043243243243243246,0.2857142857142857,0.9361219195849546
4,46,7446,0.8033245387505477,0.059113300492610835,0.032432432432432434,0.3333333333333333,0.9380674448767834
4,46,7496,0.8024985316465137,0.0861244019138756,0.04864864864864865,0.375,0.9380674448767834
4,46,7546,0.804120712640892,0.07729468599033816,0.043243243243243246,0.36363636363636365,0.9380674448767834
4,46,7596,0.8049485843207815,0.06829268292682927,0.03783783783783784,0.35,0.9380674448767834
4,46,7646,0.8085845072392158,0.06829268292682927,0.03783783783783784,0.35,0.9380674448767834
4,46,7696,0.8082339669783615,0.05970149253731343,0.032432432432432434,0.375,0.938715953307393
4,46,7746,0.8056216962046558,0.06,0.032432432432432434,0.4,0.9390402075226978
4,46,7796,0.8056478002666344,0.06091370558375635,0.032432432432432434,0.5,0.9400129701686122
4,46,7846,0.8044954923878691,0.05741626794258373,0.032432432432432434,0.25,0.9361219195849546
4,46,7896,0.8059349449483979,0.06,0.032432432432432434,0.4,0.9390402075226978
4,46,7946,0.8049728238069045,0.061224489795918366,0.032432432432432434,0.5454545454545454,0.940337224383917
4,46,7996,0.8046875437009966,0.05825242718446602,0.032432432432432434,0.2857142857142857,0.937094682230869
5,47,246,0.6343119248948845,0.08,0.07027027027027027,0.09285714285714286,0.9030479896238651
5,47,296,0.6498093471187641,0.07801418439716312,0.05945945945945946,0.1134020618556701,0.9156939040207522
5,47,346,0.6501412416210623,0.03187250996015936,0.021621621621621623,0.06060606060606061,0.9212062256809338
5,47,396,0.6371292990127071,0.06694560669456066,0.043243243243243246,0.14814814814814814,0.9276913099870299
5,47,446,0.6774563456177807,0.05063291139240506,0.032432432432432434,0.11538461538461539,0.9270428015564203
5,47,496,0.6779019792472707,0.05172413793103448,0.032432432432432434,0.1276595744680851,0.9286640726329443
5,47,546,0.6735481946244277,0.044642857142857144,0.02702702702702703,0.1282051282051282,0.930609597924773
5,47,596,0.6874262327177126,0.026200873362445413,0.016216216216216217,0.06818181818181818,0.9276913099870299
5,47,646,0.7206511098887781,0.05063291139240506,0.032432432432432434,0.11538461538461539,0.9270428015564203
5,47,696,0.7223236344312578,0.03636363636363636,0.021621621621621623,0.11428571428571428,0.9312581063553826
5,47,746,0.712888880601885,0.03636363636363636,0.021621621621621623,0.11428571428571428,0.9312581063553826
5,47,796,0.7168063544745159,0.037383177570093455,0.021621621621621623,0.13793103448275862,0.9332036316472114
5,47,846,0.6980972003393529,0.027522935779816515,0.016216216216216217,0.09090909090909091,0.9312581063553826
5,47,896,0.7233715260621091,0.05217391304347826,0.032432432432432434,0.13333333333333333,0.9293125810635539
5,47,946,0.7250048945116211,0.05,0.032432432432432434,0.10909090909090909,0.9260700389105059
5,47,996,0.7229650485255866,0.044642857142857144,0.02702702702702703,0.1282051282051282,0.930609597924773
5,47,1046,0.7217885011606986,0.05106382978723404,0.032432432432432434,0.12,0.9276913099870299
5,47,1096,0.7291386591835023,0.05263157894736842,0.032432432432432434,0.13953488372093023,0.9299610894941635
5,47,1146,0.7225156857443853,0.044642857142857144,0.02702702702702703,0.1282051282051282,0.930609597924773
5,47,1196,0.7370071692941648,0.05194805194805195,0.032432432432432434,0.13043478260869565,0.9289883268482491
5,47,1246,0.7346820432022226,0.043859649122807015,0.02702702702702703,0.11627906976744186,0.9293125810635539
5,47,1296,0.7275276656442575,0.04524886877828054,0.02702702702702703,0.1388888888888889,0.9315823605706874
5,47,1346,0.7305445493786302,0.037209302325581395,0.021621621621621623,0.13333333333333333,0.9328793774319066
5,47,1396,0.7399215013564789,0.05454545454545454,0.032432432432432434,0.17142857142857143,0.9325551232166018
5,47,1446,0.7421235654419511,0.04524886877828054,0.02702702702702703,0.1388888888888889,0.9315823605706874
5,47,1496,0.7401191463971732,0.043859649122807015,0.02702702702702703,0.11627906976744186,0.9293125810635539
5,47,1546,0.739736908346774,0.06334841628959276,0.03783783783783784,0.19444444444444445,0.9328793774319066
5,47,1596,0.7418923580358558,0.07272727272727272,0.043243243243243246,0.22857142857142856,0.933852140077821
5,47,1646,0.7424498662166824,0.037037037037037035,0.021621621621621623,0.12903225806451613,0.9325551232166018
5,47,1696,0.7454555624959213,0.0273972602739726,0.016216216216216217,0.08823529411764706,0.9309338521400778
5,47,1746,0.745285886093061,0.03619909502262444,0.021621621621621623,0.1111111111111111,0.9309338521400778
5,47,1796,0.7451945218761362,0.027522935779816515,0.016216216216216217,0.09090909090909091,0.9312581063553826
5,47,1846,0.7450006059871531,0.07207207207207207,0.043243243243243246,0.21621621621621623,0.9332036316472114
5,47,1896,0.7632846368272377,0.045454545454545456,0.02702702702702703,0.14285714285714285,0.9319066147859922
5,47,1946,0.7629974921454742,0.06451612903225806,0.03783783783783784,0.21875,0.9341763942931258
5,47,1996,0.7630608877245648,0.0639269406392694,0.03783783783783784,0.20588235294117646,0.9335278858625162
5,47,2046,0.7501785331381744,0.07079646017699115,0.043243243243243246,0.1951219512195122,0.9319066147859922
5,47,2096,0.7615039668851328,0.06086956521739131,0.03783783783783784,0.15555555555555556,0.9299610894941635
5,47,2146,0.7675806195985568,0.07207207207207207,0.043243243243243246,0.21621621621621623,0.9332036316472114
5,47,2196,0.7645711941676068,0.09090909090909091,0.05405405405405406,0.2857142857142857,0.9351491569390402
5,47,2246,0.7666334150639085,0.1145374449339207,0.07027027027027027,0.30952380952380953,0.9348249027237354
5,47,2296,0.7631112312726662,0.06306306306306306,0.03783783783783784,0.1891891891891892,0.9325551232166018
5,47,2346,0.7735025125159655,0.0625,0.03783783783783784,0.1794871794871795,0.9319066147859922
5,47,2396,0.7766349999533856,0.06278026905829596,0.03783783783783784,0.18421052631578946,0.932230869001297
5,47,2446,0.7836420760187577,0.0759493670886076,0.04864864864864865,0.17307692307692307,0.9289883268482491
5,47,2496,0.7786673876359975,0.12955465587044535,0.08648648648648649,0.25806451612903225,0.9302853437094682
5,47,2546,0.777692214463515,0.0851063829787234,0.05405405405405406,0.2,0.9302853437094682
5,47,2596,0.7787773976114784,0.14107883817427386,0.0918918918918919,0.30357142857142855,0.9328793774319066
5,47,2646,0.7710804284795316,0.0759493670886076,0.04864864864864865,0.17307692307692307,0.9289883268482491
5,47,2696,0.7748189030700242,0.12345679012345678,0.08108108108108109,0.25862068965517243,0.9309338521400778
5,47,2746,0.792593904701528,0.1111111111111111,0.07027027027027027,0.2653061224489796,0.9325551232166018
5,47,2796,0.7795381445605662,0.11206896551724138,0.07027027027027027,0.2765957446808511,0.9332036316472114
5,47,2846,0.7845352078535934,0.125,0.08108108108108109,0.2727272727272727,0.9319066147859922
5,47,2896,0.7876602369875911,0.10526315789473684,0.06486486486486487,0.27906976744186046,0.933852140077821
5,47,2946,0.7922582810475186,0.11403508771929824,0.07027027027027027,0.3023255813953488,0.9345006485084306
5,47,2996,0.7891649497030662,0.09216589861751152,0.05405405405405406,0.3125,0.9361219195849546
5,47,3046,0.7830491408966745,0.10714285714285714,0.06486486486486487,0.3076923076923077,0.9351491569390402
5,47,3096,0.7894203965952845,0.09734513274336283,0.05945945945945946,0.2682926829268293,0.933852140077821
5,47,3146,0.790367601129933,0.08108108108108109,0.04864864864864865,0.24324324324324326,0.933852140077821
5,47,3196,0.7914602425813189,0.10480349344978165,0.06486486486486487,0.2727272727272727,0.9335278858625162
5,47,3246,0.7913931178505169,0.10714285714285714,0.06486486486486487,0.3076923076923077,0.9351491569390402
5,47,3296,0.7925379674258599,0.08695652173913043,0.05405405405405406,0.2222222222222222,0.9319066147859922
5,47,3346,0.7870971350791979,0.08035714285714286,0.04864864864864865,0.23076923076923078,0.9332036316472114
5,47,3396,0.7904626944985689,0.07339449541284404,0.043243243243243246,0.24242424242424243,0.9345006485084306
5,47,3446,0.7864557209848688,0.06363636363636363,0.03783783783783784,0.2,0.9332036316472114
5,47,3496,0.786179763758239,0.10185185185185185,0.05945945945945946,0.3548387096774194,0.937094682230869
5,47,3546,0.7920401256724127,0.0730593607305936,0.043243243243243246,0.23529411764705882,0.9341763942931258
5,47,3596,0.7920457193999794,0.06542056074766354,0.03783783783783784,0.2413793103448276,0.9351491569390402
5,47,3646,0.7893607301679051,0.0821917808219178,0.04864864864864865,0.2647058823529412,0.9348249027237354
5,47,3696,0.7850442370621742,0.09389671361502347,0.05405405405405406,0.35714285714285715,0.9374189364461738
5,47,3746,0.7874271650056404,0.10185185185185185,0.05945945945945946,0.3548387096774194,0.937094682230869
5,47,3796,0.7857788799492835,0.09954751131221719,0.05945945945945946,0.3055555555555556,0.935473411154345
5,47,3846,0.7857098906426261,0.09174311926605505,0.05405405405405406,0.30303030303030304,0.9357976653696498
5,47,3896,0.7919189282417982,0.10185185185185185,0.05945945945945946,0.3548387096774194,0.937094682230869
5,47,3946,0.7894949796295088,0.08333333333333333,0.04864864864864865,0.2903225806451613,0.9357976653696498
5,47,3996,0.7804890782469257,0.07373271889400922,0.043243243243243246,0.25,0.9348249027237354
5,47,4046,0.7958177563558729,0.09302325581395349,0.05405405405405406,0.3333333333333333,0.9367704280155642
5,47,4096,0.785592422363723,0.11059907834101383,0.06486486486486487,0.375,0.9374189364461738
5,47,4146,0.7886577850703412,0.07441860465116279,0.043243243243243246,0.26666666666666666,0.935473411154345
5,47,4196,0.7879119547280982,0.0821917808219178,0.04864864864864865,0.2647058823529412,0.9348249027237354
5,47,4246,0.782510278474404,0.09090909090909091,0.05405405405405406,0.2857142857142857,0.9351491569390402
5,47,4296,0.7850740702758638,0.09433962264150944,0.05405405405405406,0.37037037037037035,0.9377431906614786
5,47,4346,0.7911693687478442,0.11059907834101383,0.06486486486486487,0.375,0.9374189364461738
5,47,4396,0.7882345263511185,0.08411214953271028,0.04864864864864865,0.3103448275862069,0.9364461738002594
5,47,4446,0.7906249125980068,0.10426540284360189,0.05945945945945946,0.4230769230769231,0.938715953307393
5,47,4496,0.7871810409927001,0.08530805687203792,0.04864864864864865,0.34615384615384615,0.9374189364461738
5,47,4546,0.7943894912504778,0.08372093023255814,0.04864864864864865,0.3,0.9361219195849546
5,47,4596,0.7932800686163916,0.09302325581395349,0.05405405405405406,0.3333333333333333,0.9367704280155642
5,47,4646,0.7873003738474591,0.09259259259259259,0.05405405405405406,0.3225806451612903,0.9364461738002594
5,47,4696,0.7971770321546107,0.09523809523809523,0.05405405405405406,0.4,0.9383916990920882
5,47,4746,0.7912364934786459,0.0761904761904762,0.043243243243243246,0.32,0.937094682230869
5,47,4796,0.7947959687870002,0.11214953271028037,0.06486486486486487,0.41379310344827586,0.9383916990920882
5,47,4846,0.78850116069847,0.10232558139534884,0.05945945945945946,0.36666666666666664,0.9374189364461738
5,47,4896,0.791055629620652,0.11764705882352941,0.07027027027027027,0.3611111111111111,0.9367704280155642
5,47,4946,0.7935709424498663,0.10091743119266056,0.05945945945945946,0.3333333333333333,0.9364461738002594
5,47,4996,0.784091438799959,0.08144796380090498,0.04864864864864865,0.25,0.9341763942931258
5,47,5046,0.7923067600197644,0.1095890410958904,0.06486486486486487,0.35294117647058826,0.9367704280155642
5,47,5096,0.7975760513877106,0.1085972850678733,0.06486486486486487,0.3333333333333333,0.9361219195849546
5,47,5146,0.7957096109562478,0.09090909090909091,0.05405405405405406,0.2857142857142857,0.9351491569390402
5,47,5196,0.7956387570737347,0.09049773755656108,0.05405405405405406,0.2777777777777778,0.9348249027237354
5,47,5246,0.7902986118232757,0.07407407407407407,0.043243243243243246,0.25806451612903225,0.9351491569390402
5,47,5296,0.7931980272787449,0.0990990990990991,0.05945945945945946,0.2972972972972973,0.9351491569390402
5,47,5346,0.787466321098608,0.10434782608695652,0.06486486486486487,0.26666666666666666,0.9332036316472114
5,47,5396,0.7903974343436226,0.08888888888888889,0.05405405405405406,0.25,0.9335278858625162
5,47,5446,0.7942925333059861,0.09734513274336283,0.05945945945945946,0.2682926829268293,0.933852140077821
5,47,5496,0.7919841883967443,0.09954751131221719,0.05945945945945946,0.3055555555555556,0.935473411154345
5,47,5546,0.7987283592664759,0.10666666666666667,0.06486486486486487,0.3,0.9348249027237354
5,47,5596,0.7864967416536924,0.10762331838565023,0.06486486486486487,0.3157894736842105,0.935473411154345
5,47,5646,0.7876770181702917,0.11206896551724138,0.07027027027027027,0.2765957446808511,0.9332036316472114
5,47,5696,0.7923645618712883,0.10810810810810811,0.06486486486486487,0.32432432432432434,0.9357976653696498
5,47,5746,0.792845622442035,0.10909090909090909,0.06486486486486487,0.34285714285714286,0.9364461738002594
5,47,5796,0.7893103866198037,0.10526315789473684,0.06486486486486487,0.27906976744186046,0.933852140077821
5,47,5846,0.794758677269888,0.09009009009009009,0.05405405405405406,0.2702702702702703,0.9345006485084306
5,47,5896,0.7964125560538118,0.09821428571428571,0.05945945945945946,0.28205128205128205,0.9345006485084306
5,47,5946,0.7859821187175448,0.09259259259259259,0.05405405405405406,0.3225806451612903,0.9364461738002594
5,47,5996,0.795157696502988,0.08256880733944955,0.04864864864864865,0.2727272727272727,0.9351491569390402
5,47,6046,0.7903601428265106,0.1085972850678733,0.06486486486486487,0.3333333333333333,0.9361219195849546
5,47,6096,0.7873134258784483,0.08411214953271028,0.04864864864864865,0.3103448275862069,0.9364461738002594
5,47,6146,0.7866776055116862,0.08294930875576037,0.04864864864864865,0.28125,0.935473411154345
5,47,6196,0.7918480743592851,0.1,0.05945945945945946,0.3142857142857143,0.9357976653696498
5,47,6246,0.7930115696931841,0.11059907834101383,0.06486486486486487,0.375,0.9374189364461738
5,47,6296,0.7882774115957972,0.0821917808219178,0.04864864864864865,0.2647058823529412,0.9348249027237354
5,47,6346,0.7949097079141922,0.11926605504587157,0.07027027027027027,0.3939393939393939,0.9377431906614786
5,47,6396,0.7917455226872266,0.09174311926605505,0.05405405405405406,0.30303030303030304,0.9357976653696498
5,47,6446,0.7865303040190933,0.1004566210045662,0.05945945945945946,0.3235294117647059,0.9361219195849546
5,47,6496,0.7950085304345393,0.11059907834101383,0.06486486486486487,0.375,0.9374189364461738
5,47,6546,0.7954336537296179,0.125,0.07567567567567568,0.358974358974359,0.9364461738002594
5,47,6596,0.7900263837483569,0.08256880733944955,0.04864864864864865,0.2727272727272727,0.9351491569390402
5,47,6646,0.7961999944062724,0.10091743119266056,0.05945945945945946,0.3333333333333333,0.9364461738002594
5,47,6696,0.7928791848074359,0.1095890410958904,0.06486486486486487,0.35294117647058826,0.9367704280155642
5,47,6746,0.7980981326272806,0.10185185185185185,0.05945945945945946,0.3548387096774194,0.937094682230869
5,47,6796,0.7984878289811026,0.1004566210045662,0.05945945945945946,0.3235294117647059,0.9361219195849546
5,47,6846,0.7899723110485443,0.10328638497652583,0.05945945945945946,0.39285714285714285,0.9380674448767834
5,47,6896,0.7912831078750361,0.1095890410958904,0.06486486486486487,0.35294117647058826,0.9367704280155642
5,47,6946,0.7878709340592749,0.1085972850678733,0.06486486486486487,0.3333333333333333,0.9361219195849546
5,47,6996,0.7946412089909847,0.08333333333333333,0.04864864864864865,0.2903225806451613,0.9357976653696498
5,47,7046,0.7872891863923254,0.09389671361502347,0.05405405405405406,0.35714285714285715,0.9374189364461738
5,47,7096,0.7944249181917343,0.10526315789473684,0.05945945945945946,0.4583333333333333,0.9393644617380026
5,47,7146,0.7981652573580825,0.06666666666666667,0.03783783783783784,0.28,0.9364461738002594
5,47,7196,0.7927151021321425,0.10377358490566038,0.05945945945945946,0.4074074074074074,0.9383916990920882
5,47,7246,0.7973728126194494,0.09433962264150944,0.05405405405405406,0.37037037037037035,0.9377431906614786
5,47,7296,0.7941974399373503,0.09389671361502347,0.05405405405405406,0.35714285714285715,0.9374189364461738
5,47,7346,0.7947139274493535,0.10185185185185185,0.05945945945945946,0.3548387096774194,0.937094682230869
5,47,7396,0.7952192275062231,0.10328638497652583,0.05945945945945946,0.39285714285714285,0.9380674448767834
5,47,7446,0.7975574056291543,0.06698564593301436,0.03783783783783784,0.2916666666666667,0.9367704280155642
5,47,7496,0.7964256080848009,0.11267605633802817,0.06486486486486487,0.42857142857142855,0.938715953307393
5,47,7546,0.8005481853015486,0.11374407582938388,0.06486486486486487,0.46153846153846156,0.9393644617380026
5,47,7596,0.7985251204982148,0.10426540284360189,0.05945945945945946,0.4230769230769231,0.938715953307393
5,47,7646,0.7928847785350028,0.10526315789473684,0.05945945945945946,0.4583333333333333,0.9393644617380026
5,47,7696,0.803503538032686,0.09389671361502347,0.05405405405405406,0.35714285714285715,0.9374189364461738
5,47,7746,0.7907740786664553,0.12903225806451613,0.07567567567567568,0.4375,0.938715953307393
5,47,7796,0.8009844960517607,0.12093023255813953,0.07027027027027027,0.43333333333333335,0.938715953307393
5,47,7846,0.8006898930665747,0.08333333333333333,0.04864864864864865,0.2903225806451613,0.9357976653696498
5,47,7896,0.8073743975089267,0.09216589861751152,0.05405405405405406,0.3125,0.9361219195849546
5,47,7946,0.8059293512208311,0.12844036697247707,0.07567567567567568,0.42424242424242425,0.9383916990920882
5,47,7996,0.803423361270895,0.12903225806451613,0.07567567567567568,0.4375,0.938715953307393
6,48,246,0.6489190121477116,0.05622489959839357,0.03783783783783784,0.109375,0.9238002594033723
6,48,296,0.649131573795251,0.11307420494699646,0.08648648648648649,0.16326530612244897,0.9186121919584954
6,48,346,0.7140486467840728,0.1111111111111111,0.08648648648648649,0.1553398058252427,0.9169909208819714
6,48,396,0.7346391579575436,0.13427561837455831,0.10270270270270271,0.19387755102040816,0.9205577172503242
6,48,446,0.7384689967649609,0.14615384615384616,0.10270270270270271,0.25333333333333335,0.9280155642023347
6,48,496,0.722346009341525,0.15162454873646208,0.11351351351351352,0.22826086956521738,0.9238002594033723
6,48,546,0.7288011709536374,0.1323529411764706,0.0972972972972973,0.20689655172413793,0.9234760051880675
6,48,596,0.7204068504516934,0.11627906976744186,0.08108108108108109,0.2054794520547945,0.9260700389105059
6,48,646,0.7043565814866264,0.10638297872340426,0.08108108108108109,0.15463917525773196,0.9182879377431906
6,48,696,0.7401266047005958,0.12286689419795221,0.0972972972972973,0.16666666666666666,0.9166666666666666
6,48,746,0.7417786189086639,0.1111111111111111,0.08648648648648649,0.1553398058252427,0.9169909208819714
6,48,796,0.7502102309277197,0.10181818181818182,0.07567567567567568,0.15555555555555556,0.9199092088197146
6,48,846,0.748632799753876,0.13333333333333333,0.10810810810810811,0.17391304347826086,0.9156939040207522
6,48,896,0.7584852185749046,0.13194444444444445,0.10270270270270271,0.18446601941747573,0.9189364461738002
6,48,946,0.766868351621715,0.09558823529411764,0.07027027027027027,0.14942528735632185,0.9202334630350194
6,48,996,0.7488677363116825,0.14814814814814814,0.10810810810810811,0.23529411764705882,0.9254215304798963
6,48,1046,0.7499920755526137,0.10869565217391304,0.08108108108108109,0.16483516483516483,0.9202334630350194
6,48,1096,0.7657290957739388,0.12186379928315412,0.0918918918918919,0.18085106382978725,0.9205577172503242
6,48,1146,0.7657048562878159,0.13090909090909092,0.0972972972972973,0.2,0.9225032425421531
6,48,1196,0.7606126996261525,0.1259259259259259,0.0918918918918919,0.2,0.9234760051880675
6,48,1246,0.758479624847338,0.10196078431372549,0.07027027027027027,0.18571428571428572,0.9257457846952011
6,48,1296,0.7534340825820646,0.08163265306122448,0.05405405405405406,0.16666666666666666,0.9270428015564203
6,48,1346,0.7624567651473482,0.08064516129032258,0.05405405405405406,0.15873015873015872,0.9260700389105059
6,48,1396,0.750266168203388,0.09523809523809523,0.06486486486486487,0.1791044776119403,0.9260700389105059
6,48,1446,0.7551327111865229,0.10569105691056911,0.07027027027027027,0.21311475409836064,0.9286640726329443
6,48,1496,0.7618862049355323,0.10526315789473684,0.07027027027027027,0.20967741935483872,0.9283398184176395
6,48,1546,0.7682089816618964,0.11336032388663968,0.07567567567567568,0.22580645161290322,0.9289883268482491
6,48,1596,0.7769314675144272,0.1111111111111111,0.07567567567567568,0.208955223880597,0.9273670557717251
6,48,1646,0.7764988859159262,0.11155378486055777,0.07567567567567568,0.21212121212121213,0.9276913099870299
6,48,1696,0.7691953422895127,0.10358565737051793,0.07027027027027027,0.19696969696969696,0.9270428015564203
6,48,1746,0.7724937769780819,0.13026819923371646,0.0918918918918919,0.2236842105263158,0.9263942931258107
6,48,1796,0.7671909232447349,0.11244979919678715,0.07567567567567568,0.21875,0.9283398184176395
6,48,1846,0.7790906463552204,0.14785992217898833,0.10270270270270271,0.2638888888888889,0.9289883268482491
6,48,1896,0.776841967873358,0.1487603305785124,0.0972972972972973,0.3157894736842105,0.9332036316472114
6,48,1946,0.7844177395746902,0.09795918367346938,0.06486486486486487,0.2,0.9283398184176395
6,48,1996,0.7857359947046046,0.12048192771084337,0.08108108108108109,0.234375,0.9289883268482491
6,48,2046,0.7822753419165975,0.12195121951219512,0.08108108108108109,0.2459016393442623,0.9299610894941635
6,48,2096,0.7817830938907172,0.09716599190283401,0.06486486486486487,0.1935483870967742,0.9276913099870299
6,48,2146,0.7836290239877686,0.08979591836734693,0.05945945945945946,0.18333333333333332,0.9276913099870299
6,48,2196,0.7790589485656751,0.0975609756097561,0.06486486486486487,0.19672131147540983,0.9280155642023347
6,48,2246,0.7844606248193692,0.09053497942386832,0.05945945945945946,0.1896551724137931,0.9283398184176395
6,48,2296,0.7897522910975825,0.0823045267489712,0.05405405405405406,0.1724137931034483,0.9276913099870299
6,48,2346,0.7788016370976013,0.07692307692307693,0.04864864864864865,0.1836734693877551,0.9299610894941635
6,48,2396,0.7912942953301698,0.06694560669456066,0.043243243243243246,0.14814814814814814,0.9276913099870299
6,48,2446,0.7881319746790597,0.0743801652892562,0.04864864864864865,0.15789473684210525,0.9273670557717251
6,48,2496,0.7895975313015672,0.10317460317460317,0.07027027027027027,0.19402985074626866,0.9267185473411155
6,48,2546,0.7893644593196164,0.10970464135021098,0.07027027027027027,0.25,0.9315823605706874
6,48,2596,0.7930675069688523,0.100418410041841,0.06486486486486487,0.2222222222222222,0.9302853437094682
6,48,2646,0.7848764252351698,0.08620689655172414,0.05405405405405406,0.2127659574468085,0.9312581063553826
6,48,2696,0.786218919851207,0.0611353711790393,0.03783783783783784,0.1590909090909091,0.9302853437094682
6,48,2746,0.789056804303441,0.0847457627118644,0.05405405405405406,0.19607843137254902,0.9299610894941635
6,48,2796,0.7835413889225549,0.08547008547008547,0.05405405405405406,0.20408163265306123,0.930609597924773
6,48,2846,0.7924055825401116,0.09482758620689655,0.05945945945945946,0.23404255319148937,0.9319066147859922
6,48,2896,0.7843580731473109,0.06956521739130435,0.043243243243243246,0.17777777777777778,0.930609597924773
6,48,2946,0.7950458219516515,0.08620689655172414,0.05405405405405406,0.2127659574468085,0.9312581063553826
6,48,2996,0.7990136393723837,0.07174887892376682,0.043243243243243246,0.21052631578947367,0.9328793774319066
6,48,3046,0.7848242171112126,0.11711711711711711,0.07027027027027027,0.35135135135135137,0.9364461738002594
6,48,3096,0.788273682444086,0.09821428571428571,0.05945945945945946,0.28205128205128205,0.9345006485084306
6,48,3146,0.7952248212337898,0.08968609865470852,0.05405405405405406,0.2631578947368421,0.9341763942931258
6,48,3196,0.7913726075161054,0.12121212121212122,0.07567567567567568,0.30434782608695654,0.9341763942931258
6,48,3246,0.7884135256332565,0.1145374449339207,0.07027027027027027,0.30952380952380953,0.9348249027237354
6,48,3296,0.7918312931765847,0.1222707423580786,0.07567567567567568,0.3181818181818182,0.9348249027237354
6,48,3346,0.7885011606984702,0.09565217391304348,0.05945945945945946,0.24444444444444444,0.9325551232166018
6,48,3396,0.7896385519703905,0.09777777777777778,0.05945945945945946,0.275,0.9341763942931258
6,48,3446,0.7812591480752916,0.0881057268722467,0.05405405405405406,0.23809523809523808,0.9328793774319066
6,48,3496,0.7823200917371321,0.09821428571428571,0.05945945945945946,0.28205128205128205,0.9345006485084306
6,48,3546,0.7842033133512955,0.08,0.04864864864864865,0.225,0.9328793774319066
6,48,3596,0.7865414914742269,0.08888888888888889,0.05405405405405406,0.25,0.9335278858625162
6,48,3646,0.786821177852568,0.07207207207207207,0.043243243243243246,0.21621621621621623,0.9332036316472114
6,48,3696,0.790490663136403,0.09606986899563319,0.05945945945945946,0.25,0.9328793774319066
6,48,3746,0.7894073445642952,0.09009009009009009,0.05405405405405406,0.2702702702702703,0.9345006485084306
6,48,3796,0.7916765333805692,0.08888888888888889,0.05405405405405406,0.25,0.9335278858625162
6,48,3846,0.7970819387859748,0.07964601769911504,0.04864864864864865,0.21951219512195122,0.9325551232166018
6,48,3896,0.7948798747005024,0.08620689655172414,0.05405405405405406,0.2127659574468085,0.9312581063553826
6,48,3946,0.7925044050604589,0.07048458149779736,0.043243243243243246,0.19047619047619047,0.9315823605706874
6,48,3996,0.7914192219124956,0.07964601769911504,0.04864864864864865,0.21951219512195122,0.9325551232166018
6,48,4046,0.7955343408258206,0.08658008658008658,0.05405405405405406,0.21739130434782608,0.9315823605706874
6,48,4096,0.8011243392409313,0.09205020920502092,0.05945945945945946,0.2037037037037037,0.9296368352788587
6,48,4146,0.8015923477806887,0.07725321888412018,0.04864864864864865,0.1875,0.9302853437094682
6,48,4196,0.798476641525969,0.08144796380090498,0.04864864864864865,0.25,0.9341763942931258
6,48,4246,0.8007980384662,0.08888888888888889,0.05405405405405406,0.25,0.9335278858625162
6,48,4296,0.8062668394506959,0.07758620689655173,0.04864864864864865,0.19148936170212766,0.930609597924773
6,48,4346,0.8000540726998127,0.11715481171548117,0.07567567567567568,0.25925925925925924,0.9315823605706874
6,48,4396,0.804719241490542,0.10572687224669604,0.06486486486486487,0.2857142857142857,0.9341763942931258
6,48,4446,0.7985493599843376,0.10300429184549356,0.06486486486486487,0.25,0.932230869001297
6,48,4496,0.806313453847086,0.09606986899563319,0.05945945945945946,0.25,0.9328793774319066
6,48,4546,0.7975555410532988,0.08771929824561403,0.05405405405405406,0.23255813953488372,0.9325551232166018
6,48,4596,0.8085248408118363,0.07792207792207792,0.04864864864864865,0.1956521739130435,0.9309338521400778
6,48,4646,0.807728666921492,0.13333333333333333,0.08648648648648649,0.2909090909090909,0.9325551232166018
6,48,4696,0.809623075990789,0.11353711790393013,0.07027027027027027,0.29545454545454547,0.9341763942931258
6,48,4746,0.8032835180817244,0.07894736842105263,0.04864864864864865,0.20930232558139536,0.9319066147859922
6,48,4796,0.8110830388857295,0.08035714285714286,0.04864864864864865,0.23076923076923078,0.9332036316472114
6,48,4846,0.80512758360292,0.11304347826086956,0.07027027027027027,0.28888888888888886,0.933852140077821
6,48,4896,0.8065819527702937,0.09649122807017543,0.05945945945945946,0.2558139534883721,0.9332036316472114
6,48,4946,0.803190289288944,0.10526315789473684,0.06486486486486487,0.27906976744186046,0.933852140077821
6,48,4996,0.8085994238460605,0.08547008547008547,0.05405405405405406,0.20408163265306123,0.930609597924773
6,48,5046,0.8016911703010358,0.09734513274336283,0.05945945945945946,0.2682926829268293,0.933852140077821
6,48,5096,0.8065241509187698,0.0881057268722467,0.05405405405405406,0.23809523809523808,0.9328793774319066
6,48,5146,0.811840056683106,0.09821428571428571,0.05945945945945946,0.28205128205128205,0.9345006485084306
6,48,5196,0.8053233640677587,0.11555555555555555,0.07027027027027027,0.325,0.935473411154345
6,48,5246,0.8106262178011057,0.11504424778761062,0.07027027027027027,0.3170731707317073,0.9351491569390402
6,48,5296,0.8116647865526789,0.09691629955947137,0.05945945945945946,0.2619047619047619,0.9335278858625162
6,48,5346,0.8099903974343435,0.12017167381974249,0.07567567567567568,0.2916666666666667,0.9335278858625162
6,48,5396,0.8177153352041244,0.08888888888888889,0.05405405405405406,0.25,0.9335278858625162
6,48,5446,0.8190317257581832,0.09777777777777778,0.05945945945945946,0.275,0.9341763942931258
6,48,5496,0.8167979638831657,0.11504424778761062,0.07027027027027027,0.3170731707317073,0.9351491569390402
6,48,5546,0.8133559568537146,0.09734513274336283,0.05945945945945946,0.2682926829268293,0.933852140077821
6,48,5596,0.8188583202036117,0.08071748878923767,0.04864864864864865,0.23684210526315788,0.9335278858625162
6,48,5646,0.8132459468782339,0.09565217391304348,0.05945945945945946,0.24444444444444444,0.9325551232166018
6,48,5696,0.817223087178244,0.08888888888888889,0.05405405405405406,0.25,0.9335278858625162
6,48,5746,0.8118941293829187,0.1038961038961039,0.06486486486486487,0.2608695652173913,0.9328793774319066
6,48,5796,0.813881767244996,0.08849557522123894,0.05405405405405406,0.24390243902439024,0.9332036316472114
6,48,5846,0.8096920652974464,0.10434782608695652,0.06486486486486487,0.26666666666666666,0.9332036316472114
6,48,5896,0.8153585113226368,0.08928571428571429,0.05405405405405406,0.2564102564102564,0.933852140077821
6,48,5946,0.8137195491455582,0.09691629955947137,0.05945945945945946,0.2619047619047619,0.9335278858625162
6,48,5996,0.8178570429691505,0.11353711790393013,0.07027027027027027,0.29545454545454547,0.9341763942931258
6,48,6046,0.8113534023847925,0.12987012987012986,0.08108108108108109,0.32608695652173914,0.9348249027237354
6,48,6096,0.8151757828887873,0.09691629955947137,0.05945945945945946,0.2619047619047619,0.9335278858625162
6,48,6146,0.8121738157612597,0.10480349344978165,0.06486486486486487,0.2727272727272727,0.9335278858625162
6,48,6196,0.8182765725366623,0.1038961038961039,0.06486486486486487,0.2608695652173913,0.9328793774319066
6,48,6246,0.8148308363555,0.11304347826086956,0.07027027027027027,0.28888888888888886,0.933852140077821
6,48,6296,0.8237006237006237,0.08849557522123894,0.05405405405405406,0.24390243902439024,0.9332036316472114
6,48,6346,0.8154983545118075,0.12669683257918551,0.07567567567567568,0.3888888888888889,0.9374189364461738
6,48,6396,0.8123919711363657,0.1085972850678733,0.06486486486486487,0.3333333333333333,0.9361219195849546
6,48,6446,0.8125355434772475,0.10909090909090909,0.06486486486486487,0.34285714285714286,0.9364461738002594
6,48,6496,0.8146499724975061,0.1004566210045662,0.05945945945945946,0.3235294117647059,0.9361219195849546
6,48,6546,0.8132403531506671,0.11711711711711711,0.07027027027027027,0.35135135135135137,0.9364461738002594
6,48,6596,0.8091028593270746,0.07476635514018691,0.043243243243243246,0.27586206896551724,0.9357976653696498
6,48,6646,0.8164828505635681,0.08333333333333333,0.04864864864864865,0.2903225806451613,0.9357976653696498
6,48,6696,0.8180099381893103,0.1004566210045662,0.05945945945945946,0.3235294117647059,0.9361219195849546
6,48,6746,0.8139097358828301,0.1004566210045662,0.05945945945945946,0.3235294117647059,0.9361219195849546
6,48,6796,0.8061419128683703,0.09865470852017937,0.05945945945945946,0.2894736842105263,0.9348249027237354
6,48,6846,0.8097088464801468,0.07373271889400922,0.043243243243243246,0.25,0.9348249027237354
6,48,6896,0.8145735248874261,0.09302325581395349,0.05405405405405406,0.3333333333333333,0.9367704280155642
6,48,6946,0.8151515434026645,0.08256880733944955,0.04864864864864865,0.2727272727272727,0.9351491569390402
6,48,6996,0.8156046353355771,0.08181818181818182,0.04864864864864865,0.2571428571428571,0.9345006485084306
6,48,7046,0.8213680393052591,0.102803738317757,0.05945945945945946,0.3793103448275862,0.9377431906614786
6,48,7096,0.8180285839478665,0.10091743119266056,0.05945945945945946,0.3333333333333333,0.9364461738002594
6,48,7146,0.8184387906361,0.0861244019138756,0.04864864864864865,0.375,0.9380674448767834
6,48,7196,0.8184667592739342,0.11009174311926606,0.06486486486486487,0.36363636363636365,0.937094682230869
6,48,7246,0.8167737243970428,0.08450704225352113,0.04864864864864865,0.32142857142857145,0.9367704280155642
6,48,7296,0.8165518398702255,0.09216589861751152,0.05405405405405406,0.3125,0.9361219195849546
6,48,7346,0.8097424088455478,0.102803738317757,0.05945945945945946,0.3793103448275862,0.9377431906614786
6,48,7396,0.8177339809626805,0.11320754716981132,0.06486486486486487,0.4444444444444444,0.9390402075226978
6,48,7446,0.813212384512833,0.09615384615384616,0.05405405405405406,0.43478260869565216,0.9390402075226978
6,48,7496,0.8205979694768932,0.07511737089201878,0.043243243243243246,0.2857142857142857,0.9361219195849546
6,48,7546,0.8177750016315039,0.10185185185185185,0.05945945945945946,0.3548387096774194,0.937094682230869
6,48,7596,0.8173554720639922,0.09523809523809523,0.05405405405405406,0.4,0.9383916990920882
6,48,7646,0.8176258355630552,0.11009174311926606,0.06486486486486487,0.36363636363636365,0.937094682230869
6,48,7696,0.8224476287256556,0.08450704225352113,0.04864864864864865,0.32142857142857145,0.9367704280155642
6,48,7746,0.8187352581971415,0.10232558139534884,0.05945945945945946,0.36666666666666664,0.9374189364461738
6,48,7796,0.8200199509616549,0.09523809523809523,0.05405405405405406,0.4,0.9383916990920882
6,48,7846,0.8217297670212469,0.11214953271028037,0.06486486486486487,0.41379310344827586,0.9383916990920882
6,48,7896,0.8087224858525307,0.08490566037735849,0.04864864864864865,0.3333333333333333,0.937094682230869
6,48,7946,0.8227757940762425,0.08571428571428572,0.04864864864864865,0.36,0.9377431906614786
6,48,7996,0.8258262401760159,0.102803738317757,0.05945945945945946,0.3793103448275862,0.9377431906614786
7,49,246,0.6915991534825615,0.0784313725490196,0.05405405405405406,0.14285714285714285,0.9238002594033723
7,49,296,0.6885375199276544,0.1450381679389313,0.10270270270270271,0.24675324675324675,0.9273670557717251
7,49,346,0.6801357411222883,0.12781954887218044,0.0918918918918919,0.20987654320987653,0.9247730220492867
7,49,396,0.6800816684224756,0.1198501872659176,0.08648648648648649,0.1951219512195122,0.9238002594033723
7,49,446,0.6930926787429029,0.1245136186770428,0.08648648648648649,0.2222222222222222,0.9270428015564203
7,49,496,0.6953208468903538,0.13846153846153847,0.0972972972972973,0.24,0.9273670557717251
7,49,546,0.6997920997920999,0.12355212355212356,0.08648648648648649,0.21621621621621623,0.9263942931258107
7,49,596,0.7157211713265526,0.11952191235059761,0.08108108108108109,0.22727272727272727,0.9283398184176395
7,49,646,0.716373772876015,0.11583011583011583,0.08108108108108109,0.20270270270270271,0.9257457846952011
7,49,696,0.7230620064700782,0.09737827715355805,0.07027027027027027,0.15853658536585366,0.9218547341115434
7,49,746,0.715249433635084,0.08396946564885496,0.05945945945945946,0.14285714285714285,0.9221789883268483
7,49,796,0.7155123388307245,0.10408921933085502,0.07567567567567568,0.16666666666666666,0.9218547341115434
7,49,846,0.724206856045421,0.1044776119402985,0.07567567567567568,0.1686746987951807,0.9221789883268483
7,49,896,0.7241098981009295,0.13333333333333333,0.0972972972972973,0.21176470588235294,0.9241245136186771
7,49,946,0.730986453856409,0.10894941634241245,0.07567567567567568,0.19444444444444445,0.9257457846952011
7,49,996,0.7369810652321863,0.09448818897637795,0.06486486486486487,0.17391304347826086,0.9254215304798963
7,49,1046,0.7286016613370875,0.11583011583011583,0.08108108108108109,0.20270270270270271,0.9257457846952011
7,49,1096,0.7379357280702572,0.10852713178294573,0.07567567567567568,0.1917808219178082,0.9254215304798963
7,49,1146,0.7478328967118205,0.13740458015267176,0.0972972972972973,0.23376623376623376,0.9267185473411155
7,49,1196,0.7430334784594875,0.13026819923371646,0.0918918918918919,0.2236842105263158,0.9263942931258107
7,49,1246,0.7597810987945517,0.11494252873563218,0.08108108108108109,0.19736842105263158,0.9250972762645915
7,49,1296,0.7643306638822335,0.09917355371900827,0.06486486486486487,0.21052631578947367,0.9293125810635539
7,49,1346,0.7651492126828451,0.1087866108786611,0.07027027027027027,0.24074074074074073,0.9309338521400778
7,49,1396,0.7526640127536991,0.0995850622406639,0.06486486486486487,0.21428571428571427,0.9296368352788587
7,49,1446,0.7508255409600701,0.12448132780082988,0.08108108108108109,0.26785714285714285,0.9315823605706874
7,49,1496,0.7602677530928653,0.1285140562248996,0.08648648648648649,0.25,0.9296368352788587
7,49,1546,0.7480380000559372,0.09716599190283401,0.06486486486486487,0.1935483870967742,0.9276913099870299
7,49,1596,0.7566709862673988,0.10317460317460317,0.07027027027027027,0.19402985074626866,0.9267185473411155
7,49,1646,0.7696894548912485,0.12927756653992395,0.0918918918918919,0.21794871794871795,0.9257457846952011
7,49,1696,0.7689063330318936,0.12598425196850394,0.08648648648648649,0.2318840579710145,0.9280155642023347
7,49,1746,0.7576256491054697,0.12307692307692308,0.08648648648648649,0.21333333333333335,0.9260700389105059
7,49,1796,0.7638850302527433,0.10980392156862745,0.07567567567567568,0.2,0.9263942931258107
7,49,1846,0.7757213577841381,0.12355212355212356,0.08648648648648649,0.21621621621621623,0.9263942931258107
7,49,1896,0.7781937853686732,0.1,0.07027027027027027,0.17333333333333334,0.9241245136186771
7,49,1946,0.7777089956462154,0.16342412451361868,0.11351351351351352,0.2916666666666667,0.9302853437094682
7,49,1996,0.7767095829876098,0.11811023622047244,0.08108108108108109,0.21739130434782608,0.9273670557717251
7,49,2046,0.771695738511882,0.10894941634241245,0.07567567567567568,0.19444444444444445,0.9257457846952011
7,49,2096,0.7853798607161836,0.09561752988047809,0.06486486486486487,0.18181818181818182,0.9263942931258107
7,49,2146,0.7871735826892777,0.12167300380228137,0.08648648648648649,0.20512820512820512,0.9250972762645915
7,49,2196,0.7842238236857072,0.13333333333333333,0.0918918918918919,0.24285714285714285,0.9283398184176395
7,49,2246,0.7942627000922965,0.13229571984435798,0.0918918918918919,0.2361111111111111,0.9276913099870299
7,49,2296,0.7906659332668302,0.125,0.08648648648648649,0.22535211267605634,0.9273670557717251
7,49,2346,0.7902464036993185,0.14007782101167315,0.0972972972972973,0.25,0.9283398184176395
7,49,2396,0.7849976226657841,0.11952191235059761,0.08108108108108109,0.22727272727272727,0.9283398184176395
7,49,2446,0.781613417487857,0.12355212355212356,0.08648648648648649,0.21621621621621623,0.9263942931258107
7,49,2496,0.7771757269515117,0.12781954887218044,0.0918918918918919,0.20987654320987653,0.9247730220492867
7,49,2546,0.7812722001062808,0.12075471698113208,0.08648648648648649,0.2,0.9244487678339819
7,49,2596,0.7872444365717909,0.12698412698412698,0.08648648648648649,0.23880597014925373,0.9286640726329443
7,49,2646,0.7857248072494709,0.09523809523809523,0.06486486486486487,0.1791044776119403,0.9260700389105059
7,49,2696,0.7811025237034206,0.13333333333333333,0.0918918918918919,0.24285714285714285,0.9283398184176395
7,49,2746,0.7839721059452002,0.14728682170542637,0.10270270270270271,0.2602739726027397,0.9286640726329443
7,49,2796,0.783916168669532,0.14457831325301204,0.0972972972972973,0.28125,0.9309338521400778
7,49,2846,0.7886671079496193,0.14960629921259844,0.10270270270270271,0.2753623188405797,0.9299610894941635
7,49,2896,0.791601950346345,0.144,0.0972972972972973,0.27692307692307694,0.930609597924773
7,49,2946,0.7811099820068431,0.13168724279835392,0.08648648648648649,0.27586206896551724,0.9315823605706874
7,49,2996,0.7886503267669187,0.11570247933884298,0.07567567567567568,0.24561403508771928,0.930609597924773
7,49,3046,0.7863997837092007,0.14754098360655737,0.0972972972972973,0.3050847457627119,0.9325551232166018
7,49,3096,0.7845575827638608,0.13278008298755187,0.08648648648648649,0.2857142857142857,0.932230869001297
7,49,3146,0.79134090972656,0.17254901960784313,0.11891891891891893,0.3142857142857143,0.9315823605706874
7,49,3196,0.7877832989940613,0.15748031496062992,0.10810810810810811,0.2898550724637681,0.930609597924773
7,49,3246,0.7901755498168055,0.14342629482071714,0.0972972972972973,0.2727272727272727,0.9302853437094682
7,49,3296,0.7929239346279705,0.14457831325301204,0.0972972972972973,0.28125,0.9309338521400778
7,49,3346,0.7910444421655185,0.11627906976744186,0.08108108108108109,0.2054794520547945,0.9260700389105059
7,49,3396,0.7933117664059369,0.11023622047244094,0.07567567567567568,0.2028985507246377,0.9267185473411155
7,49,3446,0.7983237463058092,0.16600790513833993,0.11351351351351352,0.3088235294117647,0.9315823605706874
7,49,3496,0.8007514240698097,0.1411764705882353,0.0972972972972973,0.2571428571428571,0.9289883268482491
7,49,3546,0.7923328640817431,0.15767634854771784,0.10270270270270271,0.3392857142857143,0.9341763942931258
7,49,3596,0.7926330607944958,0.15261044176706828,0.10270270270270271,0.296875,0.9315823605706874
7,49,3646,0.792793414318078,0.11158798283261803,0.07027027027027027,0.2708333333333333,0.9328793774319066
7,49,3696,0.7968805645935692,0.1282051282051282,0.08108108108108109,0.30612244897959184,0.933852140077821
7,49,3746,0.7921221670100596,0.13675213675213677,0.08648648648648649,0.32653061224489793,0.9345006485084306
7,49,3796,0.8000018645758556,0.11353711790393013,0.07027027027027027,0.29545454545454547,0.9341763942931258
7,49,3846,0.7934404221399738,0.1271186440677966,0.08108108108108109,0.29411764705882354,0.9332036316472114
7,49,3896,0.7914770237640194,0.1271186440677966,0.08108108108108109,0.29411764705882354,0.9332036316472114
7,49,3946,0.7943540643092213,0.13559322033898305,0.08648648648648649,0.3137254901960784,0.933852140077821
7,49,3996,0.7907834015457335,0.1087866108786611,0.07027027027027027,0.24074074074074073,0.9309338521400778
7,49,4046,0.796339837595443,0.1282051282051282,0.08108108108108109,0.30612244897959184,0.933852140077821
7,49,4096,0.7918499389351409,0.16033755274261605,0.10270270270270271,0.36538461538461536,0.935473411154345
7,49,4146,0.794976832644994,0.14468085106382977,0.0918918918918919,0.34,0.9348249027237354
7,49,4196,0.7870971350791979,0.16033755274261605,0.10270270270270271,0.36538461538461536,0.935473411154345
7,49,4246,0.7979676123173881,0.1557377049180328,0.10270270270270271,0.3220338983050847,0.9332036316472114
7,49,4296,0.796923449838248,0.14049586776859505,0.0918918918918919,0.2982456140350877,0.9325551232166018
7,49,4346,0.7917828142043389,0.15384615384615385,0.0972972972972973,0.3673469387755102,0.9357976653696498
7,49,4396,0.7928418932903237,0.1506276150627615,0.0972972972972973,0.3333333333333333,0.9341763942931258
7,49,4446,0.791706366594259,0.12448132780082988,0.08108108108108109,0.26785714285714285,0.9315823605706874
7,49,4496,0.793472119929519,0.1276595744680851,0.08108108108108109,0.3,0.9335278858625162
7,49,4546,0.7820422699346465,0.1452991452991453,0.0918918918918919,0.3469387755102041,0.9351491569390402
7,49,4596,0.7890623980310079,0.10762331838565023,0.06486486486486487,0.3157894736842105,0.935473411154345
7,49,4646,0.7918126474180285,0.14225941422594143,0.0918918918918919,0.3148148148148148,0.9335278858625162
7,49,4696,0.7869367815556156,0.12121212121212122,0.07567567567567568,0.30434782608695654,0.9341763942931258
7,49,4746,0.7917026374425478,0.12121212121212122,0.07567567567567568,0.30434782608695654,0.9341763942931258
7,49,4796,0.7896348228186794,0.1391304347826087,0.08648648648648649,0.35555555555555557,0.9357976653696498
7,49,4846,0.7921520002237492,0.11353711790393013,0.07027027027027027,0.29545454545454547,0.9341763942931258
7,49,4896,0.7867615114251887,0.1282051282051282,0.08108108108108109,0.30612244897959184,0.933852140077821
7,49,4946,0.7901904664236503,0.1145374449339207,0.07027027027027027,0.30952380952380953,0.9348249027237354
7,49,4996,0.78925258476828,0.13452914798206278,0.08108108108108109,0.39473684210526316,0.9374189364461738
7,49,5046,0.7920140216104342,0.12931034482758622,0.08108108108108109,0.3191489361702128,0.9345006485084306
7,49,5096,0.7889505234796715,0.08411214953271028,0.04864864864864865,0.3103448275862069,0.9364461738002594
7,49,5146,0.7897858534629836,0.11555555555555555,0.07027027027027027,0.325,0.935473411154345
7,49,5196,0.793339735043771,0.09049773755656108,0.05405405405405406,0.2777777777777778,0.9348249027237354
7,49,5246,0.7952583835991908,0.10344827586206896,0.06486486486486487,0.2553191489361702,0.9325551232166018
7,49,5296,0.793723837670026,0.10666666666666667,0.06486486486486487,0.3,0.9348249027237354
7,49,5346,0.7902426745476073,0.11764705882352941,0.07027027027027027,0.3611111111111111,0.9367704280155642
7,49,5396,0.7884992961226145,0.10480349344978165,0.06486486486486487,0.2727272727272727,0.9335278858625162
7,49,5446,0.7924298220262346,0.10714285714285714,0.06486486486486487,0.3076923076923077,0.9351491569390402
7,49,5496,0.7951521027754211,0.12727272727272726,0.07567567567567568,0.4,0.9377431906614786
7,49,5546,0.7923869367815557,0.12669683257918551,0.07567567567567568,0.3888888888888889,0.9374189364461738
7,49,5596,0.7982939130921194,0.11926605504587157,0.07027027027027027,0.3939393939393939,0.9377431906614786
7,49,5646,0.7971285531823649,0.12669683257918551,0.07567567567567568,0.3888888888888889,0.9374189364461738
7,49,5696,0.7944230536158787,0.12612612612612611,0.07567567567567568,0.3783783783783784,0.937094682230869
7,49,5746,0.8029889150965385,0.11764705882352941,0.07027027027027027,0.3611111111111111,0.9367704280155642
7,49,5796,0.8064495678845455,0.11009174311926606,0.06486486486486487,0.36363636363636365,0.937094682230869
7,49,5846,0.8067572229007207,0.12556053811659193,0.07567567567567568,0.3684210526315789,0.9367704280155642
7,49,5896,0.8019410234656872,0.11711711711711711,0.07027027027027027,0.35135135135135137,0.9364461738002594
7,49,5946,0.8054221865881059,0.11009174311926606,0.06486486486486487,0.36363636363636365,0.937094682230869
7,49,5996,0.7985419016809152,0.1,0.05945945945945946,0.3142857142857143,0.9357976653696498
7,49,6046,0.800469873115613,0.1187214611872146,0.07027027027027027,0.38235294117647056,0.9374189364461738
7,49,6096,0.7943801683711998,0.11059907834101383,0.06486486486486487,0.375,0.9374189364461738
7,49,6146,0.7979396436795541,0.11659192825112108,0.07027027027027027,0.34210526315789475,0.9361219195849546
7,49,6196,0.7918573972385631,0.10185185185185185,0.05945945945945946,0.3548387096774194,0.937094682230869
7,49,6246,0.7953851747573721,0.12556053811659193,0.07567567567567568,0.3684210526315789,0.9367704280155642
7,49,6296,0.7969365018692374,0.12612612612612611,0.07567567567567568,0.3783783783783784,0.937094682230869
7,49,6346,0.8014935252603415,0.14814814814814814,0.08648648648648649,0.5161290322580645,0.940337224383917
7,49,6396,0.7976152074806784,0.102803738317757,0.05945945945945946,0.3793103448275862,0.9377431906614786
7,49,6446,0.7999925416965776,0.11009174311926606,0.06486486486486487,0.36363636363636365,0.937094682230869
7,49,6496,0.807130138071842,0.12556053811659193,0.07567567567567568,0.3684210526315789,0.9367704280155642
7,49,6546,0.8073855849640603,0.10810810810810811,0.06486486486486487,0.32432432432432434,0.9357976653696498
7,49,6596,0.8011373912719205,0.12334801762114538,0.07567567567567568,0.3333333333333333,0.935473411154345
7,49,6646,0.8029945088241053,0.12389380530973451,0.07567567567567568,0.34146341463414637,0.9357976653696498
7,49,6696,0.804301576498886,0.09174311926605505,0.05405405405405406,0.30303030303030304,0.9357976653696498
7,49,6746,0.807286762443713,0.11926605504587157,0.07027027027027027,0.3939393939393939,0.9377431906614786
7,49,6796,0.808465174384457,0.09777777777777778,0.05945945945945946,0.275,0.9341763942931258
7,49,6846,0.8100426055583007,0.12844036697247707,0.07567567567567568,0.42424242424242425,0.9383916990920882
7,49,6896,0.806276162329974,0.10810810810810811,0.06486486486486487,0.32432432432432434,0.9357976653696498
7,49,6946,0.8030411232204955,0.102803738317757,0.05945945945945946,0.3793103448275862,0.9377431906614786
7,49,6996,0.8062817560575408,0.11981566820276497,0.07027027027027027,0.40625,0.9380674448767834
7,49,7046,0.8032741952024465,0.11009174311926606,0.06486486486486487,0.36363636363636365,0.937094682230869
7,49,7096,0.8060468194997343,0.11267605633802817,0.06486486486486487,0.42857142857142855,0.938715953307393
7,49,7146,0.8035743919151991,0.09389671361502347,0.05405405405405406,0.35714285714285715,0.9374189364461738
7,49,7196,0.8072121794094888,0.09615384615384616,0.05405405405405406,0.43478260869565216,0.9390402075226978
7,49,7246,0.8112806839264238,0.11374407582938388,0.06486486486486487,0.46153846153846156,0.9393644617380026
7,49,7296,0.806484994825802,0.10426540284360189,0.05945945945945946,0.4230769230769231,0.938715953307393
7,49,7346,0.8115585057289092,0.12322274881516587,0.07027027027027027,0.5,0.9400129701686122
7,49,7396,0.8035371003980869,0.09433962264150944,0.05405405405405406,0.37037037037037035,0.9377431906614786
7,49,7446,0.8071431901028313,0.11009174311926606,0.06486486486486487,0.36363636363636365,0.937094682230869
7,49,7496,0.8090935364477966,0.09433962264150944,0.05405405405405406,0.37037037037037035,0.9377431906614786
7,49,7546,0.8106131657701164,0.10377358490566038,0.05945945945945946,0.4074074074074074,0.9383916990920882
7,49,7596,0.8074396576638729,0.07692307692307693,0.043243243243243246,0.34782608695652173,0.9377431906614786
7,49,7646,0.8041244417926033,0.08530805687203792,0.04864864864864865,0.34615384615384615,0.9374189364461738
7,49,7696,0.8087001109422634,0.09433962264150944,0.05405405405405406,0.37037037037037035,0.9377431906614786
7,49,7746,0.8023046157575306,0.0966183574879227,0.05405405405405406,0.45454545454545453,0.9393644617380026
7,49,7796,0.8071301380718421,0.07729468599033816,0.043243243243243246,0.36363636363636365,0.9380674448767834
7,49,7846,0.8109823517895267,0.12844036697247707,0.07567567567567568,0.42424242424242425,0.9383916990920882
7,49,7896,0.8086907880629853,0.11981566820276497,0.07027027027027027,0.40625,0.9380674448767834
7,49,7946,0.8096435863252007,0.09345794392523364,0.05405405405405406,0.3448275862068966,0.937094682230869
7,49,7996,0.8055191445325975,0.09345794392523364,0.05405405405405406,0.3448275862068966,0.937094682230869
8,50,246,0.6133848577794766,0.09716599190283401,0.06486486486486487,0.1935483870967742,0.9276913099870299
8,50,296,0.6186131284785994,0.0759493670886076,0.04864864864864865,0.17307692307692307,0.9289883268482491
8,50,346,0.6594631886111707,0.10084033613445378,0.06486486486486487,0.22641509433962265,0.930609597924773
8,50,396,0.6547103847552278,0.1111111111111111,0.07567567567567568,0.208955223880597,0.9273670557717251
8,50,446,0.6489022309650112,0.14901960784313725,0.10270270270270271,0.2714285714285714,0.9296368352788587
8,50,496,0.6673913651492127,0.12295081967213115,0.08108108108108109,0.2542372881355932,0.930609597924773
8,50,546,0.679087849491437,0.144,0.0972972972972973,0.27692307692307694,0.930609597924773
8,50,596,0.6632725170841763,0.08620689655172414,0.05405405405405406,0.2127659574468085,0.9312581063553826
8,50,646,0.6735332780175829,0.10743801652892562,0.07027027027027027,0.22807017543859648,0.9299610894941635
8,50,696,0.6737216001789992,0.11814345991561181,0.07567567567567568,0.2692307692307692,0.932230869001297
8,50,746,0.7067022179129804,0.0990990990990991,0.05945945945945946,0.2972972972972973,0.9351491569390402
8,50,796,0.7176696530956622,0.05581395348837209,0.032432432432432434,0.2,0.9341763942931258
8,50,846,0.7218985111361793,0.09734513274336283,0.05945945945945946,0.2682926829268293,0.933852140077821
8,50,896,0.7198288319364553,0.08849557522123894,0.05405405405405406,0.24390243902439024,0.9332036316472114
8,50,946,0.7230414961356665,0.09565217391304348,0.05945945945945946,0.24444444444444444,0.9325551232166018
8,50,996,0.7237630869917865,0.09691629955947137,0.05945945945945946,0.2619047619047619,0.9335278858625162
8,50,1046,0.744588534723064,0.1206896551724138,0.07567567567567568,0.2978723404255319,0.933852140077821
8,50,1096,0.7385957879231422,0.12658227848101267,0.08108108108108109,0.28846153846153844,0.9328793774319066
8,50,1146,0.7439135582633339,0.12017167381974249,0.07567567567567568,0.2916666666666667,0.9335278858625162
8,50,1196,0.7619402776353449,0.12552301255230125,0.08108108108108109,0.2777777777777778,0.932230869001297
8,50,1246,0.7647110373567774,0.13333333333333333,0.08648648648648649,0.2909090909090909,0.9325551232166018
8,50,1296,0.765471784305865,0.08849557522123894,0.05405405405405406,0.24390243902439024,0.9332036316472114
8,50,1346,0.7717460820599834,0.10434782608695652,0.06486486486486487,0.26666666666666666,0.9332036316472114
8,50,1396,0.7758127220010629,0.10344827586206896,0.06486486486486487,0.2553191489361702,0.9325551232166018
8,50,1446,0.7750743499622423,0.08733624454148471,0.05405405405405406,0.22727272727272727,0.932230869001297
8,50,1496,0.7754733691953422,0.10344827586206896,0.06486486486486487,0.2553191489361702,0.9325551232166018
8,50,1546,0.7682388148755862,0.10300429184549356,0.06486486486486487,0.25,0.932230869001297
8,50,1596,0.7694918098505542,0.0912863070539419,0.05945945945945946,0.19642857142857142,0.9289883268482491
8,50,1646,0.7766424582568079,0.1350210970464135,0.08648648648648649,0.3076923076923077,0.9335278858625162
8,50,1696,0.7818576769249413,0.11618257261410789,0.07567567567567568,0.25,0.9309338521400778
8,50,1746,0.7793162600337489,0.11666666666666667,0.07567567567567568,0.2545454545454545,0.9312581063553826
8,50,1796,0.780735202259866,0.1276595744680851,0.08108108108108109,0.3,0.9335278858625162
8,50,1846,0.7771048730689987,0.12396694214876033,0.08108108108108109,0.2631578947368421,0.9312581063553826
8,50,1896,0.7827769128217559,0.10970464135021098,0.07027027027027027,0.25,0.9315823605706874
8,50,1946,0.7911954728098226,0.11353711790393013,0.07027027027027027,0.29545454545454547,0.9341763942931258
8,50,1996,0.7891761371582,0.11063829787234042,0.07027027027027027,0.26,0.932230869001297
8,50,2046,0.7786487418774414,0.10619469026548672,0.06486486486486487,0.2926829268292683,0.9345006485084306
8,50,2096,0.7870766247447861,0.09322033898305085,0.05945945945945946,0.21568627450980393,0.930609597924773
8,50,2146,0.788682024556464,0.0944206008583691,0.05945945945945946,0.22916666666666666,0.9315823605706874
8,50,2196,0.7822175400650737,0.09482758620689655,0.05945945945945946,0.23404255319148937,0.9319066147859922
8,50,2246,0.7791335315998993,0.06140350877192982,0.03783783783783784,0.16279069767441862,0.930609597924773
8,50,2296,0.7888703467178804,0.10526315789473684,0.06486486486486487,0.27906976744186046,0.933852140077821
8,50,2346,0.7870673018655082,0.07929515418502203,0.04864864864864865,0.21428571428571427,0.932230869001297
8,50,2396,0.7849882997865061,0.11504424778761062,0.07027027027027027,0.3170731707317073,0.9351491569390402
8,50,2446,0.7961552445857379,0.0990990990990991,0.05945945945945946,0.2972972972972973,0.9351491569390402
8,50,2496,0.7905708398981942,0.08968609865470852,0.05405405405405406,0.2631578947368421,0.9341763942931258
8,50,2546,0.7890213773621846,0.09401709401709402,0.05945945945945946,0.22448979591836735,0.9312581063553826
8,50,2596,0.7858254943456737,0.10480349344978165,0.06486486486486487,0.2727272727272727,0.9335278858625162
8,50,2646,0.7947120628734979,0.09649122807017543,0.05945945945945946,0.2558139534883721,0.9332036316472114
8,50,2696,0.7866011579016063,0.08888888888888889,0.05405405405405406,0.25,0.9335278858625162
8,50,2746,0.7922377707131071,0.0881057268722467,0.05405405405405406,0.23809523809523808,0.9328793774319066
8,50,2796,0.7830454117449633,0.0944206008583691,0.05945945945945946,0.22916666666666666,0.9315823605706874
8,50,2846,0.7887696596216776,0.10300429184549356,0.06486486486486487,0.25,0.932230869001297
8,50,2896,0.7879380587900767,0.08658008658008658,0.05405405405405406,0.21739130434782608,0.9315823605706874
8,50,2946,0.7901084250860035,0.08888888888888889,0.05405405405405406,0.25,0.9335278858625162
8,50,2996,0.796705294463142,0.08733624454148471,0.05405405405405406,0.22727272727272727,0.932230869001297
8,50,3046,0.7948146145455562,0.09649122807017543,0.05945945945945946,0.2558139534883721,0.9332036316472114
8,50,3096,0.7881319746790599,0.08733624454148471,0.05405405405405406,0.22727272727272727,0.932230869001297
8,50,3146,0.7968898874728472,0.08071748878923767,0.04864864864864865,0.23684210526315788,0.9335278858625162
8,50,3196,0.7900785918723139,0.08849557522123894,0.05405405405405406,0.24390243902439024,0.9332036316472114
8,50,3246,0.7978874355555969,0.09865470852017937,0.05945945945945946,0.2894736842105263,0.9348249027237354
8,50,3296,0.7887864408043781,0.08,0.04864864864864865,0.225,0.9328793774319066
8,50,3346,0.7967127527665645,0.08888888888888889,0.05405405405405406,0.25,0.9335278858625162
8,50,3396,0.7977270820320147,0.06363636363636363,0.03783783783783784,0.2,0.9332036316472114
8,50,3446,0.7946486672944072,0.1085972850678733,0.06486486486486487,0.3333333333333333,0.9361219195849546
8,50,3496,0.7953161854507146,0.07239819004524888,0.043243243243243246,0.2222222222222222,0.9335278858625162
8,50,3546,0.7947698647250216,0.11009174311926606,0.06486486486486487,0.36363636363636365,0.937094682230869
8,50,3596,0.7937704520664162,0.13215859030837004,0.08108108108108109,0.35714285714285715,0.9361219195849546
8,50,3646,0.7944528868295685,0.10666666666666667,0.06486486486486487,0.3,0.9348249027237354
8,50,3696,0.7980981326272807,0.091324200913242,0.05405405405405406,0.29411764705882354,0.935473411154345
8,50,3746,0.7936138276945454,0.13513513513513514,0.08108108108108109,0.40540540540540543,0.9377431906614786
8,50,3796,0.7949320828244596,0.10762331838565023,0.06486486486486487,0.3157894736842105,0.935473411154345
8,50,3846,0.7961384634030374,0.10810810810810811,0.06486486486486487,0.32432432432432434,0.9357976653696498
8,50,3896,0.7908952760970698,0.10762331838565023,0.06486486486486487,0.3157894736842105,0.935473411154345
8,50,3946,0.7852195071926015,0.1278538812785388,0.07567567567567568,0.4117647058823529,0.9380674448767834
8,50,3996,0.7900506232344798,0.10619469026548672,0.06486486486486487,0.2926829268292683,0.9345006485084306
8,50,4046,0.7906025376877395,0.11981566820276497,0.07027027027027027,0.40625,0.9380674448767834
8,50,4096,0.7868342298835573,0.13513513513513514,0.08108108108108109,0.40540540540540543,0.9377431906614786
8,50,4146,0.7826407987842966,0.08928571428571429,0.05405405405405406,0.2564102564102564,0.933852140077821
8,50,4196,0.7874514044917632,0.10185185185185185,0.05945945945945946,0.3548387096774194,0.937094682230869
8,50,4246,0.7923533744161548,0.1111111111111111,0.06486486486486487,0.3870967741935484,0.9377431906614786
8,50,4296,0.784742175773566,0.1111111111111111,0.06486486486486487,0.3870967741935484,0.9377431906614786
8,50,4346,0.7913036182094478,0.09777777777777778,0.05945945945945946,0.275,0.9341763942931258
8,50,4396,0.7824002684989234,0.12173913043478261,0.07567567567567568,0.3111111111111111,0.9345006485084306
8,50,4446,0.7889990024519172,0.10091743119266056,0.05945945945945946,0.3333333333333333,0.9364461738002594
8,50,4496,0.776163262261917,0.11504424778761062,0.07027027027027027,0.3170731707317073,0.9351491569390402
8,50,4546,0.782700465211676,0.09174311926605505,0.05405405405405406,0.30303030303030304,0.9357976653696498
8,50,4596,0.7885216710328818,0.11764705882352941,0.07027027027027027,0.3611111111111111,0.9367704280155642
8,50,4646,0.7912719204199026,0.1111111111111111,0.06486486486486487,0.3870967741935484,0.9377431906614786
8,50,4696,0.7973523022850378,0.14414414414414414,0.08648648648648649,0.43243243243243246,0.9383916990920882
8,50,4746,0.7913241285438596,0.11009174311926606,0.06486486486486487,0.36363636363636365,0.937094682230869
8,50,4796,0.7968805645935692,0.12669683257918551,0.07567567567567568,0.3888888888888889,0.9374189364461738
8,50,4846,0.7997855737766051,0.12727272727272726,0.07567567567567568,0.4,0.9377431906614786
8,50,4896,0.8027166870216198,0.11504424778761062,0.07027027027027027,0.3170731707317073,0.9351491569390402
8,50,4946,0.800973308596627,0.14814814814814814,0.08648648648648649,0.5161290322580645,0.940337224383917
8,50,4996,0.7974306144709732,0.12093023255813953,0.07027027027027027,0.43333333333333335,0.938715953307393
8,50,5046,0.7981615282063712,0.09302325581395349,0.05405405405405406,0.3333333333333333,0.9367704280155642
8,50,5096,0.8011541724546208,0.12037037037037036,0.07027027027027027,0.41935483870967744,0.9383916990920882
8,50,5146,0.8008931318348359,0.1004566210045662,0.05945945945945946,0.3235294117647059,0.9361219195849546
8,50,5196,0.7954728098225856,0.1187214611872146,0.07027027027027027,0.38235294117647056,0.9374189364461738
8,50,5246,0.7983405274885096,0.1111111111111111,0.06486486486486487,0.3870967741935484,0.9377431906614786
8,50,5296,0.8058976534312858,0.1,0.05945945945945946,0.3142857142857143,0.9357976653696498
8,50,5346,0.80313248743742,0.1187214611872146,0.07027027027027027,0.38235294117647056,0.9374189364461738
8,50,5396,0.8039790048758659,0.09216589861751152,0.05405405405405406,0.3125,0.9361219195849546
8,50,5446,0.7983330691850873,0.11981566820276497,0.07027027027027027,0.40625,0.9380674448767834
8,50,5496,0.7986295367461287,0.10232558139534884,0.05945945945945946,0.36666666666666664,0.9374189364461738
8,50,5546,0.8068672328762014,0.10526315789473684,0.05945945945945946,0.4583333333333333,0.9393644617380026
8,50,5596,0.8045234610257032,0.11267605633802817,0.06486486486486487,0.42857142857142855,0.938715953307393
8,50,5646,0.8042083477061056,0.09389671361502347,0.05405405405405406,0.35714285714285715,0.9374189364461738
8,50,5696,0.8044041281709444,0.11267605633802817,0.06486486486486487,0.42857142857142855,0.938715953307393
8,50,5746,0.8039230676001976,0.10526315789473684,0.05945945945945946,0.4583333333333333,0.9393644617380026
8,50,5796,0.8040424004549565,0.11818181818181818,0.07027027027027027,0.37142857142857144,0.937094682230869
8,50,5846,0.8060598715307237,0.11059907834101383,0.06486486486486487,0.375,0.9374189364461738
8,50,5896,0.8037515266214817,0.09433962264150944,0.05405405405405406,0.37037037037037035,0.9377431906614786
8,50,5946,0.8031455394684094,0.10138248847926268,0.05945945945945946,0.34375,0.9367704280155642
8,50,5996,0.8051014795409414,0.1085972850678733,0.06486486486486487,0.3333333333333333,0.9361219195849546
8,50,6046,0.8048050119798998,0.11214953271028037,0.06486486486486487,0.41379310344827586,0.9383916990920882
8,50,6096,0.7979787997725218,0.10679611650485436,0.05945945945945946,0.5238095238095238,0.940337224383917
8,50,6146,0.7990378788585066,0.10328638497652583,0.05945945945945946,0.39285714285714285,0.9380674448767834
8,50,6196,0.8037328808629257,0.11428571428571428,0.06486486486486487,0.48,0.9396887159533074
8,50,6246,0.803779495259316,0.11267605633802817,0.06486486486486487,0.42857142857142855,0.938715953307393
8,50,6296,0.8021591788407932,0.0966183574879227,0.05405405405405406,0.45454545454545453,0.9393644617380026
8,50,6346,0.8057745914248157,0.1095890410958904,0.06486486486486487,0.35294117647058826,0.9367704280155642
8,50,6396,0.801851523824618,0.0861244019138756,0.04864864864864865,0.375,0.9380674448767834
8,50,6446,0.8027949992075551,0.11009174311926606,0.06486486486486487,0.36363636363636365,0.937094682230869
8,50,6496,0.8088902976795354,0.10232558139534884,0.05945945945945946,0.36666666666666664,0.9374189364461738
8,50,6546,0.810611301194261,0.09389671361502347,0.05405405405405406,0.35714285714285715,0.9374189364461738
8,50,6596,0.8055564360497096,0.0947867298578199,0.05405405405405406,0.38461538461538464,0.9380674448767834
8,50,6646,0.8059983405274886,0.09389671361502347,0.05405405405405406,0.35714285714285715,0.9374189364461738
8,50,6696,0.8095447638048535,0.11214953271028037,0.06486486486486487,0.41379310344827586,0.9383916990920882
8,50,6746,0.7983032359713974,0.08653846153846154,0.04864864864864865,0.391304347826087,0.9383916990920882
8,50,6796,0.8071058985857194,0.13023255813953488,0.07567567567567568,0.4666666666666667,0.9393644617380026
8,50,6846,0.8069567325172705,0.10576923076923077,0.05945945945945946,0.4782608695652174,0.9396887159533074
8,50,6896,0.8076317089770004,0.12322274881516587,0.07027027027027027,0.5,0.9400129701686122
8,50,6946,0.8079020724760635,0.12322274881516587,0.07027027027027027,0.5,0.9400129701686122
8,50,6996,0.8060057988309111,0.10576923076923077,0.05945945945945946,0.4782608695652174,0.9396887159533074
8,50,7046,0.8105572284944482,0.12264150943396226,0.07027027027027027,0.48148148148148145,0.9396887159533074
8,50,7096,0.8108928521484576,0.12380952380952381,0.07027027027027027,0.52,0.940337224383917
8,50,7146,0.8059703718896544,0.12440191387559808,0.07027027027027027,0.5416666666666666,0.9406614785992218
8,50,7196,0.8044451488397677,0.12322274881516587,0.07027027027027027,0.5,0.9400129701686122
8,50,7246,0.8094888265291853,0.10426540284360189,0.05945945945945946,0.4230769230769231,0.938715953307393
8,50,7296,0.8025003962223693,0.12149532710280374,0.07027027027027027,0.4482758620689655,0.9390402075226978
8,50,7346,0.8120377017238005,0.13270142180094788,0.07567567567567568,0.5384615384615384,0.9406614785992218
8,50,7396,0.8060897047444132,0.12962962962962962,0.07567567567567568,0.45161290322580644,0.9390402075226978
8,50,7446,0.812063805785779,0.13953488372093023,0.08108108108108109,0.5,0.9400129701686122
8,50,7496,0.8114857872705407,0.14084507042253522,0.08108108108108109,0.5357142857142857,0.9406614785992218
8,50,7546,0.813630049504489,0.12440191387559808,0.07027027027027027,0.5416666666666666,0.9406614785992218
8,50,7596,0.815082554096007,0.09345794392523364,0.05405405405405406,0.3448275862068966,0.937094682230869
8,50,7646,0.8092781294575017,0.12037037037037036,0.07027027027027027,0.41935483870967744,0.9383916990920882
8,50,7696,0.8061437774442258,0.1339712918660287,0.07567567567567568,0.5833333333333334,0.9413099870298314
8,50,7746,0.8062780269058296,0.12037037037037036,0.07027027027027027,0.41935483870967744,0.9383916990920882
8,50,7796,0.8065931402254272,0.12322274881516587,0.07027027027027027,0.5,0.9400129701686122
8,50,7846,0.8063227767263642,0.11428571428571428,0.06486486486486487,0.48,0.9396887159533074
8,50,7896,0.8102924587229521,0.14018691588785046,0.08108108108108109,0.5172413793103449,0.940337224383917
8,50,7946,0.8114913809981074,0.11374407582938388,0.06486486486486487,0.46153846153846156,0.9393644617380026
8,50,7996,0.8129010003449465,0.10426540284360189,0.05945945945945946,0.4230769230769231,0.938715953307393
9,51,246,0.6882699532923748,0.06545454545454546,0.04864864864864865,0.1,0.9166666666666666
9,51,296,0.6466209224056758,0.0321285140562249,0.021621621621621623,0.0625,0.9218547341115434
9,51,346,0.6590399298919478,0.058823529411764705,0.043243243243243246,0.09195402298850575,0.9169909208819714
9,51,396,0.6971742352908272,0.05042016806722689,0.032432432432432434,0.11320754716981132,0.9267185473411155
9,51,446,0.687771179251,0.060085836909871244,0.03783783783783784,0.14583333333333334,0.9289883268482491
9,51,496,0.7254542572928224,0.04484304932735426,0.02702702702702703,0.13157894736842105,0.9309338521400778
9,51,546,0.726310097610546,0.045871559633027525,0.02702702702702703,0.15151515151515152,0.9325551232166018
9,51,596,0.6990238945395897,0.03773584905660377,0.021621621621621623,0.14814814814814814,0.933852140077821
9,51,646,0.7341655556902195,0.04424778761061947,0.02702702702702703,0.12195121951219512,0.9299610894941635
9,51,696,0.7268172622432711,0.09401709401709402,0.05945945945945946,0.22448979591836735,0.9312581063553826
9,51,746,0.7317453362296412,0.08403361344537816,0.05405405405405406,0.18867924528301888,0.9293125810635539
9,51,796,0.7376784166021835,0.08333333333333333,0.05405405405405406,0.18181818181818182,0.9286640726329443
9,51,846,0.7419986388596255,0.0847457627118644,0.05405405405405406,0.19607843137254902,0.9299610894941635
9,51,896,0.7404044265030812,0.05357142857142857,0.032432432432432434,0.15384615384615385,0.9312581063553826
9,51,946,0.7519759842629797,0.0603448275862069,0.03783783783783784,0.14893617021276595,0.9293125810635539
9,51,996,0.7717554049392614,0.10833333333333334,0.07027027027027027,0.23636363636363636,0.930609597924773
9,51,1046,0.7685744385295956,0.08658008658008658,0.05405405405405406,0.21739130434782608,0.9315823605706874
9,51,1096,0.760383356795913,0.10300429184549356,0.06486486486486487,0.25,0.932230869001297
9,51,1146,0.7712090842135685,0.08695652173913043,0.05405405405405406,0.2222222222222222,0.9319066147859922
9,51,1196,0.7533762807305409,0.08771929824561403,0.05405405405405406,0.23255813953488372,0.9325551232166018
9,51,1246,0.7563428209168119,0.11304347826086956,0.07027027027027027,0.28888888888888886,0.933852140077821
9,51,1296,0.7642150601791857,0.08658008658008658,0.05405405405405406,0.21739130434782608,0.9315823605706874
9,51,1346,0.763426344592264,0.0782608695652174,0.04864864864864865,0.2,0.9312581063553826
9,51,1396,0.772810754873535,0.04310344827586207,0.02702702702702703,0.10638297872340426,0.9280155642023347
9,51,1446,0.7705639409675283,0.0502092050209205,0.032432432432432434,0.1111111111111111,0.9263942931258107
9,51,1496,0.7730214519452188,0.04329004329004329,0.02702702702702703,0.10869565217391304,0.9283398184176395
9,51,1546,0.7679982845902129,0.05106382978723404,0.032432432432432434,0.12,0.9276913099870299
9,51,1596,0.7801571837446275,0.08368200836820083,0.05405405405405406,0.18518518518518517,0.9289883268482491
9,51,1646,0.7761819080204732,0.0759493670886076,0.04864864864864865,0.17307692307692307,0.9289883268482491
9,51,1696,0.7887416909838435,0.0759493670886076,0.04864864864864865,0.17307692307692307,0.9289883268482491
9,51,1746,0.7865097936846817,0.06611570247933884,0.043243243243243246,0.14035087719298245,0.9267185473411155
9,51,1796,0.7880760374033917,0.06926406926406926,0.043243243243243246,0.17391304347826086,0.9302853437094682
9,51,1846,0.7775523712743444,0.059574468085106386,0.03783783783783784,0.14,0.9283398184176395
9,51,1896,0.7791465836308885,0.05907172995780591,0.03783783783783784,0.1346153846153846,0.9276913099870299
9,51,1946,0.7785331381743938,0.06140350877192982,0.03783783783783784,0.16279069767441862,0.930609597924773
9,51,1996,0.7850125392726289,0.07048458149779736,0.043243243243243246,0.19047619047619047,0.9315823605706874
9,51,2046,0.7699747349971565,0.06278026905829596,0.03783783783783784,0.18421052631578946,0.932230869001297
9,51,2096,0.778589075450062,0.06926406926406926,0.043243243243243246,0.17391304347826086,0.9302853437094682
9,51,2146,0.7919114699383758,0.06779661016949153,0.043243243243243246,0.1568627450980392,0.9286640726329443
9,51,2196,0.7893737821988944,0.06666666666666667,0.043243243243243246,0.14545454545454545,0.9273670557717251
9,51,2246,0.7802373605064188,0.11570247933884298,0.07567567567567568,0.24561403508771928,0.930609597924773
9,51,2296,0.7733552110233725,0.04201680672268908,0.02702702702702703,0.09433962264150944,0.9260700389105059
9,51,2346,0.7749233193179381,0.0611353711790393,0.03783783783783784,0.1590909090909091,0.9302853437094682
9,51,2396,0.778156493851561,0.07692307692307693,0.04864864864864865,0.1836734693877551,0.9299610894941635
9,51,2446,0.7765026150676375,0.09482758620689655,0.05945945945945946,0.23404255319148937,0.9319066147859922
9,51,2496,0.7971788967304663,0.08583690987124463,0.05405405405405406,0.20833333333333334,0.9309338521400778
9,51,2546,0.7820590511173471,0.06986899563318777,0.043243243243243246,0.18181818181818182,0.9309338521400778
9,51,2596,0.787751601204516,0.08771929824561403,0.05405405405405406,0.23255813953488372,0.9325551232166018
9,51,2646,0.7798607161835862,0.07758620689655173,0.04864864864864865,0.19148936170212766,0.930609597924773
9,51,2696,0.7806084111016848,0.06926406926406926,0.043243243243243246,0.17391304347826086,0.9302853437094682
9,51,2746,0.7906099959911619,0.11304347826086956,0.07027027027027027,0.28888888888888886,0.933852140077821
9,51,2796,0.7915572005258105,0.11063829787234042,0.07027027027027027,0.26,0.932230869001297
9,51,2846,0.7854674957813971,0.08928571428571429,0.05405405405405406,0.2564102564102564,0.933852140077821
9,51,2896,0.7849491436935383,0.08771929824561403,0.05405405405405406,0.23255813953488372,0.9325551232166018
9,51,2946,0.7842089070788623,0.06306306306306306,0.03783783783783784,0.1891891891891892,0.9325551232166018
9,51,2996,0.7849659248762387,0.0730593607305936,0.043243243243243246,0.23529411764705882,0.9341763942931258
9,51,3046,0.7882774115957971,0.07964601769911504,0.04864864864864865,0.21951219512195122,0.9325551232166018
9,51,3096,0.7879567045486329,0.0821917808219178,0.04864864864864865,0.2647058823529412,0.9348249027237354
9,51,3146,0.794408137009034,0.10810810810810811,0.06486486486486487,0.32432432432432434,0.9357976653696498
9,51,3196,0.7928847785350026,0.08372093023255814,0.04864864864864865,0.3,0.9361219195849546
9,51,3246,0.7840970325275258,0.0821917808219178,0.04864864864864865,0.2647058823529412,0.9348249027237354
9,51,3296,0.7870411978035297,0.0660377358490566,0.03783783783783784,0.25925925925925924,0.9357976653696498
9,51,3346,0.7857415884321713,0.06481481481481481,0.03783783783783784,0.22580645161290322,0.9345006485084306
9,51,3396,0.7869983125588506,0.04672897196261682,0.02702702702702703,0.1724137931034483,0.933852140077821
9,51,3446,0.7907050893597979,0.06511627906976744,0.03783783783783784,0.23333333333333334,0.9348249027237354
9,51,3496,0.7854749540848196,0.10091743119266056,0.05945945945945946,0.3333333333333333,0.9364461738002594
9,51,3546,0.7892041057960341,0.12037037037037036,0.07027027027027027,0.41935483870967744,0.9383916990920882
9,51,3596,0.7925920401256724,0.11555555555555555,0.07027027027027027,0.325,0.935473411154345
9,51,3646,0.7963118689576089,0.10572687224669604,0.06486486486486487,0.2857142857142857,0.9341763942931258
9,51,3696,0.7985288496499259,0.13392857142857142,0.08108108108108109,0.38461538461538464,0.937094682230869
9,51,3746,0.7878485591490075,0.1095890410958904,0.06486486486486487,0.35294117647058826,0.9367704280155642
9,51,3796,0.7934683907778077,0.11607142857142858,0.07027027027027027,0.3333333333333333,0.9357976653696498
9,51,3846,0.7952434669923459,0.13215859030837004,0.08108108108108109,0.35714285714285715,0.9361219195849546
9,51,3896,0.7908449325489685,0.13852813852813853,0.08648648648648649,0.34782608695652173,0.935473411154345
9,51,3946,0.7925640714878383,0.14414414414414414,0.08648648648648649,0.43243243243243246,0.9383916990920882
9,51,3996,0.7930414029068739,0.10666666666666667,0.06486486486486487,0.3,0.9348249027237354
9,51,4046,0.7999627084828879,0.1222707423580786,0.07567567567567568,0.3181818181818182,0.9348249027237354
9,51,4096,0.8011243392409312,0.12444444444444444,0.07567567567567568,0.35,0.9361219195849546
9,51,4146,0.8024276777640006,0.12556053811659193,0.07567567567567568,0.3684210526315789,0.9367704280155642
9,51,4196,0.7987936194214222,0.13392857142857142,0.08108108108108109,0.38461538461538464,0.937094682230869
9,51,4246,0.7973728126194495,0.11818181818181818,0.07027027027027027,0.37142857142857144,0.937094682230869
9,51,4296,0.7912719204199025,0.11711711711711711,0.07027027027027027,0.35135135135135137,0.9364461738002594
9,51,4346,0.794383897522911,0.12556053811659193,0.07567567567567568,0.3684210526315789,0.9367704280155642
9,51,4396,0.798185767692494,0.125,0.07567567567567568,0.358974358974359,0.9364461738002594
9,51,4446,0.7972497506129795,0.13215859030837004,0.08108108108108109,0.35714285714285715,0.9361219195849546
9,51,4496,0.8027334682043202,0.13274336283185842,0.08108108108108109,0.36585365853658536,0.9364461738002594
9,51,4546,0.7976897905149027,0.11555555555555555,0.07027027027027027,0.325,0.935473411154345
9,51,4596,0.7976674156046354,0.11353711790393013,0.07027027027027027,0.29545454545454547,0.9341763942931258
9,51,4646,0.7994797833362856,0.13733905579399142,0.08648648648648649,0.3333333333333333,0.9348249027237354
9,51,4696,0.7984822352535358,0.13274336283185842,0.08108108108108109,0.36585365853658536,0.9364461738002594
9,51,4746,0.7936660358185023,0.13100436681222707,0.08108108108108109,0.3409090909090909,0.935473411154345
9,51,4796,0.7920494485516907,0.11659192825112108,0.07027027027027027,0.34210526315789475,0.9361219195849546
9,51,4846,0.799610303646178,0.11059907834101383,0.06486486486486487,0.375,0.9374189364461738
9,51,4896,0.8024668338569684,0.11607142857142858,0.07027027027027027,0.3333333333333333,0.9357976653696498
9,51,4946,0.7995506372187986,0.12389380530973451,0.07567567567567568,0.34146341463414637,0.9357976653696498
9,51,4996,0.798998722765539,0.11764705882352941,0.07027027027027027,0.3611111111111111,0.9367704280155642
9,51,5046,0.800251717740507,0.11555555555555555,0.07027027027027027,0.325,0.935473411154345
9,51,5096,0.8039417133587538,0.13392857142857142,0.08108108108108109,0.38461538461538464,0.937094682230869
9,51,5146,0.8038484845659734,0.11764705882352941,0.07027027027027027,0.3611111111111111,0.9367704280155642
9,51,5196,0.7993809608159385,0.13513513513513514,0.08108108108108109,0.40540540540540543,0.9377431906614786
9,51,5246,0.8088809748002573,0.12556053811659193,0.07567567567567568,0.3684210526315789,0.9367704280155642
9,51,5296,0.804780772493777,0.1278538812785388,0.07567567567567568,0.4117647058823529,0.9380674448767834
9,51,5346,0.8053009891574914,0.11926605504587157,0.07027027027027027,0.3939393939393939,0.9377431906614786
9,51,5396,0.7988961710934805,0.11764705882352941,0.07027027027027027,0.3611111111111111,0.9367704280155642
9,51,5446,0.8047826370696326,0.11764705882352941,0.07027027027027027,0.3611111111111111,0.9367704280155642
9,51,5496,0.8094552641637844,0.11764705882352941,0.07027027027027027,0.3611111111111111,0.9367704280155642
9,51,5546,0.805535925715298,0.08968609865470852,0.05405405405405406,0.2631578947368421,0.9341763942931258
9,51,5596,0.8022971574541082,0.09174311926605505,0.05405405405405406,0.30303030303030304,0.9357976653696498
9,51,5646,0.8148681278726122,0.1,0.05945945945945946,0.3142857142857143,0.9357976653696498
9,51,5696,0.8013853798607161,0.11764705882352941,0.07027027027027027,0.3611111111111111,0.9367704280155642
9,51,5746,0.8113645898399261,0.11711711711711711,0.07027027027027027,0.35135135135135137,0.9364461738002594
9,51,5796,0.8122968777677296,0.13452914798206278,0.08108108108108109,0.39473684210526316,0.9374189364461738
9,51,5846,0.8108443731762117,0.13513513513513514,0.08108108108108109,0.40540540540540543,0.9377431906614786
9,51,5896,0.8122316176127836,0.1085972850678733,0.06486486486486487,0.3333333333333333,0.9361219195849546
9,51,5946,0.8074340639363061,0.10762331838565023,0.06486486486486487,0.3157894736842105,0.935473411154345
9,51,5996,0.8072364188956118,0.1111111111111111,0.06486486486486487,0.3870967741935484,0.9377431906614786
9,51,6046,0.8062015792957498,0.11764705882352941,0.07027027027027027,0.3611111111111111,0.9367704280155642
9,51,6096,0.8112433924093116,0.13023255813953488,0.07567567567567568,0.4666666666666667,0.9393644617380026
9,51,6146,0.803042987796351,0.12612612612612611,0.07567567567567568,0.3783783783783784,0.937094682230869
9,51,6196,0.8153212198055246,0.13392857142857142,0.08108108108108109,0.38461538461538464,0.937094682230869
9,51,6246,0.8075310218807977,0.11711711711711711,0.07027027027027027,0.35135135135135137,0.9364461738002594
9,51,6296,0.8074638971499959,0.13636363636363635,0.08108108108108109,0.42857142857142855,0.9383916990920882
9,51,6346,0.8083719455916766,0.1187214611872146,0.07027027027027027,0.38235294117647056,0.9374189364461738
9,51,6396,0.8059703718896544,0.09954751131221719,0.05945945945945946,0.3055555555555556,0.935473411154345
9,51,6446,0.8034569236362958,0.10909090909090909,0.06486486486486487,0.34285714285714286,0.9364461738002594
9,51,6496,0.8128077715521661,0.10232558139534884,0.05945945945945946,0.36666666666666664,0.9374189364461738
9,51,6546,0.8151906994956323,0.11981566820276497,0.07027027027027027,0.40625,0.9380674448767834
9,51,6596,0.8115174850600859,0.1187214611872146,0.07027027027027027,0.38235294117647056,0.9374189364461738
9,51,6646,0.8086628194251512,0.10232558139534884,0.05945945945945946,0.36666666666666664,0.9374189364461738
9,51,6696,0.8071655650130987,0.09259259259259259,0.05405405405405406,0.3225806451612903,0.9364461738002594
9,51,6746,0.803555746156643,0.11711711711711711,0.07027027027027027,0.35135135135135137,0.9364461738002594
9,51,6796,0.8167923701555988,0.09345794392523364,0.05405405405405406,0.3448275862068966,0.937094682230869
9,51,6846,0.8151739183129317,0.10185185185185185,0.05945945945945946,0.3548387096774194,0.937094682230869
9,51,6896,0.8124982519601355,0.102803738317757,0.05945945945945946,0.3793103448275862,0.9377431906614786
9,51,6946,0.8082022691888163,0.10091743119266056,0.05945945945945946,0.3333333333333333,0.9364461738002594
9,51,6996,0.8165070900496909,0.09433962264150944,0.05405405405405406,0.37037037037037035,0.9377431906614786
9,51,7046,0.8137027679628576,0.09433962264150944,0.05405405405405406,0.37037037037037035,0.9377431906614786
9,51,7096,0.8152596888022897,0.11981566820276497,0.07027027027027027,0.40625,0.9380674448767834
9,51,7146,0.8140980580442463,0.08333333333333333,0.04864864864864865,0.2903225806451613,0.9357976653696498
9,51,7196,0.815970092203276,0.13145539906103287,0.07567567567567568,0.5,0.9400129701686122
9,51,7246,0.816488444291135,0.102803738317757,0.05945945945945946,0.3793103448275862,0.9377431906614786
9,51,7296,0.8101936362026049,0.08695652173913043,0.04864864864864865,0.4090909090909091,0.938715953307393
9,51,7346,0.818681185497329,0.0947867298578199,0.05405405405405406,0.38461538461538464,0.9380674448767834
9,51,7396,0.8135312269841419,0.10232558139534884,0.05945945945945946,0.36666666666666664,0.9374189364461738
9,51,7446,0.811427985419017,0.0966183574879227,0.05405405405405406,0.45454545454545453,0.9393644617380026
9,51,7496,0.8132515406058007,0.07729468599033816,0.043243243243243246,0.36363636363636365,0.9380674448767834
9,51,7546,0.8170888377166405,0.0861244019138756,0.04864864864864865,0.375,0.9380674448767834
9,51,7596,0.8174244613706496,0.0947867298578199,0.05405405405405406,0.38461538461538464,0.9380674448767834
9,51,7646,0.817864501272573,0.09433962264150944,0.05405405405405406,0.37037037037037035,0.9377431906614786
9,51,7696,0.8155188648462192,0.08530805687203792,0.04864864864864865,0.34615384615384615,0.9374189364461738
9,51,7746,0.8193524328053475,0.09433962264150944,0.05405405405405406,0.37037037037037035,0.9377431906614786
9,51,7796,0.8149408463309809,0.09433962264150944,0.05405405405405406,0.37037037037037035,0.9377431906614786
9,51,7846,0.8168781406449569,0.10426540284360189,0.05945945945945946,0.4230769230769231,0.938715953307393
9,51,7896,0.8156512497319672,0.0947867298578199,0.05405405405405406,0.38461538461538464,0.9380674448767834
9,51,7946,0.8196265254561219,0.11320754716981132,0.06486486486486487,0.4444444444444444,0.9390402075226978
9,51,7996,0.8171168063544745,0.09523809523809523,0.05405405405405406,0.4,0.9383916990920882
10,52,246,0.6761613976860614,0.10256410256410256,0.07567567567567568,0.1590909090909091,0.9205577172503242
10,52,296,0.644360124180752,0.06844106463878327,0.04864864864864865,0.11538461538461539,0.9205577172503242
10,52,346,0.6506157761763144,0.10218978102189781,0.07567567567567568,0.15730337078651685,0.9202334630350194
10,52,396,0.6350092762648817,0.060836501901140684,0.043243243243243246,0.10256410256410256,0.9199092088197146
10,52,446,0.659556417403951,0.07547169811320754,0.05405405405405406,0.125,0.9205577172503242
10,52,496,0.6760616428777865,0.07722007722007722,0.05405405405405406,0.13513513513513514,0.9225032425421531
10,52,546,0.6851141586567595,0.0796812749003984,0.05405405405405406,0.15151515151515152,0.9250972762645915
10,52,596,0.7082423575697119,0.07317073170731707,0.04864864864864865,0.14754098360655737,0.9260700389105059
10,52,646,0.7190438455012447,0.08064516129032258,0.05405405405405406,0.15873015873015872,0.9260700389105059
10,52,696,0.7437513401638962,0.06324110671936758,0.043243243243243246,0.11764705882352941,0.9231517509727627
10,52,746,0.7516888395812161,0.06299212598425197,0.043243243243243246,0.11594202898550725,0.9228274967574579
10,52,796,0.771677092753326,0.0694980694980695,0.04864864864864865,0.12162162162162163,0.9218547341115434
10,52,846,0.7644164343715913,0.07468879668049792,0.04864864864864865,0.16071428571428573,0.9276913099870299
10,52,896,0.7629527423249397,0.03333333333333333,0.021621621621621623,0.07272727272727272,0.9247730220492867
10,52,946,0.7739835730867122,0.0796812749003984,0.05405405405405406,0.15151515151515152,0.9250972762645915
10,52,996,0.76717600663789,0.04329004329004329,0.02702702702702703,0.10869565217391304,0.9283398184176395
10,52,1046,0.7874308941573516,0.058091286307053944,0.03783783783783784,0.125,0.9263942931258107
10,52,1096,0.7837408985391049,0.08438818565400844,0.05405405405405406,0.19230769230769232,0.9296368352788587
10,52,1146,0.7945796779877499,0.12927756653992395,0.0918918918918919,0.21794871794871795,0.9257457846952011
10,52,1196,0.8047061894595527,0.11627906976744186,0.08108108108108109,0.2054794520547945,0.9260700389105059
10,52,1246,0.7914677008847413,0.11475409836065574,0.07567567567567568,0.23728813559322035,0.9299610894941635
10,52,1296,0.7934422867158293,0.12648221343873517,0.08648648648648649,0.23529411764705882,0.9283398184176395
10,52,1346,0.7863345235542545,0.10483870967741936,0.07027027027027027,0.20634920634920634,0.9280155642023347
10,52,1396,0.7749419650764944,0.0653061224489796,0.043243243243243246,0.13333333333333333,0.9257457846952011
10,52,1446,0.7842163653822846,0.10569105691056911,0.07027027027027027,0.21311475409836064,0.9286640726329443
10,52,1496,0.7778879949283537,0.0796812749003984,0.05405405405405406,0.15151515151515152,0.9250972762645915
10,52,1546,0.7784958466572817,0.08943089430894309,0.05945945945945946,0.18032786885245902,0.9273670557717251
10,52,1596,0.7834891807985979,0.0912863070539419,0.05945945945945946,0.19642857142857142,0.9289883268482491
10,52,1646,0.777971900841856,0.059574468085106386,0.03783783783783784,0.14,0.9283398184176395
10,52,1696,0.7733775859336398,0.05042016806722689,0.032432432432432434,0.11320754716981132,0.9267185473411155
10,52,1746,0.7709219395318051,0.05172413793103448,0.032432432432432434,0.1276595744680851,0.9286640726329443
10,52,1796,0.7793311766405937,0.04938271604938271,0.032432432432432434,0.10344827586206896,0.9250972762645915
10,52,1846,0.7703513793199893,0.05668016194331984,0.03783783783783784,0.11290322580645161,0.9244487678339819
10,52,1896,0.7840783867689697,0.04897959183673469,0.032432432432432434,0.1,0.9244487678339819
10,52,1946,0.7835115557088652,0.09561752988047809,0.06486486486486487,0.18181818181818182,0.9263942931258107
10,52,1996,0.7788575743732695,0.05714285714285714,0.03783783783783784,0.11666666666666667,0.9250972762645915
10,52,2046,0.7869181357970596,0.06451612903225806,0.043243243243243246,0.12698412698412698,0.9247730220492867
10,52,2096,0.7929015597177033,0.08661417322834646,0.05945945945945946,0.15942028985507245,0.9247730220492867
10,52,2146,0.7898772176799084,0.0823045267489712,0.05405405405405406,0.1724137931034483,0.9276913099870299
10,52,2196,0.7906883081770973,0.09795918367346938,0.06486486486486487,0.2,0.9283398184176395
10,52,2246,0.7916317835600348,0.109375,0.07567567567567568,0.19718309859154928,0.9260700389105059
10,52,2296,0.7940333572620568,0.09166666666666666,0.05945945945945946,0.2,0.9293125810635539
10,52,2346,0.7922377707131071,0.09486166007905138,0.06486486486486487,0.17647058823529413,0.9257457846952011
10,52,2396,0.7925472903051379,0.10699588477366255,0.07027027027027027,0.22413793103448276,0.9296368352788587
10,52,2446,0.7919935112760225,0.10317460317460317,0.07027027027027027,0.19402985074626866,0.9267185473411155
10,52,2496,0.7838676896972862,0.10276679841897234,0.07027027027027027,0.19117647058823528,0.9263942931258107
10,52,2546,0.7945610322291936,0.10300429184549356,0.06486486486486487,0.25,0.932230869001297
10,52,2596,0.7905037151673924,0.09448818897637795,0.06486486486486487,0.17391304347826086,0.9254215304798963
10,52,2646,0.7945200115603703,0.10612244897959183,0.07027027027027027,0.21666666666666667,0.9289883268482491
10,52,2696,0.7914415968227627,0.10569105691056911,0.07027027027027027,0.21311475409836064,0.9286640726329443
10,52,2746,0.7926945917977307,0.08906882591093117,0.05945945945945946,0.1774193548387097,0.9270428015564203
10,52,2796,0.7936287443013901,0.12295081967213115,0.08108108108108109,0.2542372881355932,0.930609597924773
10,52,2846,0.7982734027577078,0.13008130081300814,0.08648648648648649,0.26229508196721313,0.930609597924773
10,52,2896,0.7927430707699766,0.15261044176706828,0.10270270270270271,0.296875,0.9315823605706874
10,52,2946,0.8061624232027821,0.13934426229508196,0.0918918918918919,0.288135593220339,0.9319066147859922
10,52,2996,0.7981205075375479,0.1078838174273859,0.07027027027027027,0.23214285714285715,0.9302853437094682
10,52,3046,0.793889784921175,0.12244897959183673,0.08108108108108109,0.25,0.9302853437094682
10,52,3096,0.7971621155477658,0.11016949152542373,0.07027027027027027,0.2549019607843137,0.9319066147859922
10,52,3146,0.7955996009807669,0.12552301255230125,0.08108108108108109,0.2777777777777778,0.932230869001297
10,52,3196,0.7895397294500434,0.12017167381974249,0.07567567567567568,0.2916666666666667,0.9335278858625162
10,52,3246,0.794094888265292,0.11965811965811966,0.07567567567567568,0.2857142857142857,0.9332036316472114
10,52,3296,0.7964517121467796,0.10212765957446808,0.06486486486486487,0.24,0.9315823605706874
10,52,3346,0.7926405190979183,0.08658008658008658,0.05405405405405406,0.21739130434782608,0.9315823605706874
10,52,3396,0.7871418848997324,0.0881057268722467,0.05405405405405406,0.23809523809523808,0.9328793774319066
10,52,3446,0.7910929211377642,0.08695652173913043,0.05405405405405406,0.2222222222222222,0.9319066147859922
10,52,3496,0.7976618218770685,0.09565217391304348,0.05945945945945946,0.24444444444444444,0.9325551232166018
10,52,3546,0.7949264890968928,0.06896551724137931,0.043243243243243246,0.1702127659574468,0.9299610894941635
10,52,3596,0.7858963482281869,0.06060606060606061,0.03783783783783784,0.15217391304347827,0.9296368352788587
10,52,3646,0.7968898874728472,0.07758620689655173,0.04864864864864865,0.19148936170212766,0.930609597924773
10,52,3696,0.7941247214789815,0.100418410041841,0.06486486486486487,0.2222222222222222,0.9302853437094682
10,52,3746,0.7912588683889132,0.1092436974789916,0.07027027027027027,0.24528301886792453,0.9312581063553826
10,52,3796,0.796600878215228,0.08695652173913043,0.05405405405405406,0.2222222222222222,0.9319066147859922
10,52,3846,0.7794132179782404,0.09401709401709402,0.05945945945945946,0.22448979591836735,0.9312581063553826
10,52,3896,0.790115883389426,0.06956521739130435,0.043243243243243246,0.17777777777777778,0.930609597924773
10,52,3946,0.7904943922881142,0.08849557522123894,0.05405405405405406,0.24390243902439024,0.9332036316472114
10,52,3996,0.7882718178682305,0.10300429184549356,0.06486486486486487,0.25,0.932230869001297
10,52,4046,0.7873078321508815,0.11570247933884298,0.07567567567567568,0.24561403508771928,0.930609597924773
10,52,4096,0.7843151879026318,0.09361702127659574,0.05945945945945946,0.22,0.9309338521400778
10,52,4146,0.7839310852763768,0.10434782608695652,0.06486486486486487,0.26666666666666666,0.9332036316472114
10,52,4196,0.7856185264257012,0.09401709401709402,0.05945945945945946,0.22448979591836735,0.9312581063553826
10,52,4246,0.7904160801021787,0.11336032388663968,0.07567567567567568,0.22580645161290322,0.9289883268482491
10,52,4296,0.7911824207788333,0.11965811965811966,0.07567567567567568,0.2857142857142857,0.9332036316472114
10,52,4346,0.7917007728666922,0.10126582278481013,0.06486486486486487,0.23076923076923078,0.9309338521400778
10,52,4396,0.7893103866198037,0.12875536480686695,0.08108108108108109,0.3125,0.9341763942931258
10,52,4446,0.7977998004903835,0.11158798283261803,0.07027027027027027,0.2708333333333333,0.9328793774319066
10,52,4496,0.7905652461706274,0.07758620689655173,0.04864864864864865,0.19148936170212766,0.930609597924773
10,52,4546,0.7953180500265702,0.09649122807017543,0.05945945945945946,0.2558139534883721,0.9332036316472114
10,52,4596,0.7965356180602817,0.08928571428571429,0.05405405405405406,0.2564102564102564,0.933852140077821
10,52,4646,0.7958867456625305,0.1016949152542373,0.06486486486486487,0.23529411764705882,0.9312581063553826
10,52,4696,0.7970390535412957,0.07929515418502203,0.04864864864864865,0.21428571428571427,0.932230869001297
10,52,4746,0.7926759460391748,0.09401709401709402,0.05945945945945946,0.22448979591836735,0.9312581063553826
10,52,4796,0.7874364878849184,0.10212765957446808,0.06486486486486487,0.24,0.9315823605706874
10,52,4846,0.7866776055116862,0.07758620689655173,0.04864864864864865,0.19148936170212766,0.930609597924773
10,52,4896,0.7902464036993185,0.10212765957446808,0.06486486486486487,0.24,0.9315823605706874
10,52,4946,0.7881618078927497,0.09606986899563319,0.05945945945945946,0.25,0.9328793774319066
10,52,4996,0.7885477750948603,0.07894736842105263,0.04864864864864865,0.20930232558139536,0.9319066147859922
10,52,5046,0.7950663322860633,0.1038961038961039,0.06486486486486487,0.2608695652173913,0.9328793774319066
10,52,5096,0.783446295553919,0.1016949152542373,0.06486486486486487,0.23529411764705882,0.9312581063553826
10,52,5146,0.791506856977709,0.07111111111111111,0.043243243243243246,0.2,0.932230869001297
10,52,5196,0.790785266121589,0.08108108108108109,0.04864864864864865,0.24324324324324326,0.933852140077821
10,52,5246,0.7937611291871381,0.08144796380090498,0.04864864864864865,0.25,0.9341763942931258
10,52,5296,0.7840317723725796,0.06986899563318777,0.043243243243243246,0.18181818181818182,0.9309338521400778
10,52,5346,0.7911041085928978,0.08928571428571429,0.05405405405405406,0.2564102564102564,0.933852140077821
10,52,5396,0.7910257964069624,0.09009009009009009,0.05405405405405406,0.2702702702702703,0.9345006485084306
10,52,5446,0.782715381818521,0.08071748878923767,0.04864864864864865,0.23684210526315788,0.9335278858625162
10,52,5496,0.7776884853118038,0.10714285714285714,0.06486486486486487,0.3076923076923077,0.9351491569390402
10,52,5546,0.7807519834425664,0.09259259259259259,0.05405405405405406,0.3225806451612903,0.9364461738002594
10,52,5596,0.7897280516114596,0.08181818181818182,0.04864864864864865,0.2571428571428571,0.9345006485084306
10,52,5646,0.7833120460923152,0.09606986899563319,0.05945945945945946,0.25,0.9328793774319066
10,52,5696,0.7829801515900171,0.08108108108108109,0.04864864864864865,0.24324324324324326,0.933852140077821
10,52,5746,0.7866272619635849,0.09174311926605505,0.05405405405405406,0.30303030303030304,0.9357976653696498
10,52,5796,0.7820609156932028,0.1,0.05945945945945946,0.3142857142857143,0.9357976653696498
10,52,5846,0.7899275612280097,0.1085972850678733,0.06486486486486487,0.3333333333333333,0.9361219195849546
10,52,5896,0.7855327559363433,0.1,0.05945945945945946,0.3142857142857143,0.9357976653696498
10,52,5946,0.7943111790645423,0.09090909090909091,0.05405405405405406,0.2857142857142857,0.9351491569390402
10,52,5996,0.7929276637796817,0.11059907834101383,0.06486486486486487,0.375,0.9374189364461738
10,52,6046,0.7885552333982828,0.11059907834101383,0.06486486486486487,0.375,0.9374189364461738
10,52,6096,0.7901886018477948,0.08333333333333333,0.04864864864864865,0.2903225806451613,0.9357976653696498
10,52,6146,0.7917045020184034,0.10185185185185185,0.05945945945945946,0.3548387096774194,0.937094682230869
10,52,6196,0.7963920457193999,0.10185185185185185,0.05945945945945946,0.3548387096774194,0.937094682230869
10,52,6246,0.7882102868649954,0.11214953271028037,0.06486486486486487,0.41379310344827586,0.9383916990920882
10,52,6296,0.7949264890968927,0.12844036697247707,0.07567567567567568,0.42424242424242425,0.9383916990920882
10,52,6346,0.794730708632054,0.09259259259259259,0.05405405405405406,0.3225806451612903,0.9364461738002594
10,52,6396,0.7985008810120918,0.09049773755656108,0.05405405405405406,0.2777777777777778,0.9348249027237354
10,52,6446,0.7906491520841298,0.09049773755656108,0.05405405405405406,0.2777777777777778,0.9348249027237354
10,52,6496,0.7984971518603805,0.091324200913242,0.05405405405405406,0.29411764705882354,0.935473411154345
10,52,6546,0.792517457091448,0.09090909090909091,0.05405405405405406,0.2857142857142857,0.9351491569390402
10,52,6596,0.7920941983722253,0.10091743119266056,0.05945945945945946,0.3333333333333333,0.9364461738002594
10,52,6646,0.796078796975658,0.10328638497652583,0.05945945945945946,0.39285714285714285,0.9380674448767834
10,52,6696,0.7892395327372906,0.08968609865470852,0.05405405405405406,0.2631578947368421,0.9341763942931258
10,52,6746,0.7919785946691776,0.1,0.05945945945945946,0.3142857142857143,0.9357976653696498
10,52,6796,0.786839823611124,0.10328638497652583,0.05945945945945946,0.39285714285714285,0.9380674448767834
10,52,6846,0.7989968581896834,0.10328638497652583,0.05945945945945946,0.39285714285714285,0.9380674448767834
10,52,6896,0.8019727212552326,0.12612612612612611,0.07567567567567568,0.3783783783783784,0.937094682230869
10,52,6946,0.7931737877926219,0.11818181818181818,0.07027027027027027,0.37142857142857144,0.937094682230869
10,52,6996,0.7968992103521251,0.08450704225352113,0.04864864864864865,0.32142857142857145,0.9367704280155642
10,52,7046,0.7964181497813786,0.10185185185185185,0.05945945945945946,0.3548387096774194,0.937094682230869
10,52,7096,0.8001771347062827,0.10138248847926268,0.05945945945945946,0.34375,0.9367704280155642
10,52,7146,0.7976580927253574,0.11162790697674418,0.06486486486486487,0.4,0.9380674448767834
10,52,7196,0.795418737122773,0.09345794392523364,0.05405405405405406,0.3448275862068966,0.937094682230869
10,52,7246,0.7948966558832029,0.12093023255813953,0.07027027027027027,0.43333333333333335,0.938715953307393
10,52,7296,0.7981279658409703,0.1004566210045662,0.05945945945945946,0.3235294117647059,0.9361219195849546
10,52,7346,0.7909661299795829,0.11059907834101383,0.06486486486486487,0.375,0.9374189364461738
10,52,7396,0.7999011774796528,0.09216589861751152,0.05405405405405406,0.3125,0.9361219195849546
10,52,7446,0.8036881310423911,0.1004566210045662,0.05945945945945946,0.3235294117647059,0.9361219195849546
10,52,7496,0.8032219870784892,0.1111111111111111,0.06486486486486487,0.3870967741935484,0.9377431906614786
10,52,7546,0.8021274810512479,0.11009174311926606,0.06486486486486487,0.36363636363636365,0.937094682230869
10,52,7596,0.803745932893915,0.10138248847926268,0.05945945945945946,0.34375,0.9367704280155642
10,52,7646,0.802824832421245,0.09302325581395349,0.05405405405405406,0.3333333333333333,0.9367704280155642
10,52,7696,0.8013070676747807,0.10138248847926268,0.05945945945945946,0.34375,0.9367704280155642
10,52,7746,0.8075235635773753,0.08737864077669903,0.04864864864864865,0.42857142857142855,0.9390402075226978
10,52,7796,0.8069716491241155,0.1,0.05945945945945946,0.3142857142857143,0.9357976653696498
10,52,7846,0.8058342578521951,0.08490566037735849,0.04864864864864865,0.3333333333333333,0.937094682230869
10,52,7896,0.8062202250543058,0.09345794392523364,0.05405405405405406,0.3448275862068966,0.937094682230869
10,52,7946,0.8093489833400147,0.09259259259259259,0.05405405405405406,0.3225806451612903,0.9364461738002594
10,52,7996,0.811094226340863,0.08372093023255814,0.04864864864864865,0.3,0.9361219195849546
11,53,246,0.5614349775784753,0.05343511450381679,0.03783783783783784,0.09090909090909091,0.9195849546044098
11,53,296,0.566810549770191,0.07885304659498207,0.05945945945945946,0.11702127659574468,0.9166666666666666
11,53,346,0.586108909875726,0.055776892430278883,0.03783783783783784,0.10606060606060606,0.9231517509727627
11,53,396,0.6108499669037787,0.02510460251046025,0.016216216216216217,0.05555555555555555,0.9244487678339819
11,53,446,0.6194941405703737,0.04149377593360996,0.02702702702702703,0.08928571428571429,0.9250972762645915
11,53,496,0.664892833502699,0.055776892430278883,0.03783783783783784,0.10606060606060606,0.9231517509727627
11,53,546,0.6889943410122783,0.05714285714285714,0.03783783783783784,0.11666666666666667,0.9250972762645915
11,53,596,0.6882988542181367,0.04979253112033195,0.032432432432432434,0.10714285714285714,0.9257457846952011
11,53,646,0.7009705117328436,0.096,0.06486486486486487,0.18461538461538463,0.9267185473411155
11,53,696,0.7010600113739127,0.05042016806722689,0.032432432432432434,0.11320754716981132,0.9267185473411155
11,53,746,0.6925575454723436,0.05533596837944664,0.03783783783783784,0.10294117647058823,0.9225032425421531
11,53,796,0.7120199882531721,0.0653061224489796,0.043243243243243246,0.13333333333333333,0.9257457846952011
11,53,846,0.6933126986938647,0.04938271604938271,0.032432432432432434,0.10344827586206896,0.9250972762645915
11,53,896,0.700593867410011,0.058091286307053944,0.03783783783783784,0.125,0.9263942931258107
11,53,946,0.693074032984347,0.059322033898305086,0.03783783783783784,0.13725490196078433,0.9280155642023347
11,53,996,0.72273011196778,0.059574468085106386,0.03783783783783784,0.14,0.9283398184176395
11,53,1046,0.7245387505477192,0.07782101167315175,0.05405405405405406,0.1388888888888889,0.9231517509727627
11,53,1096,0.7397797935914528,0.07086614173228346,0.04864864864864865,0.13043478260869565,0.9234760051880675
11,53,1146,0.7207723073193925,0.07575757575757576,0.05405405405405406,0.12658227848101267,0.920881971465629
11,53,1196,0.7339474003151133,0.06837606837606838,0.043243243243243246,0.16326530612244897,0.9293125810635539
11,53,1246,0.7187119509989466,0.053811659192825115,0.032432432432432434,0.15789473684210525,0.9315823605706874
11,53,1296,0.7243429700828804,0.06751054852320675,0.043243243243243246,0.15384615384615385,0.9283398184176395
11,53,1346,0.7435853929127473,0.058823529411764705,0.03783783783783784,0.1320754716981132,0.9273670557717251
11,53,1396,0.7345216896786404,0.026905829596412557,0.016216216216216217,0.07894736842105263,0.9296368352788587
11,53,1446,0.7326459263678995,0.043478260869565216,0.02702702702702703,0.1111111111111111,0.9286640726329443
11,53,1496,0.7326645721264555,0.05194805194805195,0.032432432432432434,0.13043478260869565,0.9289883268482491
11,53,1546,0.7286370882783438,0.026905829596412557,0.016216216216216217,0.07894736842105263,0.9296368352788587
11,53,1596,0.7333917567101425,0.037209302325581395,0.021621621621621623,0.13333333333333333,0.9328793774319066
11,53,1646,0.7281541631317416,0.046296296296296294,0.02702702702702703,0.16129032258064516,0.9332036316472114
11,53,1696,0.7274120619412099,0.04504504504504504,0.02702702702702703,0.13513513513513514,0.9312581063553826
11,53,1746,0.7227674034848923,0.0625,0.03783783783783784,0.1794871794871795,0.9319066147859922
11,53,1796,0.7222192181833438,0.06222222222222222,0.03783783783783784,0.175,0.9315823605706874
11,53,1846,0.7269310013704633,0.027149321266968326,0.016216216216216217,0.08333333333333333,0.9302853437094682
11,53,1896,0.7274027390619319,0.044444444444444446,0.02702702702702703,0.125,0.9302853437094682
11,53,1946,0.728637088278344,0.075,0.04864864864864865,0.16363636363636364,0.9280155642023347
11,53,1996,0.7320324809114047,0.06666666666666667,0.043243243243243246,0.14545454545454545,0.9273670557717251
11,53,2046,0.7263399308242358,0.03508771929824561,0.021621621621621623,0.09302325581395349,0.9286640726329443
11,53,2096,0.727643269347305,0.07468879668049792,0.04864864864864865,0.16071428571428573,0.9276913099870299
11,53,2146,0.7325937182439425,0.08403361344537816,0.05405405405405406,0.18867924528301888,0.9293125810635539
11,53,2196,0.731803138081165,0.058577405857740586,0.03783783783783784,0.12962962962962962,0.9270428015564203
11,53,2246,0.7417581085742522,0.061946902654867256,0.03783783783783784,0.17073170731707318,0.9312581063553826
11,53,2296,0.7461603721693407,0.03619909502262444,0.021621621621621623,0.1111111111111111,0.9309338521400778
11,53,2346,0.7339362128599797,0.05042016806722689,0.032432432432432434,0.11320754716981132,0.9267185473411155
11,53,2396,0.7373427929481741,0.04132231404958678,0.02702702702702703,0.08771929824561403,0.9247730220492867
11,53,2446,0.7395821485507583,0.0423728813559322,0.02702702702702703,0.09803921568627451,0.9267185473411155
11,53,2496,0.7373688970101526,0.04310344827586207,0.02702702702702703,0.10638297872340426,0.9280155642023347
11,53,2546,0.7373539804033078,0.05172413793103448,0.032432432432432434,0.1276595744680851,0.9286640726329443
11,53,2596,0.7467961925361029,0.05907172995780591,0.03783783783783784,0.1346153846153846,0.9276913099870299
11,53,2646,0.7422634086311217,0.0425531914893617,0.02702702702702703,0.1,0.9270428015564203
11,53,2696,0.7512450705275818,0.041666666666666664,0.02702702702702703,0.09090909090909091,0.9254215304798963
11,53,2746,0.7412472147898157,0.04329004329004329,0.02702702702702703,0.10869565217391304,0.9283398184176395
11,53,2796,0.7494830463440328,0.05194805194805195,0.032432432432432434,0.13043478260869565,0.9289883268482491
11,53,2846,0.7397965747741532,0.017857142857142856,0.010810810810810811,0.05128205128205128,0.9286640726329443
11,53,2896,0.7494755880406104,0.04405286343612335,0.02702702702702703,0.11904761904761904,0.9296368352788587
11,53,2946,0.7461957991105973,0.017857142857142856,0.010810810810810811,0.05128205128205128,0.9286640726329443
11,53,2996,0.7487353514259344,0.02608695652173913,0.016216216216216217,0.06666666666666667,0.9273670557717251
11,53,3046,0.7551532215209344,0.017857142857142856,0.010810810810810811,0.05128205128205128,0.9286640726329443
11,53,3096,0.7637377287601502,0.04524886877828054,0.02702702702702703,0.1388888888888889,0.9315823605706874
11,53,3146,0.7616475392260146,0.027777777777777776,0.016216216216216217,0.0967741935483871,0.9319066147859922
11,53,3196,0.7655370444608114,0.03571428571428571,0.021621621621621623,0.10256410256410256,0.9299610894941635
11,53,3246,0.7635270316884667,0.06278026905829596,0.03783783783783784,0.18421052631578946,0.932230869001297
11,53,3296,0.7777966307114289,0.07142857142857142,0.043243243243243246,0.20512820512820512,0.9325551232166018
11,53,3346,0.7776623812498251,0.05357142857142857,0.032432432432432434,0.15384615384615385,0.9312581063553826
11,53,3396,0.7797581645115277,0.07929515418502203,0.04864864864864865,0.21428571428571427,0.932230869001297
11,53,3446,0.7751302872379107,0.0625,0.03783783783783784,0.1794871794871795,0.9319066147859922
11,53,3496,0.7882121514408511,0.12280701754385964,0.07567567567567568,0.32558139534883723,0.9351491569390402
11,53,3546,0.7733999608439072,0.08,0.04864864864864865,0.225,0.9328793774319066
11,53,3596,0.7828869227972367,0.08144796380090498,0.04864864864864865,0.25,0.9341763942931258
11,53,3646,0.7830174431071292,0.11711711711711711,0.07027027027027027,0.35135135135135137,0.9364461738002594
11,53,3696,0.7842629797786749,0.10714285714285714,0.06486486486486487,0.3076923076923077,0.9351491569390402
11,53,3746,0.7732377427444692,0.09734513274336283,0.05945945945945946,0.2682926829268293,0.933852140077821
11,53,3796,0.778579752570784,0.10909090909090909,0.06486486486486487,0.34285714285714286,0.9364461738002594
11,53,3846,0.7724378397024138,0.0881057268722467,0.05405405405405406,0.23809523809523808,0.9328793774319066
11,53,3896,0.7787140020323876,0.09954751131221719,0.05945945945945946,0.3055555555555556,0.935473411154345
11,53,3946,0.7850423724863187,0.125,0.07567567567567568,0.358974358974359,0.9364461738002594
11,53,3996,0.7739667919040116,0.11059907834101383,0.06486486486486487,0.375,0.9374189364461738
11,53,4046,0.7823480603749663,0.12669683257918551,0.07567567567567568,0.3888888888888889,0.9374189364461738
11,53,4096,0.7792994788510484,0.11304347826086956,0.07027027027027027,0.28888888888888886,0.933852140077821
11,53,4146,0.7763534489991888,0.14912280701754385,0.0918918918918919,0.3953488372093023,0.937094682230869
11,53,4196,0.7770601232484642,0.12444444444444444,0.07567567567567568,0.35,0.9361219195849546
11,53,4246,0.7772689557442921,0.1187214611872146,0.07027027027027027,0.38235294117647056,0.9374189364461738
11,53,4296,0.7908300159421237,0.1145374449339207,0.07027027027027027,0.30952380952380953,0.9348249027237354
11,53,4346,0.7887211806494318,0.12987012987012986,0.08108108108108109,0.32608695652173914,0.9348249027237354
11,53,4396,0.7889412006003934,0.09954751131221719,0.05945945945945946,0.3055555555555556,0.935473411154345
11,53,4446,0.7843487502680327,0.09734513274336283,0.05945945945945946,0.2682926829268293,0.933852140077821
11,53,4496,0.7928027371973562,0.10344827586206896,0.06486486486486487,0.2553191489361702,0.9325551232166018
11,53,4546,0.7870262811966848,0.11555555555555555,0.07027027027027027,0.325,0.935473411154345
11,53,4596,0.785473089508964,0.09606986899563319,0.05945945945945946,0.25,0.9328793774319066
11,53,4646,0.7805487446743051,0.09954751131221719,0.05945945945945946,0.3055555555555556,0.935473411154345
11,53,4696,0.7853630795334832,0.1,0.05945945945945946,0.3142857142857143,0.9357976653696498
11,53,4746,0.7940594613240354,0.07964601769911504,0.04864864864864865,0.21951219512195122,0.9325551232166018
11,53,4796,0.7836197011084904,0.08733624454148471,0.05405405405405406,0.22727272727272727,0.932230869001297
11,53,4846,0.7876621015634468,0.07142857142857142,0.043243243243243246,0.20512820512820512,0.9325551232166018
11,53,4896,0.7809496284832609,0.07017543859649122,0.043243243243243246,0.18604651162790697,0.9312581063553826
11,53,4946,0.7866421785704296,0.1004566210045662,0.05945945945945946,0.3235294117647059,0.9361219195849546
11,53,4996,0.7934944948397863,0.07373271889400922,0.043243243243243246,0.25,0.9348249027237354
11,53,5046,0.7922004791959949,0.09821428571428571,0.05945945945945946,0.28205128205128205,0.9345006485084306
11,53,5096,0.7944044078573226,0.06422018348623854,0.03783783783783784,0.21212121212121213,0.933852140077821
11,53,5146,0.7976394469668013,0.09049773755656108,0.05405405405405406,0.2777777777777778,0.9348249027237354
11,53,5196,0.7891556268237884,0.1085972850678733,0.06486486486486487,0.3333333333333333,0.9361219195849546
11,53,5246,0.7886652433737635,0.07272727272727272,0.043243243243243246,0.22857142857142856,0.933852140077821
11,53,5296,0.7979098104658643,0.11403508771929824,0.07027027027027027,0.3023255813953488,0.9345006485084306
11,53,5346,0.803949171662176,0.10480349344978165,0.06486486486486487,0.2727272727272727,0.9335278858625162
11,53,5396,0.7935858590567112,0.09821428571428571,0.05945945945945946,0.28205128205128205,0.9345006485084306
11,53,5446,0.8027670305697212,0.11304347826086956,0.07027027027027027,0.28888888888888886,0.933852140077821
11,53,5496,0.8077846041971604,0.10480349344978165,0.06486486486486487,0.2727272727272727,0.9335278858625162
11,53,5546,0.8007290491595423,0.07339449541284404,0.043243243243243246,0.24242424242424243,0.9345006485084306
11,53,5596,0.8016930348768914,0.0881057268722467,0.05405405405405406,0.23809523809523808,0.9328793774319066
11,53,5646,0.7971621155477658,0.10526315789473684,0.06486486486486487,0.27906976744186046,0.933852140077821
11,53,5696,0.7980850805962914,0.09777777777777778,0.05945945945945946,0.275,0.9341763942931258
11,53,5746,0.7982939130921194,0.08888888888888889,0.05405405405405406,0.25,0.9335278858625162
11,53,5796,0.8004866542983136,0.1095890410958904,0.06486486486486487,0.35294117647058826,0.9367704280155642
11,53,5846,0.803475569394852,0.091324200913242,0.05405405405405406,0.29411764705882354,0.935473411154345
11,53,5896,0.805108937844364,0.10138248847926268,0.05945945945945946,0.34375,0.9367704280155642
11,53,5946,0.8074694908775627,0.1,0.05945945945945946,0.3142857142857143,0.9357976653696498
11,53,5996,0.7979340499519872,0.10091743119266056,0.05945945945945946,0.3333333333333333,0.9364461738002594
11,53,6046,0.8021144290202585,0.10762331838565023,0.06486486486486487,0.3157894736842105,0.935473411154345
11,53,6096,0.8019205131312754,0.11009174311926606,0.06486486486486487,0.36363636363636365,0.937094682230869
11,53,6146,0.7989390563381594,0.08771929824561403,0.05405405405405406,0.23255813953488372,0.9325551232166018
11,53,6196,0.7997967612317388,0.10810810810810811,0.06486486486486487,0.32432432432432434,0.9357976653696498
11,53,6246,0.80092110047267,0.12037037037037036,0.07027027027027027,0.41935483870967744,0.9383916990920882
11,53,6296,0.8026682080493741,0.1111111111111111,0.06486486486486487,0.3870967741935484,0.9377431906614786
11,53,6346,0.806181068961338,0.09433962264150944,0.05405405405405406,0.37037037037037035,0.9377431906614786
11,53,6396,0.8041486812787262,0.11009174311926606,0.06486486486486487,0.36363636363636365,0.937094682230869
11,53,6446,0.8025227711326367,0.10328638497652583,0.05945945945945946,0.39285714285714285,0.9380674448767834
11,53,6496,0.8087075692456858,0.09049773755656108,0.05405405405405406,0.2777777777777778,0.9348249027237354
11,53,6546,0.8021591788407932,0.09302325581395349,0.05405405405405406,0.3333333333333333,0.9367704280155642
11,53,6596,0.8070518258859065,0.11818181818181818,0.07027027027027027,0.37142857142857144,0.937094682230869
11,53,6646,0.8074266056328836,0.09259259259259259,0.05405405405405406,0.3225806451612903,0.9364461738002594
11,53,6696,0.8090711615375293,0.10909090909090909,0.06486486486486487,0.34285714285714286,0.9364461738002594
11,53,6746,0.8053420098263149,0.05714285714285714,0.032432432432432434,0.24,0.9357976653696498
11,53,6796,0.811935150051742,0.06635071090047394,0.03783783783783784,0.2692307692307692,0.9361219195849546
11,53,6846,0.8044992215395803,0.11059907834101383,0.06486486486486487,0.375,0.9374189364461738
11,53,6896,0.8093060980953357,0.11926605504587157,0.07027027027027027,0.3939393939393939,0.9377431906614786
11,53,6946,0.8053289577953255,0.1111111111111111,0.06486486486486487,0.3870967741935484,0.9377431906614786
11,53,6996,0.8157929574969932,0.1095890410958904,0.06486486486486487,0.35294117647058826,0.9367704280155642
11,53,7046,0.8122446696437728,0.08333333333333333,0.04864864864864865,0.2903225806451613,0.9357976653696498
11,53,7096,0.8107213111697416,0.0660377358490566,0.03783783783783784,0.25925925925925924,0.9357976653696498
11,53,7146,0.8082470190093509,0.10185185185185185,0.05945945945945946,0.3548387096774194,0.937094682230869
11,53,7196,0.8076895108285244,0.08490566037735849,0.04864864864864865,0.3333333333333333,0.937094682230869
11,53,7246,0.8105367181600365,0.07655502392344497,0.043243243243243246,0.3333333333333333,0.9374189364461738
11,53,7296,0.8105292598566142,0.08695652173913043,0.04864864864864865,0.4090909090909091,0.938715953307393
11,53,7346,0.8079747909344321,0.05853658536585366,0.032432432432432434,0.3,0.9374189364461738
11,53,7396,0.8069231701518698,0.07920792079207921,0.043243243243243246,0.47058823529411764,0.9396887159533074
11,53,7446,0.8069380867587146,0.07692307692307693,0.043243243243243246,0.34782608695652173,0.9377431906614786
11,53,7496,0.8074638971499958,0.07804878048780488,0.043243243243243246,0.4,0.938715953307393
11,53,7546,0.8015214938981756,0.06896551724137931,0.03783783783783784,0.3888888888888889,0.938715953307393
11,53,7596,0.8177638141763702,0.07655502392344497,0.043243243243243246,0.3333333333333333,0.9374189364461738
11,53,7646,0.8108331857210781,0.06698564593301436,0.03783783783783784,0.2916666666666667,0.9367704280155642
11,53,7696,0.8104490830948229,0.06763285024154589,0.03783783783783784,0.3181818181818182,0.9374189364461738
11,53,7746,0.8073482934469483,0.08823529411764706,0.04864864864864865,0.47368421052631576,0.9396887159533074
11,53,7796,0.8079281765380419,0.07729468599033816,0.043243243243243246,0.36363636363636365,0.9380674448767834
11,53,7846,0.8071525129821094,0.06796116504854369,0.03783783783783784,0.3333333333333333,0.9377431906614786
11,53,7896,0.8194382032947056,0.06829268292682927,0.03783783783783784,0.35,0.9380674448767834
11,53,7946,0.8130427081099727,0.06965174129353234,0.03783783783783784,0.4375,0.9393644617380026
11,53,7996,0.8135647893495426,0.07881773399014778,0.043243243243243246,0.4444444444444444,0.9393644617380026
12,54,246,0.6508162180807922,0.09688581314878893,0.07567567567567568,0.1346153846153846,0.9153696498054474
12,54,296,0.6786245023913186,0.11895910780669144,0.08648648648648649,0.19047619047619047,0.9231517509727627
12,54,346,0.6706842061102152,0.06521739130434782,0.04864864864864865,0.0989010989010989,0.9163424124513618
12,54,396,0.6834528215694134,0.12371134020618557,0.0972972972972973,0.16981132075471697,0.9173151750972762
12,54,446,0.6953805133177331,0.09059233449477352,0.07027027027027027,0.12745098039215685,0.9153696498054474
12,54,496,0.6946197663686454,0.09345794392523364,0.08108108108108109,0.11029411764705882,0.9056420233463035
12,54,546,0.6806130725413236,0.1111111111111111,0.0972972972972973,0.12949640287769784,0.9066147859922179
12,54,596,0.6907134799511481,0.09688581314878893,0.07567567567567568,0.1346153846153846,0.9153696498054474
12,54,646,0.6719390656610388,0.08135593220338982,0.06486486486486487,0.10909090909090909,0.9121271076523995
12,54,696,0.6823489926628941,0.05343511450381679,0.03783783783783784,0.09090909090909091,0.9195849546044098
12,54,746,0.6963333115799484,0.09722222222222222,0.07567567567567568,0.13592233009708737,0.9156939040207522
12,54,796,0.6916662782133635,0.08823529411764706,0.06486486486486487,0.13793103448275862,0.9195849546044098
12,54,846,0.6913045504973756,0.08791208791208792,0.06486486486486487,0.13636363636363635,0.919260700389105
12,54,896,0.7149380494671974,0.07604562737642585,0.05405405405405406,0.1282051282051282,0.9212062256809338
12,54,946,0.7142071357317995,0.13127413127413126,0.0918918918918919,0.22972972972972974,0.9270428015564203
12,54,996,0.7175857471821597,0.14393939393939395,0.10270270270270271,0.24050632911392406,0.9267185473411155
12,54,1046,0.7054510875138678,0.1422924901185771,0.0972972972972973,0.2647058823529412,0.9296368352788587
12,54,1096,0.7202427677764001,0.11583011583011583,0.08108108108108109,0.20270270270270271,0.9257457846952011
12,54,1146,0.7548101395635028,0.1111111111111111,0.07567567567567568,0.208955223880597,0.9273670557717251
12,54,1196,0.7564975807128274,0.13636363636363635,0.0972972972972973,0.22784810126582278,0.9260700389105059
12,54,1246,0.7590445913315869,0.09195402298850575,0.06486486486486487,0.15789473684210525,0.9231517509727627
12,54,1296,0.7580358557937035,0.10236220472440945,0.07027027027027027,0.18840579710144928,0.9260700389105059
12,54,1346,0.7518902137736219,0.0933852140077821,0.06486486486486487,0.16666666666666666,0.9244487678339819
12,54,1396,0.7606238870812863,0.06374501992031872,0.043243243243243246,0.12121212121212122,0.9238002594033723
12,54,1446,0.7661131984001941,0.10526315789473684,0.07567567567567568,0.1728395061728395,0.9228274967574579
12,54,1496,0.7589830603283518,0.09923664122137404,0.07027027027027027,0.16883116883116883,0.9234760051880675
12,54,1546,0.772887202483615,0.112,0.07567567567567568,0.2153846153846154,0.9280155642023347
12,54,1596,0.7686322403811194,0.0796812749003984,0.05405405405405406,0.15151515151515152,0.9250972762645915
12,54,1646,0.7719138938869881,0.088,0.05945945945945946,0.16923076923076924,0.9260700389105059
12,54,1696,0.7697025069222379,0.08764940239043825,0.05945945945945946,0.16666666666666666,0.9257457846952011
12,54,1746,0.7828925165248035,0.0784313725490196,0.05405405405405406,0.14285714285714285,0.9238002594033723
12,54,1796,0.7856222555774125,0.05106382978723404,0.032432432432432434,0.12,0.9276913099870299
12,54,1846,0.7835096911330095,0.05785123966942149,0.03783783783783784,0.12280701754385964,0.9260700389105059
12,54,1896,0.785838546376663,0.06694560669456066,0.043243243243243246,0.14814814814814814,0.9276913099870299
12,54,1946,0.7810782842172976,0.059574468085106386,0.03783783783783784,0.14,0.9283398184176395
12,54,1996,0.7822902585234425,0.07792207792207792,0.04864864864864865,0.1956521739130435,0.9309338521400778
12,54,2046,0.7883557237817328,0.06306306306306306,0.03783783783783784,0.1891891891891892,0.9325551232166018
12,54,2096,0.7848260816870682,0.08368200836820083,0.05405405405405406,0.18518518518518517,0.9289883268482491
12,54,2146,0.7901438520272601,0.06866952789699571,0.043243243243243246,0.16666666666666666,0.9296368352788587
12,54,2196,0.7928288412593345,0.0851063829787234,0.05405405405405406,0.2,0.9302853437094682
12,54,2246,0.7872929155440366,0.08906882591093117,0.05945945945945946,0.1774193548387097,0.9270428015564203
12,54,2296,0.7890083253311954,0.06751054852320675,0.043243243243243246,0.15384615384615385,0.9283398184176395
12,54,2346,0.782866412462825,0.0611353711790393,0.03783783783783784,0.1590909090909091,0.9302853437094682
12,54,2396,0.7881860473788725,0.11618257261410789,0.07567567567567568,0.25,0.9309338521400778
12,54,2446,0.786151795120405,0.09205020920502092,0.05945945945945946,0.2037037037037037,0.9296368352788587
12,54,2496,0.7909139218556259,0.07048458149779736,0.043243243243243246,0.19047619047619047,0.9315823605706874
12,54,2546,0.79022029963734,0.06896551724137931,0.043243243243243246,0.1702127659574468,0.9299610894941635
12,54,2596,0.7815145949675099,0.07079646017699115,0.043243243243243246,0.1951219512195122,0.9319066147859922
12,54,2646,0.7826967360599648,0.0782608695652174,0.04864864864864865,0.2,0.9312581063553826
12,54,2696,0.7941545546926713,0.10666666666666667,0.06486486486486487,0.3,0.9348249027237354
12,54,2746,0.7940053886242228,0.10434782608695652,0.06486486486486487,0.26666666666666666,0.9332036316472114
12,54,2796,0.7849733831796613,0.1145374449339207,0.07027027027027027,0.30952380952380953,0.9348249027237354
12,54,2846,0.791506856977709,0.1206896551724138,0.07567567567567568,0.2978723404255319,0.933852140077821
12,54,2896,0.7981857676924942,0.1282051282051282,0.08108108108108109,0.30612244897959184,0.933852140077821
12,54,2946,0.7969085332314031,0.0782608695652174,0.04864864864864865,0.2,0.9312581063553826
12,54,2996,0.7948612289419466,0.09821428571428571,0.05945945945945946,0.28205128205128205,0.9345006485084306
12,54,3046,0.7929686844485052,0.0990990990990991,0.05945945945945946,0.2972972972972973,0.9351491569390402
12,54,3096,0.797223646551001,0.09865470852017937,0.05945945945945946,0.2894736842105263,0.9348249027237354
12,54,3146,0.7928362995627569,0.09954751131221719,0.05945945945945946,0.3055555555555556,0.935473411154345
12,54,3196,0.8036881310423912,0.08968609865470852,0.05405405405405406,0.2631578947368421,0.9341763942931258
12,54,3246,0.7932688811612579,0.08968609865470852,0.05405405405405406,0.2631578947368421,0.9341763942931258
12,54,3296,0.7981223721134035,0.1004566210045662,0.05945945945945946,0.3235294117647059,0.9361219195849546
12,54,3346,0.7978333628557843,0.091324200913242,0.05405405405405406,0.29411764705882354,0.935473411154345
12,54,3396,0.7985456308326265,0.09302325581395349,0.05405405405405406,0.3333333333333333,0.9367704280155642
12,54,3446,0.8006376849426178,0.09954751131221719,0.05945945945945946,0.3055555555555556,0.935473411154345
12,54,3496,0.8018533884004736,0.1,0.05945945945945946,0.3142857142857143,0.9357976653696498
12,54,3546,0.802729739052609,0.11764705882352941,0.07027027027027027,0.3611111111111111,0.9367704280155642
12,54,3596,0.7985530891360488,0.11607142857142858,0.07027027027027027,0.3333333333333333,0.9357976653696498
12,54,3646,0.8032387682611898,0.12173913043478261,0.07567567567567568,0.3111111111111111,0.9345006485084306
12,54,3696,0.7975145203844756,0.07174887892376682,0.043243243243243246,0.21052631578947367,0.9328793774319066
12,54,3746,0.7998098132627279,0.1187214611872146,0.07027027027027027,0.38235294117647056,0.9374189364461738
12,54,3796,0.7995450434912319,0.1,0.05945945945945946,0.3142857142857143,0.9357976653696498
12,54,3846,0.8042736078610517,0.08144796380090498,0.04864864864864865,0.25,0.9341763942931258
12,54,3896,0.8031362165891314,0.09777777777777778,0.05945945945945946,0.275,0.9341763942931258
12,54,3946,0.7969029395038364,0.10714285714285714,0.06486486486486487,0.3076923076923077,0.9351491569390402
12,54,3996,0.7947903750594334,0.091324200913242,0.05405405405405406,0.29411764705882354,0.935473411154345
12,54,4046,0.8016128581151003,0.0660377358490566,0.03783783783783784,0.25925925925925924,0.9357976653696498
12,54,4096,0.7915422839189655,0.1278538812785388,0.07567567567567568,0.4117647058823529,0.9380674448767834
12,54,4146,0.7934833073846528,0.10138248847926268,0.05945945945945946,0.34375,0.9367704280155642
12,54,4196,0.7928847785350028,0.09174311926605505,0.05405405405405406,0.30303030303030304,0.9357976653696498
12,54,4246,0.7989521083691487,0.09090909090909091,0.05405405405405406,0.2857142857142857,0.9351491569390402
12,54,4296,0.791036983862096,0.0639269406392694,0.03783783783783784,0.20588235294117646,0.9335278858625162
12,54,4346,0.7943260956713871,0.11009174311926606,0.06486486486486487,0.36363636363636365,0.937094682230869
12,54,4396,0.7909903694657058,0.1095890410958904,0.06486486486486487,0.35294117647058826,0.9367704280155642
12,54,4446,0.7884377651193795,0.1,0.05945945945945946,0.3142857142857143,0.9357976653696498
12,54,4496,0.7958979331176641,0.11555555555555555,0.07027027027027027,0.325,0.935473411154345
12,54,4546,0.7882755470199416,0.09216589861751152,0.05405405405405406,0.3125,0.9361219195849546
12,54,4596,0.7916392418634571,0.12334801762114538,0.07567567567567568,0.3333333333333333,0.935473411154345
12,54,4646,0.7876844764737141,0.07207207207207207,0.043243243243243246,0.21621621621621623,0.9332036316472114
12,54,4696,0.7892059703718897,0.08333333333333333,0.04864864864864865,0.2903225806451613,0.9357976653696498
12,54,4746,0.7884191193608234,0.09302325581395349,0.05405405405405406,0.3333333333333333,0.9367704280155642
12,54,4796,0.7950048012828281,0.09954751131221719,0.05945945945945946,0.3055555555555556,0.935473411154345
12,54,4846,0.7972348340061345,0.11711711711711711,0.07027027027027027,0.35135135135135137,0.9364461738002594
12,54,4896,0.7946169695048619,0.1415929203539823,0.08648648648648649,0.3902439024390244,0.937094682230869
12,54,4946,0.8008875381072691,0.10666666666666667,0.06486486486486487,0.3,0.9348249027237354
12,54,4996,0.8000316977895454,0.09259259259259259,0.05405405405405406,0.3225806451612903,0.9364461738002594
12,54,5046,0.7933285475886374,0.09777777777777778,0.05945945945945946,0.275,0.9341763942931258
12,54,5096,0.7949507285830156,0.10810810810810811,0.06486486486486487,0.32432432432432434,0.9357976653696498
12,54,5146,0.7912476809337797,0.07142857142857142,0.043243243243243246,0.20512820512820512,0.9325551232166018
12,54,5196,0.7924298220262346,0.0990990990990991,0.05945945945945946,0.2972972972972973,0.9351491569390402
12,54,5246,0.7976450406943681,0.1095890410958904,0.06486486486486487,0.35294117647058826,0.9367704280155642
12,54,5296,0.7951688839581217,0.09216589861751152,0.05405405405405406,0.3125,0.9361219195849546
12,54,5346,0.7977214883044479,0.10810810810810811,0.06486486486486487,0.32432432432432434,0.9357976653696498
12,54,5396,0.7989949936138278,0.06542056074766354,0.03783783783783784,0.2413793103448276,0.9351491569390402
12,54,5446,0.8006171746082059,0.091324200913242,0.05405405405405406,0.29411764705882354,0.935473411154345
12,54,5496,0.8016315038736563,0.10091743119266056,0.05945945945945946,0.3333333333333333,0.9364461738002594
12,54,5546,0.7997389593802149,0.09615384615384616,0.05405405405405406,0.43478260869565216,0.9390402075226978
12,54,5596,0.8003188424713088,0.102803738317757,0.05945945945945946,0.3793103448275862,0.9377431906614786
12,54,5646,0.8014469108639511,0.11818181818181818,0.07027027027027027,0.37142857142857144,0.937094682230869
12,54,5696,0.7908374742455461,0.11926605504587157,0.07027027027027027,0.3939393939393939,0.9377431906614786
12,54,5746,0.7946151049290063,0.11214953271028037,0.06486486486486487,0.41379310344827586,0.9383916990920882
12,54,5796,0.7929090180211257,0.10185185185185185,0.05945945945945946,0.3548387096774194,0.937094682230869
12,54,5846,0.7930619132412854,0.12093023255813953,0.07027027027027027,0.43333333333333335,0.938715953307393
12,54,5896,0.7987171718113423,0.10476190476190476,0.05945945945945946,0.44,0.9390402075226978
12,54,5946,0.7896366873945349,0.12903225806451613,0.07567567567567568,0.4375,0.938715953307393
12,54,5996,0.7935504321154546,0.10426540284360189,0.05945945945945946,0.4230769230769231,0.938715953307393
12,54,6046,0.7949805617967054,0.10426540284360189,0.05945945945945946,0.4230769230769231,0.938715953307393
12,54,6096,0.796604607366939,0.10476190476190476,0.05945945945945946,0.44,0.9390402075226978
12,54,6146,0.7926479774013406,0.11538461538461539,0.06486486486486487,0.5217391304347826,0.940337224383917
12,54,6196,0.7961235467961926,0.11320754716981132,0.06486486486486487,0.4444444444444444,0.9390402075226978
12,54,6246,0.7956685902874243,0.09615384615384616,0.05405405405405406,0.43478260869565216,0.9390402075226978
12,54,6296,0.7976524989977906,0.10628019323671498,0.05945945945945946,0.5,0.9400129701686122
12,54,6346,0.7955977364049114,0.11428571428571428,0.06486486486486487,0.48,0.9396887159533074
12,54,6396,0.794602052898017,0.11483253588516747,0.06486486486486487,0.5,0.9400129701686122
12,54,6446,0.8031343520132759,0.08737864077669903,0.04864864864864865,0.42857142857142855,0.9390402075226978
12,54,6496,0.7989054939727587,0.08737864077669903,0.04864864864864865,0.42857142857142855,0.9390402075226978
12,54,6546,0.8038540782935403,0.12903225806451613,0.07567567567567568,0.4375,0.938715953307393
12,54,6596,0.7940053886242228,0.10476190476190476,0.05945945945945946,0.44,0.9390402075226978
12,54,6646,0.8010087355378835,0.13761467889908258,0.08108108108108109,0.45454545454545453,0.9390402075226978
12,54,6696,0.8088809748002574,0.1388888888888889,0.08108108108108109,0.4838709677419355,0.9396887159533074
12,54,6746,0.7967146173424201,0.10232558139534884,0.05945945945945946,0.36666666666666664,0.9374189364461738
12,54,6796,0.8048106057074668,0.12962962962962962,0.07567567567567568,0.45161290322580644,0.9390402075226978
12,54,6846,0.8027763534489991,0.09523809523809523,0.05405405405405406,0.4,0.9383916990920882
12,54,6896,0.7992877320231581,0.11538461538461539,0.06486486486486487,0.5217391304347826,0.940337224383917
12,54,6946,0.8050772400548185,0.12322274881516587,0.07027027027027027,0.5,0.9400129701686122
12,54,6996,0.8025209065567811,0.11538461538461539,0.06486486486486487,0.5217391304347826,0.940337224383917
12,54,7046,0.810335343967631,0.10328638497652583,0.05945945945945946,0.39285714285714285,0.9380674448767834
12,54,7096,0.7996308139805899,0.08490566037735849,0.04864864864864865,0.3333333333333333,0.937094682230869
12,54,7146,0.8059647781620877,0.10377358490566038,0.05945945945945946,0.4074074074074074,0.9383916990920882
12,54,7196,0.8055228736843087,0.07692307692307693,0.043243243243243246,0.34782608695652173,0.9377431906614786
12,54,7246,0.810012772344611,0.11374407582938388,0.06486486486486487,0.46153846153846156,0.9393644617380026
12,54,7296,0.8082153212198055,0.09302325581395349,0.05405405405405406,0.3333333333333333,0.9367704280155642
12,54,7346,0.8052413227301121,0.10526315789473684,0.05945945945945946,0.4583333333333333,0.9393644617380026
12,54,7396,0.8014114839226947,0.0966183574879227,0.05405405405405406,0.45454545454545453,0.9393644617380026
12,54,7446,0.8028695822417795,0.08737864077669903,0.04864864864864865,0.42857142857142855,0.9390402075226978
12,54,7496,0.8052096249405666,0.08571428571428572,0.04864864864864865,0.36,0.9377431906614786
12,54,7546,0.8042661495576293,0.10328638497652583,0.05945945945945946,0.39285714285714285,0.9380674448767834
12,54,7596,0.8028994154554692,0.09615384615384616,0.05405405405405406,0.43478260869565216,0.9390402075226978
12,54,7646,0.8037198288319365,0.0947867298578199,0.05405405405405406,0.38461538461538464,0.9380674448767834
12,54,7696,0.8018086385799389,0.08737864077669903,0.04864864864864865,0.42857142857142855,0.9390402075226978
12,54,7746,0.8084204245639224,0.10476190476190476,0.05945945945945946,0.44,0.9390402075226978
12,54,7796,0.8063059955436637,0.10526315789473684,0.05945945945945946,0.4583333333333333,0.9393644617380026
12,54,7846,0.801913054827853,0.11374407582938388,0.06486486486486487,0.46153846153846156,0.9393644617380026
12,54,7896,0.8047602621593654,0.09389671361502347,0.05405405405405406,0.35714285714285715,0.9374189364461738
12,54,7946,0.8115286725152197,0.10377358490566038,0.05945945945945946,0.4074074074074074,0.9383916990920882
12,54,7996,0.7990994098617418,0.11594202898550725,0.06486486486486487,0.5454545454545454,0.9406614785992218
13,55,246,0.6819331922470936,0.08097165991902834,0.05405405405405406,0.16129032258064516,0.9263942931258107
13,55,296,0.6645087308764439,0.06504065040650407,0.043243243243243246,0.13114754098360656,0.9254215304798963
13,55,346,0.7003104518799587,0.06060606060606061,0.03783783783783784,0.15217391304347827,0.9296368352788587
13,55,396,0.696282968031847,0.0847457627118644,0.05405405405405406,0.19607843137254902,0.9299610894941635
13,55,446,0.6998927868883026,0.06639004149377593,0.043243243243243246,0.14285714285714285,0.9270428015564203
13,55,496,0.7110653254151013,0.0967741935483871,0.06486486486486487,0.19047619047619047,0.9273670557717251
13,55,546,0.704339800303926,0.08906882591093117,0.05945945945945946,0.1774193548387097,0.9270428015564203
13,55,596,0.7506204376159533,0.10038610038610038,0.07027027027027027,0.17567567567567569,0.9244487678339819
13,55,646,0.7474898147543889,0.06896551724137931,0.04864864864864865,0.11842105263157894,0.9212062256809338
13,55,696,0.7495557648024015,0.06976744186046512,0.04864864864864865,0.1232876712328767,0.9221789883268483
13,55,746,0.737409917678976,0.064,0.043243243243243246,0.12307692307692308,0.9241245136186771
13,55,796,0.7310498494354998,0.06504065040650407,0.043243243243243246,0.13114754098360656,0.9254215304798963
13,55,846,0.7239793777910369,0.05714285714285714,0.03783783783783784,0.11666666666666667,0.9250972762645915
13,55,896,0.7397797935914528,0.05194805194805195,0.032432432432432434,0.13043478260869565,0.9289883268482491
13,55,946,0.7304326748272938,0.05217391304347826,0.032432432432432434,0.13333333333333333,0.9293125810635539
13,55,996,0.735724341105507,0.06837606837606838,0.043243243243243246,0.16326530612244897,0.9293125810635539
13,55,1046,0.7320884181870729,0.07692307692307693,0.04864864864864865,0.1836734693877551,0.9299610894941635
13,55,1096,0.731139349076569,0.07725321888412018,0.04864864864864865,0.1875,0.9302853437094682
13,55,1146,0.7268247205466937,0.06956521739130435,0.043243243243243246,0.17777777777777778,0.930609597924773
13,55,1196,0.7482431034000541,0.09401709401709402,0.05945945945945946,0.22448979591836735,0.9312581063553826
13,55,1246,0.7553545957133402,0.11666666666666667,0.07567567567567568,0.2545454545454545,0.9312581063553826
13,55,1296,0.7604337003440143,0.06751054852320675,0.043243243243243246,0.15384615384615385,0.9283398184176395
13,55,1346,0.7656433252845808,0.10126582278481013,0.06486486486486487,0.23076923076923078,0.9309338521400778
13,55,1396,0.7604821793162602,0.07142857142857142,0.043243243243243246,0.20512820512820512,0.9325551232166018
13,55,1446,0.7587332071637004,0.05405405405405406,0.032432432432432434,0.16216216216216217,0.9319066147859922
13,55,1496,0.7810932008241425,0.06926406926406926,0.043243243243243246,0.17391304347826086,0.9302853437094682
13,55,1546,0.7806289214360963,0.11711711711711711,0.07027027027027027,0.35135135135135137,0.9364461738002594
13,55,1596,0.7769445195454163,0.06222222222222222,0.03783783783783784,0.175,0.9315823605706874
13,55,1646,0.783360525064561,0.08849557522123894,0.05405405405405406,0.24390243902439024,0.9332036316472114
13,55,1696,0.7884321713918128,0.09401709401709402,0.05945945945945946,0.22448979591836735,0.9312581063553826
13,55,1746,0.7805711195845726,0.0603448275862069,0.03783783783783784,0.14893617021276595,0.9293125810635539
13,55,1796,0.7901774143926612,0.07758620689655173,0.04864864864864865,0.19148936170212766,0.930609597924773
13,55,1846,0.7943037207611198,0.09565217391304348,0.05945945945945946,0.24444444444444444,0.9325551232166018
13,55,1896,0.7778003598631401,0.03587443946188341,0.021621621621621623,0.10526315789473684,0.9302853437094682
13,55,1946,0.7895807501188667,0.044642857142857144,0.02702702702702703,0.1282051282051282,0.930609597924773
13,55,1996,0.7860082227795232,0.08771929824561403,0.05405405405405406,0.23255813953488372,0.9325551232166018
13,55,2046,0.796434930964079,0.08071748878923767,0.04864864864864865,0.23684210526315788,0.9335278858625162
13,55,2096,0.800840923710879,0.06060606060606061,0.03783783783783784,0.15217391304347827,0.9296368352788587
13,55,2146,0.7951875297166777,0.08108108108108109,0.04864864864864865,0.24324324324324326,0.933852140077821
13,55,2196,0.7998489693556959,0.06306306306306306,0.03783783783783784,0.1891891891891892,0.9325551232166018
13,55,2246,0.7899573944416993,0.045871559633027525,0.02702702702702703,0.15151515151515152,0.9325551232166018
13,55,2296,0.7852866319234032,0.06422018348623854,0.03783783783783784,0.21212121212121213,0.933852140077821
13,55,2346,0.7920830109170915,0.07048458149779736,0.043243243243243246,0.19047619047619047,0.9315823605706874
13,55,2396,0.79362874430139,0.06306306306306306,0.03783783783783784,0.1891891891891892,0.9325551232166018
13,55,2446,0.7884881086674809,0.0821917808219178,0.04864864864864865,0.2647058823529412,0.9348249027237354
13,55,2496,0.7867838863354558,0.07476635514018691,0.043243243243243246,0.27586206896551724,0.9357976653696498
13,55,2546,0.7919207928176538,0.08108108108108109,0.04864864864864865,0.24324324324324326,0.933852140077821
13,55,2596,0.7904272675573124,0.07239819004524888,0.043243243243243246,0.2222222222222222,0.9335278858625162
13,55,2646,0.7851635699169331,0.06896551724137931,0.043243243243243246,0.1702127659574468,0.9299610894941635
13,55,2696,0.7906603395392633,0.08695652173913043,0.05405405405405406,0.2222222222222222,0.9319066147859922
13,55,2746,0.8022169806923171,0.12334801762114538,0.07567567567567568,0.3333333333333333,0.935473411154345
13,55,2796,0.7970334598137289,0.07339449541284404,0.043243243243243246,0.24242424242424243,0.9345006485084306
13,55,2846,0.8061866626889049,0.09282700421940929,0.05945945945945946,0.21153846153846154,0.9302853437094682
13,55,2896,0.8011429849994873,0.07964601769911504,0.04864864864864865,0.21951219512195122,0.9325551232166018
13,55,2946,0.79699057456905,0.08771929824561403,0.05405405405405406,0.23255813953488372,0.9325551232166018
13,55,2996,0.8038186513522837,0.09482758620689655,0.05945945945945946,0.23404255319148937,0.9319066147859922
13,55,3046,0.802284105423119,0.09565217391304348,0.05945945945945946,0.24444444444444444,0.9325551232166018
13,55,3096,0.8089816618964601,0.08071748878923767,0.04864864864864865,0.23684210526315788,0.9335278858625162
13,55,3146,0.8028789051210576,0.08771929824561403,0.05405405405405406,0.23255813953488372,0.9325551232166018
13,55,3196,0.8015848894772661,0.10300429184549356,0.06486486486486487,0.25,0.932230869001297
13,55,3246,0.8112732256230014,0.08,0.04864864864864865,0.225,0.9328793774319066
13,55,3296,0.8084577160810343,0.08583690987124463,0.05405405405405406,0.20833333333333334,0.9309338521400778
13,55,3346,0.8072177731370556,0.07659574468085106,0.04864864864864865,0.18,0.9296368352788587
13,55,3396,0.8119388792034531,0.07272727272727272,0.043243243243243246,0.22857142857142856,0.933852140077821
13,55,3446,0.8069921594585272,0.09482758620689655,0.05945945945945946,0.23404255319148937,0.9319066147859922
13,55,3496,0.8121663574578372,0.06926406926406926,0.043243243243243246,0.17391304347826086,0.9302853437094682
13,55,3546,0.8067945144178327,0.0881057268722467,0.05405405405405406,0.23809523809523808,0.9328793774319066
13,55,3596,0.8061475065959371,0.08547008547008547,0.05405405405405406,0.20408163265306123,0.930609597924773
13,55,3646,0.8082153212198055,0.08771929824561403,0.05405405405405406,0.23255813953488372,0.9325551232166018
13,55,3696,0.8067534937490096,0.06278026905829596,0.03783783783783784,0.18421052631578946,0.932230869001297
13,55,3746,0.8074676263017071,0.07142857142857142,0.043243243243243246,0.20512820512820512,0.9325551232166018
13,55,3796,0.7998694796901076,0.08888888888888889,0.05405405405405406,0.25,0.9335278858625162
13,55,3846,0.7970670221791298,0.06334841628959276,0.03783783783783784,0.19444444444444445,0.9328793774319066
13,55,3896,0.8037533911973374,0.06278026905829596,0.03783783783783784,0.18421052631578946,0.932230869001297
13,55,3946,0.7982025488751946,0.0639269406392694,0.03783783783783784,0.20588235294117646,0.9335278858625162
13,55,3996,0.8053960825261274,0.05555555555555555,0.032432432432432434,0.1935483870967742,0.933852140077821
13,55,4046,0.7972609380681129,0.08035714285714286,0.04864864864864865,0.23076923076923078,0.9332036316472114
13,55,4096,0.7984579957674129,0.08108108108108109,0.04864864864864865,0.24324324324324326,0.933852140077821
13,55,4146,0.7966288468530621,0.08294930875576037,0.04864864864864865,0.28125,0.935473411154345
13,55,4196,0.7988924419417692,0.07272727272727272,0.043243243243243246,0.22857142857142856,0.933852140077821
13,55,4246,0.8022486784818623,0.09009009009009009,0.05405405405405406,0.2702702702702703,0.9345006485084306
13,55,4296,0.8062146313267391,0.08928571428571429,0.05405405405405406,0.2564102564102564,0.933852140077821
13,55,4346,0.8036527041011345,0.08968609865470852,0.05405405405405406,0.2631578947368421,0.9341763942931258
13,55,4396,0.808431612019056,0.07929515418502203,0.04864864864864865,0.21428571428571427,0.932230869001297
13,55,4446,0.8112900068057018,0.07894736842105263,0.04864864864864865,0.20930232558139536,0.9319066147859922
13,55,4496,0.80898166189646,0.08108108108108109,0.04864864864864865,0.24324324324324326,0.933852140077821
13,55,4546,0.8067479000214425,0.09691629955947137,0.05945945945945946,0.2619047619047619,0.9335278858625162
13,55,4596,0.8007719344042215,0.08071748878923767,0.04864864864864865,0.23684210526315788,0.9335278858625162
13,55,4646,0.8067311188387422,0.08181818181818182,0.04864864864864865,0.2571428571428571,0.9345006485084306
13,55,4696,0.8071711587406655,0.07373271889400922,0.043243243243243246,0.25,0.9348249027237354
13,55,4746,0.8037981410178721,0.1085972850678733,0.06486486486486487,0.3333333333333333,0.9361219195849546
13,55,4796,0.8037160996802253,0.0821917808219178,0.04864864864864865,0.2647058823529412,0.9348249027237354
13,55,4846,0.8069567325172707,0.08144796380090498,0.04864864864864865,0.25,0.9341763942931258
13,55,4896,0.8068765557554796,0.08108108108108109,0.04864864864864865,0.24324324324324326,0.933852140077821
13,55,4946,0.8042512329507845,0.09821428571428571,0.05945945945945946,0.28205128205128205,0.9345006485084306
13,55,4996,0.8108033525073883,0.08968609865470852,0.05405405405405406,0.2631578947368421,0.9341763942931258
13,55,5046,0.8106467281355174,0.08849557522123894,0.05405405405405406,0.24390243902439024,0.9332036316472114
13,55,5096,0.8031623206511099,0.11403508771929824,0.07027027027027027,0.3023255813953488,0.9345006485084306
13,55,5146,0.8140626311029897,0.09606986899563319,0.05945945945945946,0.25,0.9328793774319066
13,55,5196,0.8076279798252892,0.10714285714285714,0.06486486486486487,0.3076923076923077,0.9351491569390402
13,55,5246,0.814622003859672,0.08968609865470852,0.05405405405405406,0.2631578947368421,0.9341763942931258
13,55,5296,0.8051499585131873,0.08108108108108109,0.04864864864864865,0.24324324324324326,0.933852140077821
13,55,5346,0.8117020780697911,0.08256880733944955,0.04864864864864865,0.2727272727272727,0.9351491569390402
13,55,5396,0.8094403475569395,0.09865470852017937,0.05945945945945946,0.2894736842105263,0.9348249027237354
13,55,5446,0.812281961160885,0.08490566037735849,0.04864864864864865,0.3333333333333333,0.937094682230869
13,55,5496,0.8103614480296095,0.10091743119266056,0.05945945945945946,0.3333333333333333,0.9364461738002594
13,55,5546,0.8071469192545426,0.11267605633802817,0.06486486486486487,0.42857142857142855,0.938715953307393
13,55,5596,0.8129569376206148,0.091324200913242,0.05405405405405406,0.29411764705882354,0.935473411154345
13,55,5646,0.8129904999860157,0.10810810810810811,0.06486486486486487,0.32432432432432434,0.9357976653696498
13,55,5696,0.8098990332174189,0.102803738317757,0.05945945945945946,0.3793103448275862,0.9377431906614786
13,55,5746,0.809171848633732,0.1085972850678733,0.06486486486486487,0.3333333333333333,0.9361219195849546
13,55,5796,0.8045999086357831,0.1187214611872146,0.07027027027027027,0.38235294117647056,0.9374189364461738
13,55,5846,0.819027996606472,0.12962962962962962,0.07567567567567568,0.45161290322580644,0.9390402075226978
13,55,5896,0.8116256304597111,0.08571428571428572,0.04864864864864865,0.36,0.9377431906614786
13,55,5946,0.816212487064505,0.10526315789473684,0.05945945945945946,0.4583333333333333,0.9393644617380026
13,55,5996,0.8112713610471458,0.10091743119266056,0.05945945945945946,0.3333333333333333,0.9364461738002594
13,55,6046,0.8120693995133457,0.0947867298578199,0.05405405405405406,0.38461538461538464,0.9380674448767834
13,55,6096,0.8142826510539516,0.0966183574879227,0.05405405405405406,0.45454545454545453,0.9393644617380026
13,55,6146,0.8113328920503808,0.1095890410958904,0.06486486486486487,0.35294117647058826,0.9367704280155642
13,55,6196,0.8115622348806206,0.10232558139534884,0.05945945945945946,0.36666666666666664,0.9374189364461738
13,55,6246,0.8047658558869322,0.10328638497652583,0.05945945945945946,0.39285714285714285,0.9380674448767834
13,55,6296,0.8078088436832831,0.09523809523809523,0.05405405405405406,0.4,0.9383916990920882
13,55,6346,0.8163504656778199,0.10576923076923077,0.05945945945945946,0.4782608695652174,0.9396887159533074
13,55,6396,0.8115715577598985,0.09569377990430622,0.05405405405405406,0.4166666666666667,0.938715953307393
13,55,6446,0.8090375991721284,0.09615384615384616,0.05405405405405406,0.43478260869565216,0.9390402075226978
13,55,6496,0.8140216104341665,0.09345794392523364,0.05405405405405406,0.3448275862068966,0.937094682230869
13,55,6546,0.8098803874588628,0.0947867298578199,0.05405405405405406,0.38461538461538464,0.9380674448767834
13,55,6596,0.8142080680197271,0.11320754716981132,0.06486486486486487,0.4444444444444444,0.9390402075226978
13,55,6646,0.8142546824161174,0.11483253588516747,0.06486486486486487,0.5,0.9400129701686122
13,55,6696,0.8154312297810056,0.11214953271028037,0.06486486486486487,0.41379310344827586,0.9383916990920882
13,55,6746,0.8166413395112946,0.1085972850678733,0.06486486486486487,0.3333333333333333,0.9361219195849546
13,55,6796,0.8172044414196882,0.11267605633802817,0.06486486486486487,0.42857142857142855,0.938715953307393
13,55,6846,0.8171130772027633,0.10232558139534884,0.05945945945945946,0.36666666666666664,0.9374189364461738
13,55,6896,0.8141055163476688,0.12556053811659193,0.07567567567567568,0.3684210526315789,0.9367704280155642
13,55,6946,0.8127667508833429,0.09523809523809523,0.05405405405405406,0.4,0.9383916990920882
13,55,6996,0.8142938385090851,0.102803738317757,0.05945945945945946,0.3793103448275862,0.9377431906614786
13,55,7046,0.8061847981130493,0.09389671361502347,0.05405405405405406,0.35714285714285715,0.9374189364461738
13,55,7096,0.8121999198232382,0.08737864077669903,0.04864864864864865,0.42857142857142855,0.9390402075226978
13,55,7146,0.8168166096417218,0.0966183574879227,0.05405405405405406,0.45454545454545453,0.9393644617380026
13,55,7196,0.8106877488043407,0.08653846153846154,0.04864864864864865,0.391304347826087,0.9383916990920882
13,55,7246,0.8144169005155554,0.09523809523809523,0.05405405405405406,0.4,0.9383916990920882
13,55,7296,0.8073371059918146,0.0947867298578199,0.05405405405405406,0.38461538461538464,0.9380674448767834
13,55,7346,0.8102421151748507,0.09345794392523364,0.05405405405405406,0.3448275862068966,0.937094682230869
13,55,7396,0.8046055023633499,0.08530805687203792,0.04864864864864865,0.34615384615384615,0.9374189364461738
13,55,7446,0.8121719511854042,0.07881773399014778,0.043243243243243246,0.4444444444444444,0.9393644617380026
13,55,7496,0.8141297558337917,0.08695652173913043,0.04864864864864865,0.4090909090909091,0.938715953307393
13,55,7546,0.8134212170086609,0.08823529411764706,0.04864864864864865,0.47368421052631576,0.9396887159533074
13,55,7596,0.8183138640537743,0.10526315789473684,0.05945945945945946,0.4583333333333333,0.9393644617380026
13,55,7646,0.8133466339744365,0.0975609756097561,0.05405405405405406,0.5,0.9400129701686122
13,55,7696,0.8146630245284955,0.09615384615384616,0.05405405405405406,0.43478260869565216,0.9390402075226978
13,55,7746,0.818966465603237,0.07729468599033816,0.043243243243243246,0.36363636363636365,0.9380674448767834
13,55,7796,0.8139078713069744,0.0966183574879227,0.05405405405405406,0.45454545454545453,0.9393644617380026
13,55,7846,0.8165294649599583,0.08823529411764706,0.04864864864864865,0.47368421052631576,0.9396887159533074
13,55,7896,0.8162572368850396,0.08955223880597014,0.04864864864864865,0.5625,0.9406614785992218
13,55,7946,0.8185488006115809,0.08653846153846154,0.04864864864864865,0.391304347826087,0.9383916990920882
13,55,7996,0.8177750016315037,0.0966183574879227,0.05405405405405406,0.45454545454545453,0.9393644617380026
14,56,246,0.6263287433691022,0.10699588477366255,0.07027027027027027,0.22413793103448276,0.9296368352788587
14,56,296,0.6886046446584564,0.09302325581395349,0.06486486486486487,0.1643835616438356,0.9241245136186771
14,56,346,0.6599796761231738,0.10638297872340426,0.08108108108108109,0.15463917525773196,0.9182879377431906
14,56,396,0.6750323970054912,0.08494208494208494,0.05945945945945946,0.14864864864864866,0.9231517509727627
14,56,446,0.6991357690909261,0.058091286307053944,0.03783783783783784,0.125,0.9263942931258107
14,56,496,0.7154619952826231,0.06896551724137931,0.04864864864864865,0.11842105263157894,0.9212062256809338
14,56,546,0.7056039827340276,0.09059233449477352,0.07027027027027027,0.12745098039215685,0.9153696498054474
14,56,596,0.7177498298574532,0.13815789473684212,0.11351351351351352,0.17647058823529413,0.9150453955901426
14,56,646,0.6978603992056907,0.13937282229965156,0.10810810810810811,0.19607843137254902,0.9199092088197146
14,56,696,0.7114214594035222,0.1223021582733813,0.0918918918918919,0.1827956989247312,0.920881971465629
14,56,746,0.7310666306182001,0.14046822742474915,0.11351351351351352,0.18421052631578946,0.9166666666666666
14,56,796,0.7364720360236056,0.13513513513513514,0.10810810810810811,0.18018018018018017,0.9169909208819714
14,56,846,0.7438296523498317,0.16216216216216217,0.12972972972972974,0.21621621621621623,0.9195849546044098
14,56,896,0.7451143451143452,0.12162162162162163,0.0972972972972973,0.16216216216216217,0.9156939040207522
14,56,946,0.7345310125579184,0.14715719063545152,0.11891891891891893,0.19298245614035087,0.9173151750972762
14,56,996,0.7325452392716967,0.16,0.12972972972972974,0.20869565217391303,0.9182879377431906
14,56,1046,0.7317882214743202,0.13793103448275862,0.10810810810810811,0.19047619047619047,0.9189364461738002
14,56,1096,0.7257134333367518,0.1347517730496454,0.10270270270270271,0.1958762886597938,0.920881971465629
14,56,1146,0.7110205755945667,0.09737827715355805,0.07027027027027027,0.15853658536585366,0.9218547341115434
14,56,1196,0.725256612252128,0.1044776119402985,0.07567567567567568,0.1686746987951807,0.9221789883268483
14,56,1246,0.7165061577617632,0.09523809523809523,0.07027027027027027,0.14772727272727273,0.9199092088197146
14,56,1296,0.7334868500787783,0.09665427509293681,0.07027027027027027,0.15476190476190477,0.9212062256809338
14,56,1346,0.7367423995226686,0.10600706713780919,0.08108108108108109,0.15306122448979592,0.9179636835278858
14,56,1396,0.7462219031725758,0.08856088560885608,0.06486486486486487,0.13953488372093023,0.9199092088197146
14,56,1446,0.7383235598482235,0.08727272727272728,0.06486486486486487,0.13333333333333333,0.9186121919584954
14,56,1496,0.7402515312829214,0.10600706713780919,0.08108108108108109,0.15306122448979592,0.9179636835278858
14,56,1546,0.7452430008483819,0.08633093525179857,0.06486486486486487,0.12903225806451613,0.917639429312581
14,56,1596,0.7469136608150062,0.10714285714285714,0.08108108108108109,0.15789473684210525,0.9189364461738002
14,56,1646,0.7504246571511146,0.12099644128113879,0.0918918918918919,0.17708333333333334,0.9199092088197146
14,56,1696,0.7508441867186263,0.11678832116788321,0.08648648648648649,0.1797752808988764,0.9215304798962386
14,56,1746,0.7495800042885244,0.0931899641577061,0.07027027027027027,0.13829787234042554,0.9179636835278858
14,56,1796,0.7449465332873405,0.11070110701107011,0.08108108108108109,0.1744186046511628,0.9218547341115434
14,56,1846,0.7381259148075292,0.1037037037037037,0.07567567567567568,0.16470588235294117,0.9215304798962386
14,56,1896,0.7423100230275118,0.09737827715355805,0.07027027027027027,0.15853658536585366,0.9218547341115434
14,56,1946,0.7455879473816693,0.08396946564885496,0.05945945945945946,0.14285714285714285,0.9221789883268483
14,56,1996,0.749225734875959,0.12355212355212356,0.08648648648648649,0.21621621621621623,0.9263942931258107
14,56,2046,0.7443797022272359,0.11023622047244094,0.07567567567567568,0.2028985507246377,0.9267185473411155
14,56,2096,0.7500480128282818,0.1198501872659176,0.08648648648648649,0.1951219512195122,0.9238002594033723
14,56,2146,0.7425580116163075,0.10526315789473684,0.07027027027027027,0.20967741935483872,0.9283398184176395
14,56,2196,0.7480883436040386,0.128,0.08648648648648649,0.24615384615384617,0.9293125810635539
14,56,2246,0.7425542824645964,0.10441767068273092,0.07027027027027027,0.203125,0.9276913099870299
14,56,2296,0.7465817663127081,0.07228915662650602,0.04864864864864865,0.140625,0.9250972762645915
14,56,2346,0.7569450789181732,0.08695652173913043,0.05945945945945946,0.16176470588235295,0.9250972762645915
14,56,2396,0.7576536177433039,0.096,0.06486486486486487,0.18461538461538463,0.9267185473411155
14,56,2446,0.7557834481601299,0.096,0.06486486486486487,0.18461538461538463,0.9267185473411155
14,56,2496,0.7527143563018003,0.0963855421686747,0.06486486486486487,0.1875,0.9270428015564203
14,56,2546,0.7518641097116434,0.13846153846153847,0.0972972972972973,0.24,0.9273670557717251
14,56,2596,0.7524962009266942,0.11428571428571428,0.07567567567567568,0.23333333333333334,0.9296368352788587
14,56,2646,0.7586138743089416,0.11811023622047244,0.08108108108108109,0.21739130434782608,0.9273670557717251
14,56,2696,0.7636034792985466,0.104,0.07027027027027027,0.2,0.9273670557717251
14,56,2746,0.7621509747070285,0.08943089430894309,0.05945945945945946,0.18032786885245902,0.9273670557717251
14,56,2796,0.7777761203770172,0.10980392156862745,0.07567567567567568,0.2,0.9263942931258107
14,56,2846,0.7745951539673513,0.104,0.07027027027027027,0.2,0.9273670557717251
14,56,2896,0.7733123257786935,0.08661417322834646,0.05945945945945946,0.15942028985507245,0.9247730220492867
14,56,2946,0.768563251074462,0.10077519379844961,0.07027027027027027,0.1780821917808219,0.9247730220492867
14,56,2996,0.7809831908486617,0.13385826771653545,0.0918918918918919,0.2463768115942029,0.9286640726329443
14,56,3046,0.770599367908785,0.11336032388663968,0.07567567567567568,0.22580645161290322,0.9289883268482491
14,56,3096,0.7773621845370725,0.12648221343873517,0.08648648648648649,0.23529411764705882,0.9283398184176395
14,56,3146,0.7711904384550125,0.11864406779661017,0.07567567567567568,0.27450980392156865,0.9325551232166018
14,56,3196,0.7694414663024529,0.1078838174273859,0.07027027027027027,0.23214285714285715,0.9302853437094682
14,56,3246,0.7664264471439359,0.10126582278481013,0.06486486486486487,0.23076923076923078,0.9309338521400778
14,56,3296,0.7709275332593718,0.09876543209876543,0.06486486486486487,0.20689655172413793,0.9289883268482491
14,56,3346,0.7709555018972059,0.09322033898305085,0.05945945945945946,0.21568627450980393,0.930609597924773
14,56,3396,0.7719977998004905,0.09836065573770492,0.06486486486486487,0.2033898305084746,0.9286640726329443
14,56,3446,0.7707037841566989,0.11864406779661017,0.07567567567567568,0.27450980392156865,0.9325551232166018
14,56,3496,0.7777649329218836,0.10970464135021098,0.07027027027027027,0.25,0.9315823605706874
14,56,3546,0.7807221502288768,0.09821428571428571,0.05945945945945946,0.28205128205128205,0.9345006485084306
14,56,3596,0.7728834733319038,0.10300429184549356,0.06486486486486487,0.25,0.932230869001297
14,56,3646,0.7770358837623411,0.08928571428571429,0.05405405405405406,0.2564102564102564,0.933852140077821
14,56,3696,0.7713601148578728,0.07860262008733625,0.04864864864864865,0.20454545454545456,0.9315823605706874
14,56,3746,0.7695011327298322,0.0782608695652174,0.04864864864864865,0.2,0.9312581063553826
14,56,3796,0.7744459878989027,0.08733624454148471,0.05405405405405406,0.22727272727272727,0.932230869001297
14,56,3846,0.7742483428582083,0.08849557522123894,0.05405405405405406,0.24390243902439024,0.9332036316472114
14,56,3896,0.7742035930376738,0.06837606837606838,0.043243243243243246,0.16326530612244897,0.9293125810635539
14,56,3946,0.7770769044311645,0.1038961038961039,0.06486486486486487,0.2608695652173913,0.9328793774319066
14,56,3996,0.7861145036032929,0.09361702127659574,0.05945945945945946,0.22,0.9309338521400778
14,56,4046,0.7788426577664247,0.06140350877192982,0.03783783783783784,0.16279069767441862,0.930609597924773
14,56,4096,0.7779663071142893,0.0782608695652174,0.04864864864864865,0.2,0.9312581063553826
14,56,4146,0.7765231254020492,0.08888888888888889,0.05405405405405406,0.25,0.9335278858625162
14,56,4196,0.7808470768112024,0.09361702127659574,0.05945945945945946,0.22,0.9309338521400778
14,56,4246,0.7836998778702816,0.09049773755656108,0.05405405405405406,0.2777777777777778,0.9348249027237354
14,56,4296,0.7900151962932231,0.08035714285714286,0.04864864864864865,0.23076923076923078,0.9332036316472114
14,56,4346,0.7839273561246656,0.08888888888888889,0.05405405405405406,0.25,0.9335278858625162
14,56,4396,0.7882177451684178,0.08771929824561403,0.05405405405405406,0.23255813953488372,0.9325551232166018
14,56,4446,0.792646112825485,0.08035714285714286,0.04864864864864865,0.23076923076923078,0.9332036316472114
14,56,4496,0.7817812293148616,0.09821428571428571,0.05945945945945946,0.28205128205128205,0.9345006485084306
14,56,4546,0.7919040116349534,0.1004566210045662,0.05945945945945946,0.3235294117647059,0.9361219195849546
14,56,4596,0.7822604253097526,0.09090909090909091,0.05405405405405406,0.2857142857142857,0.9351491569390402
14,56,4646,0.7779924111762676,0.08256880733944955,0.04864864864864865,0.2727272727272727,0.9351491569390402
14,56,4696,0.7861294202101378,0.0821917808219178,0.04864864864864865,0.2647058823529412,0.9348249027237354
14,56,4746,0.7847570923804108,0.07239819004524888,0.043243243243243246,0.2222222222222222,0.9335278858625162
14,56,4796,0.7849528728452495,0.0881057268722467,0.05405405405405406,0.23809523809523808,0.9328793774319066
14,56,4846,0.7994779187604301,0.10810810810810811,0.06486486486486487,0.32432432432432434,0.9357976653696498
14,56,4896,0.7944752617398358,0.08071748878923767,0.04864864864864865,0.23684210526315788,0.9335278858625162
14,56,4946,0.7948463123351016,0.08181818181818182,0.04864864864864865,0.2571428571428571,0.9345006485084306
14,56,4996,0.7995618246739323,0.0821917808219178,0.04864864864864865,0.2647058823529412,0.9348249027237354
14,56,5046,0.8083271957711421,0.10714285714285714,0.06486486486486487,0.3076923076923077,0.9351491569390402
14,56,5096,0.7967127527665644,0.06635071090047394,0.03783783783783784,0.2692307692307692,0.9361219195849546
14,56,5146,0.8025209065567809,0.0821917808219178,0.04864864864864865,0.2647058823529412,0.9348249027237354
14,56,5196,0.798090674323858,0.08108108108108109,0.04864864864864865,0.24324324324324326,0.933852140077821
14,56,5246,0.7987992131489889,0.07174887892376682,0.043243243243243246,0.21052631578947367,0.9328793774319066
14,56,5296,0.8001044162479141,0.09691629955947137,0.05945945945945946,0.2619047619047619,0.9335278858625162
14,56,5346,0.7980440599274681,0.091324200913242,0.05405405405405406,0.29411764705882354,0.935473411154345
14,56,5396,0.7987320884181872,0.1111111111111111,0.06486486486486487,0.3870967741935484,0.9377431906614786
14,56,5446,0.7976413115426568,0.07547169811320754,0.043243243243243246,0.2962962962962963,0.9364461738002594
14,56,5496,0.801860846703896,0.0861244019138756,0.04864864864864865,0.375,0.9380674448767834
14,56,5546,0.7994667313052963,0.09174311926605505,0.05405405405405406,0.30303030303030304,0.9357976653696498
14,56,5596,0.7981559344788045,0.10232558139534884,0.05945945945945946,0.36666666666666664,0.9374189364461738
14,56,5646,0.800484789722458,0.08294930875576037,0.04864864864864865,0.28125,0.935473411154345
14,56,5696,0.7991758574718215,0.09345794392523364,0.05405405405405406,0.3448275862068966,0.937094682230869
14,56,5746,0.799287732023158,0.08450704225352113,0.04864864864864865,0.32142857142857145,0.9367704280155642
14,56,5796,0.8032350391094787,0.08372093023255814,0.04864864864864865,0.3,0.9361219195849546
14,56,5846,0.8000335623654009,0.08372093023255814,0.04864864864864865,0.3,0.9361219195849546
14,56,5896,0.801191463971733,0.0761904761904762,0.043243243243243246,0.32,0.937094682230869
14,56,5946,0.7940035240483672,0.08571428571428572,0.04864864864864865,0.36,0.9377431906614786
14,56,5996,0.7991963678062333,0.08490566037735849,0.04864864864864865,0.3333333333333333,0.937094682230869
14,56,6046,0.8088119854935999,0.08450704225352113,0.04864864864864865,0.32142857142857145,0.9367704280155642
14,56,6096,0.8038130576247169,0.06698564593301436,0.03783783783783784,0.2916666666666667,0.9367704280155642
14,56,6146,0.8044209093536449,0.08530805687203792,0.04864864864864865,0.34615384615384615,0.9374189364461738
14,56,6196,0.8102495734782731,0.06666666666666667,0.03783783783783784,0.28,0.9364461738002594
14,56,6246,0.7997874383524607,0.07511737089201878,0.043243243243243246,0.2857142857142857,0.9361219195849546
14,56,6296,0.8106113011942608,0.0660377358490566,0.03783783783783784,0.25925925925925924,0.9357976653696498
14,56,6346,0.8057093312698694,0.07547169811320754,0.043243243243243246,0.2962962962962963,0.9364461738002594
14,56,6396,0.8055788109599769,0.10377358490566038,0.05945945945945946,0.4074074074074074,0.9383916990920882
14,56,6446,0.8114615477844177,0.06763285024154589,0.03783783783783784,0.3181818181818182,0.9374189364461738
14,56,6496,0.80965663835619,0.08571428571428572,0.04864864864864865,0.36,0.9377431906614786
14,56,6546,0.8112172883473332,0.07729468599033816,0.043243243243243246,0.36363636363636365,0.9380674448767834
14,56,6596,0.8088697873451237,0.09302325581395349,0.05405405405405406,0.3333333333333333,0.9367704280155642
14,56,6646,0.8113589961123593,0.07511737089201878,0.043243243243243246,0.2857142857142857,0.9361219195849546
14,56,6696,0.8106616447423622,0.07881773399014778,0.043243243243243246,0.4444444444444444,0.9393644617380026
14,56,6746,0.8067423062938759,0.06862745098039216,0.03783783783783784,0.3684210526315789,0.9383916990920882
14,56,6796,0.8026551560183848,0.09523809523809523,0.05405405405405406,0.4,0.9383916990920882
14,56,6846,0.8030112900068057,0.08490566037735849,0.04864864864864865,0.3333333333333333,0.937094682230869
14,56,6896,0.8047173769146864,0.0673076923076923,0.03783783783783784,0.30434782608695654,0.937094682230869
14,56,6946,0.8090860781443742,0.06796116504854369,0.03783783783783784,0.3333333333333333,0.9377431906614786
14,56,6996,0.8074918657878298,0.08372093023255814,0.04864864864864865,0.3,0.9361219195849546
14,56,7046,0.8061195379581031,0.08530805687203792,0.04864864864864865,0.34615384615384615,0.9374189364461738
14,56,7096,0.8101097302891025,0.0947867298578199,0.05405405405405406,0.38461538461538464,0.9380674448767834
14,56,7146,0.8115715577598986,0.09389671361502347,0.05405405405405406,0.35714285714285715,0.9374189364461738
14,56,7196,0.8115062976049523,0.07547169811320754,0.043243243243243246,0.2962962962962963,0.9364461738002594
14,56,7246,0.8141577244716257,0.09389671361502347,0.05405405405405406,0.35714285714285715,0.9374189364461738
14,56,7296,0.8121570345785591,0.10138248847926268,0.05945945945945946,0.34375,0.9367704280155642
14,56,7346,0.8050996149650859,0.12093023255813953,0.07027027027027027,0.43333333333333335,0.938715953307393
14,56,7396,0.8075832300047547,0.0761904761904762,0.043243243243243246,0.32,0.937094682230869
14,56,7446,0.8145604728564371,0.09433962264150944,0.05405405405405406,0.37037037037037035,0.9377431906614786
14,56,7496,0.8129588021964703,0.08490566037735849,0.04864864864864865,0.3333333333333333,0.937094682230869
14,56,7546,0.8093955977364049,0.10426540284360189,0.05945945945945946,0.4230769230769231,0.938715953307393
14,56,7596,0.8123509504675424,0.11059907834101383,0.06486486486486487,0.375,0.9374189364461738
14,56,7646,0.8130893225063628,0.1461187214611872,0.08648648648648649,0.47058823529411764,0.9393644617380026
14,56,7696,0.8156083644872884,0.09569377990430622,0.05405405405405406,0.4166666666666667,0.938715953307393
14,56,7746,0.8115305370910751,0.08490566037735849,0.04864864864864865,0.3333333333333333,0.937094682230869
14,56,7796,0.8154871670566739,0.10328638497652583,0.05945945945945946,0.39285714285714285,0.9380674448767834
14,56,7846,0.812690303273263,0.09302325581395349,0.05405405405405406,0.3333333333333333,0.9367704280155642
14,56,7896,0.811825140076261,0.08490566037735849,0.04864864864864865,0.3333333333333333,0.937094682230869
14,56,7946,0.8141521307440591,0.09389671361502347,0.05405405405405406,0.35714285714285715,0.9374189364461738
14,56,7996,0.8174971798290184,0.11059907834101383,0.06486486486486487,0.375,0.9374189364461738
15,57,246,0.6634123602733468,0.12857142857142856,0.0972972972972973,0.18947368421052632,0.920881971465629
15,57,296,0.687409451535012,0.13768115942028986,0.10270270270270271,0.2087912087912088,0.9228274967574579
15,57,346,0.6756682173722532,0.12295081967213115,0.08108108108108109,0.2542372881355932,0.930609597924773
15,57,396,0.6819052236092595,0.09777777777777778,0.05945945945945946,0.275,0.9341763942931258
15,57,446,0.6434446174356487,0.07142857142857142,0.043243243243243246,0.20512820512820512,0.9325551232166018
15,57,496,0.6456280357625649,0.05714285714285714,0.032432432432432434,0.24,0.9357976653696498
15,57,546,0.6799287732023158,0.07860262008733625,0.04864864864864865,0.20454545454545456,0.9315823605706874
15,57,596,0.6782823527218147,0.0782608695652174,0.04864864864864865,0.2,0.9312581063553826
15,57,646,0.7012800313248744,0.0759493670886076,0.04864864864864865,0.17307692307692307,0.9289883268482491
15,57,696,0.6920895369325863,0.05263157894736842,0.032432432432432434,0.13953488372093023,0.9299610894941635
15,57,746,0.7297614275192751,0.05194805194805195,0.032432432432432434,0.13043478260869565,0.9289883268482491
15,57,796,0.7036517718132068,0.06751054852320675,0.043243243243243246,0.15384615384615385,0.9283398184176395
15,57,846,0.7257954746743984,0.07758620689655173,0.04864864864864865,0.19148936170212766,0.930609597924773
15,57,896,0.7330822371181116,0.06060606060606061,0.03783783783783784,0.15217391304347827,0.9296368352788587
15,57,946,0.7263045038829792,0.07964601769911504,0.04864864864864865,0.21951219512195122,0.9325551232166018
15,57,996,0.7242553350176668,0.10300429184549356,0.06486486486486487,0.25,0.932230869001297
15,57,1046,0.7345794915301642,0.0881057268722467,0.05405405405405406,0.23809523809523808,0.9328793774319066
15,57,1096,0.719621864016483,0.07929515418502203,0.04864864864864865,0.21428571428571427,0.932230869001297
15,57,1146,0.725640714878383,0.07792207792207792,0.04864864864864865,0.1956521739130435,0.9309338521400778
15,57,1196,0.734471346130539,0.0881057268722467,0.05405405405405406,0.23809523809523808,0.9328793774319066
15,57,1246,0.7152997771831853,0.08368200836820083,0.05405405405405406,0.18518518518518517,0.9289883268482491
15,57,1296,0.7146863317266905,0.0782608695652174,0.04864864864864865,0.2,0.9312581063553826
15,57,1346,0.7125719027064319,0.06086956521739131,0.03783783783783784,0.15555555555555556,0.9299610894941635
15,57,1396,0.7396063880368813,0.06986899563318777,0.043243243243243246,0.18181818181818182,0.9309338521400778
15,57,1446,0.7462834341758109,0.0653061224489796,0.043243243243243246,0.13333333333333333,0.9257457846952011
15,57,1496,0.7359704651184471,0.075,0.04864864864864865,0.16363636363636364,0.9280155642023347
15,57,1546,0.7328939149566953,0.088,0.05945945945945946,0.16923076923076924,0.9260700389105059
15,57,1596,0.7378350409740543,0.06866952789699571,0.043243243243243246,0.16666666666666666,0.9296368352788587
15,57,1646,0.7322282613762433,0.0759493670886076,0.04864864864864865,0.17307692307692307,0.9289883268482491
15,57,1696,0.7377399476054185,0.0823045267489712,0.05405405405405406,0.1724137931034483,0.9276913099870299
15,57,1746,0.7331456326972022,0.0823045267489712,0.05405405405405406,0.1724137931034483,0.9276913099870299
15,57,1796,0.7371581999384692,0.058577405857740586,0.03783783783783784,0.12962962962962962,0.9270428015564203
15,57,1846,0.7287825251950812,0.07758620689655173,0.04864864864864865,0.19148936170212766,0.930609597924773
15,57,1896,0.7301772279350753,0.06808510638297872,0.043243243243243246,0.16,0.9289883268482491
15,57,1946,0.7250701546665673,0.07079646017699115,0.043243243243243246,0.1951219512195122,0.9319066147859922
15,57,1996,0.7441149324557397,0.0611353711790393,0.03783783783783784,0.1590909090909091,0.9302853437094682
15,57,2046,0.7485843207816303,0.11016949152542373,0.07027027027027027,0.2549019607843137,0.9319066147859922
15,57,2096,0.7540773612522491,0.09361702127659574,0.05945945945945946,0.22,0.9309338521400778
15,57,2146,0.7455245518025787,0.08438818565400844,0.05405405405405406,0.19230769230769232,0.9296368352788587
15,57,2196,0.7532942393928941,0.0611353711790393,0.03783783783783784,0.1590909090909091,0.9302853437094682
15,57,2246,0.7616587266811481,0.08620689655172414,0.05405405405405406,0.2127659574468085,0.9312581063553826
15,57,2296,0.768904468456038,0.09090909090909091,0.05405405405405406,0.2857142857142857,0.9351491569390402
15,57,2346,0.767105152755377,0.10526315789473684,0.06486486486486487,0.27906976744186046,0.933852140077821
15,57,2396,0.7576256491054698,0.09090909090909091,0.05405405405405406,0.2857142857142857,0.9351491569390402
15,57,2446,0.7619794337283127,0.08071748878923767,0.04864864864864865,0.23684210526315788,0.9335278858625162
15,57,2496,0.7691822902585235,0.07079646017699115,0.043243243243243246,0.1951219512195122,0.9319066147859922
15,57,2546,0.7690517699486309,0.09865470852017937,0.05945945945945946,0.2894736842105263,0.9348249027237354
15,57,2596,0.7704296915059248,0.0881057268722467,0.05405405405405406,0.23809523809523808,0.9328793774319066
15,57,2646,0.7654643260024426,0.05454545454545454,0.032432432432432434,0.17142857142857143,0.9325551232166018
15,57,2696,0.7705322431779831,0.07547169811320754,0.043243243243243246,0.2962962962962963,0.9364461738002594
15,57,2746,0.7651809104723902,0.06572769953051644,0.03783783783783784,0.25,0.935473411154345
15,57,2796,0.7655183987022552,0.06363636363636363,0.03783783783783784,0.2,0.9332036316472114
15,57,2846,0.7679796388316568,0.037383177570093455,0.021621621621621623,0.13793103448275862,0.9332036316472114
15,57,2896,0.765229389444636,0.06481481481481481,0.03783783783783784,0.22580645161290322,0.9345006485084306
15,57,2946,0.7666390087914752,0.03827751196172249,0.021621621621621623,0.16666666666666666,0.9348249027237354
15,57,2996,0.7717908318805179,0.046296296296296294,0.02702702702702703,0.16129032258064516,0.9332036316472114
15,57,3046,0.7711661989688896,0.057692307692307696,0.032432432432432434,0.2608695652173913,0.9364461738002594
15,57,3096,0.7663947493543906,0.04608294930875576,0.02702702702702703,0.15625,0.9328793774319066
15,57,3146,0.755962447442268,0.06363636363636363,0.03783783783783784,0.2,0.9332036316472114
15,57,3196,0.760786105180724,0.055299539170506916,0.032432432432432434,0.1875,0.9335278858625162
15,57,3246,0.763478552716221,0.05194805194805195,0.032432432432432434,0.13043478260869565,0.9289883268482491
15,57,3296,0.7683786580647569,0.05429864253393665,0.032432432432432434,0.16666666666666666,0.932230869001297
15,57,3346,0.7691916131378014,0.08695652173913043,0.05405405405405406,0.2222222222222222,0.9319066147859922
15,57,3396,0.7768084055079572,0.05286343612334802,0.032432432432432434,0.14285714285714285,0.9302853437094682
15,57,3446,0.7651641292896899,0.059574468085106386,0.03783783783783784,0.14,0.9283398184176395
15,57,3496,0.7639465612559784,0.06866952789699571,0.043243243243243246,0.16666666666666666,0.9296368352788587
15,57,3546,0.7706161490914852,0.05333333333333334,0.032432432432432434,0.15,0.9309338521400778
15,57,3596,0.7644015177647465,0.06222222222222222,0.03783783783783784,0.175,0.9315823605706874
15,57,3646,0.770181702917129,0.09606986899563319,0.05945945945945946,0.25,0.9328793774319066
15,57,3696,0.7707858254943456,0.07017543859649122,0.043243243243243246,0.18604651162790697,0.9312581063553826
15,57,3746,0.7692065297446463,0.10714285714285714,0.06486486486486487,0.3076923076923077,0.9351491569390402
15,57,3796,0.7597922862496853,0.08658008658008658,0.05405405405405406,0.21739130434782608,0.9315823605706874
15,57,3846,0.7742856343753205,0.08181818181818182,0.04864864864864865,0.2571428571428571,0.9345006485084306
15,57,3896,0.7758406906388969,0.07929515418502203,0.04864864864864865,0.21428571428571427,0.932230869001297
15,57,3946,0.7793759264611283,0.09649122807017543,0.05945945945945946,0.2558139534883721,0.9332036316472114
15,57,3996,0.7788687618284029,0.08849557522123894,0.05405405405405406,0.24390243902439024,0.9332036316472114
15,57,4046,0.7830379534415409,0.07174887892376682,0.043243243243243246,0.21052631578947367,0.9328793774319066
15,57,4096,0.7829633704073167,0.08181818181818182,0.04864864864864865,0.2571428571428571,0.9345006485084306
15,57,4146,0.7722532466927087,0.09259259259259259,0.05405405405405406,0.3225806451612903,0.9364461738002594
15,57,4196,0.7805748487362838,0.11659192825112108,0.07027027027027027,0.34210526315789475,0.9361219195849546
15,57,4246,0.7852101843133233,0.09049773755656108,0.05405405405405406,0.2777777777777778,0.9348249027237354
15,57,4296,0.7849342270866935,0.1004566210045662,0.05945945945945946,0.3235294117647059,0.9361219195849546
15,57,4346,0.7839683767934889,0.091324200913242,0.05405405405405406,0.29411764705882354,0.935473411154345
15,57,4396,0.7796276442016352,0.08294930875576037,0.04864864864864865,0.28125,0.935473411154345
15,57,4446,0.7803380476026216,0.0730593607305936,0.043243243243243246,0.23529411764705882,0.9341763942931258
15,57,4496,0.78404855355528,0.07142857142857142,0.043243243243243246,0.20512820512820512,0.9325551232166018
15,57,4546,0.7847720089872557,0.07174887892376682,0.043243243243243246,0.21052631578947367,0.9328793774319066
15,57,4596,0.7822604253097527,0.07207207207207207,0.043243243243243246,0.21621621621621623,0.9332036316472114
15,57,4646,0.787097135079198,0.07272727272727272,0.043243243243243246,0.22857142857142856,0.933852140077821
15,57,4696,0.7870188228932624,0.08928571428571429,0.05405405405405406,0.2564102564102564,0.933852140077821
15,57,4746,0.7813113561992486,0.0639269406392694,0.03783783783783784,0.20588235294117646,0.9335278858625162
15,57,4796,0.7873022384233147,0.08256880733944955,0.04864864864864865,0.2727272727272727,0.9351491569390402
15,57,4846,0.7825363825363826,0.06306306306306306,0.03783783783783784,0.1891891891891892,0.9325551232166018
15,57,4896,0.7829335371936269,0.10762331838565023,0.06486486486486487,0.3157894736842105,0.935473411154345
15,57,4946,0.7831572862962999,0.07373271889400922,0.043243243243243246,0.25,0.9348249027237354
15,57,4996,0.7852101843133233,0.07407407407407407,0.043243243243243246,0.25806451612903225,0.9351491569390402
15,57,5046,0.7893308969542154,0.09174311926605505,0.05405405405405406,0.30303030303030304,0.9357976653696498
15,57,5096,0.786161117999683,0.08333333333333333,0.04864864864864865,0.2903225806451613,0.9357976653696498
15,57,5146,0.777563558729478,0.07476635514018691,0.043243243243243246,0.27586206896551724,0.9357976653696498
15,57,5196,0.7815891780017341,0.07511737089201878,0.043243243243243246,0.2857142857142857,0.9361219195849546
15,57,5246,0.7881897765305839,0.0821917808219178,0.04864864864864865,0.2647058823529412,0.9348249027237354
15,57,5296,0.7843207816301988,0.07407407407407407,0.043243243243243246,0.25806451612903225,0.9351491569390402
15,57,5346,0.7843301045094768,0.08333333333333333,0.04864864864864865,0.2903225806451613,0.9357976653696498
15,57,5396,0.7854190168091513,0.07441860465116279,0.043243243243243246,0.26666666666666666,0.935473411154345
15,57,5446,0.7858310880732404,0.05555555555555555,0.032432432432432434,0.1935483870967742,0.933852140077821
15,57,5496,0.7828757353421032,0.08888888888888889,0.05405405405405406,0.25,0.9335278858625162
15,57,5546,0.7747555074909336,0.09009009009009009,0.05405405405405406,0.2702702702702703,0.9345006485084306
15,57,5596,0.7829484538004717,0.07373271889400922,0.043243243243243246,0.25,0.9348249027237354
15,57,5646,0.7884079319056897,0.07373271889400922,0.043243243243243246,0.25,0.9348249027237354
15,57,5696,0.7913371805748486,0.09174311926605505,0.05405405405405406,0.30303030303030304,0.9357976653696498
15,57,5746,0.785325788016371,0.07476635514018691,0.043243243243243246,0.27586206896551724,0.9357976653696498
15,57,5796,0.7877982156009062,0.091324200913242,0.05405405405405406,0.29411764705882354,0.935473411154345
15,57,5846,0.7895751563912998,0.10138248847926268,0.05945945945945946,0.34375,0.9367704280155642
15,57,5896,0.7957748711111939,0.09433962264150944,0.05405405405405406,0.37037037037037035,0.9377431906614786
15,57,5946,0.7933210892852149,0.10328638497652583,0.05945945945945946,0.39285714285714285,0.9380674448767834
15,57,5996,0.785068476548297,0.07692307692307693,0.043243243243243246,0.34782608695652173,0.9377431906614786
15,57,6046,0.789603125029134,0.09302325581395349,0.05405405405405406,0.3333333333333333,0.9367704280155642
15,57,6096,0.7875726019223777,0.07582938388625593,0.043243243243243246,0.3076923076923077,0.9367704280155642
15,57,6146,0.7894427715055518,0.08256880733944955,0.04864864864864865,0.2727272727272727,0.9351491569390402
15,57,6196,0.7874551336434744,0.06635071090047394,0.03783783783783784,0.2692307692307692,0.9361219195849546
15,57,6246,0.789959259017555,0.07407407407407407,0.043243243243243246,0.25806451612903225,0.9351491569390402
15,57,6296,0.783778190056217,0.08653846153846154,0.04864864864864865,0.391304347826087,0.9383916990920882
15,57,6346,0.7882046931374286,0.08450704225352113,0.04864864864864865,0.32142857142857145,0.9367704280155642
15,57,6396,0.7883333488714654,0.06481481481481481,0.03783783783783784,0.22580645161290322,0.9345006485084306
15,57,6446,0.7891313873376654,0.08294930875576037,0.04864864864864865,0.28125,0.935473411154345
15,57,6496,0.7886037123705285,0.0821917808219178,0.04864864864864865,0.2647058823529412,0.9348249027237354
15,57,6546,0.7932259959165789,0.07692307692307693,0.043243243243243246,0.34782608695652173,0.9377431906614786
15,57,6596,0.7893178449232261,0.09569377990430622,0.05405405405405406,0.4166666666666667,0.938715953307393
15,57,6646,0.7888703467178804,0.07582938388625593,0.043243243243243246,0.3076923076923077,0.9367704280155642
15,57,6696,0.7834593475849081,0.0673076923076923,0.03783783783783784,0.30434782608695654,0.937094682230869
15,57,6746,0.7871940930236895,0.10377358490566038,0.05945945945945946,0.4074074074074074,0.9383916990920882
15,57,6796,0.7978259045523619,0.10526315789473684,0.05945945945945946,0.4583333333333333,0.9393644617380026
15,57,6846,0.7959930264863,0.08571428571428572,0.04864864864864865,0.36,0.9377431906614786
15,57,6896,0.7913707429402497,0.0761904761904762,0.043243243243243246,0.32,0.937094682230869
15,57,6946,0.793794691552539,0.09569377990430622,0.05405405405405406,0.4166666666666667,0.938715953307393
15,57,6996,0.7942627000922964,0.0673076923076923,0.03783783783783784,0.30434782608695654,0.937094682230869
15,57,7046,0.7985773286221717,0.08653846153846154,0.04864864864864865,0.391304347826087,0.9383916990920882
15,57,7096,0.7895919375740004,0.06796116504854369,0.03783783783783784,0.3333333333333333,0.9377431906614786
15,57,7146,0.7945200115603703,0.09523809523809523,0.05405405405405406,0.4,0.9383916990920882
15,57,7196,0.7936660358185021,0.0761904761904762,0.043243243243243246,0.32,0.937094682230869
15,57,7246,0.791896553331531,0.0673076923076923,0.03783783783783784,0.30434782608695654,0.937094682230869
15,57,7296,0.7976040200255446,0.06666666666666667,0.03783783783783784,0.28,0.9364461738002594
15,57,7346,0.7937611291871383,0.058823529411764705,0.032432432432432434,0.3157894736842105,0.9377431906614786
15,57,7396,0.7890362939690293,0.058823529411764705,0.032432432432432434,0.3157894736842105,0.9377431906614786
15,57,7446,0.7884937023950478,0.06763285024154589,0.03783783783783784,0.3181818181818182,0.9374189364461738
15,57,7496,0.7928847785350027,0.057971014492753624,0.032432432432432434,0.2727272727272727,0.9367704280155642
15,57,7546,0.794706469145931,0.07692307692307693,0.043243243243243246,0.34782608695652173,0.9377431906614786
15,57,7596,0.7905242255018039,0.06666666666666667,0.03783783783783784,0.28,0.9364461738002594
15,57,7646,0.7952005817476671,0.06796116504854369,0.03783783783783784,0.3333333333333333,0.9377431906614786
15,57,7696,0.7912290351752236,0.059113300492610835,0.032432432432432434,0.3333333333333333,0.9380674448767834
15,57,7746,0.7915777108602221,0.06862745098039216,0.03783783783783784,0.3684210526315789,0.9383916990920882
15,57,7796,0.7975294369913203,0.06796116504854369,0.03783783783783784,0.3333333333333333,0.9377431906614786
15,57,7846,0.7987992131489889,0.07729468599033816,0.043243243243243246,0.36363636363636365,0.9380674448767834
15,57,7896,0.7991572117132656,0.09569377990430622,0.05405405405405406,0.4166666666666667,0.938715953307393
15,57,7946,0.8016893057251802,0.06896551724137931,0.03783783783783784,0.3888888888888889,0.938715953307393
15,57,7996,0.7921221670100593,0.06796116504854369,0.03783783783783784,0.3333333333333333,0.9377431906614786
16,58,246,0.6780688587863476,0.0749063670411985,0.05405405405405406,0.12195121951219512,0.9199092088197146
16,58,296,0.6805776456000672,0.08695652173913043,0.05945945945945946,0.16176470588235295,0.9250972762645915
16,58,346,0.6957683450956993,0.05761316872427984,0.03783783783783784,0.1206896551724138,0.9257457846952011
16,58,396,0.6811556641153055,0.043668122270742356,0.02702702702702703,0.11363636363636363,0.9289883268482491
16,58,446,0.7039314581915479,0.06694560669456066,0.043243243243243246,0.14814814814814814,0.9276913099870299
16,58,496,0.7121523731389202,0.0859375,0.05945945945945946,0.15492957746478872,0.9241245136186771
16,58,546,0.709433821541445,0.05737704918032787,0.03783783783783784,0.11864406779661017,0.9254215304798963
16,58,596,0.703978072587938,0.08163265306122448,0.05405405405405406,0.16666666666666666,0.9270428015564203
16,58,646,0.7134818157239682,0.05084745762711865,0.032432432432432434,0.11764705882352941,0.9273670557717251
16,58,696,0.7178542461053673,0.07531380753138076,0.04864864864864865,0.16666666666666666,0.9283398184176395
16,58,746,0.7226406123267111,0.10236220472440945,0.07027027027027027,0.18840579710144928,0.9260700389105059
16,58,796,0.7341096184145511,0.11904761904761904,0.08108108108108109,0.22388059701492538,0.9280155642023347
16,58,846,0.7429514371218408,0.08906882591093117,0.05945945945945946,0.1774193548387097,0.9270428015564203
16,58,896,0.7416592860539047,0.11382113821138211,0.07567567567567568,0.22950819672131148,0.9293125810635539
16,58,946,0.7548418373530482,0.11814345991561181,0.07567567567567568,0.2692307692307692,0.932230869001297
16,58,996,0.7604877730438268,0.08928571428571429,0.05405405405405406,0.2564102564102564,0.933852140077821
16,58,1046,0.7709927934143181,0.10699588477366255,0.07027027027027027,0.22413793103448276,0.9296368352788587
16,58,1096,0.7794728844056199,0.10833333333333334,0.07027027027027027,0.23636363636363636,0.930609597924773
16,58,1146,0.7714104584059741,0.05286343612334802,0.032432432432432434,0.14285714285714285,0.9302853437094682
16,58,1196,0.773338429840672,0.06779661016949153,0.043243243243243246,0.1568627450980392,0.9286640726329443
16,58,1246,0.8049541780483486,0.11570247933884298,0.07567567567567568,0.24561403508771928,0.930609597924773
16,58,1296,0.7799949656451899,0.0912863070539419,0.05945945945945946,0.19642857142857142,0.9289883268482491
16,58,1346,0.7899368841072878,0.13934426229508196,0.0918918918918919,0.288135593220339,0.9319066147859922
16,58,1396,0.7852959548026813,0.08438818565400844,0.05405405405405406,0.19230769230769232,0.9296368352788587
16,58,1446,0.7940855653860137,0.10612244897959183,0.07027027027027027,0.21666666666666667,0.9289883268482491
16,58,1496,0.7906416937807073,0.10126582278481013,0.06486486486486487,0.23076923076923078,0.9309338521400778
16,58,1546,0.7699840578764346,0.07692307692307693,0.04864864864864865,0.1836734693877551,0.9299610894941635
16,58,1596,0.7868845734316587,0.0782608695652174,0.04864864864864865,0.2,0.9312581063553826
16,58,1646,0.7869554273141717,0.08368200836820083,0.05405405405405406,0.18518518518518517,0.9289883268482491
16,58,1696,0.7827750482459003,0.08438818565400844,0.05405405405405406,0.19230769230769232,0.9296368352788587
16,58,1746,0.7926479774013406,0.08438818565400844,0.05405405405405406,0.19230769230769232,0.9296368352788587
16,58,1796,0.785985847869256,0.0995850622406639,0.06486486486486487,0.21428571428571427,0.9296368352788587
16,58,1846,0.7938394413730736,0.09166666666666666,0.05945945945945946,0.2,0.9293125810635539
16,58,1896,0.791132077230732,0.12955465587044535,0.08648648648648649,0.25806451612903225,0.9302853437094682
16,58,1946,0.7828981102523704,0.09649122807017543,0.05945945945945946,0.2558139534883721,0.9332036316472114
16,58,1996,0.798851421272946,0.0847457627118644,0.05405405405405406,0.19607843137254902,0.9299610894941635
16,58,2046,0.7968153044386228,0.12903225806451613,0.08648648648648649,0.25396825396825395,0.9299610894941635
16,58,2096,0.795713340107959,0.1092436974789916,0.07027027027027027,0.24528301886792453,0.9312581063553826
16,58,2146,0.7845146975191818,0.0851063829787234,0.05405405405405406,0.2,0.9302853437094682
16,58,2196,0.788795763683656,0.0963855421686747,0.06486486486486487,0.1875,0.9270428015564203
16,58,2246,0.7986425887771179,0.08163265306122448,0.05405405405405406,0.16666666666666666,0.9270428015564203
16,58,2296,0.7861238264825708,0.140625,0.0972972972972973,0.2535211267605634,0.9286640726329443
16,58,2346,0.7970576992998518,0.10569105691056911,0.07027027027027027,0.21311475409836064,0.9286640726329443
16,58,2396,0.7961645674650158,0.11382113821138211,0.07567567567567568,0.22950819672131148,0.9293125810635539
16,58,2446,0.7944995012259587,0.09716599190283401,0.06486486486486487,0.1935483870967742,0.9276913099870299
16,58,2496,0.7896758434875026,0.10084033613445378,0.06486486486486487,0.22641509433962265,0.930609597924773
16,58,2546,0.7924689781192024,0.11336032388663968,0.07567567567567568,0.22580645161290322,0.9289883268482491
16,58,2596,0.7934758490812303,0.12345679012345678,0.08108108108108109,0.25862068965517243,0.9309338521400778
16,58,2646,0.8014301296812508,0.1306122448979592,0.08648648648648649,0.26666666666666666,0.9309338521400778
16,58,2696,0.7952714356301801,0.10569105691056911,0.07027027027027027,0.21311475409836064,0.9286640726329443
16,58,2746,0.7983666315504881,0.10212765957446808,0.06486486486486487,0.24,0.9315823605706874
16,58,2796,0.802806186662689,0.09401709401709402,0.05945945945945946,0.22448979591836735,0.9312581063553826
16,58,2846,0.7922862496853529,0.0944206008583691,0.05945945945945946,0.22916666666666666,0.9315823605706874
16,58,2896,0.7923552389920103,0.13709677419354838,0.0918918918918919,0.2698412698412698,0.930609597924773
16,58,2946,0.7987861611179997,0.10300429184549356,0.06486486486486487,0.25,0.932230869001297
16,58,2996,0.7936697649702134,0.12931034482758622,0.08108108108108109,0.3191489361702128,0.9345006485084306
16,58,3046,0.7966456280357626,0.12396694214876033,0.08108108108108109,0.2631578947368421,0.9312581063553826
16,58,3096,0.7939680971071105,0.13765182186234817,0.0918918918918919,0.27419354838709675,0.9309338521400778
16,58,3146,0.7937965561283947,0.1214574898785425,0.08108108108108109,0.24193548387096775,0.9296368352788587
16,58,3196,0.8033357262056814,0.13445378151260504,0.08648648648648649,0.3018867924528302,0.9332036316472114
16,58,3246,0.7956648611357132,0.13991769547325103,0.0918918918918919,0.29310344827586204,0.932230869001297
16,58,3296,0.8007066742492751,0.10699588477366255,0.07027027027027027,0.22413793103448276,0.9296368352788587
16,58,3346,0.7995636892497879,0.10256410256410256,0.06486486486486487,0.24489795918367346,0.9319066147859922
16,58,3396,0.7989502437932932,0.10084033613445378,0.06486486486486487,0.22641509433962265,0.930609597924773
16,58,3446,0.7959203080279312,0.09166666666666666,0.05945945945945946,0.2,0.9293125810635539
16,58,3496,0.8033357262056813,0.10743801652892562,0.07027027027027027,0.22807017543859648,0.9299610894941635
16,58,3546,0.7956760485908467,0.12121212121212122,0.07567567567567568,0.30434782608695654,0.9341763942931258
16,58,3596,0.8092184630301222,0.11914893617021277,0.07567567567567568,0.28,0.9328793774319066
16,58,3646,0.7990770349514744,0.10526315789473684,0.07027027027027027,0.20967741935483872,0.9283398184176395
16,58,3696,0.8026309165322618,0.10655737704918032,0.07027027027027027,0.22033898305084745,0.9293125810635539
16,58,3746,0.8050884275099521,0.11666666666666667,0.07567567567567568,0.2545454545454545,0.9312581063553826
16,58,3796,0.8112377986817447,0.11814345991561181,0.07567567567567568,0.2692307692307692,0.932230869001297
16,58,3846,0.8057223833008585,0.13733905579399142,0.08648648648648649,0.3333333333333333,0.9348249027237354
16,58,3896,0.8046558459114512,0.11016949152542373,0.07027027027027027,0.2549019607843137,0.9319066147859922
16,58,3946,0.7978557377660516,0.10344827586206896,0.06486486486486487,0.2553191489361702,0.9325551232166018
16,58,3996,0.7999552501794656,0.10126582278481013,0.06486486486486487,0.23076923076923078,0.9309338521400778
16,58,4046,0.7947046045700755,0.11063829787234042,0.07027027027027027,0.26,0.932230869001297
16,58,4096,0.8012045160027225,0.11206896551724138,0.07027027027027027,0.2765957446808511,0.9332036316472114
16,58,4146,0.8051406356339093,0.07894736842105263,0.04864864864864865,0.20930232558139536,0.9319066147859922
16,58,4196,0.7994555438501627,0.0851063829787234,0.05405405405405406,0.2,0.9302853437094682
16,58,4246,0.8004568210846237,0.07894736842105263,0.04864864864864865,0.20930232558139536,0.9319066147859922
16,58,4296,0.80564966484249,0.10344827586206896,0.06486486486486487,0.2553191489361702,0.9325551232166018
16,58,4346,0.8089480995310594,0.10126582278481013,0.06486486486486487,0.23076923076923078,0.9309338521400778
16,58,4396,0.8117393695869033,0.0881057268722467,0.05405405405405406,0.23809523809523808,0.9328793774319066
16,58,4446,0.812490793656713,0.11016949152542373,0.07027027027027027,0.2549019607843137,0.9319066147859922
16,58,4496,0.8053737076158601,0.1222707423580786,0.07567567567567568,0.3181818181818182,0.9348249027237354
16,58,4546,0.8176780436870124,0.11764705882352941,0.07027027027027027,0.3611111111111111,0.9367704280155642
16,58,4596,0.8129737188033154,0.1206896551724138,0.07567567567567568,0.2978723404255319,0.933852140077821
16,58,4646,0.8110084558515053,0.14035087719298245,0.08648648648648649,0.37209302325581395,0.9364461738002594
16,58,4696,0.8093620353710039,0.14222222222222222,0.08648648648648649,0.4,0.9374189364461738
16,58,4746,0.8123155235262859,0.1085972850678733,0.06486486486486487,0.3333333333333333,0.9361219195849546
16,58,4796,0.8156027707597214,0.09302325581395349,0.05405405405405406,0.3333333333333333,0.9367704280155642
16,58,4846,0.8095466283807091,0.13043478260869565,0.08108108108108109,0.3333333333333333,0.9351491569390402
16,58,4896,0.8167457557592086,0.12556053811659193,0.07567567567567568,0.3684210526315789,0.9367704280155642
16,58,4946,0.8098375022141837,0.12173913043478261,0.07567567567567568,0.3111111111111111,0.9345006485084306
16,58,4996,0.8138593923347288,0.09821428571428571,0.05945945945945946,0.28205128205128205,0.9345006485084306
16,58,5046,0.817057139927095,0.12612612612612611,0.07567567567567568,0.3783783783783784,0.937094682230869
16,58,5096,0.8121197430614471,0.10480349344978165,0.06486486486486487,0.2727272727272727,0.9335278858625162
16,58,5146,0.8134566439499176,0.10526315789473684,0.06486486486486487,0.27906976744186046,0.933852140077821
16,58,5196,0.8152205327093219,0.07272727272727272,0.043243243243243246,0.22857142857142856,0.933852140077821
16,58,5246,0.8142490886885507,0.09649122807017543,0.05945945945945946,0.2558139534883721,0.9332036316472114
16,58,5296,0.8115473182737757,0.09821428571428571,0.05945945945945946,0.28205128205128205,0.9345006485084306
16,58,5346,0.8131116974166303,0.10762331838565023,0.06486486486486487,0.3157894736842105,0.935473411154345
16,58,5396,0.8147264201075861,0.12017167381974249,0.07567567567567568,0.2916666666666667,0.9335278858625162
16,58,5446,0.8101227823200917,0.09865470852017937,0.05945945945945946,0.2894736842105263,0.9348249027237354
16,58,5496,0.8166003188424713,0.11504424778761062,0.07027027027027027,0.3170731707317073,0.9351491569390402
16,58,5546,0.8147469304419978,0.1095890410958904,0.06486486486486487,0.35294117647058826,0.9367704280155642
16,58,5596,0.8173983573086713,0.09734513274336283,0.05945945945945946,0.2682926829268293,0.933852140077821
16,58,5646,0.817280889029768,0.0821917808219178,0.04864864864864865,0.2647058823529412,0.9348249027237354
16,58,5696,0.8212561647539226,0.1004566210045662,0.05945945945945946,0.3235294117647059,0.9361219195849546
16,58,5746,0.8160819667546125,0.11659192825112108,0.07027027027027027,0.34210526315789475,0.9361219195849546
16,58,5796,0.81935989110877,0.091324200913242,0.05405405405405406,0.29411764705882354,0.935473411154345
16,58,5846,0.8190074862720602,0.09821428571428571,0.05945945945945946,0.28205128205128205,0.9345006485084306
16,58,5896,0.8143106196917855,0.11353711790393013,0.07027027027027027,0.29545454545454547,0.9341763942931258
16,58,5946,0.8173797115501154,0.14349775784753363,0.08648648648648649,0.42105263157894735,0.9380674448767834
16,58,5996,0.8148774507518902,0.13636363636363635,0.08108108108108109,0.42857142857142855,0.9383916990920882
16,58,6046,0.8211256444440301,0.1095890410958904,0.06486486486486487,0.35294117647058826,0.9367704280155642
16,58,6096,0.8158768634104958,0.09259259259259259,0.05405405405405406,0.3225806451612903,0.9364461738002594
16,58,6146,0.8219143600309521,0.12727272727272726,0.07567567567567568,0.4,0.9377431906614786
16,58,6196,0.8207769687590316,0.09954751131221719,0.05945945945945946,0.3055555555555556,0.935473411154345
16,58,6246,0.8160390815099337,0.12727272727272726,0.07567567567567568,0.4,0.9377431906614786
16,58,6296,0.8143963901811437,0.11926605504587157,0.07027027027027027,0.3939393939393939,0.9377431906614786
16,58,6346,0.8134976646187408,0.11059907834101383,0.06486486486486487,0.375,0.9374189364461738
16,58,6396,0.8123229818297083,0.11504424778761062,0.07027027027027027,0.3170731707317073,0.9351491569390402
16,58,6446,0.8167960993073101,0.13392857142857142,0.08108108108108109,0.38461538461538464,0.937094682230869
16,58,6496,0.8096622320837569,0.13452914798206278,0.08108108108108109,0.39473684210526316,0.9374189364461738
16,58,6546,0.8129215106793583,0.11926605504587157,0.07027027027027027,0.3939393939393939,0.9377431906614786
16,58,6596,0.8118698898967958,0.125,0.07567567567567568,0.358974358974359,0.9364461738002594
16,58,6646,0.8090655678099625,0.08372093023255814,0.04864864864864865,0.3,0.9361219195849546
16,58,6696,0.8126325014217392,0.11926605504587157,0.07027027027027027,0.3939393939393939,0.9377431906614786
16,58,6746,0.8151291684923974,0.10619469026548672,0.06486486486486487,0.2926829268292683,0.9345006485084306
16,58,6796,0.8105423118876034,0.10572687224669604,0.06486486486486487,0.2857142857142857,0.9341763942931258
16,58,6846,0.811978035296421,0.07239819004524888,0.043243243243243246,0.2222222222222222,0.9335278858625162
16,58,6896,0.809552222108276,0.1145374449339207,0.07027027027027027,0.30952380952380953,0.9348249027237354
16,58,6946,0.8176817728387236,0.1111111111111111,0.06486486486486487,0.3870967741935484,0.9377431906614786
16,58,6996,0.8122092427025162,0.12669683257918551,0.07567567567567568,0.3888888888888889,0.9374189364461738
16,58,7046,0.815377157081193,0.11659192825112108,0.07027027027027027,0.34210526315789475,0.9361219195849546
16,58,7096,0.8121570345785591,0.1004566210045662,0.05945945945945946,0.3235294117647059,0.9361219195849546
16,58,7146,0.8143721506950208,0.09345794392523364,0.05405405405405406,0.3448275862068966,0.937094682230869
16,58,7196,0.8153622404743481,0.11162790697674418,0.06486486486486487,0.4,0.9380674448767834
16,58,7246,0.8174058156120936,0.09345794392523364,0.05405405405405406,0.3448275862068966,0.937094682230869
16,58,7296,0.8095130660153083,0.09954751131221719,0.05945945945945946,0.3055555555555556,0.935473411154345
16,58,7346,0.811351537808937,0.10185185185185185,0.05945945945945946,0.3548387096774194,0.937094682230869
16,58,7396,0.8216328090767553,0.1,0.05945945945945946,0.3142857142857143,0.9357976653696498
16,58,7446,0.8181385939233472,0.1187214611872146,0.07027027027027027,0.38235294117647056,0.9374189364461738
16,58,7496,0.8097386796938367,0.09216589861751152,0.05405405405405406,0.3125,0.9361219195849546
16,58,7546,0.8173983573086713,0.102803738317757,0.05945945945945946,0.3793103448275862,0.9377431906614786
16,58,7596,0.8141726410784705,0.08530805687203792,0.04864864864864865,0.34615384615384615,0.9374189364461738
16,58,7646,0.8122838257367405,0.0947867298578199,0.05405405405405406,0.38461538461538464,0.9380674448767834
16,58,7696,0.8126735220905625,0.08653846153846154,0.04864864864864865,0.391304347826087,0.9383916990920882
16,58,7746,0.8171652853267204,0.08372093023255814,0.04864864864864865,0.3,0.9361219195849546
16,58,7796,0.8143926610294324,0.10091743119266056,0.05945945945945946,0.3333333333333333,0.9364461738002594
16,58,7846,0.8060747881375683,0.09389671361502347,0.05405405405405406,0.35714285714285715,0.9374189364461738
16,58,7896,0.8055471131704316,0.10185185185185185,0.05945945945945946,0.3548387096774194,0.937094682230869
16,58,7946,0.8103316148159199,0.08571428571428572,0.04864864864864865,0.36,0.9377431906614786
16,58,7996,0.8124628250188789,0.09433962264150944,0.05405405405405406,0.37037037037037035,0.9377431906614786
17,59,246,0.6460811276954774,0.07171314741035857,0.04864864864864865,0.13636363636363635,0.9244487678339819
17,59,296,0.6796733263100977,0.06923076923076923,0.04864864864864865,0.12,0.9215304798962386
17,59,346,0.7063721879865378,0.1111111111111111,0.08108108108108109,0.17647058823529413,0.9221789883268483
17,59,396,0.6916849239719195,0.04424778761061947,0.02702702702702703,0.12195121951219512,0.9299610894941635
17,59,446,0.6865853090068337,0.018433179723502304,0.010810810810810811,0.0625,0.9309338521400778
17,59,496,0.6868314330197738,0.0273972602739726,0.016216216216216217,0.08823529411764706,0.9309338521400778
17,59,546,0.692138015904832,0.01834862385321101,0.010810810810810811,0.06060606060606061,0.930609597924773
17,59,596,0.6837175913409098,0.01762114537444934,0.010810810810810811,0.047619047619047616,0.9276913099870299
17,59,646,0.6942095596804116,0.017543859649122806,0.010810810810810811,0.046511627906976744,0.9273670557717251
17,59,696,0.6925556808964882,0.009216589861751152,0.005405405405405406,0.03125,0.9302853437094682
17,59,746,0.7003589308522044,0.008928571428571428,0.005405405405405406,0.02564102564102564,0.9280155642023347
17,59,796,0.7112331372421059,0.0,0.0,0.0,0.9231517509727627
17,59,846,0.6934693230657356,0.0,0.0,0.0,0.9267185473411155
17,59,896,0.7044479457035511,0.01680672268907563,0.010810810810810811,0.03773584905660377,0.9241245136186771
17,59,946,0.682723772409871,0.026200873362445413,0.016216216216216217,0.06818181818181818,0.9276913099870299
17,59,996,0.6912635298285522,0.07659574468085106,0.04864864864864865,0.18,0.9296368352788587
17,59,1046,0.7054958373344025,0.034482758620689655,0.021621621621621623,0.0851063829787234,0.9273670557717251
17,59,1096,0.7043323420005034,0.06751054852320675,0.043243243243243246,0.15384615384615385,0.9283398184176395
17,59,1146,0.6968591219712297,0.017467248908296942,0.010810810810810811,0.045454545454545456,0.9270428015564203
17,59,1196,0.7019773826948716,0.044444444444444446,0.02702702702702703,0.125,0.9302853437094682
17,59,1246,0.7072690489730848,0.0182648401826484,0.010810810810810811,0.058823529411764705,0.9302853437094682
17,59,1296,0.7142835833418792,0.026200873362445413,0.016216216216216217,0.06818181818181818,0.9276913099870299
17,59,1346,0.7189058668879297,0.026785714285714284,0.016216216216216217,0.07692307692307693,0.9293125810635539
17,59,1396,0.7323830211722588,0.05194805194805195,0.032432432432432434,0.13043478260869565,0.9289883268482491
17,59,1446,0.7050203704912226,0.05194805194805195,0.032432432432432434,0.13043478260869565,0.9289883268482491
17,59,1496,0.7279527889393361,0.043859649122807015,0.02702702702702703,0.11627906976744186,0.9293125810635539
17,59,1546,0.7051285158908478,0.0425531914893617,0.02702702702702703,0.1,0.9270428015564203
17,59,1596,0.7046642365028016,0.034934497816593885,0.021621621621621623,0.09090909090909091,0.9283398184176395
17,59,1646,0.7080652228634291,0.04329004329004329,0.02702702702702703,0.10869565217391304,0.9283398184176395
17,59,1696,0.7360133503631262,0.034782608695652174,0.021621621621621623,0.08888888888888889,0.9280155642023347
17,59,1746,0.7423585019997576,0.03389830508474576,0.021621621621621623,0.0784313725490196,0.9260700389105059
17,59,1796,0.7351892078349478,0.05333333333333334,0.032432432432432434,0.15,0.9309338521400778
17,59,1846,0.742399522668581,0.05263157894736842,0.032432432432432434,0.13953488372093023,0.9299610894941635
17,59,1896,0.7404734158097388,0.05982905982905983,0.03783783783783784,0.14285714285714285,0.9286640726329443
17,59,1946,0.7483176864342784,0.07563025210084033,0.04864864864864865,0.16981132075471697,0.9286640726329443
17,59,1996,0.7495333898921342,0.02631578947368421,0.016216216216216217,0.06976744186046512,0.9280155642023347
17,59,2046,0.7493170990928839,0.043859649122807015,0.02702702702702703,0.11627906976744186,0.9293125810635539
17,59,2096,0.7420601698628605,0.03389830508474576,0.021621621621621623,0.0784313725490196,0.9260700389105059
17,59,2146,0.7540363405834258,0.03686635944700461,0.021621621621621623,0.125,0.932230869001297
17,59,2196,0.7577114195948277,0.044444444444444446,0.02702702702702703,0.125,0.9302853437094682
17,59,2246,0.7540680383729712,0.027149321266968326,0.016216216216216217,0.08333333333333333,0.9302853437094682
17,59,2296,0.7639279154974221,0.027149321266968326,0.016216216216216217,0.08333333333333333,0.9302853437094682
17,59,2346,0.764009956835069,0.03619909502262444,0.021621621621621623,0.1111111111111111,0.9309338521400778
17,59,2396,0.7543682350857238,0.06866952789699571,0.043243243243243246,0.16666666666666666,0.9296368352788587
17,59,2446,0.7687683544185787,0.07758620689655173,0.04864864864864865,0.19148936170212766,0.930609597924773
17,59,2496,0.7762453035995637,0.04484304932735426,0.02702702702702703,0.13157894736842105,0.9309338521400778
17,59,2546,0.775973075524645,0.07174887892376682,0.043243243243243246,0.21052631578947367,0.9328793774319066
17,59,2596,0.7685371470124834,0.05286343612334802,0.032432432432432434,0.14285714285714285,0.9302853437094682
17,59,2646,0.774278176071898,0.04524886877828054,0.02702702702702703,0.1388888888888889,0.9315823605706874
17,59,2696,0.7765827918294287,0.05357142857142857,0.032432432432432434,0.15384615384615385,0.9312581063553826
17,59,2746,0.7777071310703598,0.07929515418502203,0.04864864864864865,0.21428571428571427,0.932230869001297
17,59,2796,0.7736106579155907,0.0881057268722467,0.05405405405405406,0.23809523809523808,0.9328793774319066
17,59,2846,0.7760700334691366,0.09734513274336283,0.05945945945945946,0.2682926829268293,0.933852140077821
17,59,2896,0.7877441429010936,0.10344827586206896,0.06486486486486487,0.2553191489361702,0.9325551232166018
17,59,2946,0.7736721889188257,0.1145374449339207,0.07027027027027027,0.30952380952380953,0.9348249027237354
17,59,2996,0.7831759320548558,0.10300429184549356,0.06486486486486487,0.25,0.932230869001297
17,59,3046,0.7634393966232532,0.08144796380090498,0.04864864864864865,0.25,0.9341763942931258
17,59,3096,0.7691226238311439,0.1,0.05945945945945946,0.3142857142857143,0.9357976653696498
17,59,3146,0.7736069287638794,0.11304347826086956,0.07027027027027027,0.28888888888888886,0.933852140077821
17,59,3196,0.7796015401396568,0.08849557522123894,0.05405405405405406,0.24390243902439024,0.9332036316472114
17,59,3246,0.7804238180919796,0.08294930875576037,0.04864864864864865,0.28125,0.935473411154345
17,59,3296,0.7732638468064477,0.09090909090909091,0.05405405405405406,0.2857142857142857,0.9351491569390402
17,59,3346,0.7700791512450705,0.08108108108108109,0.04864864864864865,0.24324324324324326,0.933852140077821
17,59,3396,0.766663248277598,0.08256880733944955,0.04864864864864865,0.2727272727272727,0.9351491569390402
17,59,3446,0.7848671023558917,0.11926605504587157,0.07027027027027027,0.3939393939393939,0.9377431906614786
17,59,3496,0.7889561172072382,0.09174311926605505,0.05405405405405406,0.30303030303030304,0.9357976653696498
17,59,3546,0.7797264667219824,0.12389380530973451,0.07567567567567568,0.34146341463414637,0.9357976653696498
17,59,3596,0.786750323970055,0.0947867298578199,0.05405405405405406,0.38461538461538464,0.9380674448767834
17,59,3646,0.7816246049429906,0.08294930875576037,0.04864864864864865,0.28125,0.935473411154345
17,59,3696,0.7797749456942282,0.1085972850678733,0.06486486486486487,0.3333333333333333,0.9361219195849546
17,59,3746,0.776172585141195,0.09174311926605505,0.05405405405405406,0.30303030303030304,0.9357976653696498
17,59,3796,0.788644733039352,0.06542056074766354,0.03783783783783784,0.2413793103448276,0.9351491569390402
17,59,3846,0.780431276395402,0.08450704225352113,0.04864864864864865,0.32142857142857145,0.9367704280155642
17,59,3896,0.7727660050530006,0.0660377358490566,0.03783783783783784,0.25925925925925924,0.9357976653696498
17,59,3946,0.7794803427090422,0.05581395348837209,0.032432432432432434,0.2,0.9341763942931258
17,59,3996,0.7686322403811193,0.07511737089201878,0.043243243243243246,0.2857142857142857,0.9361219195849546
17,59,4046,0.7620950374313603,0.07441860465116279,0.043243243243243246,0.26666666666666666,0.935473411154345
17,59,4096,0.7674855262299207,0.08181818181818182,0.04864864864864865,0.2571428571428571,0.9345006485084306
17,59,4146,0.7752030056962792,0.05714285714285714,0.032432432432432434,0.24,0.9357976653696498
17,59,4196,0.7832691608476362,0.07407407407407407,0.043243243243243246,0.25806451612903225,0.9351491569390402
17,59,4246,0.7878261842387404,0.07339449541284404,0.043243243243243246,0.24242424242424243,0.9345006485084306
17,59,4296,0.778788585066612,0.07407407407407407,0.043243243243243246,0.25806451612903225,0.9351491569390402
17,59,4346,0.7728126194493907,0.07339449541284404,0.043243243243243246,0.24242424242424243,0.9345006485084306
17,59,4396,0.7780595359070696,0.07373271889400922,0.043243243243243246,0.25,0.9348249027237354
17,59,4446,0.7837614088735164,0.06666666666666667,0.03783783783783784,0.28,0.9364461738002594
17,59,4496,0.7784716071711587,0.07407407407407407,0.043243243243243246,0.25806451612903225,0.9351491569390402
17,59,4546,0.7853612149576276,0.08372093023255814,0.04864864864864865,0.3,0.9361219195849546
17,59,4596,0.7870989996550535,0.05687203791469194,0.032432432432432434,0.23076923076923078,0.935473411154345
17,59,4646,0.7855775057568779,0.0660377358490566,0.03783783783783784,0.25925925925925924,0.9357976653696498
17,59,4696,0.7869274586763376,0.06542056074766354,0.03783783783783784,0.2413793103448276,0.9351491569390402
17,59,4746,0.792974278176072,0.10138248847926268,0.05945945945945946,0.34375,0.9367704280155642
17,59,4796,0.7857676924941499,0.07511737089201878,0.043243243243243246,0.2857142857142857,0.9361219195849546
17,59,4846,0.7861070452998705,0.06451612903225806,0.03783783783783784,0.21875,0.9341763942931258
17,59,4896,0.7876248100463348,0.07239819004524888,0.043243243243243246,0.2222222222222222,0.9335278858625162
17,59,4946,0.787552091587966,0.09345794392523364,0.05405405405405406,0.3448275862068966,0.937094682230869
17,59,4996,0.7903750594333554,0.08490566037735849,0.04864864864864865,0.3333333333333333,0.937094682230869
17,59,5046,0.7878578820282857,0.08780487804878048,0.04864864864864865,0.45,0.9393644617380026
17,59,5096,0.7872705406337693,0.08571428571428572,0.04864864864864865,0.36,0.9377431906614786
17,59,5146,0.7964274726606564,0.09569377990430622,0.05405405405405406,0.4166666666666667,0.938715953307393
17,59,5196,0.797180761306322,0.07441860465116279,0.043243243243243246,0.26666666666666666,0.935473411154345
17,59,5246,0.7970278660861622,0.09345794392523364,0.05405405405405406,0.3448275862068966,0.937094682230869
17,59,5296,0.8042213997370947,0.10091743119266056,0.05945945945945946,0.3333333333333333,0.9364461738002594
17,59,5346,0.7941079402962811,0.09259259259259259,0.05405405405405406,0.3225806451612903,0.9364461738002594
17,59,5396,0.8049765529586157,0.08530805687203792,0.04864864864864865,0.34615384615384615,0.9374189364461738
17,59,5446,0.8075701779737655,0.0861244019138756,0.04864864864864865,0.375,0.9380674448767834
17,59,5496,0.8034830276982743,0.057692307692307696,0.032432432432432434,0.2608695652173913,0.9364461738002594
17,59,5546,0.8081985400371051,0.102803738317757,0.05945945945945946,0.3793103448275862,0.9377431906614786
17,59,5596,0.8088641936175569,0.06796116504854369,0.03783783783783784,0.3333333333333333,0.9377431906614786
17,59,5646,0.8109879455170935,0.08490566037735849,0.04864864864864865,0.3333333333333333,0.937094682230869
17,59,5696,0.809362035371004,0.06829268292682927,0.03783783783783784,0.35,0.9380674448767834
17,59,5746,0.8075888237323215,0.07729468599033816,0.043243243243243246,0.36363636363636365,0.9380674448767834
17,59,5796,0.808649767394162,0.0761904761904762,0.043243243243243246,0.32,0.937094682230869
17,59,5846,0.805990882224066,0.049019607843137254,0.02702702702702703,0.2631578947368421,0.937094682230869
17,59,5896,0.8128972711932354,0.05970149253731343,0.032432432432432434,0.375,0.938715953307393
17,59,5946,0.8026290519564061,0.06763285024154589,0.03783783783783784,0.3181818181818182,0.9374189364461738
17,59,5996,0.8104472185189675,0.07511737089201878,0.043243243243243246,0.2857142857142857,0.9361219195849546
17,59,6046,0.8063451516366315,0.07655502392344497,0.043243243243243246,0.3333333333333333,0.9374189364461738
17,59,6096,0.8119668478412873,0.1095890410958904,0.06486486486486487,0.35294117647058826,0.9367704280155642
17,59,6146,0.808778423128199,0.10185185185185185,0.05945945945945946,0.3548387096774194,0.937094682230869
17,59,6196,0.8052301352749782,0.09302325581395349,0.05405405405405406,0.3333333333333333,0.9367704280155642
17,59,6246,0.8098375022141838,0.08571428571428572,0.04864864864864865,0.36,0.9377431906614786
17,59,6296,0.8038559428693958,0.07547169811320754,0.043243243243243246,0.2962962962962963,0.9364461738002594
17,59,6346,0.8036825373148243,0.08571428571428572,0.04864864864864865,0.36,0.9377431906614786
17,59,6396,0.8048068765557554,0.12380952380952381,0.07027027027027027,0.52,0.940337224383917
17,59,6446,0.8063768494261769,0.08530805687203792,0.04864864864864865,0.34615384615384615,0.9374189364461738
17,59,6496,0.8040740982445017,0.10526315789473684,0.05945945945945946,0.4583333333333333,0.9393644617380026
17,59,6546,0.8056291545080783,0.11059907834101383,0.06486486486486487,0.375,0.9374189364461738
17,59,6596,0.8130520309892507,0.07582938388625593,0.043243243243243246,0.3076923076923077,0.9367704280155642
17,59,6646,0.8074228764811726,0.0761904761904762,0.043243243243243246,0.32,0.937094682230869
17,59,6696,0.8124851999291461,0.07729468599033816,0.043243243243243246,0.36363636363636365,0.9380674448767834
17,59,6746,0.8015531916877209,0.08530805687203792,0.04864864864864865,0.34615384615384615,0.9374189364461738
17,59,6796,0.8126362305734504,0.0761904761904762,0.043243243243243246,0.32,0.937094682230869
17,59,6846,0.8071058985857191,0.07547169811320754,0.043243243243243246,0.2962962962962963,0.9364461738002594
17,59,6896,0.8109077687553025,0.08823529411764706,0.04864864864864865,0.47368421052631576,0.9396887159533074
17,59,6946,0.8042083477061056,0.07407407407407407,0.043243243243243246,0.25806451612903225,0.9351491569390402
17,59,6996,0.8106187594976833,0.08737864077669903,0.04864864864864865,0.42857142857142855,0.9390402075226978
17,59,7046,0.8084017788053662,0.08450704225352113,0.04864864864864865,0.32142857142857145,0.9367704280155642
17,59,7096,0.8091401508441867,0.08571428571428572,0.04864864864864865,0.36,0.9377431906614786
17,59,7146,0.8113813710226266,0.0660377358490566,0.03783783783783784,0.25925925925925924,0.9357976653696498
17,59,7196,0.8124385855327559,0.0673076923076923,0.03783783783783784,0.30434782608695654,0.937094682230869
17,59,7246,0.8071562421338205,0.10185185185185185,0.05945945945945946,0.3548387096774194,0.937094682230869
17,59,7296,0.8051928437578662,0.11162790697674418,0.06486486486486487,0.4,0.9380674448767834
17,59,7346,0.805606779597811,0.08490566037735849,0.04864864864864865,0.3333333333333333,0.937094682230869
17,59,7396,0.8134249461603722,0.08490566037735849,0.04864864864864865,0.3333333333333333,0.937094682230869
17,59,7446,0.813283238395346,0.09433962264150944,0.05405405405405406,0.37037037037037035,0.9377431906614786
17,59,7496,0.8096827424181683,0.10426540284360189,0.05945945945945946,0.4230769230769231,0.938715953307393
17,59,7546,0.8093713582502821,0.12322274881516587,0.07027027027027027,0.5,0.9400129701686122
17,59,7596,0.811640547066556,0.10328638497652583,0.05945945945945946,0.39285714285714285,0.9380674448767834
17,59,7646,0.8084614452327458,0.10426540284360189,0.05945945945945946,0.4230769230769231,0.938715953307393
17,59,7696,0.8072923561712799,0.0947867298578199,0.05405405405405406,0.38461538461538464,0.9380674448767834
17,59,7746,0.8101582092613482,0.09615384615384616,0.05405405405405406,0.43478260869565216,0.9390402075226978
17,59,7796,0.8120712640892014,0.08571428571428572,0.04864864864864865,0.36,0.9377431906614786
17,59,7846,0.8115529120013426,0.10328638497652583,0.05945945945945946,0.39285714285714285,0.9380674448767834
17,59,7896,0.8067740040834211,0.11483253588516747,0.06486486486486487,0.5,0.9400129701686122
17,59,7946,0.8122521279471953,0.12093023255813953,0.07027027027027027,0.43333333333333335,0.938715953307393
17,59,7996,0.8132534051816563,0.10576923076923077,0.05945945945945946,0.4782608695652174,0.9396887159533074
18,60,246,0.6472315709983872,0.08602150537634409,0.06486486486486487,0.1276595744680851,0.9173151750972762
18,60,296,0.6509364832234787,0.09868421052631579,0.08108108108108109,0.12605042016806722,0.9111543450064851
18,60,346,0.6650308121160139,0.14603174603174604,0.12432432432432433,0.17692307692307693,0.9127756160830091
18,60,396,0.6836672477928083,0.12408759124087591,0.0918918918918919,0.19101123595505617,0.9221789883268483
18,60,446,0.7084735649758072,0.10108303249097472,0.07567567567567568,0.15217391304347827,0.919260700389105
18,60,496,0.7210501291218779,0.10612244897959183,0.07027027027027027,0.21666666666666667,0.9289883268482491
18,60,546,0.7097452057093312,0.11450381679389313,0.08108108108108109,0.19480519480519481,0.9247730220492867
18,60,596,0.7325265935131406,0.12734082397003746,0.0918918918918919,0.2073170731707317,0.9244487678339819
18,60,646,0.7203695589345813,0.11857707509881422,0.08108108108108109,0.22058823529411764,0.9276913099870299
18,60,696,0.7326832178850117,0.13953488372093023,0.0972972972972973,0.2465753424657534,0.9280155642023347
18,60,746,0.7381109982006844,0.17123287671232876,0.13513513513513514,0.2336448598130841,0.9215304798962386
18,60,796,0.7313463169965412,0.13620071684587814,0.10270270270270271,0.20212765957446807,0.9218547341115434
18,60,846,0.7420228783457483,0.10687022900763359,0.07567567567567568,0.18181818181818182,0.9241245136186771
18,60,896,0.7244604383617836,0.09375,0.06486486486486487,0.16901408450704225,0.9247730220492867
18,60,946,0.7259465053187026,0.09885931558935361,0.07027027027027027,0.16666666666666666,0.9231517509727627
18,60,996,0.7270521988010777,0.10646387832699619,0.07567567567567568,0.1794871794871795,0.9238002594033723
18,60,1046,0.729571240782003,0.10038610038610038,0.07027027027027027,0.17567567567567569,0.9244487678339819
18,60,1096,0.7387076624744787,0.1033210332103321,0.07567567567567568,0.16279069767441862,0.9212062256809338
18,60,1146,0.7429626245769744,0.10852713178294573,0.07567567567567568,0.1917808219178082,0.9254215304798963
18,60,1196,0.7329908729011869,0.06201550387596899,0.043243243243243246,0.1095890410958904,0.9215304798962386
18,60,1246,0.7289503370220858,0.07782101167315175,0.05405405405405406,0.1388888888888889,0.9231517509727627
18,60,1296,0.7175652368477482,0.07317073170731707,0.04864864864864865,0.14754098360655737,0.9260700389105059
18,60,1346,0.7303487689137914,0.06557377049180328,0.043243243243243246,0.13559322033898305,0.9260700389105059
18,60,1396,0.7292523983106943,0.09090909090909091,0.05945945945945946,0.19298245614035087,0.9286640726329443
18,60,1446,0.725375945106887,0.08130081300813008,0.05405405405405406,0.16393442622950818,0.9267185473411155
18,60,1496,0.7337199220607292,0.09302325581395349,0.06486486486486487,0.1643835616438356,0.9241245136186771
18,60,1546,0.7317751694433309,0.08298755186721991,0.05405405405405406,0.17857142857142858,0.9283398184176395
18,60,1596,0.7381333731109516,0.09561752988047809,0.06486486486486487,0.18181818181818182,0.9263942931258107
18,60,1646,0.7278782059051118,0.09230769230769231,0.06486486486486487,0.16,0.9234760051880675
18,60,1696,0.7369773360804752,0.10038610038610038,0.07027027027027027,0.17567567567567569,0.9244487678339819
18,60,1746,0.7392539832001715,0.13385826771653545,0.0918918918918919,0.2463768115942029,0.9286640726329443
18,60,1796,0.7460913828626834,0.10566037735849057,0.07567567567567568,0.175,0.9231517509727627
18,60,1846,0.72248398795484,0.09448818897637795,0.06486486486486487,0.17391304347826086,0.9254215304798963
18,60,1896,0.7346261059265543,0.09701492537313433,0.07027027027027027,0.1566265060240964,0.9215304798962386
18,60,1946,0.7287470982538247,0.11363636363636363,0.08108108108108109,0.189873417721519,0.9241245136186771
18,60,1996,0.7417692960293858,0.11952191235059761,0.08108108108108109,0.22727272727272727,0.9283398184176395
18,60,2046,0.7298583854637667,0.08130081300813008,0.05405405405405406,0.16393442622950818,0.9267185473411155
18,60,2096,0.7297651566709863,0.10077519379844961,0.07027027027027027,0.1780821917808219,0.9247730220492867
18,60,2146,0.7311430782282801,0.08661417322834646,0.05945945945945946,0.15942028985507245,0.9247730220492867
18,60,2196,0.7334439648340993,0.08333333333333333,0.05405405405405406,0.18181818181818182,0.9286640726329443
18,60,2246,0.7230843813803456,0.08097165991902834,0.05405405405405406,0.16129032258064516,0.9263942931258107
18,60,2296,0.7319187417842127,0.1076923076923077,0.07567567567567568,0.18666666666666668,0.9247730220492867
18,60,2346,0.7228569031259614,0.10358565737051793,0.07027027027027027,0.19696969696969696,0.9270428015564203
18,60,2396,0.7382154144485984,0.07317073170731707,0.04864864864864865,0.14754098360655737,0.9260700389105059
18,60,2446,0.7411614443004577,0.1087866108786611,0.07027027027027027,0.24074074074074073,0.9309338521400778
18,60,2496,0.7387598705984357,0.09053497942386832,0.05945945945945946,0.1896551724137931,0.9283398184176395
18,60,2546,0.7451180742660564,0.0847457627118644,0.05405405405405406,0.19607843137254902,0.9299610894941635
18,60,2596,0.7520020883249584,0.1,0.06486486486486487,0.21818181818181817,0.9299610894941635
18,60,2646,0.746069007952416,0.10743801652892562,0.07027027027027027,0.22807017543859648,0.9299610894941635
18,60,2696,0.7499976692801804,0.10126582278481013,0.06486486486486487,0.23076923076923078,0.9309338521400778
18,60,2746,0.7476147413367145,0.1016949152542373,0.06486486486486487,0.23529411764705882,0.9312581063553826
18,60,2796,0.7454294584339427,0.1016949152542373,0.06486486486486487,0.23529411764705882,0.9312581063553826
18,60,2846,0.75018039771403,0.11016949152542373,0.07027027027027027,0.2549019607843137,0.9319066147859922
18,60,2896,0.7549201495389836,0.1440677966101695,0.0918918918918919,0.3333333333333333,0.9345006485084306
18,60,2946,0.7423640957273245,0.0995850622406639,0.06486486486486487,0.21428571428571427,0.9296368352788587
18,60,2996,0.7440142453595369,0.10743801652892562,0.07027027027027027,0.22807017543859648,0.9299610894941635
18,60,3046,0.752302285037711,0.08403361344537816,0.05405405405405406,0.18867924528301888,0.9293125810635539
18,60,3096,0.7599134836802999,0.11864406779661017,0.07567567567567568,0.27450980392156865,0.9325551232166018
18,60,3146,0.7606313453847087,0.10212765957446808,0.06486486486486487,0.24,0.9315823605706874
18,60,3196,0.7588077901979248,0.08771929824561403,0.05405405405405406,0.23255813953488372,0.9325551232166018
18,60,3246,0.7573086712100165,0.07659574468085106,0.04864864864864865,0.18,0.9296368352788587
18,60,3296,0.7550767739108547,0.09361702127659574,0.05945945945945946,0.22,0.9309338521400778
18,60,3346,0.7515247569059229,0.0759493670886076,0.04864864864864865,0.17307692307692307,0.9289883268482491
18,60,3396,0.7505178859438949,0.07692307692307693,0.04864864864864865,0.1836734693877551,0.9299610894941635
18,60,3446,0.7588767795045822,0.07929515418502203,0.04864864864864865,0.21428571428571427,0.932230869001297
18,60,3496,0.7614573524887427,0.08620689655172414,0.05405405405405406,0.2127659574468085,0.9312581063553826
18,60,3546,0.7637078955464607,0.06896551724137931,0.043243243243243246,0.1702127659574468,0.9299610894941635
18,60,3596,0.763359219861462,0.0782608695652174,0.04864864864864865,0.2,0.9312581063553826
18,60,3646,0.7613566653925399,0.09606986899563319,0.05945945945945946,0.25,0.9328793774319066
18,60,3696,0.7664133951129467,0.06167400881057269,0.03783783783783784,0.16666666666666666,0.9309338521400778
18,60,3746,0.7681082945656936,0.0611353711790393,0.03783783783783784,0.1590909090909091,0.9302853437094682
18,60,3796,0.7652890558720155,0.05357142857142857,0.032432432432432434,0.15384615384615385,0.9312581063553826
18,60,3846,0.7753559009164391,0.08695652173913043,0.05405405405405406,0.2222222222222222,0.9319066147859922
18,60,3896,0.7755181190158769,0.0782608695652174,0.04864864864864865,0.2,0.9312581063553826
18,60,3946,0.7683133979098106,0.08583690987124463,0.05405405405405406,0.20833333333333334,0.9309338521400778
18,60,3996,0.7631914080344575,0.09401709401709402,0.05945945945945946,0.22448979591836735,0.9312581063553826
18,60,4046,0.7644015177647465,0.10126582278481013,0.06486486486486487,0.23076923076923078,0.9309338521400778
18,60,4096,0.7656712939224151,0.08695652173913043,0.05405405405405406,0.2222222222222222,0.9319066147859922
18,60,4146,0.7699747349971566,0.0990990990990991,0.05945945945945946,0.2972972972972973,0.9351491569390402
18,60,4196,0.7670697258141205,0.12017167381974249,0.07567567567567568,0.2916666666666667,0.9335278858625162
18,60,4246,0.7673643287993065,0.10526315789473684,0.06486486486486487,0.27906976744186046,0.933852140077821
18,60,4296,0.7749177255903714,0.11659192825112108,0.07027027027027027,0.34210526315789475,0.9361219195849546
18,60,4346,0.7678603059768978,0.11555555555555555,0.07027027027027027,0.325,0.935473411154345
18,60,4396,0.7752309743341134,0.11009174311926606,0.06486486486486487,0.36363636363636365,0.937094682230869
18,60,4446,0.769644705070714,0.11926605504587157,0.07027027027027027,0.3939393939393939,0.9377431906614786
18,60,4496,0.7778935886559205,0.08968609865470852,0.05405405405405406,0.2631578947368421,0.9341763942931258
18,60,4546,0.7713265524924718,0.091324200913242,0.05405405405405406,0.29411764705882354,0.935473411154345
18,60,4596,0.7763888759404454,0.11926605504587157,0.07027027027027027,0.3939393939393939,0.9377431906614786
18,60,4646,0.7839273561246656,0.11214953271028037,0.06486486486486487,0.41379310344827586,0.9383916990920882
18,60,4696,0.7785331381743938,0.09433962264150944,0.05405405405405406,0.37037037037037035,0.9377431906614786
18,60,4746,0.7807240148047324,0.10091743119266056,0.05945945945945946,0.3333333333333333,0.9364461738002594
18,60,4796,0.7802373605064188,0.0990990990990991,0.05945945945945946,0.2972972972972973,0.9351491569390402
18,60,4846,0.786864063097247,0.11162790697674418,0.06486486486486487,0.4,0.9380674448767834
18,60,4896,0.7904925277122586,0.10328638497652583,0.05945945945945946,0.39285714285714285,0.9380674448767834
18,60,4946,0.7879268713349431,0.091324200913242,0.05405405405405406,0.29411764705882354,0.935473411154345
18,60,4996,0.7843711251783001,0.091324200913242,0.05405405405405406,0.29411764705882354,0.935473411154345
18,60,5046,0.7858049840112621,0.09049773755656108,0.05405405405405406,0.2777777777777778,0.9348249027237354
18,60,5096,0.784785061018245,0.08256880733944955,0.04864864864864865,0.2727272727272727,0.9351491569390402
18,60,5146,0.7827638607907665,0.10138248847926268,0.05945945945945946,0.34375,0.9367704280155642
18,60,5196,0.7927020501011534,0.08450704225352113,0.04864864864864865,0.32142857142857145,0.9367704280155642
18,60,5246,0.7856576825186691,0.06572769953051644,0.03783783783783784,0.25,0.935473411154345
18,60,5296,0.7837278465081156,0.08571428571428572,0.04864864864864865,0.36,0.9377431906614786
18,60,5346,0.7894558235365411,0.07547169811320754,0.043243243243243246,0.2962962962962963,0.9364461738002594
18,60,5396,0.7885067544260369,0.07547169811320754,0.043243243243243246,0.2962962962962963,0.9364461738002594
18,60,5446,0.7875726019223779,0.10091743119266056,0.05945945945945946,0.3333333333333333,0.9364461738002594
18,60,5496,0.795176342261544,0.08181818181818182,0.04864864864864865,0.2571428571428571,0.9345006485084306
18,60,5546,0.7858702441662082,0.091324200913242,0.05405405405405406,0.29411764705882354,0.935473411154345
18,60,5596,0.7909978277691283,0.09389671361502347,0.05405405405405406,0.35714285714285715,0.9374189364461738
18,60,5646,0.7922731976543634,0.07729468599033816,0.043243243243243246,0.36363636363636365,0.9380674448767834
18,60,5696,0.7951707485339773,0.06635071090047394,0.03783783783783784,0.2692307692307692,0.9361219195849546
18,60,5746,0.7892320744338681,0.055299539170506916,0.032432432432432434,0.1875,0.9335278858625162
18,60,5796,0.7887491492872659,0.06698564593301436,0.03783783783783784,0.2916666666666667,0.9367704280155642
18,60,5846,0.7862748571268751,0.057971014492753624,0.032432432432432434,0.2727272727272727,0.9367704280155642
18,60,5896,0.7889318777211154,0.08571428571428572,0.04864864864864865,0.36,0.9377431906614786
18,60,5946,0.7862599405200302,0.08571428571428572,0.04864864864864865,0.36,0.9377431906614786
18,60,5996,0.7912607329647688,0.08490566037735849,0.04864864864864865,0.3333333333333333,0.937094682230869
18,60,6046,0.7881655370444607,0.08653846153846154,0.04864864864864865,0.391304347826087,0.9383916990920882
18,60,6096,0.7923030308680533,0.07547169811320754,0.043243243243243246,0.2962962962962963,0.9364461738002594
18,60,6146,0.7901028313584367,0.0761904761904762,0.043243243243243246,0.32,0.937094682230869
18,60,6196,0.7814922200572425,0.08653846153846154,0.04864864864864865,0.391304347826087,0.9383916990920882
18,60,6246,0.7931178505169537,0.09523809523809523,0.05405405405405406,0.4,0.9383916990920882
18,60,6296,0.7955996009807669,0.07582938388625593,0.043243243243243246,0.3076923076923077,0.9367704280155642
18,60,6346,0.7872649469062024,0.07692307692307693,0.043243243243243246,0.34782608695652173,0.9377431906614786
18,60,6396,0.7889523880555271,0.06896551724137931,0.03783783783783784,0.3888888888888889,0.938715953307393
18,60,6446,0.7874029255195175,0.06896551724137931,0.03783783783783784,0.3888888888888889,0.938715953307393
18,60,6496,0.7844923226089147,0.0594059405940594,0.032432432432432434,0.35294117647058826,0.9383916990920882
18,60,6546,0.787870934059275,0.05714285714285714,0.032432432432432434,0.24,0.9357976653696498
18,60,6596,0.7853183297129486,0.059113300492610835,0.032432432432432434,0.3333333333333333,0.9380674448767834
18,60,6646,0.7937984207042503,0.06862745098039216,0.03783783783783784,0.3684210526315789,0.9383916990920882
18,60,6696,0.7840093974623124,0.05853658536585366,0.032432432432432434,0.3,0.9374189364461738
18,60,6746,0.7914956695225754,0.05853658536585366,0.032432432432432434,0.3,0.9374189364461738
18,60,6796,0.7888461072317574,0.06896551724137931,0.03783783783783784,0.3888888888888889,0.938715953307393
18,60,6846,0.787518529222565,0.049019607843137254,0.02702702702702703,0.2631578947368421,0.937094682230869
18,60,6896,0.7872463011476466,0.08866995073891626,0.04864864864864865,0.5,0.9400129701686122
18,60,6946,0.7900487586586241,0.0784313725490196,0.043243243243243246,0.42105263157894735,0.9390402075226978
18,60,6996,0.788031287582857,0.08695652173913043,0.04864864864864865,0.4090909090909091,0.938715953307393
18,60,7046,0.7931439545789322,0.06930693069306931,0.03783783783783784,0.4117647058823529,0.9390402075226978
18,60,7096,0.7916765333805693,0.06965174129353234,0.03783783783783784,0.4375,0.9393644617380026
18,60,7146,0.7958102980524505,0.05970149253731343,0.032432432432432434,0.375,0.938715953307393
18,60,7196,0.7892712305268359,0.06,0.032432432432432434,0.4,0.9390402075226978
18,60,7246,0.7901550394823939,0.06030150753768844,0.032432432432432434,0.42857142857142855,0.9393644617380026
18,60,7296,0.7987768382387217,0.05970149253731343,0.032432432432432434,0.375,0.938715953307393
18,60,7346,0.7957077463803922,0.07920792079207921,0.043243243243243246,0.47058823529411764,0.9396887159533074
18,60,7396,0.7968525959557349,0.0784313725490196,0.043243243243243246,0.42105263157894735,0.9390402075226978
18,60,7446,0.803313351295414,0.06060606060606061,0.032432432432432434,0.46153846153846156,0.9396887159533074
18,60,7496,0.7955399345533875,0.06965174129353234,0.03783783783783784,0.4375,0.9393644617380026
18,60,7546,0.7925193216673038,0.059113300492610835,0.032432432432432434,0.3333333333333333,0.9380674448767834
18,60,7596,0.7958065689007394,0.0707070707070707,0.03783783783783784,0.5384615384615384,0.940337224383917
18,60,7646,0.7975965617221221,0.058823529411764705,0.032432432432432434,0.3157894736842105,0.9377431906614786
18,60,7696,0.8005612373325379,0.06030150753768844,0.032432432432432434,0.42857142857142855,0.9393644617380026
18,60,7746,0.7952154983545118,0.07804878048780488,0.043243243243243246,0.4,0.938715953307393
18,60,7796,0.8009546628380708,0.06965174129353234,0.03783783783783784,0.4375,0.9393644617380026
18,60,7846,0.8021778245993492,0.07920792079207921,0.043243243243243246,0.47058823529411764,0.9396887159533074
18,60,7896,0.802023064803334,0.06930693069306931,0.03783783783783784,0.4117647058823529,0.9390402075226978
18,60,7946,0.7964834099363247,0.07,0.03783783783783784,0.4666666666666667,0.9396887159533074
18,60,7996,0.8008577048935793,0.06060606060606061,0.032432432432432434,0.46153846153846156,0.9396887159533074
19,61,246,0.6991786543356051,0.11371237458193979,0.0918918918918919,0.14912280701754385,0.9140726329442282
19,61,296,0.7018543206884016,0.0728476821192053,0.05945945945945946,0.09401709401709402,0.9092088197146563
19,61,346,0.6878252519508125,0.08843537414965986,0.07027027027027027,0.11926605504587157,0.9130998702983139
19,61,396,0.6893579333041217,0.09876543209876543,0.08648648648648649,0.11510791366906475,0.9053177691309987
19,61,446,0.7008064290575501,0.10561056105610561,0.08648648648648649,0.13559322033898305,0.9121271076523995
19,61,496,0.6876089611515621,0.05844155844155844,0.04864864864864865,0.07317073170731707,0.9059662775616083
19,61,546,0.6861527274083328,0.08552631578947369,0.07027027027027027,0.1092436974789916,0.9098573281452659
19,61,596,0.6699831255885067,0.04666666666666667,0.03783783783783784,0.06086956521739131,0.9072632944228275
19,61,646,0.6663248277598053,0.027777777777777776,0.021621621621621623,0.038834951456310676,0.9092088197146563
19,61,696,0.6433029096706228,0.04240282685512368,0.032432432432432434,0.061224489795918366,0.9121271076523995
19,61,746,0.6573282492565004,0.04316546762589928,0.032432432432432434,0.06451612903225806,0.9137483787289234
19,61,796,0.6610648592711373,0.022641509433962263,0.016216216216216217,0.0375,0.916018158236057
19,61,846,0.6620735948090208,0.023255813953488372,0.016216216216216217,0.0410958904109589,0.9182879377431906
19,61,896,0.6706897998377819,0.04633204633204633,0.032432432432432434,0.08108108108108109,0.9199092088197146
19,61,946,0.7119360823396698,0.054474708171206226,0.03783783783783784,0.09722222222222222,0.9212062256809338
19,61,996,0.6797777425580117,0.07042253521126761,0.05405405405405406,0.10101010101010101,0.914396887159533
19,61,1046,0.6961300728116872,0.06037735849056604,0.043243243243243246,0.1,0.919260700389105
19,61,1096,0.6964451861312848,0.06015037593984962,0.043243243243243246,0.09876543209876543,0.9189364461738002
19,61,1146,0.7035175223516031,0.06766917293233082,0.04864864864864865,0.1111111111111111,0.9195849546044098
19,61,1196,0.7061223348218865,0.05511811023622047,0.03783783783783784,0.10144927536231885,0.9221789883268483
19,61,1246,0.7042931859075356,0.10317460317460317,0.07027027027027027,0.19402985074626866,0.9267185473411155
19,61,1296,0.7282977354726234,0.07058823529411765,0.04864864864864865,0.12857142857142856,0.9231517509727627
19,61,1346,0.7311635885626917,0.1015625,0.07027027027027027,0.18309859154929578,0.9254215304798963
19,61,1396,0.7338579006740441,0.07782101167315175,0.05405405405405406,0.1388888888888889,0.9231517509727627
19,61,1446,0.7368057951017593,0.05511811023622047,0.03783783783783784,0.10144927536231885,0.9221789883268483
19,61,1496,0.7394572219684328,0.08494208494208494,0.05945945945945946,0.14864864864864866,0.9231517509727627
19,61,1546,0.7454257292822317,0.0728744939271255,0.04864864864864865,0.14516129032258066,0.9257457846952011
19,61,1596,0.7421328883212291,0.08764940239043825,0.05945945945945946,0.16666666666666666,0.9257457846952011
19,61,1646,0.735183614107381,0.06896551724137931,0.04864864864864865,0.11842105263157894,0.9212062256809338
19,61,1696,0.7478478133186653,0.06451612903225806,0.043243243243243246,0.12698412698412698,0.9247730220492867
19,61,1746,0.7557237817327503,0.09090909090909091,0.06486486486486487,0.1518987341772152,0.9221789883268483
19,61,1796,0.7565684345953405,0.0898876404494382,0.06486486486486487,0.14634146341463414,0.9212062256809338
19,61,1846,0.7382601642691329,0.06130268199233716,0.043243243243243246,0.10526315789473684,0.9205577172503242
19,61,1896,0.7495669522575352,0.1,0.07027027027027027,0.17333333333333334,0.9241245136186771
19,61,1946,0.745580489078247,0.09665427509293681,0.07027027027027027,0.15476190476190477,0.9212062256809338
19,61,1996,0.7465724434334301,0.09848484848484848,0.07027027027027027,0.16455696202531644,0.9228274967574579
19,61,2046,0.7534247597027866,0.15151515151515152,0.10810810810810811,0.25316455696202533,0.9273670557717251
19,61,2096,0.7555261366920559,0.12639405204460966,0.0918918918918919,0.20238095238095238,0.9238002594033723
19,61,2146,0.7602752113962876,0.12403100775193798,0.08648648648648649,0.2191780821917808,0.9267185473411155
19,61,2196,0.7549033683562831,0.12,0.08108108108108109,0.23076923076923078,0.9286640726329443
19,61,2246,0.7656787522258375,0.11857707509881422,0.08108108108108109,0.22058823529411764,0.9276913099870299
19,61,2296,0.7555186783886336,0.11857707509881422,0.08108108108108109,0.22058823529411764,0.9276913099870299
19,61,2346,0.7636612811500704,0.10236220472440945,0.07027027027027027,0.18840579710144928,0.9260700389105059
19,61,2396,0.7645488192573395,0.11406844106463879,0.08108108108108109,0.19230769230769232,0.9244487678339819
19,61,2446,0.7685352824366278,0.12403100775193798,0.08648648648648649,0.2191780821917808,0.9267185473411155
19,61,2496,0.7726429430465305,0.14173228346456693,0.0972972972972973,0.2608695652173913,0.9293125810635539
19,61,2546,0.7681232111725386,0.08835341365461848,0.05945945945945946,0.171875,0.9263942931258107
19,61,2596,0.7610079897075412,0.12903225806451613,0.08648648648648649,0.25396825396825395,0.9299610894941635
19,61,2646,0.7660069175764244,0.10358565737051793,0.07027027027027027,0.19696969696969696,0.9270428015564203
19,61,2696,0.7715279266848772,0.12244897959183673,0.08108108108108109,0.25,0.9302853437094682
19,61,2746,0.7651529418345563,0.13765182186234817,0.0918918918918919,0.27419354838709675,0.9309338521400778
19,61,2796,0.7686303758052637,0.12048192771084337,0.08108108108108109,0.234375,0.9289883268482491
19,61,2846,0.7654717843058652,0.10317460317460317,0.07027027027027027,0.19402985074626866,0.9267185473411155
19,61,2896,0.7558431145875093,0.13127413127413126,0.0918918918918919,0.22972972972972974,0.9270428015564203
19,61,2946,0.7709238041076606,0.1214574898785425,0.08108108108108109,0.24193548387096775,0.9296368352788587
19,61,2996,0.7663127080167439,0.11857707509881422,0.08108108108108109,0.22058823529411764,0.9276913099870299
19,61,3046,0.7752962344890596,0.12096774193548387,0.08108108108108109,0.23809523809523808,0.9293125810635539
19,61,3096,0.7687534378117338,0.1328125,0.0918918918918919,0.23943661971830985,0.9280155642023347
19,61,3146,0.7769426549695609,0.1322314049586777,0.08648648648648649,0.2807017543859649,0.9319066147859922
19,61,3196,0.777867484593942,0.12295081967213115,0.08108108108108109,0.2542372881355932,0.930609597924773
19,61,3246,0.7744478524747583,0.13333333333333333,0.08648648648648649,0.2909090909090909,0.9325551232166018
19,61,3296,0.7808806391766033,0.09166666666666666,0.05945945945945946,0.2,0.9293125810635539
19,61,3346,0.7772130184686239,0.1016949152542373,0.06486486486486487,0.23529411764705882,0.9312581063553826
19,61,3396,0.7803473704818995,0.11428571428571428,0.07567567567567568,0.23333333333333334,0.9296368352788587
19,61,3446,0.781423230750585,0.09836065573770492,0.06486486486486487,0.2033898305084746,0.9286640726329443
19,61,3496,0.774397508926657,0.13821138211382114,0.0918918918918919,0.2786885245901639,0.9312581063553826
19,61,3546,0.7758239094561965,0.1206896551724138,0.07567567567567568,0.2978723404255319,0.933852140077821
19,61,3596,0.777692214463515,0.11914893617021277,0.07567567567567568,0.28,0.9328793774319066
19,61,3646,0.783065922079375,0.09777777777777778,0.05945945945945946,0.275,0.9341763942931258
19,61,3696,0.778825876583724,0.13559322033898305,0.08648648648648649,0.3137254901960784,0.933852140077821
19,61,3746,0.7720406850451693,0.10212765957446808,0.06486486486486487,0.24,0.9315823605706874
19,61,3796,0.7839553247624997,0.09565217391304348,0.05945945945945946,0.24444444444444444,0.9325551232166018
19,61,3846,0.7798681744870085,0.1038961038961039,0.06486486486486487,0.2608695652173913,0.9328793774319066
19,61,3896,0.7825140076261152,0.11255411255411256,0.07027027027027027,0.2826086956521739,0.9335278858625162
19,61,3946,0.7880462041897018,0.09606986899563319,0.05945945945945946,0.25,0.9328793774319066
19,61,3996,0.7838695542731416,0.11304347826086956,0.07027027027027027,0.28888888888888886,0.933852140077821
19,61,4046,0.787542768708688,0.09482758620689655,0.05945945945945946,0.23404255319148937,0.9319066147859922
19,61,4096,0.788872211293736,0.10810810810810811,0.06486486486486487,0.32432432432432434,0.9357976653696498
19,61,4146,0.7834500247056301,0.10572687224669604,0.06486486486486487,0.2857142857142857,0.9341763942931258
19,61,4196,0.7789787718038839,0.08071748878923767,0.04864864864864865,0.23684210526315788,0.9335278858625162
19,61,4246,0.7846936968013202,0.14096916299559473,0.08648648648648649,0.38095238095238093,0.9367704280155642
19,61,4296,0.790438455012446,0.10909090909090909,0.06486486486486487,0.34285714285714286,0.9364461738002594
19,61,4346,0.7856185264257013,0.09954751131221719,0.05945945945945946,0.3055555555555556,0.935473411154345
19,61,4396,0.784936091662549,0.1038961038961039,0.06486486486486487,0.2608695652173913,0.9328793774319066
19,61,4446,0.7803660162404558,0.08333333333333333,0.04864864864864865,0.2903225806451613,0.9357976653696498
19,61,4496,0.7870822184723532,0.11353711790393013,0.07027027027027027,0.29545454545454547,0.9341763942931258
19,61,4546,0.7867428656666325,0.10480349344978165,0.06486486486486487,0.2727272727272727,0.9335278858625162
19,61,4596,0.7915124507052759,0.1087866108786611,0.07027027027027027,0.24074074074074073,0.9309338521400778
19,61,4646,0.7966307114289177,0.07239819004524888,0.043243243243243246,0.2222222222222222,0.9335278858625162
19,61,4696,0.7920065633070117,0.11009174311926606,0.06486486486486487,0.36363636363636365,0.937094682230869
19,61,4746,0.7941694712995162,0.1388888888888889,0.08108108108108109,0.4838709677419355,0.9396887159533074
19,61,4796,0.7892190224028789,0.09174311926605505,0.05405405405405406,0.30303030303030304,0.9357976653696498
19,61,4846,0.7960154013965673,0.06666666666666667,0.03783783783783784,0.28,0.9364461738002594
19,61,4896,0.7920643651585355,0.11214953271028037,0.06486486486486487,0.41379310344827586,0.9383916990920882
19,61,4946,0.7947829167560109,0.10909090909090909,0.06486486486486487,0.34285714285714286,0.9364461738002594
19,61,4996,0.795722662987237,0.102803738317757,0.05945945945945946,0.3793103448275862,0.9377431906614786
19,61,5046,0.7973672188918827,0.12149532710280374,0.07027027027027027,0.4482758620689655,0.9390402075226978
19,61,5096,0.7982044134510502,0.08333333333333333,0.04864864864864865,0.2903225806451613,0.9357976653696498
19,61,5146,0.7940035240483672,0.10810810810810811,0.06486486486486487,0.32432432432432434,0.9357976653696498
19,61,5196,0.7899965505346671,0.13023255813953488,0.07567567567567568,0.4666666666666667,0.9393644617380026
19,61,5246,0.7923720201747108,0.11818181818181818,0.07027027027027027,0.37142857142857144,0.937094682230869
19,61,5296,0.7898939988626088,0.09954751131221719,0.05945945945945946,0.3055555555555556,0.935473411154345
19,61,5346,0.7938282539179401,0.09174311926605505,0.05405405405405406,0.30303030303030304,0.9357976653696498
19,61,5396,0.7929481741140934,0.11818181818181818,0.07027027027027027,0.37142857142857144,0.937094682230869
19,61,5446,0.7913241285438595,0.11555555555555555,0.07027027027027027,0.325,0.935473411154345
19,61,5496,0.7841492406514828,0.1111111111111111,0.06486486486486487,0.3870967741935484,0.9377431906614786
19,61,5546,0.7923142183231868,0.13145539906103287,0.07567567567567568,0.5,0.9400129701686122
19,61,5596,0.7906715269943968,0.10232558139534884,0.05945945945945946,0.36666666666666664,0.9374189364461738
19,61,5646,0.7875222583742763,0.10476190476190476,0.05945945945945946,0.44,0.9390402075226978
19,61,5696,0.798817858907545,0.102803738317757,0.05945945945945946,0.3793103448275862,0.9377431906614786
19,61,5746,0.7955306116741094,0.11214953271028037,0.06486486486486487,0.41379310344827586,0.9383916990920882
19,61,5796,0.7959837036070221,0.11818181818181818,0.07027027027027027,0.37142857142857144,0.937094682230869
19,61,5846,0.789983498503678,0.0947867298578199,0.05405405405405406,0.38461538461538464,0.9380674448767834
19,61,5896,0.7860100873553788,0.11981566820276497,0.07027027027027027,0.40625,0.9380674448767834
19,61,5946,0.7903750594333555,0.09389671361502347,0.05405405405405406,0.35714285714285715,0.9374189364461738
19,61,5996,0.7904515070434354,0.11320754716981132,0.06486486486486487,0.4444444444444444,0.9390402075226978
19,61,6046,0.7980216850172007,0.12903225806451613,0.07567567567567568,0.4375,0.938715953307393
19,61,6096,0.7910481713172297,0.12093023255813953,0.07027027027027027,0.43333333333333335,0.938715953307393
19,61,6146,0.7854134230815845,0.11214953271028037,0.06486486486486487,0.41379310344827586,0.9383916990920882
19,61,6196,0.788040610462135,0.11926605504587157,0.07027027027027027,0.3939393939393939,0.9377431906614786
19,61,6246,0.791792137083617,0.11428571428571428,0.06486486486486487,0.48,0.9396887159533074
19,61,6296,0.7922601456233743,0.10328638497652583,0.05945945945945946,0.39285714285714285,0.9380674448767834
19,61,6346,0.7928624036247354,0.11374407582938388,0.06486486486486487,0.46153846153846156,0.9393644617380026
19,61,6396,0.7968302210454676,0.11981566820276497,0.07027027027027027,0.40625,0.9380674448767834
19,61,6446,0.7929705490243607,0.12037037037037036,0.07027027027027027,0.41935483870967744,0.9383916990920882
19,61,6496,0.7863307944025432,0.10377358490566038,0.05945945945945946,0.4074074074074074,0.9383916990920882
19,61,6546,0.7981223721134034,0.10377358490566038,0.05945945945945946,0.4074074074074074,0.9383916990920882
19,61,6596,0.7982081426027615,0.10377358490566038,0.05945945945945946,0.4074074074074074,0.9383916990920882
19,61,6646,0.799573012129066,0.11009174311926606,0.06486486486486487,0.36363636363636365,0.937094682230869
19,61,6696,0.7994145231813394,0.08411214953271028,0.04864864864864865,0.3103448275862069,0.9364461738002594
19,61,6746,0.7959296309072093,0.14678899082568808,0.08648648648648649,0.48484848484848486,0.9396887159533074
19,61,6796,0.7970455795567903,0.11374407582938388,0.06486486486486487,0.46153846153846156,0.9393644617380026
19,61,6846,0.7998788025693856,0.11428571428571428,0.06486486486486487,0.48,0.9396887159533074
19,61,6896,0.8011802765165994,0.14084507042253522,0.08108108108108109,0.5357142857142857,0.9406614785992218
19,61,6946,0.7947568126940324,0.12962962962962962,0.07567567567567568,0.45161290322580644,0.9390402075226978
19,61,6996,0.7965281597568593,0.12093023255813953,0.07027027027027027,0.43333333333333335,0.938715953307393
19,61,7046,0.8025656563773156,0.10426540284360189,0.05945945945945946,0.4230769230769231,0.938715953307393
19,61,7096,0.7940557321723242,0.10328638497652583,0.05945945945945946,0.39285714285714285,0.9380674448767834
19,61,7146,0.7921426773444712,0.12149532710280374,0.07027027027027027,0.4482758620689655,0.9390402075226978
19,61,7196,0.7950495511033628,0.08653846153846154,0.04864864864864865,0.391304347826087,0.9383916990920882
19,61,7246,0.7916672105012913,0.09569377990430622,0.05405405405405406,0.4166666666666667,0.938715953307393
19,61,7296,0.7938860557694639,0.07692307692307693,0.043243243243243246,0.34782608695652173,0.9377431906614786
19,61,7346,0.7951931234442444,0.08653846153846154,0.04864864864864865,0.391304347826087,0.9383916990920882
19,61,7396,0.7979415082554097,0.0966183574879227,0.05405405405405406,0.45454545454545453,0.9393644617380026
19,61,7446,0.804325815985009,0.08571428571428572,0.04864864864864865,0.36,0.9377431906614786
19,61,7496,0.8033133512954141,0.12322274881516587,0.07027027027027027,0.5,0.9400129701686122
19,61,7546,0.8047117831871196,0.11320754716981132,0.06486486486486487,0.4444444444444444,0.9390402075226978
19,61,7596,0.8032704660507352,0.11428571428571428,0.06486486486486487,0.48,0.9396887159533074
19,61,7646,0.8002684989232076,0.0970873786407767,0.05405405405405406,0.47619047619047616,0.9396887159533074
19,61,7696,0.7993045132058585,0.10476190476190476,0.05945945945945946,0.44,0.9390402075226978
19,61,7746,0.7988402338178122,0.12380952380952381,0.07027027027027027,0.52,0.940337224383917
19,61,7796,0.8007905801627775,0.12093023255813953,0.07027027027027027,0.43333333333333335,0.938715953307393
19,61,7846,0.7999235523899202,0.11320754716981132,0.06486486486486487,0.4444444444444444,0.9390402075226978
19,61,7896,0.801980179558655,0.1308411214953271,0.07567567567567568,0.4827586206896552,0.9396887159533074
19,61,7946,0.7955231533706871,0.12322274881516587,0.07027027027027027,0.5,0.9400129701686122
19,61,7996,0.8006824347631523,0.11483253588516747,0.06486486486486487,0.5,0.9400129701686122
20,62,246,0.665562216234862,0.15699658703071673,0.12432432432432433,0.21296296296296297,0.9199092088197146
20,62,296,0.7009798346121217,0.13076923076923078,0.0918918918918919,0.22666666666666666,0.9267185473411155
20,62,346,0.6768093377958848,0.1590909090909091,0.11351351351351352,0.26582278481012656,0.9280155642023347
20,62,396,0.7125849547374212,0.11721611721611722,0.08648648648648649,0.18181818181818182,0.9218547341115434
20,62,446,0.7244138239653934,0.08921933085501858,0.06486486486486487,0.14285714285714285,0.9205577172503242
20,62,496,0.722232270214333,0.07874015748031496,0.05405405405405406,0.14492753623188406,0.9241245136186771
20,62,546,0.7235039109478572,0.12030075187969924,0.08648648648648649,0.19753086419753085,0.9241245136186771
20,62,596,0.7308186420294044,0.11347517730496454,0.08648648648648649,0.16494845360824742,0.9189364461738002
20,62,646,0.7377996140327978,0.08270676691729323,0.05945945945945946,0.13580246913580246,0.920881971465629
20,62,696,0.7524122950131918,0.0979020979020979,0.07567567567567568,0.13861386138613863,0.9163424124513618
20,62,746,0.7559997389593803,0.13523131672597866,0.10270270270270271,0.19791666666666666,0.9212062256809338
20,62,796,0.7407531021880798,0.12781954887218044,0.0918918918918919,0.20987654320987653,0.9247730220492867
20,62,846,0.74132179782404,0.11811023622047244,0.08108108108108109,0.21739130434782608,0.9273670557717251
20,62,896,0.7480547812386378,0.10727969348659004,0.07567567567567568,0.18421052631578946,0.9244487678339819
20,62,946,0.7553639185926181,0.11336032388663968,0.07567567567567568,0.22580645161290322,0.9289883268482491
20,62,996,0.7483698945582353,0.10317460317460317,0.07027027027027027,0.19402985074626866,0.9267185473411155
20,62,1046,0.7401471150350074,0.1044776119402985,0.07567567567567568,0.1686746987951807,0.9221789883268483
20,62,1096,0.7437755796500192,0.078125,0.05405405405405406,0.14084507042253522,0.9234760051880675
20,62,1146,0.7570401722868091,0.09561752988047809,0.06486486486486487,0.18181818181818182,0.9263942931258107
20,62,1196,0.7536205401676254,0.08403361344537816,0.05405405405405406,0.18867924528301888,0.9293125810635539
20,62,1246,0.7507229892880117,0.0967741935483871,0.06486486486486487,0.19047619047619047,0.9273670557717251
20,62,1296,0.7609632398870068,0.11382113821138211,0.07567567567567568,0.22950819672131148,0.9293125810635539
20,62,1346,0.7588003318945022,0.10526315789473684,0.07027027027027027,0.20967741935483872,0.9283398184176395
20,62,1396,0.7692344983824804,0.09523809523809523,0.06486486486486487,0.1791044776119403,0.9260700389105059
20,62,1446,0.7747517783392223,0.10526315789473684,0.07027027027027027,0.20967741935483872,0.9283398184176395
20,62,1496,0.776396334243868,0.11952191235059761,0.08108108108108109,0.22727272727272727,0.9283398184176395
20,62,1546,0.767694358725749,0.08979591836734693,0.05945945945945946,0.18333333333333332,0.9276913099870299
20,62,1596,0.7709032937732492,0.09401709401709402,0.05945945945945946,0.22448979591836735,0.9312581063553826
20,62,1646,0.776823322114802,0.1214574898785425,0.08108108108108109,0.24193548387096775,0.9296368352788587
20,62,1696,0.7569823704352852,0.11336032388663968,0.07567567567567568,0.22580645161290322,0.9289883268482491
20,62,1746,0.771201625910146,0.10894941634241245,0.07567567567567568,0.19444444444444445,0.9257457846952011
20,62,1796,0.776519396250338,0.13438735177865613,0.0918918918918919,0.25,0.9289883268482491
20,62,1846,0.7685539281951838,0.1328125,0.0918918918918919,0.23943661971830985,0.9280155642023347
20,62,1896,0.7860287331139348,0.12075471698113208,0.08648648648648649,0.2,0.9244487678339819
20,62,1946,0.7746044768466294,0.12598425196850394,0.08648648648648649,0.2318840579710145,0.9280155642023347
20,62,1996,0.7824990910192703,0.15151515151515152,0.10810810810810811,0.25316455696202533,0.9273670557717251
20,62,2046,0.7671871940930236,0.13545816733067728,0.0918918918918919,0.25757575757575757,0.9296368352788587
20,62,2096,0.7656433252845809,0.14901960784313725,0.10270270270270271,0.2714285714285714,0.9296368352788587
20,62,2146,0.7704371498093471,0.11290322580645161,0.07567567567567568,0.2222222222222222,0.9286640726329443
20,62,2196,0.776101731258682,0.128,0.08648648648648649,0.24615384615384617,0.9293125810635539
20,62,2246,0.7783075244958654,0.11764705882352941,0.08108108108108109,0.21428571428571427,0.9270428015564203
20,62,2296,0.7756132123845129,0.12598425196850394,0.08648648648648649,0.2318840579710145,0.9280155642023347
20,62,2346,0.7849659248762388,0.09090909090909091,0.05945945945945946,0.19298245614035087,0.9286640726329443
20,62,2396,0.7875968414085006,0.12195121951219512,0.08108108108108109,0.2459016393442623,0.9299610894941635
20,62,2446,0.7897653431285718,0.12,0.08108108108108109,0.23076923076923078,0.9286640726329443
20,62,2496,0.7869572918900273,0.09795918367346938,0.06486486486486487,0.2,0.9283398184176395
20,62,2546,0.7930954756066864,0.11206896551724138,0.07027027027027027,0.2765957446808511,0.9332036316472114
20,62,2596,0.7867708343044666,0.11475409836065574,0.07567567567567568,0.23728813559322035,0.9299610894941635
20,62,2646,0.7912570038130575,0.1350210970464135,0.08648648648648649,0.3076923076923077,0.9335278858625162
20,62,2696,0.7984971518603806,0.13114754098360656,0.08648648648648649,0.2711864406779661,0.9312581063553826
20,62,2746,0.7975462181740208,0.10655737704918032,0.07027027027027027,0.22033898305084745,0.9293125810635539
20,62,2796,0.8030448523722067,0.10699588477366255,0.07027027027027027,0.22413793103448276,0.9296368352788587
20,62,2846,0.8028434781798011,0.09322033898305085,0.05945945945945946,0.21568627450980393,0.930609597924773
20,62,2896,0.7959333600589207,0.1,0.06486486486486487,0.21818181818181817,0.9299610894941635
20,62,2946,0.7964890036638915,0.10743801652892562,0.07027027027027027,0.22807017543859648,0.9299610894941635
20,62,2996,0.8036788081631131,0.1092436974789916,0.07027027027027027,0.24528301886792453,0.9312581063553826
20,62,3046,0.7952154983545119,0.11206896551724138,0.07027027027027027,0.2765957446808511,0.9332036316472114
20,62,3096,0.7940669196274579,0.12017167381974249,0.07567567567567568,0.2916666666666667,0.9335278858625162
20,62,3146,0.8000055937275669,0.09361702127659574,0.05945945945945946,0.22,0.9309338521400778
20,62,3196,0.785307142257815,0.10212765957446808,0.06486486486486487,0.24,0.9315823605706874
20,62,3246,0.7901028313584367,0.11570247933884298,0.07567567567567568,0.24561403508771928,0.930609597924773
20,62,3296,0.7843468856921771,0.10655737704918032,0.07027027027027027,0.22033898305084745,0.9293125810635539
20,62,3346,0.7823387374956882,0.1271186440677966,0.08108108108108109,0.29411764705882354,0.9332036316472114
20,62,3396,0.7886335455842183,0.12448132780082988,0.08108108108108109,0.26785714285714285,0.9315823605706874
20,62,3446,0.7902184350614844,0.10743801652892562,0.07027027027027027,0.22807017543859648,0.9299610894941635
20,62,3496,0.7942291377268956,0.11016949152542373,0.07027027027027027,0.2549019607843137,0.9319066147859922
20,62,3546,0.7839702413693445,0.0782608695652174,0.04864864864864865,0.2,0.9312581063553826
20,62,3596,0.7871232391411763,0.09243697478991597,0.05945945945945946,0.20754716981132076,0.9299610894941635
20,62,3646,0.7940911591135807,0.08658008658008658,0.05405405405405406,0.21739130434782608,0.9315823605706874
20,62,3696,0.7879939960657449,0.09282700421940929,0.05945945945945946,0.21153846153846154,0.9302853437094682
20,62,3746,0.7872295199649461,0.1111111111111111,0.07027027027027027,0.2653061224489796,0.9325551232166018
20,62,3796,0.7892208869787345,0.0881057268722467,0.05405405405405406,0.23809523809523808,0.9328793774319066
20,62,3846,0.7904682882261358,0.08,0.04864864864864865,0.225,0.9328793774319066
20,62,3896,0.7888013574112228,0.10434782608695652,0.06486486486486487,0.26666666666666666,0.9332036316472114
20,62,3946,0.7964367955399346,0.091324200913242,0.05405405405405406,0.29411764705882354,0.935473411154345
20,62,3996,0.7945722196843273,0.11206896551724138,0.07027027027027027,0.2765957446808511,0.9332036316472114
20,62,4046,0.7896926246702032,0.12334801762114538,0.07567567567567568,0.3333333333333333,0.935473411154345
20,62,4096,0.78521577804089,0.1145374449339207,0.07027027027027027,0.30952380952380953,0.9348249027237354
20,62,4146,0.7979489665588321,0.1145374449339207,0.07027027027027027,0.30952380952380953,0.9348249027237354
20,62,4196,0.7923869367815557,0.09821428571428571,0.05945945945945946,0.28205128205128205,0.9345006485084306
20,62,4246,0.796311868957609,0.11504424778761062,0.07027027027027027,0.3170731707317073,0.9351491569390402
20,62,4296,0.801851523824618,0.10762331838565023,0.06486486486486487,0.3157894736842105,0.935473411154345
20,62,4346,0.7978986230107306,0.11158798283261803,0.07027027027027027,0.2708333333333333,0.9328793774319066
20,62,4396,0.7965654512739715,0.10619469026548672,0.06486486486486487,0.2926829268292683,0.9345006485084306
20,62,4446,0.8038317033832729,0.11607142857142858,0.07027027027027027,0.3333333333333333,0.9357976653696498
20,62,4496,0.7975946971462665,0.10909090909090909,0.06486486486486487,0.34285714285714286,0.9364461738002594
20,62,4546,0.8052916662782134,0.13215859030837004,0.08108108108108109,0.35714285714285715,0.9361219195849546
20,62,4596,0.7964945973914583,0.14678899082568808,0.08648648648648649,0.48484848484848486,0.9396887159533074
20,62,4646,0.7947717293008772,0.13043478260869565,0.08108108108108109,0.3333333333333333,0.9351491569390402
20,62,4696,0.8023512301539208,0.11607142857142858,0.07027027027027027,0.3333333333333333,0.9357976653696498
20,62,4746,0.8020491688653123,0.1187214611872146,0.07027027027027027,0.38235294117647056,0.9374189364461738
20,62,4796,0.7976860613631913,0.10138248847926268,0.05945945945945946,0.34375,0.9367704280155642
20,62,4846,0.7950943009238974,0.12037037037037036,0.07027027027027027,0.41935483870967744,0.9383916990920882
20,62,4896,0.7993585859056711,0.1095890410958904,0.06486486486486487,0.35294117647058826,0.9367704280155642
20,62,4946,0.794147096389249,0.1095890410958904,0.06486486486486487,0.35294117647058826,0.9367704280155642
20,62,4996,0.7973336565264817,0.1095890410958904,0.06486486486486487,0.35294117647058826,0.9367704280155642
20,62,5046,0.7965225660292925,0.09302325581395349,0.05405405405405406,0.3333333333333333,0.9367704280155642
20,62,5096,0.7991758574718216,0.08450704225352113,0.04864864864864865,0.32142857142857145,0.9367704280155642
20,62,5146,0.8029124674864585,0.1095890410958904,0.06486486486486487,0.35294117647058826,0.9367704280155642
20,62,5196,0.8007868510110663,0.1095890410958904,0.06486486486486487,0.35294117647058826,0.9367704280155642
20,62,5246,0.8002535823163626,0.11659192825112108,0.07027027027027027,0.34210526315789475,0.9361219195849546
20,62,5296,0.801752701304271,0.12962962962962962,0.07567567567567568,0.45161290322580644,0.9390402075226978
20,62,5346,0.8101134594408137,0.1388888888888889,0.08108108108108109,0.4838709677419355,0.9396887159533074
20,62,5396,0.8083010917091634,0.13023255813953488,0.07567567567567568,0.4666666666666667,0.9393644617380026
20,62,5446,0.8022710533921297,0.16071428571428573,0.0972972972972973,0.46153846153846156,0.9390402075226978
20,62,5496,0.8095167951670195,0.11538461538461539,0.06486486486486487,0.5217391304347826,0.940337224383917
20,62,5546,0.8045868566047938,0.1461187214611872,0.08648648648648649,0.47058823529411764,0.9393644617380026
20,62,5596,0.8071823461957991,0.1388888888888889,0.08108108108108109,0.4838709677419355,0.9396887159533074
20,62,5646,0.8073911786916271,0.1574074074074074,0.0918918918918919,0.5483870967741935,0.9409857328145266
20,62,5696,0.8059927467999217,0.14018691588785046,0.08108108108108109,0.5172413793103449,0.940337224383917
20,62,5746,0.8057466227869815,0.13023255813953488,0.07567567567567568,0.4666666666666667,0.9393644617380026
20,62,5796,0.8092986397919133,0.12844036697247707,0.07567567567567568,0.42424242424242425,0.9383916990920882
20,62,5846,0.8018142323075059,0.13761467889908258,0.08108108108108109,0.45454545454545453,0.9390402075226978
20,62,5896,0.8087914751591881,0.11162790697674418,0.06486486486486487,0.4,0.9380674448767834
20,62,5946,0.8120022747825438,0.12149532710280374,0.07027027027027027,0.4482758620689655,0.9390402075226978
20,62,5996,0.8117058072215023,0.1111111111111111,0.06486486486486487,0.3870967741935484,0.9377431906614786
20,62,6046,0.817907386517252,0.11267605633802817,0.06486486486486487,0.42857142857142855,0.938715953307393
20,62,6096,0.813160176388876,0.1187214611872146,0.07027027027027027,0.38235294117647056,0.9374189364461738
20,62,6146,0.8118475149865284,0.13574660633484162,0.08108108108108109,0.4166666666666667,0.9380674448767834
20,62,6196,0.81398618349291,0.11818181818181818,0.07027027027027027,0.37142857142857144,0.937094682230869
20,62,6246,0.8011150163616532,0.12727272727272726,0.07567567567567568,0.4,0.9377431906614786
20,62,6296,0.8039100155692084,0.125,0.07567567567567568,0.358974358974359,0.9364461738002594
20,62,6346,0.8053774367675713,0.11607142857142858,0.07027027027027027,0.3333333333333333,0.9357976653696498
20,62,6396,0.8068373996625119,0.13023255813953488,0.07567567567567568,0.4666666666666667,0.9393644617380026
20,62,6446,0.8095690032909765,0.11607142857142858,0.07027027027027027,0.3333333333333333,0.9357976653696498
20,62,6496,0.8023810633676104,0.102803738317757,0.05945945945945946,0.3793103448275862,0.9377431906614786
20,62,6546,0.8150228876686276,0.10810810810810811,0.06486486486486487,0.32432432432432434,0.9357976653696498
20,62,6596,0.8047583975835098,0.1111111111111111,0.06486486486486487,0.3870967741935484,0.9377431906614786
20,62,6646,0.8008595694694349,0.09433962264150944,0.05405405405405406,0.37037037037037035,0.9377431906614786
20,62,6696,0.8079113953553415,0.09389671361502347,0.05405405405405406,0.35714285714285715,0.9374189364461738
20,62,6746,0.8052189478198446,0.10476190476190476,0.05945945945945946,0.44,0.9390402075226978
20,62,6796,0.8041617333097153,0.10185185185185185,0.05945945945945946,0.3548387096774194,0.937094682230869
20,62,6846,0.8062892143609633,0.11428571428571428,0.06486486486486487,0.48,0.9396887159533074
20,62,6896,0.8109935392446604,0.11926605504587157,0.07027027027027027,0.3939393939393939,0.9377431906614786
20,62,6946,0.8112098300439108,0.10526315789473684,0.05945945945945946,0.4583333333333333,0.9393644617380026
20,62,6996,0.8058510390348956,0.07476635514018691,0.043243243243243246,0.27586206896551724,0.9357976653696498
20,62,7046,0.811588338942599,0.10628019323671498,0.05945945945945946,0.5,0.9400129701686122
20,62,7096,0.8087933397350439,0.10476190476190476,0.05945945945945946,0.44,0.9390402075226978
20,62,7146,0.8120917744236131,0.12727272727272726,0.07567567567567568,0.4,0.9377431906614786
20,62,7196,0.8141204329545136,0.12844036697247707,0.07567567567567568,0.42424242424242425,0.9383916990920882
20,62,7246,0.8146909931663295,0.11267605633802817,0.06486486486486487,0.42857142857142855,0.938715953307393
20,62,7296,0.8061176733822475,0.11214953271028037,0.06486486486486487,0.41379310344827586,0.9383916990920882
20,62,7346,0.8064980468567913,0.10426540284360189,0.05945945945945946,0.4230769230769231,0.938715953307393
20,62,7396,0.8062388708128617,0.10328638497652583,0.05945945945945946,0.39285714285714285,0.9380674448767834
20,62,7446,0.805910705462275,0.08372093023255814,0.04864864864864865,0.3,0.9361219195849546
20,62,7496,0.8127704800350541,0.07655502392344497,0.043243243243243246,0.3333333333333333,0.9374189364461738
20,62,7546,0.8056105087495221,0.0761904761904762,0.043243243243243246,0.32,0.937094682230869
20,62,7596,0.8078647809589512,0.08571428571428572,0.04864864864864865,0.36,0.9377431906614786
20,62,7646,0.8075739071254766,0.08490566037735849,0.04864864864864865,0.3333333333333333,0.937094682230869
20,62,7696,0.8093172855504694,0.08571428571428572,0.04864864864864865,0.36,0.9377431906614786
20,62,7746,0.8044992215395803,0.09345794392523364,0.05405405405405406,0.3448275862068966,0.937094682230869
20,62,7796,0.802250543057718,0.09302325581395349,0.05405405405405406,0.3333333333333333,0.9367704280155642
20,62,7846,0.805511686229175,0.08490566037735849,0.04864864864864865,0.3333333333333333,0.937094682230869
20,62,7896,0.8107791130212655,0.09433962264150944,0.05405405405405406,0.37037037037037035,0.9377431906614786
20,62,7946,0.8113403503538033,0.08450704225352113,0.04864864864864865,0.32142857142857145,0.9367704280155642
20,62,7996,0.8094347538293727,0.07692307692307693,0.043243243243243246,0.34782608695652173,0.9377431906614786
21,63,246,0.6912877693146751,0.14334470989761092,0.11351351351351352,0.19444444444444445,0.9186121919584954
21,63,296,0.7059638458741598,0.12075471698113208,0.08648648648648649,0.2,0.9244487678339819
21,63,346,0.67831405051136,0.09885931558935361,0.07027027027027027,0.16666666666666666,0.9231517509727627
21,63,396,0.7122204301576499,0.10358565737051793,0.07027027027027027,0.19696969696969696,0.9270428015564203
21,63,446,0.6949376765520264,0.10687022900763359,0.07567567567567568,0.18181818181818182,0.9241245136186771
21,63,496,0.7236428218490999,0.06818181818181818,0.04864864864864865,0.11392405063291139,0.9202334630350194
21,63,546,0.7269850740702759,0.10980392156862745,0.07567567567567568,0.2,0.9263942931258107
21,63,596,0.7318367004465659,0.11764705882352941,0.08108108108108109,0.21428571428571427,0.9270428015564203
21,63,646,0.7379040302807119,0.09876543209876543,0.06486486486486487,0.20689655172413793,0.9289883268482491
21,63,696,0.7389164949703066,0.0830188679245283,0.05945945945945946,0.1375,0.9212062256809338
21,63,746,0.7254374761101219,0.11228070175438597,0.08648648648648649,0.16,0.9179636835278858
21,63,796,0.7424368141856932,0.08365019011406843,0.05945945945945946,0.14102564102564102,0.9218547341115434
21,63,846,0.7437271006777734,0.10317460317460317,0.07027027027027027,0.19402985074626866,0.9267185473411155
21,63,896,0.7431378947074014,0.09166666666666666,0.05945945945945946,0.2,0.9293125810635539
21,63,946,0.7408966745289616,0.11538461538461539,0.08108108108108109,0.2,0.9254215304798963
21,63,996,0.7469863792733747,0.10606060606060606,0.07567567567567568,0.17721518987341772,0.9234760051880675
21,63,1046,0.7532159272069586,0.14893617021276595,0.11351351351351352,0.21649484536082475,0.9221789883268483
21,63,1096,0.7438650792910882,0.15053763440860216,0.11351351351351352,0.22340425531914893,0.9231517509727627
21,63,1146,0.7455543850162685,0.13986013986013987,0.10810810810810811,0.19801980198019803,0.9202334630350194
21,63,1196,0.7543048395066332,0.14705882352941177,0.10810810810810811,0.22988505747126436,0.9247730220492867
21,63,1246,0.7469248482701397,0.12167300380228137,0.08648648648648649,0.20512820512820512,0.9250972762645915
21,63,1296,0.7590595079384317,0.13076923076923078,0.0918918918918919,0.22666666666666666,0.9267185473411155
21,63,1346,0.7629471485973728,0.14393939393939395,0.10270270270270271,0.24050632911392406,0.9267185473411155
21,63,1396,0.7417991292430753,0.10038610038610038,0.07027027027027027,0.17567567567567569,0.9244487678339819
21,63,1446,0.750161751955474,0.13186813186813187,0.0972972972972973,0.20454545454545456,0.9231517509727627
21,63,1496,0.7502717619309549,0.11494252873563218,0.08108108108108109,0.19736842105263158,0.9250972762645915
21,63,1546,0.7411950066658587,0.10852713178294573,0.07567567567567568,0.1917808219178082,0.9254215304798963
21,63,1596,0.7376933332090283,0.09737827715355805,0.07027027027027027,0.15853658536585366,0.9218547341115434
21,63,1646,0.7336397452989382,0.11406844106463879,0.08108108108108109,0.19230769230769232,0.9244487678339819
21,63,1696,0.7483270093135563,0.0963855421686747,0.06486486486486487,0.1875,0.9270428015564203
21,63,1746,0.7379394572219684,0.12121212121212122,0.08648648648648649,0.20253164556962025,0.9247730220492867
21,63,1796,0.7511313314003898,0.08695652173913043,0.05945945945945946,0.16176470588235295,0.9250972762645915
21,63,1846,0.752815043398003,0.10612244897959183,0.07027027027027027,0.21666666666666667,0.9289883268482491
21,63,1896,0.7539263306079449,0.08064516129032258,0.05405405405405406,0.15873015873015872,0.9260700389105059
21,63,1946,0.7594659854749541,0.08130081300813008,0.05405405405405406,0.16393442622950818,0.9267185473411155
21,63,1996,0.7520058174766695,0.06611570247933884,0.043243243243243246,0.14035087719298245,0.9267185473411155
21,63,2046,0.7399009910220673,0.07905138339920949,0.05405405405405406,0.14705882352941177,0.9244487678339819
21,63,2096,0.7516888395812162,0.12075471698113208,0.08648648648648649,0.2,0.9244487678339819
21,63,2146,0.7678397956424862,0.0963855421686747,0.06486486486486487,0.1875,0.9270428015564203
21,63,2196,0.7589830603283518,0.10687022900763359,0.07567567567567568,0.18181818181818182,0.9241245136186771
21,63,2246,0.764826641059825,0.12075471698113208,0.08648648648648649,0.2,0.9244487678339819
21,63,2296,0.7688988747284712,0.06896551724137931,0.04864864864864865,0.11842105263157894,0.9212062256809338
21,63,2346,0.7662399895583752,0.10077519379844961,0.07027027027027027,0.1780821917808219,0.9247730220492867
21,63,2396,0.768443918219703,0.09848484848484848,0.07027027027027027,0.16455696202531644,0.9228274967574579
21,63,2446,0.7717460820599835,0.09195402298850575,0.06486486486486487,0.15789473684210525,0.9231517509727627
21,63,2496,0.7784939820814261,0.1076923076923077,0.07567567567567568,0.18666666666666668,0.9247730220492867
21,63,2546,0.7755740562915451,0.11811023622047244,0.08108108108108109,0.21739130434782608,0.9273670557717251
21,63,2596,0.7765529586157389,0.09558823529411764,0.07027027027027027,0.14942528735632185,0.9202334630350194
21,63,2646,0.7702134007066743,0.06976744186046512,0.04864864864864865,0.1232876712328767,0.9221789883268483
21,63,2696,0.7763590427267558,0.09056603773584905,0.06486486486486487,0.15,0.9218547341115434
21,63,2746,0.7810465864277524,0.11811023622047244,0.08108108108108109,0.21739130434782608,0.9273670557717251
21,63,2796,0.7731967220756458,0.0933852140077821,0.06486486486486487,0.16666666666666666,0.9244487678339819
21,63,2846,0.7775523712743444,0.12355212355212356,0.08648648648648649,0.21621621621621623,0.9263942931258107
21,63,2896,0.7782870141614536,0.15139442231075698,0.10270270270270271,0.2878787878787879,0.9309338521400778
21,63,2946,0.7796537482636137,0.09166666666666666,0.05945945945945946,0.2,0.9293125810635539
21,63,2996,0.7786562001808638,0.11382113821138211,0.07567567567567568,0.22950819672131148,0.9293125810635539
21,63,3046,0.7832020361168344,0.11336032388663968,0.07567567567567568,0.22580645161290322,0.9289883268482491
21,63,3096,0.7848577794766136,0.08196721311475409,0.05405405405405406,0.1694915254237288,0.9273670557717251
21,63,3146,0.7780297026933798,0.0975609756097561,0.06486486486486487,0.19672131147540983,0.9280155642023347
21,63,3196,0.7798625807594418,0.0995850622406639,0.06486486486486487,0.21428571428571427,0.9296368352788587
21,63,3246,0.7842984067199315,0.07659574468085106,0.04864864864864865,0.18,0.9296368352788587
21,63,3296,0.7859988999002452,0.10344827586206896,0.06486486486486487,0.2553191489361702,0.9325551232166018
21,63,3346,0.7891220644583875,0.0823045267489712,0.05405405405405406,0.1724137931034483,0.9276913099870299
21,63,3396,0.7818446248939522,0.09482758620689655,0.05945945945945946,0.23404255319148937,0.9319066147859922
21,63,3446,0.7817476669494607,0.09322033898305085,0.05945945945945946,0.21568627450980393,0.930609597924773
21,63,3496,0.7833996811575287,0.0881057268722467,0.05405405405405406,0.23809523809523808,0.9328793774319066
21,63,3546,0.7847123425598762,0.08438818565400844,0.05405405405405406,0.19230769230769232,0.9296368352788587
21,63,3596,0.780431276395402,0.09482758620689655,0.05945945945945946,0.23404255319148937,0.9319066147859922
21,63,3646,0.781152867251522,0.07659574468085106,0.04864864864864865,0.18,0.9296368352788587
21,63,3696,0.7796406962326247,0.08547008547008547,0.05405405405405406,0.20408163265306123,0.930609597924773
21,63,3746,0.7801198922275157,0.11304347826086956,0.07027027027027027,0.28888888888888886,0.933852140077821
21,63,3796,0.7852642570131361,0.1276595744680851,0.08108108108108109,0.3,0.9335278858625162
21,63,3846,0.7798532578801638,0.10810810810810811,0.06486486486486487,0.32432432432432434,0.9357976653696498
21,63,3896,0.7848130296560789,0.11063829787234042,0.07027027027027027,0.26,0.932230869001297
21,63,3946,0.7843151879026319,0.11158798283261803,0.07027027027027027,0.2708333333333333,0.9328793774319066
21,63,3996,0.7786263669671741,0.09734513274336283,0.05945945945945946,0.2682926829268293,0.933852140077821
21,63,4046,0.7790552194139639,0.125,0.07567567567567568,0.358974358974359,0.9364461738002594
21,63,4096,0.7846582698600636,0.10256410256410256,0.06486486486486487,0.24489795918367346,0.9319066147859922
21,63,4146,0.7851486533100883,0.11504424778761062,0.07027027027027027,0.3170731707317073,0.9351491569390402
21,63,4196,0.782648257087719,0.13333333333333333,0.08648648648648649,0.2909090909090909,0.9325551232166018
21,63,4246,0.7900972376308699,0.12121212121212122,0.07567567567567568,0.30434782608695654,0.9341763942931258
21,63,4296,0.7905559232913492,0.10810810810810811,0.06486486486486487,0.32432432432432434,0.9357976653696498
21,63,4346,0.778684168818698,0.1004566210045662,0.05945945945945946,0.3235294117647059,0.9361219195849546
21,63,4396,0.7849808414830837,0.08928571428571429,0.05405405405405406,0.2564102564102564,0.933852140077821
21,63,4446,0.7804760262159365,0.11304347826086956,0.07027027027027027,0.28888888888888886,0.933852140077821
21,63,4496,0.7829521829521828,0.1004566210045662,0.05945945945945946,0.3235294117647059,0.9361219195849546
21,63,4546,0.7841324594687824,0.13157894736842105,0.08108108108108109,0.3488372093023256,0.9357976653696498
21,63,4596,0.7853295171680822,0.10091743119266056,0.05945945945945946,0.3333333333333333,0.9364461738002594
21,63,4646,0.7777854432562954,0.1187214611872146,0.07027027027027027,0.38235294117647056,0.9374189364461738
21,63,4696,0.7832300047546684,0.0990990990990991,0.05945945945945946,0.2972972972972973,0.9351491569390402
21,63,4746,0.7800826007104035,0.1095890410958904,0.06486486486486487,0.35294117647058826,0.9367704280155642
21,63,4796,0.7771589457688113,0.08928571428571429,0.05405405405405406,0.2564102564102564,0.933852140077821
21,63,4846,0.7801683711997615,0.09821428571428571,0.05945945945945946,0.28205128205128205,0.9345006485084306
21,63,4896,0.7751880890894345,0.07407407407407407,0.043243243243243246,0.25806451612903225,0.9351491569390402
21,63,4946,0.7812889812889813,0.08490566037735849,0.04864864864864865,0.3333333333333333,0.937094682230869
21,63,4996,0.7792491353029469,0.09259259259259259,0.05405405405405406,0.3225806451612903,0.9364461738002594
21,63,5046,0.7758295031837633,0.10138248847926268,0.05945945945945946,0.34375,0.9367704280155642
21,63,5096,0.7839143040936762,0.11162790697674418,0.06486486486486487,0.4,0.9380674448767834
21,63,5146,0.7802727874476754,0.07239819004524888,0.043243243243243246,0.2222222222222222,0.9335278858625162
21,63,5196,0.7915702525567996,0.08530805687203792,0.04864864864864865,0.34615384615384615,0.9374189364461738
21,63,5246,0.7850871223068532,0.07441860465116279,0.043243243243243246,0.26666666666666666,0.935473411154345
21,63,5296,0.7893308969542154,0.07582938388625593,0.043243243243243246,0.3076923076923077,0.9367704280155642
21,63,5346,0.7847235300150099,0.06451612903225806,0.03783783783783784,0.21875,0.9341763942931258
21,63,5396,0.7850516953655969,0.06572769953051644,0.03783783783783784,0.25,0.935473411154345
21,63,5446,0.7839478664590772,0.08490566037735849,0.04864864864864865,0.3333333333333333,0.937094682230869
21,63,5496,0.7854469854469854,0.08571428571428572,0.04864864864864865,0.36,0.9377431906614786
21,63,5546,0.7769538424246945,0.08490566037735849,0.04864864864864865,0.3333333333333333,0.937094682230869
21,63,5596,0.7809552222108277,0.08530805687203792,0.04864864864864865,0.34615384615384615,0.9374189364461738
21,63,5646,0.778788585066612,0.09569377990430622,0.05405405405405406,0.4166666666666667,0.938715953307393
21,63,5696,0.7851188200963987,0.07655502392344497,0.043243243243243246,0.3333333333333333,0.9374189364461738
21,63,5746,0.7913744720919609,0.07692307692307693,0.043243243243243246,0.34782608695652173,0.9377431906614786
21,63,5796,0.7842778963855197,0.07729468599033816,0.043243243243243246,0.36363636363636365,0.9380674448767834
21,63,5846,0.7927095084045757,0.038834951456310676,0.021621621621621623,0.19047619047619047,0.9357976653696498
21,63,5896,0.7881953702581506,0.11162790697674418,0.06486486486486487,0.4,0.9380674448767834
21,63,5946,0.788752878438977,0.09615384615384616,0.05405405405405406,0.43478260869565216,0.9390402075226978
21,63,5996,0.7848969355695814,0.09433962264150944,0.05405405405405406,0.37037037037037035,0.9377431906614786
21,63,6046,0.7780576713312138,0.09569377990430622,0.05405405405405406,0.4166666666666667,0.938715953307393
21,63,6096,0.7868137195491457,0.06796116504854369,0.03783783783783784,0.3333333333333333,0.9377431906614786
21,63,6146,0.7851132263688317,0.07655502392344497,0.043243243243243246,0.3333333333333333,0.9374189364461738
21,63,6196,0.7828608187352581,0.07729468599033816,0.043243243243243246,0.36363636363636365,0.9380674448767834
21,63,6246,0.7858888899247645,0.06698564593301436,0.03783783783783784,0.2916666666666667,0.9367704280155642
21,63,6296,0.7811510026756663,0.08490566037735849,0.04864864864864865,0.3333333333333333,0.937094682230869
21,63,6346,0.7860790766620362,0.08653846153846154,0.04864864864864865,0.391304347826087,0.9383916990920882
21,63,6396,0.7879455170934991,0.10377358490566038,0.05945945945945946,0.4074074074074074,0.9383916990920882
21,63,6446,0.7817924167699953,0.10679611650485436,0.05945945945945946,0.5238095238095238,0.940337224383917
21,63,6496,0.7901140188135705,0.07766990291262135,0.043243243243243246,0.38095238095238093,0.9383916990920882
21,63,6546,0.7830342242898297,0.06763285024154589,0.03783783783783784,0.3181818181818182,0.9374189364461738
21,63,6596,0.7764690527022365,0.08695652173913043,0.04864864864864865,0.4090909090909091,0.938715953307393
21,63,6646,0.7885216710328818,0.07766990291262135,0.043243243243243246,0.38095238095238093,0.9383916990920882
21,63,6696,0.7834090040368068,0.07766990291262135,0.043243243243243246,0.38095238095238093,0.9383916990920882
21,63,6746,0.7858739733179195,0.07692307692307693,0.043243243243243246,0.34782608695652173,0.9377431906614786
21,63,6796,0.7811025237034206,0.08,0.043243243243243246,0.5333333333333333,0.940337224383917
21,63,6846,0.7855569954224663,0.07804878048780488,0.043243243243243246,0.4,0.938715953307393
21,63,6896,0.7885198064570262,0.06796116504854369,0.03783783783783784,0.3333333333333333,0.9377431906614786
21,63,6946,0.7906081314153064,0.05025125628140704,0.02702702702702703,0.35714285714285715,0.938715953307393
21,63,6996,0.7923347286575986,0.06060606060606061,0.032432432432432434,0.46153846153846156,0.9396887159533074
21,63,7046,0.7891518976720772,0.04020100502512563,0.021621621621621623,0.2857142857142857,0.9380674448767834
21,63,7096,0.7960303180034122,0.05970149253731343,0.032432432432432434,0.375,0.938715953307393
21,63,7146,0.7942459189095961,0.06,0.032432432432432434,0.4,0.9390402075226978
21,63,7196,0.7880984123136591,0.04975124378109453,0.02702702702702703,0.3125,0.9380674448767834
21,63,7246,0.7985959743807278,0.06,0.032432432432432434,0.4,0.9390402075226978
21,63,7296,0.7860063582036676,0.06,0.032432432432432434,0.4,0.9390402075226978
21,63,7346,0.791098514865331,0.05970149253731343,0.032432432432432434,0.375,0.938715953307393
21,63,7396,0.7998359173247066,0.05970149253731343,0.032432432432432434,0.375,0.938715953307393
21,63,7446,0.7990919515583194,0.0784313725490196,0.043243243243243246,0.42105263157894735,0.9390402075226978
21,63,7496,0.8000708538825131,0.03940886699507389,0.021621621621621623,0.2222222222222222,0.9367704280155642
21,63,7546,0.8022766471196965,0.07804878048780488,0.043243243243243246,0.4,0.938715953307393
21,63,7596,0.7965188368775813,0.04854368932038835,0.02702702702702703,0.23809523809523808,0.9364461738002594
21,63,7646,0.806598733952994,0.06965174129353234,0.03783783783783784,0.4375,0.9393644617380026
21,63,7696,0.8029572173069932,0.05853658536585366,0.032432432432432434,0.3,0.9374189364461738
21,63,7746,0.8085994238460606,0.06666666666666667,0.03783783783783784,0.28,0.9364461738002594
21,63,7796,0.7930003822380506,0.05,0.02702702702702703,0.3333333333333333,0.9383916990920882
21,63,7846,0.7988570150005128,0.058823529411764705,0.032432432432432434,0.3157894736842105,0.9377431906614786
21,63,7896,0.8035389649739425,0.04975124378109453,0.02702702702702703,0.3125,0.9380674448767834
21,63,7946,0.7993026486300028,0.06930693069306931,0.03783783783783784,0.4117647058823529,0.9390402075226978
21,63,7996,0.7987824319662884,0.07766990291262135,0.043243243243243246,0.38095238095238093,0.9383916990920882
22,64,246,0.711152028192387,0.07086614173228346,0.04864864864864865,0.13043478260869565,0.9234760051880675
22,64,296,0.6848409982939131,0.10077519379844961,0.07027027027027027,0.1780821917808219,0.9247730220492867
22,64,346,0.6714225781490355,0.12396694214876033,0.08108108108108109,0.2631578947368421,0.9312581063553826
22,64,396,0.6957030849407532,0.09322033898305085,0.05945945945945946,0.21568627450980393,0.930609597924773
22,64,446,0.6690023586884573,0.09824561403508772,0.07567567567567568,0.14,0.9166666666666666
22,64,496,0.704201821690611,0.1625441696113074,0.12432432432432433,0.23469387755102042,0.9231517509727627
22,64,546,0.72039566299656,0.18620689655172415,0.14594594594594595,0.2571428571428571,0.9234760051880675
22,64,596,0.7275985195267707,0.2,0.15675675675675677,0.2761904761904762,0.9247730220492867
22,64,646,0.7119491343706591,0.19014084507042253,0.14594594594594595,0.2727272727272727,0.9254215304798963
22,64,696,0.7030028994154555,0.1349206349206349,0.0918918918918919,0.2537313432835821,0.9293125810635539
22,64,746,0.7079011401881358,0.13385826771653545,0.0918918918918919,0.2463768115942029,0.9286640726329443
22,64,796,0.7261758481489423,0.140625,0.0972972972972973,0.2535211267605634,0.9286640726329443
22,64,846,0.7281131424629184,0.1791044776119403,0.12972972972972974,0.2891566265060241,0.9286640726329443
22,64,896,0.7328976441084064,0.16923076923076924,0.11891891891891893,0.29333333333333333,0.9299610894941635
22,64,946,0.7299012707084456,0.13333333333333333,0.0918918918918919,0.24285714285714285,0.9283398184176395
22,64,996,0.7125886838891323,0.16216216216216217,0.11351351351351352,0.28378378378378377,0.9296368352788587
22,64,1046,0.7208972339017181,0.12403100775193798,0.08648648648648649,0.2191780821917808,0.9267185473411155
22,64,1096,0.7278968516636679,0.14342629482071714,0.0972972972972973,0.2727272727272727,0.9302853437094682
22,64,1146,0.7388344536326599,0.11904761904761904,0.08108108108108109,0.22388059701492538,0.9280155642023347
22,64,1196,0.7344452420685604,0.12396694214876033,0.08108108108108109,0.2631578947368421,0.9312581063553826
22,64,1246,0.7288421916224607,0.12552301255230125,0.08108108108108109,0.2777777777777778,0.932230869001297
22,64,1296,0.7467663593224132,0.12195121951219512,0.08108108108108109,0.2459016393442623,0.9299610894941635
22,64,1346,0.7418867643082889,0.13991769547325103,0.0918918918918919,0.29310344827586204,0.932230869001297
22,64,1396,0.7504712715475047,0.10699588477366255,0.07027027027027027,0.22413793103448276,0.9296368352788587
22,64,1446,0.7524514511061596,0.13934426229508196,0.0918918918918919,0.288135593220339,0.9319066147859922
22,64,1496,0.7454779374061885,0.11067193675889328,0.07567567567567568,0.20588235294117646,0.9270428015564203
22,64,1546,0.749511014981867,0.15384615384615385,0.10810810810810811,0.26666666666666666,0.9286640726329443
22,64,1596,0.7499361382769456,0.14559386973180077,0.10270270270270271,0.25,0.9276913099870299
22,64,1646,0.7637582390945619,0.16417910447761194,0.11891891891891893,0.26506024096385544,0.9273670557717251
22,64,1696,0.7768214575389464,0.19157088122605365,0.13513513513513514,0.32894736842105265,0.9315823605706874
22,64,1746,0.7628520552287369,0.1450381679389313,0.10270270270270271,0.24675324675324675,0.9273670557717251
22,64,1796,0.7727436301427333,0.12598425196850394,0.08648648648648649,0.2318840579710145,0.9280155642023347
22,64,1846,0.7851318721273878,0.15019762845849802,0.10270270270270271,0.27941176470588236,0.9302853437094682
22,64,1896,0.7870113645898399,0.1285140562248996,0.08648648648648649,0.25,0.9296368352788587
22,64,1946,0.7922377707131072,0.13953488372093023,0.0972972972972973,0.2465753424657534,0.9280155642023347
22,64,1996,0.7815518864846218,0.125,0.08648648648648649,0.22535211267605634,0.9273670557717251
22,64,2046,0.7888181385939234,0.11244979919678715,0.07567567567567568,0.21875,0.9283398184176395
22,64,2096,0.787969756579622,0.13229571984435798,0.0918918918918919,0.2361111111111111,0.9276913099870299
22,64,2146,0.7912812432991807,0.12244897959183673,0.08108108108108109,0.25,0.9302853437094682
22,64,2196,0.788488108667481,0.1245136186770428,0.08648648648648649,0.2222222222222222,0.9270428015564203
22,64,2246,0.7910705462274968,0.13229571984435798,0.0918918918918919,0.2361111111111111,0.9276913099870299
22,64,2296,0.7929966530863393,0.0995850622406639,0.06486486486486487,0.21428571428571427,0.9296368352788587
22,64,2346,0.7875576853155328,0.09795918367346938,0.06486486486486487,0.2,0.9283398184176395
22,64,2396,0.7953870393332277,0.09917355371900827,0.06486486486486487,0.21052631578947367,0.9293125810635539
22,64,2446,0.8017974511248054,0.09795918367346938,0.06486486486486487,0.2,0.9283398184176395
22,64,2496,0.7992933257507248,0.13168724279835392,0.08648648648648649,0.27586206896551724,0.9315823605706874
22,64,2546,0.7982137363303282,0.0975609756097561,0.06486486486486487,0.19672131147540983,0.9280155642023347
22,64,2596,0.7957152046838146,0.104,0.07027027027027027,0.2,0.9273670557717251
22,64,2646,0.7967537734353878,0.10317460317460317,0.07027027027027027,0.19402985074626866,0.9267185473411155
22,64,2696,0.800294602985186,0.10612244897959183,0.07027027027027027,0.21666666666666667,0.9289883268482491
22,64,2746,0.7980813514445801,0.128,0.08648648648648649,0.24615384615384617,0.9293125810635539
22,64,2796,0.8079319056897534,0.10810810810810811,0.07567567567567568,0.1891891891891892,0.9250972762645915
22,64,2846,0.8022766471196964,0.14173228346456693,0.0972972972972973,0.2608695652173913,0.9293125810635539
22,64,2896,0.8105590930703038,0.11583011583011583,0.08108108108108109,0.20270270270270271,0.9257457846952011
22,64,2946,0.8055993212943886,0.1349206349206349,0.0918918918918919,0.2537313432835821,0.9293125810635539
22,64,2996,0.812533678901392,0.11244979919678715,0.07567567567567568,0.21875,0.9283398184176395
22,64,3046,0.8032872472334357,0.15261044176706828,0.10270270270270271,0.296875,0.9315823605706874
22,64,3096,0.7991889095028109,0.12244897959183673,0.08108108108108109,0.25,0.9302853437094682
22,64,3146,0.8067385771421646,0.13008130081300814,0.08648648648648649,0.26229508196721313,0.930609597924773
22,64,3196,0.8014189422261172,0.11570247933884298,0.07567567567567568,0.24561403508771928,0.930609597924773
22,64,3246,0.8080363219376674,0.10699588477366255,0.07027027027027027,0.22413793103448276,0.9296368352788587
22,64,3296,0.7992336593233454,0.128,0.08648648648648649,0.24615384615384617,0.9293125810635539
22,64,3346,0.8038149222005724,0.11522633744855967,0.07567567567567568,0.2413793103448276,0.9302853437094682
22,64,3396,0.8027838117524216,0.11666666666666667,0.07567567567567568,0.2545454545454545,0.9312581063553826
22,64,3446,0.8030318003412173,0.1322314049586777,0.08648648648648649,0.2807017543859649,0.9319066147859922
22,64,3496,0.8041076606099029,0.12658227848101267,0.08108108108108109,0.28846153846153844,0.9328793774319066
22,64,3546,0.8031418103166983,0.1276595744680851,0.08108108108108109,0.3,0.9335278858625162
22,64,3596,0.8077323960732032,0.1322314049586777,0.08648648648648649,0.2807017543859649,0.9319066147859922
22,64,3646,0.8003896963538218,0.12448132780082988,0.08108108108108109,0.26785714285714285,0.9315823605706874
22,64,3696,0.804077827396213,0.12605042016806722,0.08108108108108109,0.2830188679245283,0.9325551232166018
22,64,3746,0.8020267939550451,0.1038961038961039,0.06486486486486487,0.2608695652173913,0.9328793774319066
22,64,3796,0.8024295423398562,0.10300429184549356,0.06486486486486487,0.25,0.932230869001297
22,64,3846,0.8010665373894074,0.10212765957446808,0.06486486486486487,0.24,0.9315823605706874
22,64,3896,0.7998116778385835,0.10434782608695652,0.06486486486486487,0.26666666666666666,0.9332036316472114
22,64,3946,0.7967668254663771,0.1206896551724138,0.07567567567567568,0.2978723404255319,0.933852140077821
22,64,3996,0.8008371945591677,0.14345991561181434,0.0918918918918919,0.3269230769230769,0.9341763942931258
22,64,4046,0.8002368011336621,0.1506276150627615,0.0972972972972973,0.3333333333333333,0.9341763942931258
22,64,4096,0.8005910705462275,0.12017167381974249,0.07567567567567568,0.2916666666666667,0.9335278858625162
22,64,4146,0.8057522165145483,0.11504424778761062,0.07027027027027027,0.3170731707317073,0.9351491569390402
22,64,4196,0.8043873469882438,0.12931034482758622,0.08108108108108109,0.3191489361702128,0.9345006485084306
22,64,4246,0.8017582950318376,0.08620689655172414,0.05405405405405406,0.2127659574468085,0.9312581063553826
22,64,4296,0.802692447535497,0.09734513274336283,0.05945945945945946,0.2682926829268293,0.933852140077821
22,64,4346,0.8012157034578559,0.12017167381974249,0.07567567567567568,0.2916666666666667,0.9335278858625162
22,64,4396,0.7951651548064104,0.11555555555555555,0.07027027027027027,0.325,0.935473411154345
22,64,4446,0.8028509364832235,0.10526315789473684,0.06486486486486487,0.27906976744186046,0.933852140077821
22,64,4496,0.7971266886065091,0.10810810810810811,0.06486486486486487,0.32432432432432434,0.9357976653696498
22,64,4546,0.795077519741197,0.11607142857142858,0.07027027027027027,0.3333333333333333,0.9357976653696498
22,64,4596,0.7943111790645423,0.11403508771929824,0.07027027027027027,0.3023255813953488,0.9345006485084306
22,64,4646,0.7932707457371135,0.12389380530973451,0.07567567567567568,0.34146341463414637,0.9357976653696498
22,64,4696,0.7887379618321322,0.12389380530973451,0.07567567567567568,0.34146341463414637,0.9357976653696498
22,64,4746,0.792556613184416,0.11353711790393013,0.07027027027027027,0.29545454545454547,0.9341763942931258
22,64,4796,0.8026271873805506,0.10480349344978165,0.06486486486486487,0.2727272727272727,0.9335278858625162
22,64,4846,0.7981727156615049,0.13333333333333333,0.08108108108108109,0.375,0.9367704280155642
22,64,4896,0.7972721255232466,0.13973799126637554,0.08648648648648649,0.36363636363636365,0.9361219195849546
22,64,4946,0.7920923337963698,0.12017167381974249,0.07567567567567568,0.2916666666666667,0.9335278858625162
22,64,4996,0.8051760625751657,0.12987012987012986,0.08108108108108109,0.32608695652173914,0.9348249027237354
22,64,5046,0.80689333693818,0.10434782608695652,0.06486486486486487,0.26666666666666666,0.9332036316472114
22,64,5096,0.7980869451721471,0.09649122807017543,0.05945945945945946,0.2558139534883721,0.9332036316472114
22,64,5146,0.8010124646895947,0.12444444444444444,0.07567567567567568,0.35,0.9361219195849546
22,64,5196,0.7903247158852541,0.13675213675213677,0.08648648648648649,0.32653061224489793,0.9345006485084306
22,64,5246,0.8060822464409909,0.12556053811659193,0.07567567567567568,0.3684210526315789,0.9367704280155642
22,64,5296,0.8057130604215805,0.12987012987012986,0.08108108108108109,0.32608695652173914,0.9348249027237354
22,64,5346,0.7967444505561098,0.10480349344978165,0.06486486486486487,0.2727272727272727,0.9335278858625162
22,64,5396,0.8069585970931262,0.12444444444444444,0.07567567567567568,0.35,0.9361219195849546
22,64,5446,0.8018160968833615,0.13100436681222707,0.08108108108108109,0.3409090909090909,0.935473411154345
22,64,5496,0.8052860725506465,0.09433962264150944,0.05405405405405406,0.37037037037037035,0.9377431906614786
22,64,5546,0.8111072783718524,0.125,0.07567567567567568,0.358974358974359,0.9364461738002594
22,64,5596,0.8076261152494336,0.11926605504587157,0.07027027027027027,0.3939393939393939,0.9377431906614786
22,64,5646,0.80328538265758,0.12093023255813953,0.07027027027027027,0.43333333333333335,0.938715953307393
22,64,5696,0.8090786198409516,0.13023255813953488,0.07567567567567568,0.4666666666666667,0.9393644617380026
22,64,5746,0.809850554245173,0.09216589861751152,0.05405405405405406,0.3125,0.9361219195849546
22,64,5796,0.8057839143040938,0.09389671361502347,0.05405405405405406,0.35714285714285715,0.9374189364461738
22,64,5846,0.8118456504106729,0.11926605504587157,0.07027027027027027,0.3939393939393939,0.9377431906614786
22,64,5896,0.8112023717404884,0.1085972850678733,0.06486486486486487,0.3333333333333333,0.9361219195849546
22,64,5946,0.8039398487828983,0.10232558139534884,0.05945945945945946,0.36666666666666664,0.9374189364461738
22,64,5996,0.801903731948575,0.11764705882352941,0.07027027027027027,0.3611111111111111,0.9367704280155642
22,64,6046,0.8099717516757876,0.11059907834101383,0.06486486486486487,0.375,0.9374189364461738
22,64,6096,0.8069362221828591,0.11059907834101383,0.06486486486486487,0.375,0.9374189364461738
22,64,6146,0.805108937844364,0.12037037037037036,0.07027027027027027,0.41935483870967744,0.9383916990920882
22,64,6196,0.8042959827713192,0.11162790697674418,0.06486486486486487,0.4,0.9380674448767834
22,64,6246,0.8062388708128618,0.10909090909090909,0.06486486486486487,0.34285714285714286,0.9364461738002594
22,64,6296,0.8042866598920411,0.102803738317757,0.05945945945945946,0.3793103448275862,0.9377431906614786
22,64,6346,0.8109860809412379,0.08490566037735849,0.04864864864864865,0.3333333333333333,0.937094682230869
22,64,6396,0.8079803846619991,0.102803738317757,0.05945945945945946,0.3793103448275862,0.9377431906614786
22,64,6446,0.8157071870076356,0.10377358490566038,0.05945945945945946,0.4074074074074074,0.9383916990920882
22,64,6496,0.8140085584031773,0.09259259259259259,0.05405405405405406,0.3225806451612903,0.9364461738002594
22,64,6546,0.8126586054837177,0.0761904761904762,0.043243243243243246,0.32,0.937094682230869
22,64,6596,0.8112956005332687,0.09259259259259259,0.05405405405405406,0.3225806451612903,0.9364461738002594
22,64,6646,0.8136542889906119,0.10476190476190476,0.05945945945945946,0.44,0.9390402075226978
22,64,6696,0.8116256304597113,0.08411214953271028,0.04864864864864865,0.3103448275862069,0.9364461738002594
22,64,6746,0.8182840308400847,0.10232558139534884,0.05945945945945946,0.36666666666666664,0.9374189364461738
22,64,6796,0.8179372197309417,0.09433962264150944,0.05405405405405406,0.37037037037037035,0.9377431906614786
22,64,6846,0.8199267221688747,0.09345794392523364,0.05405405405405406,0.3448275862068966,0.937094682230869
22,64,6896,0.8184518426670894,0.11320754716981132,0.06486486486486487,0.4444444444444444,0.9390402075226978
22,64,6946,0.8113571315365037,0.09615384615384616,0.05405405405405406,0.43478260869565216,0.9390402075226978
22,64,6996,0.8084204245639223,0.0966183574879227,0.05405405405405406,0.45454545454545453,0.9393644617380026
22,64,7046,0.8125224914462584,0.11267605633802817,0.06486486486486487,0.42857142857142855,0.938715953307393
22,64,7096,0.8217558710832253,0.12093023255813953,0.07027027027027027,0.43333333333333335,0.938715953307393
22,64,7146,0.8173703886708372,0.10526315789473684,0.05945945945945946,0.4583333333333333,0.9393644617380026
22,64,7196,0.8110401536410505,0.10377358490566038,0.05945945945945946,0.4074074074074074,0.9383916990920882
22,64,7246,0.8159756859308428,0.08695652173913043,0.04864864864864865,0.4090909090909091,0.938715953307393
22,64,7296,0.8149147422690024,0.11428571428571428,0.06486486486486487,0.48,0.9396887159533074
22,64,7346,0.8156549788836784,0.10576923076923077,0.05945945945945946,0.4782608695652174,0.9396887159533074
22,64,7396,0.8055676235048433,0.10576923076923077,0.05945945945945946,0.4782608695652174,0.9396887159533074
22,64,7446,0.8103521251503314,0.08653846153846154,0.04864864864864865,0.391304347826087,0.9383916990920882
22,64,7496,0.8060747881375684,0.09345794392523364,0.05405405405405406,0.3448275862068966,0.937094682230869
22,64,7546,0.8173424200330031,0.10476190476190476,0.05945945945945946,0.44,0.9390402075226978
22,64,7596,0.8183343743881861,0.12206572769953052,0.07027027027027027,0.4642857142857143,0.9393644617380026
22,64,7646,0.81719511854041,0.11320754716981132,0.06486486486486487,0.4444444444444444,0.9390402075226978
22,64,7696,0.8172864827573347,0.10526315789473684,0.05945945945945946,0.4583333333333333,0.9393644617380026
22,64,7746,0.8156549788836783,0.11009174311926606,0.06486486486486487,0.36363636363636365,0.937094682230869
22,64,7796,0.8137624343902371,0.10328638497652583,0.05945945945945946,0.39285714285714285,0.9380674448767834
22,64,7846,0.8096995236008688,0.09615384615384616,0.05405405405405406,0.43478260869565216,0.9390402075226978
22,64,7896,0.8136710701733122,0.11594202898550725,0.06486486486486487,0.5454545454545454,0.9406614785992218
22,64,7946,0.8146182747079609,0.09615384615384616,0.05405405405405406,0.43478260869565216,0.9390402075226978
22,64,7996,0.803982734027577,0.11320754716981132,0.06486486486486487,0.4444444444444444,0.9390402075226978
23,65,246,0.6350987759059508,0.075,0.04864864864864865,0.16363636363636364,0.9280155642023347
23,65,296,0.6760448616950859,0.09056603773584905,0.06486486486486487,0.15,0.9218547341115434
23,65,346,0.6977764932921884,0.04743083003952569,0.032432432432432434,0.08823529411764706,0.9218547341115434
23,65,396,0.7208580778087504,0.0933852140077821,0.06486486486486487,0.16666666666666666,0.9244487678339819
23,65,446,0.7290491595424331,0.07751937984496124,0.05405405405405406,0.136986301369863,0.9228274967574579
23,65,496,0.7322506362865108,0.11235955056179775,0.08108108108108109,0.18292682926829268,0.9231517509727627
23,65,546,0.7352768429001614,0.12096774193548387,0.08108108108108109,0.23809523809523808,0.9293125810635539
23,65,596,0.7305053932856624,0.08298755186721991,0.05405405405405406,0.17857142857142858,0.9283398184176395
23,65,646,0.7460746016799829,0.08547008547008547,0.05405405405405406,0.20408163265306123,0.930609597924773
23,65,696,0.7515471318161903,0.09482758620689655,0.05945945945945946,0.23404255319148937,0.9319066147859922
23,65,746,0.7479913856595473,0.0851063829787234,0.05405405405405406,0.2,0.9302853437094682
23,65,796,0.712670725226779,0.06222222222222222,0.03783783783783784,0.175,0.9315823605706874
23,65,846,0.7284767347547617,0.06751054852320675,0.043243243243243246,0.15384615384615385,0.9283398184176395
23,65,896,0.74060020696792,0.07171314741035857,0.04864864864864865,0.13636363636363635,0.9244487678339819
23,65,946,0.7250421860287333,0.07905138339920949,0.05405405405405406,0.14705882352941177,0.9244487678339819
23,65,996,0.7426810736227777,0.0881057268722467,0.05405405405405406,0.23809523809523808,0.9328793774319066
23,65,1046,0.7278502372672777,0.10699588477366255,0.07027027027027027,0.22413793103448276,0.9296368352788587
23,65,1096,0.745000605987153,0.09885931558935361,0.07027027027027027,0.16666666666666666,0.9231517509727627
23,65,1146,0.7312213904142154,0.11673151750972763,0.08108108108108109,0.20833333333333334,0.9263942931258107
23,65,1196,0.7386162982575539,0.10038610038610038,0.07027027027027027,0.17567567567567569,0.9244487678339819
23,65,1246,0.7307850796640035,0.10077519379844961,0.07027027027027027,0.1780821917808219,0.9247730220492867
23,65,1296,0.7376168855989483,0.09961685823754789,0.07027027027027027,0.17105263157894737,0.9238002594033723
23,65,1346,0.7459571334010795,0.11235955056179775,0.08108108108108109,0.18292682926829268,0.9231517509727627
23,65,1396,0.7406095298471979,0.09848484848484848,0.07027027027027027,0.16455696202531644,0.9228274967574579
23,65,1446,0.7470777434902994,0.08365019011406843,0.05945945945945946,0.14102564102564102,0.9218547341115434
23,65,1496,0.7445325974473956,0.06299212598425197,0.043243243243243246,0.11594202898550725,0.9228274967574579
23,65,1546,0.7576629406225819,0.08870967741935484,0.05945945945945946,0.1746031746031746,0.9267185473411155
23,65,1596,0.7561507696036843,0.07874015748031496,0.05405405405405406,0.14492753623188406,0.9241245136186771
23,65,1646,0.7519815779905465,0.06639004149377593,0.043243243243243246,0.14285714285714285,0.9270428015564203
23,65,1696,0.72969989651604,0.058091286307053944,0.03783783783783784,0.125,0.9263942931258107
23,65,1746,0.7563651958270792,0.11904761904761904,0.08108108108108109,0.22388059701492538,0.9280155642023347
23,65,1796,0.7683152624856661,0.06611570247933884,0.043243243243243246,0.14035087719298245,0.9267185473411155
23,65,1846,0.7675974007812573,0.10441767068273092,0.07027027027027027,0.203125,0.9276913099870299
23,65,1896,0.7705005453884377,0.08658008658008658,0.05405405405405406,0.21739130434782608,0.9315823605706874
23,65,1946,0.7728238069045243,0.09917355371900827,0.06486486486486487,0.21052631578947367,0.9293125810635539
23,65,1996,0.7669168305939607,0.10212765957446808,0.06486486486486487,0.24,0.9315823605706874
23,65,2046,0.7699057456904991,0.07792207792207792,0.04864864864864865,0.1956521739130435,0.9309338521400778
23,65,2096,0.7541948295311524,0.09565217391304348,0.05945945945945946,0.24444444444444444,0.9325551232166018
23,65,2146,0.7642821849099876,0.09322033898305085,0.05945945945945946,0.21568627450980393,0.930609597924773
23,65,2196,0.7589644145697958,0.08620689655172414,0.05405405405405406,0.2127659574468085,0.9312581063553826
23,65,2246,0.7707373465220999,0.08071748878923767,0.04864864864864865,0.23684210526315788,0.9335278858625162
23,65,2296,0.7594025898958635,0.0611353711790393,0.03783783783783784,0.1590909090909091,0.9302853437094682
23,65,2346,0.7809999720313622,0.10344827586206896,0.06486486486486487,0.2553191489361702,0.9325551232166018
23,65,2396,0.7678099624287966,0.09606986899563319,0.05945945945945946,0.25,0.9328793774319066
23,65,2446,0.7625816917296737,0.1092436974789916,0.07027027027027027,0.24528301886792453,0.9312581063553826
23,65,2496,0.775546087653711,0.11914893617021277,0.07567567567567568,0.28,0.9328793774319066
23,65,2546,0.7751974119687124,0.09322033898305085,0.05945945945945946,0.21568627450980393,0.930609597924773
23,65,2596,0.7665886652433738,0.13333333333333333,0.08648648648648649,0.2909090909090909,0.9325551232166018
23,65,2646,0.7723427463337778,0.12448132780082988,0.08108108108108109,0.26785714285714285,0.9315823605706874
23,65,2696,0.7674034848922742,0.12280701754385964,0.07567567567567568,0.32558139534883723,0.9351491569390402
23,65,2746,0.7687981876322684,0.11715481171548117,0.07567567567567568,0.25925925925925924,0.9315823605706874
23,65,2796,0.7655109403988327,0.10212765957446808,0.06486486486486487,0.24,0.9315823605706874
23,65,2846,0.7658260537184305,0.09649122807017543,0.05945945945945946,0.2558139534883721,0.9332036316472114
23,65,2896,0.7722140905997408,0.10344827586206896,0.06486486486486487,0.2553191489361702,0.9325551232166018
23,65,2946,0.7793125308820377,0.09565217391304348,0.05945945945945946,0.24444444444444444,0.9325551232166018
23,65,2996,0.774938235924783,0.11666666666666667,0.07567567567567568,0.2545454545454545,0.9312581063553826
23,65,3046,0.7722290072065858,0.12334801762114538,0.07567567567567568,0.3333333333333333,0.935473411154345
23,65,3096,0.7722029031446073,0.1206896551724138,0.07567567567567568,0.2978723404255319,0.933852140077821
23,65,3146,0.7786990854255428,0.12612612612612611,0.07567567567567568,0.3783783783783784,0.937094682230869
23,65,3196,0.7853537566542051,0.12727272727272726,0.07567567567567568,0.4,0.9377431906614786
23,65,3246,0.7815313761502102,0.11353711790393013,0.07027027027027027,0.29545454545454547,0.9341763942931258
23,65,3296,0.7809757325452393,0.11504424778761062,0.07027027027027027,0.3170731707317073,0.9351491569390402
23,65,3346,0.7851952677064785,0.10666666666666667,0.06486486486486487,0.3,0.9348249027237354
23,65,3396,0.7823965393472119,0.12334801762114538,0.07567567567567568,0.3333333333333333,0.935473411154345
23,65,3446,0.7866962512702423,0.10526315789473684,0.06486486486486487,0.27906976744186046,0.933852140077821
23,65,3496,0.7831386405377436,0.12334801762114538,0.07567567567567568,0.3333333333333333,0.935473411154345
23,65,3546,0.7869908542554284,0.11403508771929824,0.07027027027027027,0.3023255813953488,0.9345006485084306
23,65,3596,0.7847533632286997,0.10810810810810811,0.06486486486486487,0.32432432432432434,0.9357976653696498
23,65,3646,0.7768289158423688,0.09009009009009009,0.05405405405405406,0.2702702702702703,0.9345006485084306
23,65,3696,0.7722140905997409,0.125,0.07567567567567568,0.358974358974359,0.9364461738002594
23,65,3746,0.7717572695151171,0.10762331838565023,0.06486486486486487,0.3157894736842105,0.935473411154345
23,65,3796,0.7769016343007373,0.14096916299559473,0.08648648648648649,0.38095238095238093,0.9367704280155642
23,65,3846,0.7769314675144271,0.13215859030837004,0.08108108108108109,0.35714285714285715,0.9361219195849546
23,65,3896,0.7861443368169827,0.11403508771929824,0.07027027027027027,0.3023255813953488,0.9345006485084306
23,65,3946,0.7856483596393911,0.10714285714285714,0.06486486486486487,0.3076923076923077,0.9351491569390402
23,65,3996,0.7830491408966747,0.11555555555555555,0.07027027027027027,0.325,0.935473411154345
23,65,4046,0.7884470879986574,0.08968609865470852,0.05405405405405406,0.2631578947368421,0.9341763942931258
23,65,4096,0.7883389425990323,0.08888888888888889,0.05405405405405406,0.25,0.9335278858625162
23,65,4146,0.7872108742063899,0.12669683257918551,0.07567567567567568,0.3888888888888889,0.9374189364461738
23,65,4196,0.7815388344536327,0.08035714285714286,0.04864864864864865,0.23076923076923078,0.9332036316472114
23,65,4246,0.7884675983330692,0.11659192825112108,0.07027027027027027,0.34210526315789475,0.9361219195849546
23,65,4296,0.7864818250468476,0.09954751131221719,0.05945945945945946,0.3055555555555556,0.935473411154345
23,65,4346,0.7923496452644435,0.1085972850678733,0.06486486486486487,0.3333333333333333,0.9361219195849546
23,65,4396,0.7917380643838043,0.11059907834101383,0.06486486486486487,0.375,0.9374189364461738
23,65,4446,0.7874886960088753,0.11711711711711711,0.07027027027027027,0.35135135135135137,0.9364461738002594
23,65,4496,0.7892693659509803,0.1,0.05945945945945946,0.3142857142857143,0.9357976653696498
23,65,4546,0.7875278521018433,0.08256880733944955,0.04864864864864865,0.2727272727272727,0.9351491569390402
23,65,4596,0.7936865461529138,0.1,0.05945945945945946,0.3142857142857143,0.9357976653696498
23,65,4646,0.7907927244250115,0.09691629955947137,0.05945945945945946,0.2619047619047619,0.9335278858625162
23,65,4696,0.7958494541454182,0.13452914798206278,0.08108108108108109,0.39473684210526316,0.9374189364461738
23,65,4746,0.795304997995581,0.12556053811659193,0.07567567567567568,0.3684210526315789,0.9367704280155642
23,65,4796,0.7913912532746613,0.13333333333333333,0.08108108108108109,0.375,0.9367704280155642
23,65,4846,0.7876788827461473,0.10091743119266056,0.05945945945945946,0.3333333333333333,0.9364461738002594
23,65,4896,0.787604299711923,0.09302325581395349,0.05405405405405406,0.3333333333333333,0.9367704280155642
23,65,4946,0.7945050949535255,0.09174311926605505,0.05405405405405406,0.30303030303030304,0.9357976653696498
23,65,4996,0.7923291349300318,0.10909090909090909,0.06486486486486487,0.34285714285714286,0.9364461738002594
23,65,5046,0.7966083365186505,0.13392857142857142,0.08108108108108109,0.38461538461538464,0.937094682230869
23,65,5096,0.8002890092576193,0.11059907834101383,0.06486486486486487,0.375,0.9374189364461738
23,65,5146,0.8040162963929779,0.11009174311926606,0.06486486486486487,0.36363636363636365,0.937094682230869
23,65,5196,0.8026309165322618,0.07441860465116279,0.043243243243243246,0.26666666666666666,0.935473411154345
23,65,5246,0.794184387906361,0.07655502392344497,0.043243243243243246,0.3333333333333333,0.9374189364461738
23,65,5296,0.8005332686947036,0.11059907834101383,0.06486486486486487,0.375,0.9374189364461738
23,65,5346,0.7994816479121412,0.11981566820276497,0.07027027027027027,0.40625,0.9380674448767834
23,65,5396,0.8046782208217186,0.0947867298578199,0.05405405405405406,0.38461538461538464,0.9380674448767834
23,65,5446,0.8036694852838351,0.07547169811320754,0.043243243243243246,0.2962962962962963,0.9364461738002594
23,65,5496,0.801713545211303,0.06763285024154589,0.03783783783783784,0.3181818181818182,0.9374189364461738
23,65,5546,0.8035762564910547,0.09433962264150944,0.05405405405405406,0.37037037037037035,0.9377431906614786
23,65,5596,0.8048012828281886,0.07441860465116279,0.043243243243243246,0.26666666666666666,0.935473411154345
23,65,5646,0.8040349421515341,0.08411214953271028,0.04864864864864865,0.3103448275862069,0.9364461738002594
23,65,5696,0.8077752813178823,0.08530805687203792,0.04864864864864865,0.34615384615384615,0.9374189364461738
23,65,5746,0.7951166758341647,0.07692307692307693,0.043243243243243246,0.34782608695652173,0.9377431906614786
23,65,5796,0.8014375879846731,0.09302325581395349,0.05405405405405406,0.3333333333333333,0.9367704280155642
23,65,5846,0.8037328808629258,0.07655502392344497,0.043243243243243246,0.3333333333333333,0.9374189364461738
23,65,5896,0.7997315010767926,0.08571428571428572,0.04864864864864865,0.36,0.9377431906614786
23,65,5946,0.801129932968498,0.08372093023255814,0.04864864864864865,0.3,0.9361219195849546
23,65,5996,0.8046129606667725,0.0673076923076923,0.03783783783783784,0.30434782608695654,0.937094682230869
23,65,6046,0.8041002023064804,0.09389671361502347,0.05405405405405406,0.35714285714285715,0.9374189364461738
23,65,6096,0.802720416173331,0.07547169811320754,0.043243243243243246,0.2962962962962963,0.9364461738002594
23,65,6146,0.7987339529940427,0.07655502392344497,0.043243243243243246,0.3333333333333333,0.9374189364461738
23,65,6196,0.8003524048367098,0.09523809523809523,0.05405405405405406,0.4,0.9383916990920882
23,65,6246,0.8038111930488612,0.07960199004975124,0.043243243243243246,0.5,0.9400129701686122
23,65,6296,0.800236801133662,0.06862745098039216,0.03783783783783784,0.3684210526315789,0.9383916990920882
23,65,6346,0.7966344405806289,0.06635071090047394,0.03783783783783784,0.2692307692307692,0.9361219195849546
23,65,6396,0.7978669252211853,0.0673076923076923,0.03783783783783784,0.30434782608695654,0.937094682230869
23,65,6446,0.8017527013042708,0.06829268292682927,0.03783783783783784,0.35,0.9380674448767834
23,65,6496,0.8027185515974754,0.06763285024154589,0.03783783783783784,0.3181818181818182,0.9374189364461738
23,65,6546,0.7956350279220233,0.058823529411764705,0.032432432432432434,0.3157894736842105,0.9377431906614786
23,65,6596,0.8025954895910052,0.06930693069306931,0.03783783783783784,0.4117647058823529,0.9390402075226978
23,65,6646,0.8018962736451526,0.07729468599033816,0.043243243243243246,0.36363636363636365,0.9380674448767834
23,65,6696,0.8052804788230797,0.06862745098039216,0.03783783783783784,0.3684210526315789,0.9383916990920882
23,65,6746,0.8065260154946252,0.07655502392344497,0.043243243243243246,0.3333333333333333,0.9374189364461738
23,65,6796,0.8048199285867448,0.07655502392344497,0.043243243243243246,0.3333333333333333,0.9374189364461738
23,65,6846,0.8027931346316995,0.07655502392344497,0.043243243243243246,0.3333333333333333,0.9374189364461738
23,65,6896,0.8062910789368188,0.06862745098039216,0.03783783783783784,0.3684210526315789,0.9383916990920882
23,65,6946,0.8104826454602239,0.08571428571428572,0.04864864864864865,0.36,0.9377431906614786
23,65,6996,0.8039044218416417,0.08737864077669903,0.04864864864864865,0.42857142857142855,0.9390402075226978
23,65,7046,0.8121551700027037,0.07766990291262135,0.043243243243243246,0.38095238095238093,0.9383916990920882
23,65,7096,0.8065297446463366,0.08653846153846154,0.04864864864864865,0.391304347826087,0.9383916990920882
23,65,7146,0.8091494737234648,0.08490566037735849,0.04864864864864865,0.3333333333333333,0.937094682230869
23,65,7196,0.8080195407549667,0.08737864077669903,0.04864864864864865,0.42857142857142855,0.9390402075226978
23,65,7246,0.8094422121327951,0.08653846153846154,0.04864864864864865,0.391304347826087,0.9383916990920882
23,65,7296,0.8129904999860157,0.09615384615384616,0.05405405405405406,0.43478260869565216,0.9390402075226978
23,65,7346,0.8073799912364935,0.09615384615384616,0.05405405405405406,0.43478260869565216,0.9390402075226978
23,65,7396,0.8127835320660433,0.09615384615384616,0.05405405405405406,0.43478260869565216,0.9390402075226978
23,65,7446,0.8060076634067667,0.0784313725490196,0.043243243243243246,0.42105263157894735,0.9390402075226978
23,65,7496,0.8015475979601541,0.06896551724137931,0.03783783783783784,0.3888888888888889,0.938715953307393
23,65,7546,0.8126008036321938,0.0784313725490196,0.043243243243243246,0.42105263157894735,0.9390402075226978
23,65,7596,0.8079710617827209,0.059113300492610835,0.032432432432432434,0.3333333333333333,0.9380674448767834
23,65,7646,0.8034401424535955,0.0784313725490196,0.043243243243243246,0.42105263157894735,0.9390402075226978
23,65,7696,0.8034904860016968,0.07881773399014778,0.043243243243243246,0.4444444444444444,0.9393644617380026
23,65,7746,0.8073203248091141,0.059113300492610835,0.032432432432432434,0.3333333333333333,0.9380674448767834
23,65,7796,0.8073501580228037,0.06829268292682927,0.03783783783783784,0.35,0.9380674448767834
23,65,7846,0.8117337758593365,0.0784313725490196,0.043243243243243246,0.42105263157894735,0.9390402075226978
23,65,7896,0.8182001249265822,0.07804878048780488,0.043243243243243246,0.4,0.938715953307393
23,65,7946,0.809313556398758,0.08571428571428572,0.04864864864864865,0.36,0.9377431906614786
23,65,7996,0.8103726354847431,0.07766990291262135,0.043243243243243246,0.38095238095238093,0.9383916990920882
24,66,246,0.6396483409936324,0.08461538461538462,0.05945945945945946,0.14666666666666667,0.9228274967574579
24,66,296,0.6733123257786935,0.07801418439716312,0.05945945945945946,0.1134020618556701,0.9156939040207522
24,66,346,0.6692652638840979,0.05982905982905983,0.03783783783783784,0.14285714285714285,0.9286640726329443
24,66,396,0.6702870514529707,0.045662100456621,0.02702702702702703,0.14705882352941177,0.932230869001297
24,66,446,0.6730895089639484,0.10569105691056911,0.07027027027027027,0.21311475409836064,0.9286640726329443
24,66,496,0.6948565675023075,0.10566037735849057,0.07567567567567568,0.175,0.9231517509727627
24,66,546,0.6996783606649077,0.07722007722007722,0.05405405405405406,0.13513513513513514,0.9225032425421531
24,66,596,0.7007859187231384,0.0962962962962963,0.07027027027027027,0.15294117647058825,0.920881971465629
24,66,646,0.7082927011178132,0.10108303249097472,0.07567567567567568,0.15217391304347827,0.919260700389105
24,66,696,0.7198045924503323,0.08727272727272728,0.06486486486486487,0.13333333333333333,0.9186121919584954
24,66,746,0.7251876229454705,0.08664259927797834,0.06486486486486487,0.13043478260869565,0.9179636835278858
24,66,796,0.7208618069604616,0.07168458781362007,0.05405405405405406,0.10638297872340426,0.916018158236057
24,66,846,0.7347435742054576,0.08088235294117647,0.05945945945945946,0.12643678160919541,0.9189364461738002
24,66,896,0.7356721329815501,0.10294117647058823,0.07567567567567568,0.16091954022988506,0.920881971465629
24,66,946,0.7428936352703168,0.1388888888888889,0.10810810810810811,0.1941747572815534,0.9195849546044098
24,66,996,0.7350102085528095,0.12371134020618557,0.0972972972972973,0.16981132075471697,0.9173151750972762
24,66,1046,0.7370593774181218,0.14184397163120568,0.10810810810810811,0.20618556701030927,0.9215304798962386
24,66,1096,0.7391439732246908,0.11846689895470383,0.0918918918918919,0.16666666666666666,0.9179636835278858
24,66,1146,0.7209307962671192,0.12837837837837837,0.10270270270270271,0.17117117117117117,0.9163424124513618
24,66,1196,0.7304718309202615,0.12286689419795221,0.0972972972972973,0.16666666666666666,0.9166666666666666
24,66,1246,0.7337217866365848,0.10294117647058823,0.07567567567567568,0.16091954022988506,0.920881971465629
24,66,1296,0.7469938375767972,0.13427561837455831,0.10270270270270271,0.19387755102040816,0.9205577172503242
24,66,1346,0.7412789125793611,0.11070110701107011,0.08108108108108109,0.1744186046511628,0.9218547341115434
24,66,1396,0.7315551494923692,0.13533834586466165,0.0972972972972973,0.2222222222222222,0.9254215304798963
24,66,1446,0.7405069781751396,0.09848484848484848,0.07027027027027027,0.16455696202531644,0.9228274967574579
24,66,1496,0.7385995170748534,0.12195121951219512,0.08108108108108109,0.2459016393442623,0.9299610894941635
24,66,1546,0.7303319877310908,0.096,0.06486486486486487,0.18461538461538463,0.9267185473411155
24,66,1596,0.7381855812349086,0.10612244897959183,0.07027027027027027,0.21666666666666667,0.9289883268482491
24,66,1646,0.7403261143171457,0.09053497942386832,0.05945945945945946,0.1896551724137931,0.9283398184176395
24,66,1696,0.7375665420508469,0.08333333333333333,0.05405405405405406,0.18181818181818182,0.9286640726329443
24,66,1746,0.7555708865125906,0.09716599190283401,0.06486486486486487,0.1935483870967742,0.9276913099870299
24,66,1796,0.7523414411306787,0.1,0.06486486486486487,0.21818181818181817,0.9299610894941635
24,66,1846,0.7652163374136468,0.09917355371900827,0.06486486486486487,0.21052631578947367,0.9293125810635539
24,66,1896,0.7504153342718365,0.08403361344537816,0.05405405405405406,0.18867924528301888,0.9293125810635539
24,66,1946,0.759775505066985,0.07627118644067797,0.04864864864864865,0.17647058823529413,0.9293125810635539
24,66,1996,0.7633126054650718,0.06837606837606838,0.043243243243243246,0.16326530612244897,0.9293125810635539
24,66,2046,0.7570401722868091,0.06896551724137931,0.043243243243243246,0.1702127659574468,0.9299610894941635
24,66,2096,0.7660460736693919,0.05063291139240506,0.032432432432432434,0.11538461538461539,0.9270428015564203
24,66,2146,0.7673046623719271,0.06896551724137931,0.043243243243243246,0.1702127659574468,0.9299610894941635
24,66,2196,0.7619980794868688,0.0502092050209205,0.032432432432432434,0.1111111111111111,0.9263942931258107
24,66,2246,0.770470712174748,0.0847457627118644,0.05405405405405406,0.19607843137254902,0.9299610894941635
24,66,2296,0.7737299907703495,0.07659574468085106,0.04864864864864865,0.18,0.9296368352788587
24,66,2346,0.7720164455590465,0.0847457627118644,0.05405405405405406,0.19607843137254902,0.9299610894941635
24,66,2396,0.77145893737822,0.0611353711790393,0.03783783783783784,0.1590909090909091,0.9302853437094682
24,66,2446,0.7698069231701519,0.0881057268722467,0.05405405405405406,0.23809523809523808,0.9328793774319066
24,66,2496,0.7559009164390331,0.07659574468085106,0.04864864864864865,0.18,0.9296368352788587
24,66,2546,0.7595070061437774,0.09401709401709402,0.05945945945945946,0.22448979591836735,0.9312581063553826
24,66,2596,0.7601521493898176,0.0782608695652174,0.04864864864864865,0.2,0.9312581063553826
24,66,2646,0.7619551942421897,0.05286343612334802,0.032432432432432434,0.14285714285714285,0.9302853437094682
24,66,2696,0.7668571641665813,0.08108108108108109,0.04864864864864865,0.24324324324324326,0.933852140077821
24,66,2746,0.7667993623150573,0.07894736842105263,0.04864864864864865,0.20930232558139536,0.9319066147859922
24,66,2796,0.759210538582736,0.05263157894736842,0.032432432432432434,0.13953488372093023,0.9299610894941635
24,66,2846,0.7643772782786237,0.08071748878923767,0.04864864864864865,0.23684210526315788,0.9335278858625162
24,66,2896,0.7630403773901532,0.08695652173913043,0.05405405405405406,0.2222222222222222,0.9319066147859922
24,66,2946,0.7656955334085379,0.07929515418502203,0.04864864864864865,0.21428571428571427,0.932230869001297
24,66,2996,0.7744981960228599,0.07929515418502203,0.04864864864864865,0.21428571428571427,0.932230869001297
24,66,3046,0.7784324510781909,0.07142857142857142,0.043243243243243246,0.20512820512820512,0.9325551232166018
24,66,3096,0.7785219507192601,0.08035714285714286,0.04864864864864865,0.23076923076923078,0.9332036316472114
24,66,3146,0.7834201914919403,0.056074766355140186,0.032432432432432434,0.20689655172413793,0.9345006485084306
24,66,3196,0.7761408873516498,0.07894736842105263,0.04864864864864865,0.20930232558139536,0.9319066147859922
24,66,3246,0.7749494233799167,0.09049773755656108,0.05405405405405406,0.2777777777777778,0.9348249027237354
24,66,3296,0.7788035016734568,0.08144796380090498,0.04864864864864865,0.25,0.9341763942931258
24,66,3346,0.7795064467710208,0.1038961038961039,0.06486486486486487,0.2608695652173913,0.9328793774319066
24,66,3396,0.7742464782823526,0.09821428571428571,0.05945945945945946,0.28205128205128205,0.9345006485084306
24,66,3446,0.7839180332453876,0.09954751131221719,0.05945945945945946,0.3055555555555556,0.935473411154345
24,66,3496,0.7786114503603292,0.09865470852017937,0.05945945945945946,0.2894736842105263,0.9348249027237354
24,66,3546,0.7839926162796119,0.10666666666666667,0.06486486486486487,0.3,0.9348249027237354
24,66,3596,0.7806363797395188,0.07964601769911504,0.04864864864864865,0.21951219512195122,0.9325551232166018
24,66,3646,0.7876136225912012,0.12987012987012986,0.08108108108108109,0.32608695652173914,0.9348249027237354
24,66,3696,0.7837912420872062,0.11555555555555555,0.07027027027027027,0.325,0.935473411154345
24,66,3746,0.787898902697109,0.10666666666666667,0.06486486486486487,0.3,0.9348249027237354
24,66,3796,0.7822753419165975,0.09606986899563319,0.05945945945945946,0.25,0.9328793774319066
24,66,3846,0.7839310852763768,0.10185185185185185,0.05945945945945946,0.3548387096774194,0.937094682230869
24,66,3896,0.7826240176015962,0.10619469026548672,0.06486486486486487,0.2926829268292683,0.9345006485084306
24,66,3946,0.7903918406160559,0.06572769953051644,0.03783783783783784,0.25,0.935473411154345
24,66,3996,0.7901867372719391,0.09049773755656108,0.05405405405405406,0.2777777777777778,0.9348249027237354
24,66,4046,0.7849435499659715,0.08450704225352113,0.04864864864864865,0.32142857142857145,0.9367704280155642
24,66,4096,0.7917026374425479,0.10909090909090909,0.06486486486486487,0.34285714285714286,0.9364461738002594
24,66,4146,0.788126380951493,0.08733624454148471,0.05405405405405406,0.22727272727272727,0.932230869001297
24,66,4196,0.786099586996448,0.10572687224669604,0.06486486486486487,0.2857142857142857,0.9341763942931258
24,66,4246,0.7888069511387896,0.0730593607305936,0.043243243243243246,0.23529411764705882,0.9341763942931258
24,66,4296,0.7894185320194289,0.09009009009009009,0.05405405405405406,0.2702702702702703,0.9345006485084306
24,66,4346,0.7925472903051379,0.08372093023255814,0.04864864864864865,0.3,0.9361219195849546
24,66,4396,0.7881897765305839,0.07476635514018691,0.043243243243243246,0.27586206896551724,0.9357976653696498
24,66,4446,0.7884713274847804,0.10138248847926268,0.05945945945945946,0.34375,0.9367704280155642
24,66,4496,0.7869554273141718,0.0821917808219178,0.04864864864864865,0.2647058823529412,0.9348249027237354
24,66,4546,0.7991777220476772,0.07339449541284404,0.043243243243243246,0.24242424242424243,0.9345006485084306
24,66,4596,0.7928139246524897,0.08411214953271028,0.04864864864864865,0.3103448275862069,0.9364461738002594
24,66,4646,0.7896478748496686,0.08968609865470852,0.05405405405405406,0.2631578947368421,0.9341763942931258
24,66,4696,0.797156521820199,0.07441860465116279,0.043243243243243246,0.26666666666666666,0.935473411154345
24,66,4746,0.7975555410532988,0.06572769953051644,0.03783783783783784,0.25,0.935473411154345
24,66,4796,0.7954448411847516,0.08411214953271028,0.04864864864864865,0.3103448275862069,0.9364461738002594
24,66,4846,0.7978613314936185,0.07373271889400922,0.043243243243243246,0.25,0.9348249027237354
24,66,4896,0.7925510194568489,0.07174887892376682,0.043243243243243246,0.21052631578947367,0.9328793774319066
24,66,4946,0.7911134314721759,0.07207207207207207,0.043243243243243246,0.21621621621621623,0.9332036316472114
24,66,4996,0.7874197067022181,0.09216589861751152,0.05405405405405406,0.3125,0.9361219195849546
24,66,5046,0.7893980216850172,0.09954751131221719,0.05945945945945946,0.3055555555555556,0.935473411154345
24,66,5096,0.7874029255195175,0.08256880733944955,0.04864864864864865,0.2727272727272727,0.9351491569390402
24,66,5146,0.7936063693911228,0.09734513274336283,0.05945945945945946,0.2682926829268293,0.933852140077821
24,66,5196,0.792888507686714,0.07964601769911504,0.04864864864864865,0.21951219512195122,0.9325551232166018
24,66,5246,0.7926834043425972,0.0821917808219178,0.04864864864864865,0.2647058823529412,0.9348249027237354
24,66,5296,0.7947176566010647,0.10138248847926268,0.05945945945945946,0.34375,0.9367704280155642
24,66,5346,0.7988570150005128,0.09174311926605505,0.05405405405405406,0.30303030303030304,0.9357976653696498
24,66,5396,0.7925044050604589,0.09302325581395349,0.05405405405405406,0.3333333333333333,0.9367704280155642
24,66,5446,0.7824133205299125,0.10476190476190476,0.05945945945945946,0.44,0.9390402075226978
24,66,5496,0.7805002657020594,0.09865470852017937,0.05945945945945946,0.2894736842105263,0.9348249027237354
24,66,5546,0.7803604225128888,0.09865470852017937,0.05945945945945946,0.2894736842105263,0.9348249027237354
24,66,5596,0.7875539561638216,0.1004566210045662,0.05945945945945946,0.3235294117647059,0.9361219195849546
24,66,5646,0.7858888899247644,0.10091743119266056,0.05945945945945946,0.3333333333333333,0.9364461738002594
24,66,5696,0.7850871223068532,0.10091743119266056,0.05945945945945946,0.3333333333333333,0.9364461738002594
24,66,5746,0.7885459105190046,0.1095890410958904,0.06486486486486487,0.35294117647058826,0.9367704280155642
24,66,5796,0.7895154899639204,0.09302325581395349,0.05405405405405406,0.3333333333333333,0.9367704280155642
24,66,5846,0.7880890894343809,0.1095890410958904,0.06486486486486487,0.35294117647058826,0.9367704280155642
24,66,5896,0.7888181385939232,0.1111111111111111,0.06486486486486487,0.3870967741935484,0.9377431906614786
24,66,5946,0.7907908598491559,0.10328638497652583,0.05945945945945946,0.39285714285714285,0.9380674448767834
24,66,5996,0.7886148998256622,0.102803738317757,0.05945945945945946,0.3793103448275862,0.9377431906614786
24,66,6046,0.7887715241975332,0.091324200913242,0.05405405405405406,0.29411764705882354,0.935473411154345
24,66,6096,0.791322263968004,0.10185185185185185,0.05945945945945946,0.3548387096774194,0.937094682230869
24,66,6146,0.7943671163402106,0.09302325581395349,0.05405405405405406,0.3333333333333333,0.9367704280155642
24,66,6196,0.7945684905326161,0.091324200913242,0.05405405405405406,0.29411764705882354,0.935473411154345
24,66,6246,0.7989688895518492,0.0990990990990991,0.05945945945945946,0.2972972972972973,0.9351491569390402
24,66,6296,0.791491940370864,0.11483253588516747,0.06486486486486487,0.5,0.9400129701686122
24,66,6346,0.7972180528234339,0.07547169811320754,0.043243243243243246,0.2962962962962963,0.9364461738002594
24,66,6396,0.7947288440561984,0.09090909090909091,0.05405405405405406,0.2857142857142857,0.9351491569390402
24,66,6446,0.7945628968050493,0.07407407407407407,0.043243243243243246,0.25806451612903225,0.9351491569390402
24,66,6496,0.7921986146201393,0.1,0.05945945945945946,0.3142857142857143,0.9357976653696498
24,66,6546,0.7882960573543533,0.0821917808219178,0.04864864864864865,0.2647058823529412,0.9348249027237354
24,66,6596,0.7938263893420845,0.11981566820276497,0.07027027027027027,0.40625,0.9380674448767834
24,66,6646,0.7941508255409602,0.0730593607305936,0.043243243243243246,0.23529411764705882,0.9341763942931258
24,66,6696,0.7983461212160765,0.08849557522123894,0.05405405405405406,0.24390243902439024,0.9332036316472114
24,66,6746,0.7965281597568592,0.0821917808219178,0.04864864864864865,0.2647058823529412,0.9348249027237354
24,66,6796,0.7971322823340761,0.09174311926605505,0.05405405405405406,0.30303030303030304,0.9357976653696498
24,66,6846,0.8016893057251802,0.08333333333333333,0.04864864864864865,0.2903225806451613,0.9357976653696498
24,66,6896,0.7953702581505273,0.08490566037735849,0.04864864864864865,0.3333333333333333,0.937094682230869
24,66,6946,0.7968414085006013,0.09090909090909091,0.05405405405405406,0.2857142857142857,0.9351491569390402
24,66,6996,0.7984262979778676,0.07373271889400922,0.043243243243243246,0.25,0.9348249027237354
24,66,7046,0.7989838061586939,0.08333333333333333,0.04864864864864865,0.2903225806451613,0.9357976653696498
24,66,7096,0.7931905689753224,0.08530805687203792,0.04864864864864865,0.34615384615384615,0.9374189364461738
24,66,7146,0.7971844904580331,0.08256880733944955,0.04864864864864865,0.2727272727272727,0.9351491569390402
24,66,7196,0.8001864575855606,0.09302325581395349,0.05405405405405406,0.3333333333333333,0.9367704280155642
24,66,7246,0.7989409209140151,0.091324200913242,0.05405405405405406,0.29411764705882354,0.935473411154345
24,66,7296,0.7965356180602817,0.10091743119266056,0.05945945945945946,0.3333333333333333,0.9364461738002594
24,66,7346,0.7979172687692867,0.07547169811320754,0.043243243243243246,0.2962962962962963,0.9364461738002594
24,66,7396,0.8043239514091531,0.1004566210045662,0.05945945945945946,0.3235294117647059,0.9361219195849546
24,66,7446,0.8008763506521355,0.09433962264150944,0.05405405405405406,0.37037037037037035,0.9377431906614786
24,66,7496,0.7960787969756581,0.0947867298578199,0.05405405405405406,0.38461538461538464,0.9380674448767834
24,66,7546,0.7986127555634281,0.07692307692307693,0.043243243243243246,0.34782608695652173,0.9377431906614786
24,66,7596,0.8042717432851962,0.08490566037735849,0.04864864864864865,0.3333333333333333,0.937094682230869
24,66,7646,0.8045290547532701,0.07511737089201878,0.043243243243243246,0.2857142857142857,0.9361219195849546
24,66,7696,0.8065912756495717,0.09302325581395349,0.05405405405405406,0.3333333333333333,0.9367704280155642
24,66,7746,0.7993958774227833,0.09345794392523364,0.05405405405405406,0.3448275862068966,0.937094682230869
24,66,7796,0.8020249293791895,0.08372093023255814,0.04864864864864865,0.3,0.9361219195849546
24,66,7846,0.8064085472157222,0.08411214953271028,0.04864864864864865,0.3103448275862069,0.9364461738002594
24,66,7896,0.807406095298472,0.07407407407407407,0.043243243243243246,0.25806451612903225,0.9351491569390402
24,66,7946,0.8023568238814875,0.06572769953051644,0.03783783783783784,0.25,0.935473411154345
24,66,7996,0.7993045132058586,0.10426540284360189,0.05945945945945946,0.4230769230769231,0.938715953307393
25,67,246,0.6609063703234107,0.0603448275862069,0.03783783783783784,0.14893617021276595,0.9293125810635539
25,67,296,0.6861266233463543,0.07792207792207792,0.04864864864864865,0.1956521739130435,0.9309338521400778
25,67,346,0.6965048525586643,0.08928571428571429,0.05405405405405406,0.2564102564102564,0.933852140077821
25,67,396,0.7180052767496713,0.06694560669456066,0.043243243243243246,0.14814814814814814,0.9276913099870299
25,67,446,0.7457650820879521,0.07142857142857142,0.043243243243243246,0.20512820512820512,0.9325551232166018
25,67,496,0.7172072382834713,0.01990049751243781,0.010810810810810811,0.125,0.9361219195849546
25,67,546,0.7151245070527581,0.028846153846153848,0.016216216216216217,0.13043478260869565,0.9345006485084306
25,67,596,0.6826286790412351,0.037037037037037035,0.021621621621621623,0.12903225806451613,0.9325551232166018
25,67,646,0.7403932390479475,0.05042016806722689,0.032432432432432434,0.11320754716981132,0.9267185473411155
25,67,696,0.7452691049103605,0.04291845493562232,0.02702702702702703,0.10416666666666667,0.9276913099870299
25,67,746,0.7562141651827752,0.0759493670886076,0.04864864864864865,0.17307692307692307,0.9289883268482491
25,67,796,0.7574280040647753,0.08333333333333333,0.05405405405405406,0.18181818181818182,0.9286640726329443
25,67,846,0.7487316222742231,0.07627118644067797,0.04864864864864865,0.17647058823529413,0.9293125810635539
25,67,896,0.7290435658148663,0.03418803418803419,0.021621621621621623,0.08163265306122448,0.9267185473411155
25,67,946,0.7403130622861565,0.09205020920502092,0.05945945945945946,0.2037037037037037,0.9296368352788587
25,67,996,0.7380494671974493,0.0743801652892562,0.04864864864864865,0.15789473684210525,0.9273670557717251
25,67,1046,0.7343762527619029,0.11522633744855967,0.07567567567567568,0.2413793103448276,0.9302853437094682
25,67,1096,0.7196311868957609,0.08097165991902834,0.05405405405405406,0.16129032258064516,0.9263942931258107
25,67,1146,0.7257414019745858,0.09401709401709402,0.05945945945945946,0.22448979591836735,0.9312581063553826
25,67,1196,0.7091988849836384,0.0625,0.03783783783783784,0.1794871794871795,0.9319066147859922
25,67,1246,0.7125607152512982,0.05454545454545454,0.032432432432432434,0.17142857142857143,0.9325551232166018
25,67,1296,0.7228419865191166,0.06167400881057269,0.03783783783783784,0.16666666666666666,0.9309338521400778
25,67,1346,0.7263995972516153,0.08108108108108109,0.04864864864864865,0.24324324324324326,0.933852140077821
25,67,1396,0.7235542544959586,0.05063291139240506,0.032432432432432434,0.11538461538461539,0.9270428015564203
25,67,1446,0.7189972311048545,0.08,0.04864864864864865,0.225,0.9328793774319066
25,67,1496,0.728541994909708,0.07860262008733625,0.04864864864864865,0.20454545454545456,0.9315823605706874
25,67,1546,0.7244194176929604,0.06722689075630252,0.043243243243243246,0.1509433962264151,0.9280155642023347
25,67,1596,0.7477116992812061,0.06557377049180328,0.043243243243243246,0.13559322033898305,0.9260700389105059
25,67,1646,0.7371768456970251,0.05084745762711865,0.032432432432432434,0.11764705882352941,0.9273670557717251
25,67,1696,0.7357970595638756,0.08547008547008547,0.05405405405405406,0.20408163265306123,0.930609597924773
25,67,1746,0.7459142481564007,0.06779661016949153,0.043243243243243246,0.1568627450980392,0.9286640726329443
25,67,1796,0.7421701798383412,0.08097165991902834,0.05405405405405406,0.16129032258064516,0.9263942931258107
25,67,1846,0.751595610788436,0.05263157894736842,0.032432432432432434,0.13953488372093023,0.9299610894941635
25,67,1896,0.7589961123593411,0.07792207792207792,0.04864864864864865,0.1956521739130435,0.9309338521400778
25,67,1946,0.7442398590380654,0.06751054852320675,0.043243243243243246,0.15384615384615385,0.9283398184176395
25,67,1996,0.7576275136813253,0.060085836909871244,0.03783783783783784,0.14583333333333334,0.9289883268482491
25,67,2046,0.7695887677950459,0.07692307692307693,0.04864864864864865,0.1836734693877551,0.9299610894941635
25,67,2096,0.7574447852474759,0.08620689655172414,0.05405405405405406,0.2127659574468085,0.9312581063553826
25,67,2146,0.7503892302098579,0.06837606837606838,0.043243243243243246,0.16326530612244897,0.9293125810635539
25,67,2196,0.7592012157034579,0.08438818565400844,0.05405405405405406,0.19230769230769232,0.9296368352788587
25,67,2246,0.7638141763702303,0.06837606837606838,0.043243243243243246,0.16326530612244897,0.9293125810635539
25,67,2296,0.7664152596888022,0.100418410041841,0.06486486486486487,0.2222222222222222,0.9302853437094682
25,67,2346,0.7687254691738996,0.05128205128205128,0.032432432432432434,0.12244897959183673,0.9280155642023347
25,67,2396,0.7617650075049178,0.06896551724137931,0.043243243243243246,0.1702127659574468,0.9299610894941635
25,67,2446,0.7550059200283415,0.060085836909871244,0.03783783783783784,0.14583333333333334,0.9289883268482491
25,67,2496,0.7630813980589765,0.04405286343612335,0.02702702702702703,0.11904761904761904,0.9296368352788587
25,67,2546,0.7687198754463328,0.07929515418502203,0.04864864864864865,0.21428571428571427,0.932230869001297
25,67,2596,0.7689268433663052,0.06060606060606061,0.03783783783783784,0.15217391304347827,0.9296368352788587
25,67,2646,0.775365223795717,0.06060606060606061,0.03783783783783784,0.15217391304347827,0.9296368352788587
25,67,2696,0.7751619850274559,0.05309734513274336,0.032432432432432434,0.14634146341463414,0.930609597924773
25,67,2746,0.7795586548949777,0.09166666666666666,0.05945945945945946,0.2,0.9293125810635539
25,67,2796,0.7760085024659016,0.07048458149779736,0.043243243243243246,0.19047619047619047,0.9315823605706874
25,67,2846,0.7695626637330673,0.05063291139240506,0.032432432432432434,0.11538461538461539,0.9270428015564203
25,67,2896,0.7875166646467096,0.06837606837606838,0.043243243243243246,0.16326530612244897,0.9293125810635539
25,67,2946,0.7769146863317268,0.061946902654867256,0.03783783783783784,0.17073170731707318,0.9312581063553826
25,67,2996,0.7817886876182841,0.06896551724137931,0.043243243243243246,0.1702127659574468,0.9299610894941635
25,67,3046,0.7768867176938926,0.05454545454545454,0.032432432432432434,0.17142857142857143,0.9325551232166018
25,67,3096,0.7847570923804108,0.08368200836820083,0.05405405405405406,0.18518518518518517,0.9289883268482491
25,67,3146,0.7820497282380692,0.04329004329004329,0.02702702702702703,0.10869565217391304,0.9283398184176395
25,67,3196,0.7807799520804005,0.058823529411764705,0.03783783783783784,0.1320754716981132,0.9273670557717251
25,67,3246,0.780820972749224,0.06866952789699571,0.043243243243243246,0.16666666666666666,0.9296368352788587
25,67,3296,0.7895117608122093,0.04484304932735426,0.02702702702702703,0.13157894736842105,0.9309338521400778
25,67,3346,0.7931439545789322,0.04484304932735426,0.02702702702702703,0.13157894736842105,0.9309338521400778
25,67,3396,0.7846731864669084,0.07079646017699115,0.043243243243243246,0.1951219512195122,0.9319066147859922
25,67,3446,0.7886055769463841,0.05240174672489083,0.032432432432432434,0.13636363636363635,0.9296368352788587
25,67,3496,0.7915422839189656,0.07563025210084033,0.04864864864864865,0.16981132075471697,0.9286640726329443
25,67,3546,0.7873674985782609,0.11206896551724138,0.07027027027027027,0.2765957446808511,0.9332036316472114
25,67,3596,0.7835861387430896,0.07692307692307693,0.04864864864864865,0.1836734693877551,0.9299610894941635
25,67,3646,0.7885459105190046,0.08438818565400844,0.05405405405405406,0.19230769230769232,0.9296368352788587
25,67,3696,0.7856800574289364,0.11864406779661017,0.07567567567567568,0.27450980392156865,0.9325551232166018
25,67,3746,0.7934944948397863,0.11914893617021277,0.07567567567567568,0.28,0.9328793774319066
25,67,3796,0.7940967528411474,0.1111111111111111,0.07027027027027027,0.2653061224489796,0.9325551232166018
25,67,3846,0.7959706515760329,0.10344827586206896,0.06486486486486487,0.2553191489361702,0.9325551232166018
25,67,3896,0.8000857704893578,0.10434782608695652,0.06486486486486487,0.26666666666666666,0.9332036316472114
25,67,3946,0.8023083449092419,0.1038961038961039,0.06486486486486487,0.2608695652173913,0.9328793774319066
25,67,3996,0.8044637945983237,0.10344827586206896,0.06486486486486487,0.2553191489361702,0.9325551232166018
25,67,4046,0.8039006926899304,0.10300429184549356,0.06486486486486487,0.25,0.932230869001297
25,67,4096,0.8032723306265909,0.09821428571428571,0.05945945945945946,0.28205128205128205,0.9345006485084306
25,67,4146,0.8036899956182467,0.09009009009009009,0.05405405405405406,0.2702702702702703,0.9345006485084306
25,67,4196,0.7940408155654793,0.07894736842105263,0.04864864864864865,0.20930232558139536,0.9319066147859922
25,67,4246,0.795532476249965,0.09734513274336283,0.05945945945945946,0.2682926829268293,0.933852140077821
25,67,4296,0.7967407214043987,0.1415929203539823,0.08648648648648649,0.3902439024390244,0.937094682230869
25,67,4346,0.7972889067059471,0.12444444444444444,0.07567567567567568,0.35,0.9361219195849546
25,67,4396,0.7927523936492545,0.09821428571428571,0.05945945945945946,0.28205128205128205,0.9345006485084306
25,67,4446,0.7902706431854415,0.13333333333333333,0.08108108108108109,0.375,0.9367704280155642
25,67,4496,0.7927766331353776,0.09174311926605505,0.05405405405405406,0.30303030303030304,0.9357976653696498
25,67,4546,0.7934366929882625,0.10714285714285714,0.06486486486486487,0.3076923076923077,0.9351491569390402
25,67,4596,0.7889300131452598,0.06306306306306306,0.03783783783783784,0.1891891891891892,0.9325551232166018
25,67,4646,0.7931626003374883,0.08294930875576037,0.04864864864864865,0.28125,0.935473411154345
25,67,4696,0.7974884163224971,0.08144796380090498,0.04864864864864865,0.25,0.9341763942931258
25,67,4746,0.7958252146592955,0.10619469026548672,0.06486486486486487,0.2926829268292683,0.9345006485084306
25,67,4796,0.7929891947829166,0.07272727272727272,0.043243243243243246,0.22857142857142856,0.933852140077821
25,67,4846,0.792912747172837,0.07407407407407407,0.043243243243243246,0.25806451612903225,0.9351491569390402
25,67,4896,0.7882587658372413,0.09009009009009009,0.05405405405405406,0.2702702702702703,0.9345006485084306
25,67,4946,0.7923626972954327,0.09009009009009009,0.05405405405405406,0.2702702702702703,0.9345006485084306
25,67,4996,0.7922508227440963,0.08256880733944955,0.04864864864864865,0.2727272727272727,0.9351491569390402
25,67,5046,0.7874402170366297,0.1004566210045662,0.05945945945945946,0.3235294117647059,0.9361219195849546
25,67,5096,0.7939997948966558,0.056338028169014086,0.032432432432432434,0.21428571428571427,0.9348249027237354
25,67,5146,0.7938096081593838,0.0660377358490566,0.03783783783783784,0.25925925925925924,0.9357976653696498
25,67,5196,0.7954131433952062,0.056074766355140186,0.032432432432432434,0.20689655172413793,0.9345006485084306
25,67,5246,0.7975238432637537,0.07582938388625593,0.043243243243243246,0.3076923076923077,0.9367704280155642
25,67,5296,0.8013424946160372,0.08411214953271028,0.04864864864864865,0.3103448275862069,0.9364461738002594
25,67,5346,0.7973634897401715,0.07407407407407407,0.043243243243243246,0.25806451612903225,0.9351491569390402
25,67,5396,0.8022635950887073,0.09389671361502347,0.05405405405405406,0.35714285714285715,0.9374189364461738
25,67,5446,0.8108238628418002,0.057692307692307696,0.032432432432432434,0.2608695652173913,0.9364461738002594
25,67,5496,0.8021629079925046,0.07476635514018691,0.043243243243243246,0.27586206896551724,0.9357976653696498
25,67,5546,0.8080139470274,0.07407407407407407,0.043243243243243246,0.25806451612903225,0.9351491569390402
25,67,5596,0.8069735136999713,0.07407407407407407,0.043243243243243246,0.25806451612903225,0.9351491569390402
25,67,5646,0.8040498587583791,0.08411214953271028,0.04864864864864865,0.3103448275862069,0.9364461738002594
25,67,5696,0.8042922536196078,0.06511627906976744,0.03783783783783784,0.23333333333333334,0.9348249027237354
25,67,5746,0.8020622208963016,0.08294930875576037,0.04864864864864865,0.28125,0.935473411154345
25,67,5796,0.80789088502093,0.08333333333333333,0.04864864864864865,0.2903225806451613,0.9357976653696498
25,67,5846,0.8000969579444916,0.11009174311926606,0.06486486486486487,0.36363636363636365,0.937094682230869
25,67,5896,0.7995319914602426,0.11555555555555555,0.07027027027027027,0.325,0.935473411154345
25,67,5946,0.8021927412061942,0.12444444444444444,0.07567567567567568,0.35,0.9361219195849546
25,67,5996,0.8138929547001296,0.11353711790393013,0.07027027027027027,0.29545454545454547,0.9341763942931258
25,67,6046,0.8051853854544437,0.09954751131221719,0.05945945945945946,0.3055555555555556,0.935473411154345
25,67,6096,0.8079113953553415,0.1004566210045662,0.05945945945945946,0.3235294117647059,0.9361219195849546
25,67,6146,0.8070201280963613,0.09954751131221719,0.05945945945945946,0.3055555555555556,0.935473411154345
25,67,6196,0.8000820413376467,0.11764705882352941,0.07027027027027027,0.3611111111111111,0.9367704280155642
25,67,6246,0.8013163905540588,0.09865470852017937,0.05945945945945946,0.2894736842105263,0.9348249027237354
25,67,6296,0.80052208123957,0.08181818181818182,0.04864864864864865,0.2571428571428571,0.9345006485084306
25,67,6346,0.8018030448523723,0.0821917808219178,0.04864864864864865,0.2647058823529412,0.9348249027237354
25,67,6396,0.800730913735398,0.0639269406392694,0.03783783783783784,0.20588235294117646,0.9335278858625162
25,67,6446,0.8034643819397184,0.10091743119266056,0.05945945945945946,0.3333333333333333,0.9364461738002594
25,67,6496,0.7977811547318274,0.06481481481481481,0.03783783783783784,0.22580645161290322,0.9345006485084306
25,67,6546,0.8051126669960751,0.08411214953271028,0.04864864864864865,0.3103448275862069,0.9364461738002594
25,67,6596,0.8007700698283658,0.09345794392523364,0.05405405405405406,0.3448275862068966,0.937094682230869
25,67,6646,0.7999962708482887,0.08411214953271028,0.04864864864864865,0.3103448275862069,0.9364461738002594
25,67,6696,0.8041561395821486,0.10232558139534884,0.05945945945945946,0.36666666666666664,0.9374189364461738
25,67,6746,0.8009956835068943,0.07476635514018691,0.043243243243243246,0.27586206896551724,0.9357976653696498
25,67,6796,0.7994238460606174,0.07407407407407407,0.043243243243243246,0.25806451612903225,0.9351491569390402
25,67,6846,0.8041002023064803,0.05660377358490566,0.032432432432432434,0.2222222222222222,0.9351491569390402
25,67,6896,0.8074844074844075,0.0761904761904762,0.043243243243243246,0.32,0.937094682230869
25,67,6946,0.8036228708874449,0.07692307692307693,0.043243243243243246,0.34782608695652173,0.9377431906614786
25,67,6996,0.8033319970539701,0.08490566037735849,0.04864864864864865,0.3333333333333333,0.937094682230869
25,67,7046,0.8019391588898316,0.07766990291262135,0.043243243243243246,0.38095238095238093,0.9383916990920882
25,67,7096,0.7981689865097936,0.09615384615384616,0.05405405405405406,0.43478260869565216,0.9390402075226978
25,67,7146,0.8021162935961142,0.08411214953271028,0.04864864864864865,0.3103448275862069,0.9364461738002594
25,67,7196,0.7979042167382975,0.10328638497652583,0.05945945945945946,0.39285714285714285,0.9380674448767834
25,67,7246,0.8028565302107904,0.09345794392523364,0.05405405405405406,0.3448275862068966,0.937094682230869
25,67,7296,0.8011467141511984,0.06862745098039216,0.03783783783783784,0.3684210526315789,0.9383916990920882
25,67,7346,0.7971788967304663,0.07655502392344497,0.043243243243243246,0.3333333333333333,0.9374189364461738
25,67,7396,0.8034345487260286,0.07920792079207921,0.043243243243243246,0.47058823529411764,0.9396887159533074
25,67,7446,0.7993026486300029,0.07804878048780488,0.043243243243243246,0.4,0.938715953307393
25,67,7496,0.802535823163626,0.06829268292682927,0.03783783783783784,0.35,0.9380674448767834
25,67,7546,0.7971994070648779,0.08450704225352113,0.04864864864864865,0.32142857142857145,0.9367704280155642
25,67,7596,0.7985102038913697,0.07692307692307693,0.043243243243243246,0.34782608695652173,0.9377431906614786
25,67,7646,0.8005873413945163,0.07511737089201878,0.043243243243243246,0.2857142857142857,0.9361219195849546
25,67,7696,0.8005686956359602,0.07729468599033816,0.043243243243243246,0.36363636363636365,0.9380674448767834
25,67,7746,0.800764476100799,0.07547169811320754,0.043243243243243246,0.2962962962962963,0.9364461738002594
25,67,7796,0.7989148168520366,0.0861244019138756,0.04864864864864865,0.375,0.9380674448767834
25,67,7846,0.800807361345478,0.06930693069306931,0.03783783783783784,0.4117647058823529,0.9390402075226978
25,67,7896,0.8002666343473519,0.07655502392344497,0.043243243243243246,0.3333333333333333,0.9374189364461738
25,67,7946,0.8027688951455768,0.09389671361502347,0.05405405405405406,0.35714285714285715,0.9374189364461738
25,67,7996,0.8042661495576295,0.08571428571428572,0.04864864864864865,0.36,0.9377431906614786
26,68,246,0.6407484407484407,0.08108108108108109,0.06486486486486487,0.10810810810810811,0.9118028534370947
26,68,296,0.5939942011690891,0.045454545454545456,0.032432432432432434,0.0759493670886076,0.9182879377431906
26,68,346,0.6549266755544783,0.08633093525179857,0.06486486486486487,0.12903225806451613,0.917639429312581
26,68,396,0.6463701369530966,0.056910569105691054,0.03783783783783784,0.11475409836065574,0.9247730220492867
26,68,446,0.6847822641544615,0.023622047244094488,0.016216216216216217,0.043478260869565216,0.9195849546044098
26,68,496,0.702986118232755,0.052830188679245285,0.03783783783783784,0.0875,0.9186121919584954
26,68,546,0.709452467300001,0.052830188679245285,0.03783783783783784,0.0875,0.9186121919584954
26,68,596,0.722256509700456,0.05970149253731343,0.043243243243243246,0.0963855421686747,0.9182879377431906
26,68,646,0.7194316772792109,0.07380073800738007,0.05405405405405406,0.11627906976744186,0.9186121919584954
26,68,696,0.715875931122568,0.08759124087591241,0.06486486486486487,0.1348314606741573,0.9189364461738002
26,68,746,0.7057326384680646,0.09688581314878893,0.07567567567567568,0.1346153846153846,0.9153696498054474
26,68,796,0.7334439648340995,0.10638297872340426,0.08108108108108109,0.15463917525773196,0.9182879377431906
26,68,846,0.7141045840597411,0.0989399293286219,0.07567567567567568,0.14285714285714285,0.9173151750972762
26,68,896,0.720779765622815,0.05947955390334572,0.043243243243243246,0.09523809523809523,0.9179636835278858
26,68,946,0.734935625518585,0.10714285714285714,0.08108108108108109,0.15789473684210525,0.9189364461738002
26,68,996,0.7431956965589253,0.1347517730496454,0.10270270270270271,0.1958762886597938,0.920881971465629
26,68,1046,0.7380886232904171,0.12260536398467432,0.08648648648648649,0.21052631578947367,0.9257457846952011
26,68,1096,0.7333973504377093,0.08955223880597014,0.06486486486486487,0.14457831325301204,0.920881971465629
26,68,1146,0.7401750836728415,0.09701492537313433,0.07027027027027027,0.1566265060240964,0.9215304798962386
26,68,1196,0.7428395625705043,0.11469534050179211,0.08648648648648649,0.1702127659574468,0.9199092088197146
26,68,1246,0.7356702684056944,0.09701492537313433,0.07027027027027027,0.1566265060240964,0.9215304798962386
26,68,1296,0.735800788715587,0.06766917293233082,0.04864864864864865,0.1111111111111111,0.9195849546044098
26,68,1346,0.7432180714691925,0.052434456928838954,0.03783783783783784,0.08536585365853659,0.9179636835278858
26,68,1396,0.7596524430605148,0.04597701149425287,0.032432432432432434,0.07894736842105263,0.919260700389105
26,68,1446,0.7604952313472493,0.07194244604316546,0.05405405405405406,0.10752688172043011,0.9163424124513618
26,68,1496,0.755022701211042,0.08088235294117647,0.05945945945945946,0.12643678160919541,0.9189364461738002
26,68,1546,0.7647073082050662,0.09352517985611511,0.07027027027027027,0.13978494623655913,0.9182879377431906
26,68,1596,0.7576405657123146,0.09195402298850575,0.06486486486486487,0.15789473684210525,0.9231517509727627
26,68,1646,0.7592552884032705,0.08270676691729323,0.05945945945945946,0.13580246913580246,0.920881971465629
26,68,1696,0.7611068122278885,0.11406844106463879,0.08108108108108109,0.19230769230769232,0.9244487678339819
26,68,1746,0.7593242777099279,0.10317460317460317,0.07027027027027027,0.19402985074626866,0.9267185473411155
26,68,1796,0.7742763114960425,0.088,0.05945945945945946,0.16923076923076924,0.9260700389105059
26,68,1846,0.7663276246235888,0.06177606177606178,0.043243243243243246,0.10810810810810811,0.9212062256809338
26,68,1896,0.7756132123845129,0.096,0.06486486486486487,0.18461538461538463,0.9267185473411155
26,68,1946,0.78071655650131,0.08764940239043825,0.05945945945945946,0.16666666666666666,0.9257457846952011
26,68,1996,0.7737859280460178,0.05737704918032787,0.03783783783783784,0.11864406779661017,0.9254215304798963
26,68,2046,0.7668664870458591,0.06639004149377593,0.043243243243243246,0.14285714285714285,0.9270428015564203
26,68,2096,0.770191025796407,0.1078838174273859,0.07027027027027027,0.23214285714285715,0.9302853437094682
26,68,2146,0.7744795502643036,0.10526315789473684,0.07027027027027027,0.20967741935483872,0.9283398184176395
26,68,2196,0.7875110709191427,0.09282700421940929,0.05945945945945946,0.21153846153846154,0.9302853437094682
26,68,2246,0.7826930069082536,0.09361702127659574,0.05945945945945946,0.22,0.9309338521400778
26,68,2296,0.7806531609222191,0.06751054852320675,0.043243243243243246,0.15384615384615385,0.9283398184176395
26,68,2346,0.7795176342261545,0.07792207792207792,0.04864864864864865,0.1956521739130435,0.9309338521400778
26,68,2396,0.7904887985605474,0.09836065573770492,0.06486486486486487,0.2033898305084746,0.9286640726329443
26,68,2446,0.7828459021284133,0.0847457627118644,0.05405405405405406,0.19607843137254902,0.9299610894941635
26,68,2496,0.7746082059983405,0.08695652173913043,0.05405405405405406,0.2222222222222222,0.9319066147859922
26,68,2546,0.7791931980272787,0.10833333333333334,0.07027027027027027,0.23636363636363636,0.930609597924773
26,68,2596,0.7823834873162228,0.07531380753138076,0.04864864864864865,0.16666666666666666,0.9283398184176395
26,68,2646,0.7895210836914872,0.08368200836820083,0.05405405405405406,0.18518518518518517,0.9289883268482491
26,68,2696,0.7866216682360181,0.0881057268722467,0.05405405405405406,0.23809523809523808,0.9328793774319066
26,68,2746,0.7850684765482973,0.07894736842105263,0.04864864864864865,0.20930232558139536,0.9319066147859922
26,68,2796,0.7814735742986865,0.06060606060606061,0.03783783783783784,0.15217391304347827,0.9296368352788587
26,68,2846,0.7842648443545305,0.07659574468085106,0.04864864864864865,0.18,0.9296368352788587
26,68,2896,0.7768456970250693,0.0782608695652174,0.04864864864864865,0.2,0.9312581063553826
26,68,2946,0.7772148830444794,0.06060606060606061,0.03783783783783784,0.15217391304347827,0.9296368352788587
26,68,2996,0.7778208701975519,0.08733624454148471,0.05405405405405406,0.22727272727272727,0.932230869001297
26,68,3046,0.7825997781154732,0.07079646017699115,0.043243243243243246,0.1951219512195122,0.9319066147859922
26,68,3096,0.7890698563344304,0.0881057268722467,0.05405405405405406,0.23809523809523808,0.9328793774319066
26,68,3146,0.7800676841035586,0.07142857142857142,0.043243243243243246,0.20512820512820512,0.9325551232166018
26,68,3196,0.7894614172641079,0.0881057268722467,0.05405405405405406,0.23809523809523808,0.9328793774319066
26,68,3246,0.783146098841166,0.07142857142857142,0.043243243243243246,0.20512820512820512,0.9325551232166018
26,68,3296,0.7910761399550638,0.09401709401709402,0.05945945945945946,0.22448979591836735,0.9312581063553826
26,68,3346,0.7992112844130782,0.10300429184549356,0.06486486486486487,0.25,0.932230869001297
26,68,3396,0.791654158470302,0.1145374449339207,0.07027027027027027,0.30952380952380953,0.9348249027237354
26,68,3446,0.796373399960844,0.1111111111111111,0.07027027027027027,0.2653061224489796,0.9325551232166018
26,68,3496,0.7902091121822064,0.11255411255411256,0.07027027027027027,0.2826086956521739,0.9335278858625162
26,68,3546,0.7895173545397761,0.10256410256410256,0.06486486486486487,0.24489795918367346,0.9319066147859922
26,68,3596,0.7909251093107595,0.08968609865470852,0.05405405405405406,0.2631578947368421,0.9341763942931258
26,68,3646,0.7948444477592461,0.09865470852017937,0.05945945945945946,0.2894736842105263,0.9348249027237354
26,68,3696,0.7843021358716427,0.09401709401709402,0.05945945945945946,0.22448979591836735,0.9312581063553826
26,68,3746,0.795375851878094,0.11504424778761062,0.07027027027027027,0.3170731707317073,0.9351491569390402
26,68,3796,0.7872779989371919,0.12280701754385964,0.07567567567567568,0.32558139534883723,0.9351491569390402
26,68,3846,0.7873600402748384,0.11659192825112108,0.07027027027027027,0.34210526315789475,0.9361219195849546
26,68,3896,0.7872146033581011,0.11255411255411256,0.07027027027027027,0.2826086956521739,0.9335278858625162
26,68,3946,0.7989166814278921,0.09691629955947137,0.05945945945945946,0.2619047619047619,0.9335278858625162
26,68,3996,0.7898660302247746,0.10526315789473684,0.06486486486486487,0.27906976744186046,0.933852140077821
26,68,4046,0.7932856623439583,0.1038961038961039,0.06486486486486487,0.2608695652173913,0.9328793774319066
26,68,4096,0.795256519023335,0.09090909090909091,0.05405405405405406,0.2857142857142857,0.9351491569390402
26,68,4146,0.7880592562206913,0.1004566210045662,0.05945945945945946,0.3235294117647059,0.9361219195849546
26,68,4196,0.7969681996587826,0.09216589861751152,0.05405405405405406,0.3125,0.9361219195849546
26,68,4246,0.7919468968796323,0.08144796380090498,0.04864864864864865,0.25,0.9341763942931258
26,68,4296,0.8008875381072692,0.09777777777777778,0.05945945945945946,0.275,0.9341763942931258
26,68,4346,0.7999216878140644,0.08849557522123894,0.05405405405405406,0.24390243902439024,0.9332036316472114
26,68,4396,0.7933658391057495,0.10572687224669604,0.06486486486486487,0.2857142857142857,0.9341763942931258
26,68,4446,0.7964218789330897,0.08071748878923767,0.04864864864864865,0.23684210526315788,0.9335278858625162
26,68,4496,0.7997967612317388,0.10714285714285714,0.06486486486486487,0.3076923076923077,0.9351491569390402
26,68,4546,0.803460652788007,0.09734513274336283,0.05945945945945946,0.2682926829268293,0.933852140077821
26,68,4596,0.7992131489889339,0.07339449541284404,0.043243243243243246,0.24242424242424243,0.9345006485084306
26,68,4646,0.8060617361065792,0.09049773755656108,0.05405405405405406,0.2777777777777778,0.9348249027237354
26,68,4696,0.7973840000745831,0.08294930875576037,0.04864864864864865,0.28125,0.935473411154345
26,68,4746,0.8046595750631625,0.1004566210045662,0.05945945945945946,0.3235294117647059,0.9361219195849546
26,68,4796,0.7998135424144392,0.07441860465116279,0.043243243243243246,0.26666666666666666,0.935473411154345
26,68,4846,0.79743620819854,0.07174887892376682,0.043243243243243246,0.21052631578947367,0.9328793774319066
26,68,4896,0.7958736936315411,0.07511737089201878,0.043243243243243246,0.2857142857142857,0.9361219195849546
26,68,4946,0.7977848838835386,0.1111111111111111,0.06486486486486487,0.3870967741935484,0.9377431906614786
26,68,4996,0.7923981242366893,0.09345794392523364,0.05405405405405406,0.3448275862068966,0.937094682230869
26,68,5046,0.8027894054799886,0.08372093023255814,0.04864864864864865,0.3,0.9361219195849546
26,68,5096,0.7976580927253573,0.08372093023255814,0.04864864864864865,0.3,0.9361219195849546
26,68,5146,0.7957823294146165,0.0947867298578199,0.05405405405405406,0.38461538461538464,0.9380674448767834
26,68,5196,0.8008968609865471,0.07476635514018691,0.043243243243243246,0.27586206896551724,0.9357976653696498
26,68,5246,0.8008782152279912,0.091324200913242,0.05405405405405406,0.29411764705882354,0.935473411154345
26,68,5296,0.8035762564910547,0.09049773755656108,0.05405405405405406,0.2777777777777778,0.9348249027237354
26,68,5346,0.803736610014637,0.09090909090909091,0.05405405405405406,0.2857142857142857,0.9351491569390402
26,68,5396,0.8017899928213831,0.08294930875576037,0.04864864864864865,0.28125,0.935473411154345
26,68,5446,0.8007104034009864,0.08928571428571429,0.05405405405405406,0.2564102564102564,0.933852140077821
26,68,5496,0.7990192330999506,0.08771929824561403,0.05405405405405406,0.23255813953488372,0.9325551232166018
26,68,5546,0.7949880201001277,0.091324200913242,0.05405405405405406,0.29411764705882354,0.935473411154345
26,68,5596,0.804909428227814,0.08181818181818182,0.04864864864864865,0.2571428571428571,0.9345006485084306
26,68,5646,0.8016538787839237,0.08181818181818182,0.04864864864864865,0.2571428571428571,0.9345006485084306
26,68,5696,0.8003095195920308,0.09090909090909091,0.05405405405405406,0.2857142857142857,0.9351491569390402
26,68,5746,0.8001827284338495,0.08256880733944955,0.04864864864864865,0.2727272727272727,0.9351491569390402
26,68,5796,0.8003878317779664,0.0730593607305936,0.043243243243243246,0.23529411764705882,0.9341763942931258
26,68,5846,0.8033245387505478,0.09345794392523364,0.05405405405405406,0.3448275862068966,0.937094682230869
26,68,5896,0.8066099214081277,0.07547169811320754,0.043243243243243246,0.2962962962962963,0.9364461738002594
26,68,5946,0.8041188480650364,0.0660377358490566,0.03783783783783784,0.25925925925925924,0.9357976653696498
26,68,5996,0.8043239514091531,0.07692307692307693,0.043243243243243246,0.34782608695652173,0.9377431906614786
26,68,6046,0.8022468139060067,0.07692307692307693,0.043243243243243246,0.34782608695652173,0.9377431906614786
26,68,6096,0.8048609492555681,0.08530805687203792,0.04864864864864865,0.34615384615384615,0.9374189364461738
26,68,6146,0.8040274838481117,0.11059907834101383,0.06486486486486487,0.375,0.9374189364461738
26,68,6196,0.805616102477089,0.0660377358490566,0.03783783783783784,0.25925925925925924,0.9357976653696498
26,68,6246,0.8079617389034429,0.08571428571428572,0.04864864864864865,0.36,0.9377431906614786
26,68,6296,0.8054762592879184,0.06698564593301436,0.03783783783783784,0.2916666666666667,0.9367704280155642
26,68,6346,0.803982734027577,0.06666666666666667,0.03783783783783784,0.28,0.9364461738002594
26,68,6396,0.8025414168911927,0.07511737089201878,0.043243243243243246,0.2857142857142857,0.9361219195849546
26,68,6446,0.8130054165928604,0.0761904761904762,0.043243243243243246,0.32,0.937094682230869
26,68,6496,0.8077361252249146,0.06796116504854369,0.03783783783783784,0.3333333333333333,0.9377431906614786
26,68,6546,0.8018944090692969,0.07582938388625593,0.043243243243243246,0.3076923076923077,0.9367704280155642
26,68,6596,0.8057056021181582,0.07547169811320754,0.043243243243243246,0.2962962962962963,0.9364461738002594
26,68,6646,0.8008427882867345,0.06572769953051644,0.03783783783783784,0.25,0.935473411154345
26,68,6696,0.802539552315337,0.07511737089201878,0.043243243243243246,0.2857142857142857,0.9361219195849546
26,68,6746,0.8005631019083934,0.08571428571428572,0.04864864864864865,0.36,0.9377431906614786
26,68,6796,0.7985195267706479,0.057692307692307696,0.032432432432432434,0.2608695652173913,0.9364461738002594
26,68,6846,0.8019820441345105,0.07511737089201878,0.043243243243243246,0.2857142857142857,0.9361219195849546
26,68,6896,0.8065036405843581,0.0660377358490566,0.03783783783783784,0.25925925925925924,0.9357976653696498
26,68,6946,0.7940426801413348,0.07547169811320754,0.043243243243243246,0.2962962962962963,0.9364461738002594
26,68,6996,0.794592730018739,0.06572769953051644,0.03783783783783784,0.25,0.935473411154345
26,68,7046,0.7983423920643651,0.07692307692307693,0.043243243243243246,0.34782608695652173,0.9377431906614786
26,68,7096,0.792765445680244,0.06635071090047394,0.03783783783783784,0.2692307692307692,0.9361219195849546
26,68,7146,0.7917175540493926,0.08530805687203792,0.04864864864864865,0.34615384615384615,0.9374189364461738
26,68,7196,0.7986892031735081,0.07655502392344497,0.043243243243243246,0.3333333333333333,0.9374189364461738
26,68,7246,0.7923813430539889,0.07729468599033816,0.043243243243243246,0.36363636363636365,0.9380674448767834
26,68,7296,0.7955380699775318,0.09523809523809523,0.05405405405405406,0.4,0.9383916990920882
26,68,7346,0.7918406160558628,0.0673076923076923,0.03783783783783784,0.30434782608695654,0.937094682230869
26,68,7396,0.7939084306797312,0.0761904761904762,0.043243243243243246,0.32,0.937094682230869
26,68,7446,0.7919618134864771,0.0673076923076923,0.03783783783783784,0.30434782608695654,0.937094682230869
26,68,7496,0.7961869423752832,0.0761904761904762,0.043243243243243246,0.32,0.937094682230869
26,68,7546,0.7957935168697501,0.07547169811320754,0.043243243243243246,0.2962962962962963,0.9364461738002594
26,68,7596,0.7907647557871773,0.07729468599033816,0.043243243243243246,0.36363636363636365,0.9380674448767834
26,68,7646,0.7930469966344407,0.05853658536585366,0.032432432432432434,0.3,0.9374189364461738
26,68,7696,0.7951987171718113,0.07692307692307693,0.043243243243243246,0.34782608695652173,0.9377431906614786
26,68,7746,0.798305100547253,0.06763285024154589,0.03783783783783784,0.3181818181818182,0.9374189364461738
26,68,7796,0.7963342438678762,0.0761904761904762,0.043243243243243246,0.32,0.937094682230869
26,68,7846,0.7930786944239858,0.06796116504854369,0.03783783783783784,0.3333333333333333,0.9377431906614786
26,68,7896,0.7985176621947921,0.06896551724137931,0.03783783783783784,0.3888888888888889,0.938715953307393
26,68,7946,0.7991795866235328,0.06896551724137931,0.03783783783783784,0.3888888888888889,0.938715953307393
26,68,7996,0.7947157920252091,0.06829268292682927,0.03783783783783784,0.35,0.9380674448767834
27,69,246,0.6143255362986304,0.11228070175438597,0.08648648648648649,0.16,0.9179636835278858
27,69,296,0.6417618377259633,0.08888888888888889,0.06486486486486487,0.1411764705882353,0.9202334630350194
27,69,346,0.6653757586493013,0.08627450980392157,0.05945945945945946,0.15714285714285714,0.9244487678339819
27,69,396,0.6776558552343305,0.0703125,0.04864864864864865,0.1267605633802817,0.9228274967574579
27,69,446,0.681209736815118,0.08870967741935484,0.05945945945945946,0.1746031746031746,0.9267185473411155
27,69,496,0.7077612969989652,0.08870967741935484,0.05945945945945946,0.1746031746031746,0.9267185473411155
27,69,546,0.7088203760849501,0.09523809523809523,0.06486486486486487,0.1791044776119403,0.9260700389105059
27,69,596,0.7050390162497786,0.08943089430894309,0.05945945945945946,0.18032786885245902,0.9273670557717251
27,69,646,0.7109571800154761,0.08661417322834646,0.05945945945945946,0.15942028985507245,0.9247730220492867
27,69,696,0.7055573683376374,0.0933852140077821,0.06486486486486487,0.16666666666666666,0.9244487678339819
27,69,746,0.6871036610946926,0.09811320754716982,0.07027027027027027,0.1625,0.9225032425421531
27,69,796,0.6946738390684579,0.10894941634241245,0.07567567567567568,0.19444444444444445,0.9257457846952011
27,69,846,0.7001687441149325,0.12403100775193798,0.08648648648648649,0.2191780821917808,0.9267185473411155
27,69,896,0.7029078060468195,0.09302325581395349,0.06486486486486487,0.1643835616438356,0.9241245136186771
27,69,946,0.698082283732508,0.11618257261410789,0.07567567567567568,0.25,0.9309338521400778
27,69,996,0.693163532625416,0.10606060606060606,0.07567567567567568,0.17721518987341772,0.9234760051880675
27,69,1046,0.6983433243522931,0.08298755186721991,0.05405405405405406,0.17857142857142858,0.9283398184176395
27,69,1096,0.7013079999627085,0.12048192771084337,0.08108108108108109,0.234375,0.9289883268482491
27,69,1146,0.7139684700222817,0.104,0.07027027027027027,0.2,0.9273670557717251
27,69,1196,0.717257581831573,0.1171875,0.08108108108108109,0.2112676056338028,0.9267185473411155
27,69,1246,0.7251988104006042,0.12,0.08108108108108109,0.23076923076923078,0.9286640726329443
27,69,1296,0.7343109926069568,0.07407407407407407,0.04864864864864865,0.15517241379310345,0.9270428015564203
27,69,1346,0.7373465220998854,0.11155378486055777,0.07567567567567568,0.21212121212121213,0.9276913099870299
27,69,1396,0.7376467188126381,0.12260536398467432,0.08648648648648649,0.21052631578947367,0.9257457846952011
27,69,1446,0.7434157165098869,0.11952191235059761,0.08108108108108109,0.22727272727272727,0.9283398184176395
27,69,1496,0.7468633172669047,0.104,0.07027027027027027,0.2,0.9273670557717251
27,69,1546,0.7512972786515387,0.11864406779661017,0.07567567567567568,0.27450980392156865,0.9325551232166018
27,69,1596,0.7552520440412818,0.11764705882352941,0.07567567567567568,0.2641509433962264,0.9319066147859922
27,69,1646,0.7599731501076793,0.10833333333333334,0.07027027027027027,0.23636363636363636,0.930609597924773
27,69,1696,0.757543607767823,0.08438818565400844,0.05405405405405406,0.19230769230769232,0.9296368352788587
27,69,1746,0.7595070061437774,0.1,0.06486486486486487,0.21818181818181817,0.9299610894941635
27,69,1796,0.7540027782180249,0.11965811965811966,0.07567567567567568,0.2857142857142857,0.9332036316472114
27,69,1846,0.7517112144914836,0.061946902654867256,0.03783783783783784,0.17073170731707318,0.9312581063553826
27,69,1896,0.7568499855495372,0.10084033613445378,0.06486486486486487,0.22641509433962265,0.930609597924773
27,69,1946,0.7636053438744023,0.11304347826086956,0.07027027027027027,0.28888888888888886,0.933852140077821
27,69,1996,0.7609128963389054,0.1092436974789916,0.07027027027027027,0.24528301886792453,0.9312581063553826
27,69,2046,0.7613659882718179,0.0847457627118644,0.05405405405405406,0.19607843137254902,0.9299610894941635
27,69,2096,0.7412155170002703,0.10480349344978165,0.06486486486486487,0.2727272727272727,0.9335278858625162
27,69,2146,0.7514818716612439,0.10084033613445378,0.06486486486486487,0.22641509433962265,0.930609597924773
27,69,2196,0.7542899228997884,0.11016949152542373,0.07027027027027027,0.2549019607843137,0.9319066147859922
27,69,2246,0.751258122558571,0.10666666666666667,0.06486486486486487,0.3,0.9348249027237354
27,69,2296,0.7504712715475046,0.1038961038961039,0.06486486486486487,0.2608695652173913,0.9328793774319066
27,69,2346,0.7420471178318713,0.08035714285714286,0.04864864864864865,0.23076923076923078,0.9332036316472114
27,69,2396,0.7484183735304812,0.10666666666666667,0.06486486486486487,0.3,0.9348249027237354
27,69,2446,0.7550338886661756,0.1038961038961039,0.06486486486486487,0.2608695652173913,0.9328793774319066
27,69,2496,0.7617146639568163,0.0821917808219178,0.04864864864864865,0.2647058823529412,0.9348249027237354
27,69,2546,0.7572732442687599,0.08144796380090498,0.04864864864864865,0.25,0.9341763942931258
27,69,2596,0.7561880611207966,0.07174887892376682,0.043243243243243246,0.21052631578947367,0.9328793774319066
27,69,2646,0.7715092809263213,0.08294930875576037,0.04864864864864865,0.28125,0.935473411154345
27,69,2696,0.7710021162935962,0.08,0.04864864864864865,0.225,0.9328793774319066
27,69,2746,0.7633293866477723,0.1452991452991453,0.0918918918918919,0.3469387755102041,0.9351491569390402
27,69,2796,0.773138920224122,0.09606986899563319,0.05945945945945946,0.25,0.9328793774319066
27,69,2846,0.7766126250431182,0.09606986899563319,0.05945945945945946,0.25,0.9328793774319066
27,69,2896,0.7802690582959643,0.09523809523809523,0.05945945945945946,0.2391304347826087,0.932230869001297
27,69,2946,0.7729095773938823,0.09282700421940929,0.05945945945945946,0.21153846153846154,0.9302853437094682
27,69,2996,0.7861629825755387,0.11353711790393013,0.07027027027027027,0.29545454545454547,0.9341763942931258
27,69,3046,0.7786002629051957,0.10212765957446808,0.06486486486486487,0.24,0.9315823605706874
27,69,3096,0.7849677894520944,0.11016949152542373,0.07027027027027027,0.2549019607843137,0.9319066147859922
27,69,3146,0.7811472735239551,0.12875536480686695,0.08108108108108109,0.3125,0.9341763942931258
27,69,3196,0.789688895518492,0.1092436974789916,0.07027027027027027,0.24528301886792453,0.9312581063553826
27,69,3246,0.7847869255941006,0.10480349344978165,0.06486486486486487,0.2727272727272727,0.9335278858625162
27,69,3296,0.7859112648350317,0.13617021276595745,0.08648648648648649,0.32,0.9341763942931258
27,69,3346,0.7707690443116452,0.11711711711711711,0.07027027027027027,0.35135135135135137,0.9364461738002594
27,69,3396,0.7755684625639783,0.13973799126637554,0.08648648648648649,0.36363636363636365,0.9361219195849546
27,69,3446,0.7779924111762677,0.13852813852813853,0.08648648648648649,0.34782608695652173,0.935473411154345
27,69,3496,0.7796462899601914,0.10434782608695652,0.06486486486486487,0.26666666666666666,0.9332036316472114
27,69,3546,0.7751582558757448,0.13675213675213677,0.08648648648648649,0.32653061224489793,0.9345006485084306
27,69,3596,0.7809477639074052,0.09954751131221719,0.05945945945945946,0.3055555555555556,0.935473411154345
27,69,3646,0.7846470824049299,0.13513513513513514,0.08108108108108109,0.40540540540540543,0.9377431906614786
27,69,3696,0.7903042055508425,0.10091743119266056,0.05945945945945946,0.3333333333333333,0.9364461738002594
27,69,3746,0.7792901559717702,0.10810810810810811,0.06486486486486487,0.32432432432432434,0.9357976653696498
27,69,3796,0.7905428712603602,0.12389380530973451,0.07567567567567568,0.34146341463414637,0.9357976653696498
27,69,3846,0.787917548455665,0.08181818181818182,0.04864864864864865,0.2571428571428571,0.9345006485084306
27,69,3896,0.7783597326198224,0.1095890410958904,0.06486486486486487,0.35294117647058826,0.9367704280155642
27,69,3946,0.7922769268060749,0.12444444444444444,0.07567567567567568,0.35,0.9361219195849546
27,69,3996,0.7881618078927496,0.10185185185185185,0.05945945945945946,0.3548387096774194,0.937094682230869
27,69,4046,0.7816264695188461,0.125,0.07567567567567568,0.358974358974359,0.9364461738002594
27,69,4096,0.7897299161873153,0.10810810810810811,0.06486486486486487,0.32432432432432434,0.9357976653696498
27,69,4146,0.7913353159989932,0.11926605504587157,0.07027027027027027,0.3939393939393939,0.9377431906614786
27,69,4196,0.7858832961971977,0.1206896551724138,0.07567567567567568,0.2978723404255319,0.933852140077821
27,69,4246,0.78332696269916,0.11059907834101383,0.06486486486486487,0.375,0.9374189364461738
27,69,4296,0.7876098934394898,0.11659192825112108,0.07027027027027027,0.34210526315789475,0.9361219195849546
27,69,4346,0.7904421841641575,0.15584415584415584,0.0972972972972973,0.391304347826087,0.9367704280155642
27,69,4396,0.7926162796117955,0.11659192825112108,0.07027027027027027,0.34210526315789475,0.9361219195849546
27,69,4446,0.7920662297343911,0.12903225806451613,0.07567567567567568,0.4375,0.938715953307393
27,69,4496,0.7953609352712492,0.11659192825112108,0.07027027027027027,0.34210526315789475,0.9361219195849546
27,69,4546,0.7928344349869013,0.1187214611872146,0.07027027027027027,0.38235294117647056,0.9374189364461738
27,69,4596,0.8021722308717825,0.1187214611872146,0.07027027027027027,0.38235294117647056,0.9374189364461738
27,69,4646,0.8039976506344219,0.102803738317757,0.05945945945945946,0.3793103448275862,0.9377431906614786
27,69,4696,0.7920848754929473,0.11764705882352941,0.07027027027027027,0.3611111111111111,0.9367704280155642
27,69,4746,0.8007383720388205,0.11009174311926606,0.06486486486486487,0.36363636363636365,0.937094682230869
27,69,4796,0.7925323736982929,0.0990990990990991,0.05945945945945946,0.2972972972972973,0.9351491569390402
27,69,4846,0.8030411232204954,0.12389380530973451,0.07567567567567568,0.34146341463414637,0.9357976653696498
27,69,4896,0.7994723250328631,0.09049773755656108,0.05405405405405406,0.2777777777777778,0.9348249027237354
27,69,4946,0.8018664404314629,0.09389671361502347,0.05405405405405406,0.35714285714285715,0.9374189364461738
27,69,4996,0.7958942039659529,0.08450704225352113,0.04864864864864865,0.32142857142857145,0.9367704280155642
27,69,5046,0.7994723250328631,0.07441860465116279,0.043243243243243246,0.26666666666666666,0.935473411154345
27,69,5096,0.8008614340452905,0.07373271889400922,0.043243243243243246,0.25,0.9348249027237354
27,69,5146,0.8008185488006117,0.07692307692307693,0.043243243243243246,0.34782608695652173,0.9377431906614786
27,69,5196,0.8011504433029095,0.11059907834101383,0.06486486486486487,0.375,0.9374189364461738
27,69,5246,0.8137736218453706,0.10232558139534884,0.05945945945945946,0.36666666666666664,0.9374189364461738
27,69,5296,0.8044563362949014,0.08294930875576037,0.04864864864864865,0.28125,0.935473411154345
27,69,5346,0.8161490914854144,0.08294930875576037,0.04864864864864865,0.28125,0.935473411154345
27,69,5396,0.8073091373539804,0.08294930875576037,0.04864864864864865,0.28125,0.935473411154345
27,69,5446,0.8006153100323503,0.08144796380090498,0.04864864864864865,0.25,0.9341763942931258
27,69,5496,0.8020230648033339,0.12037037037037036,0.07027027027027027,0.41935483870967744,0.9383916990920882
27,69,5546,0.8062407353887174,0.11162790697674418,0.06486486486486487,0.4,0.9380674448767834
27,69,5596,0.8009527982622153,0.10377358490566038,0.05945945945945946,0.4074074074074074,0.9383916990920882
27,69,5646,0.8050455422652731,0.07692307692307693,0.043243243243243246,0.34782608695652173,0.9377431906614786
27,69,5696,0.804676356245863,0.09615384615384616,0.05405405405405406,0.43478260869565216,0.9390402075226978
27,69,5746,0.8067497645972983,0.07582938388625593,0.043243243243243246,0.3076923076923077,0.9367704280155642
27,69,5796,0.8071431901028313,0.10426540284360189,0.05945945945945946,0.4230769230769231,0.938715953307393
27,69,5846,0.8061941209923273,0.10526315789473684,0.05945945945945946,0.4583333333333333,0.9393644617380026
27,69,5896,0.801234349216412,0.0784313725490196,0.043243243243243246,0.42105263157894735,0.9390402075226978
27,69,5946,0.7956536736805795,0.10426540284360189,0.05945945945945946,0.4230769230769231,0.938715953307393
27,69,5996,0.8074266056328837,0.07692307692307693,0.043243243243243246,0.34782608695652173,0.9377431906614786
27,69,6046,0.7993492630263931,0.10526315789473684,0.05945945945945946,0.4583333333333333,0.9393644617380026
27,69,6096,0.7991143264685866,0.1073170731707317,0.05945945945945946,0.55,0.9406614785992218
27,69,6146,0.7909959631932726,0.09615384615384616,0.05405405405405406,0.43478260869565216,0.9390402075226978
27,69,6196,0.7981727156615049,0.08653846153846154,0.04864864864864865,0.391304347826087,0.9383916990920882
27,69,6246,0.7951651548064104,0.07655502392344497,0.043243243243243246,0.3333333333333333,0.9374189364461738
27,69,6296,0.7919077407866646,0.07766990291262135,0.043243243243243246,0.38095238095238093,0.9383916990920882
27,69,6346,0.7866403139945741,0.06698564593301436,0.03783783783783784,0.2916666666666667,0.9367704280155642
27,69,6396,0.7896310936669682,0.05853658536585366,0.032432432432432434,0.3,0.9374189364461738
27,69,6446,0.7842834901130865,0.08653846153846154,0.04864864864864865,0.391304347826087,0.9383916990920882
27,69,6496,0.7864706375917139,0.08653846153846154,0.04864864864864865,0.391304347826087,0.9383916990920882
27,69,6546,0.7910220672552511,0.11483253588516747,0.06486486486486487,0.5,0.9400129701686122
27,69,6596,0.7863979191333451,0.08571428571428572,0.04864864864864865,0.36,0.9377431906614786
27,69,6646,0.789265636799269,0.102803738317757,0.05945945945945946,0.3793103448275862,0.9377431906614786
27,69,6696,0.7842872192647977,0.10526315789473684,0.05945945945945946,0.4583333333333333,0.9393644617380026
27,69,6746,0.7883799632678555,0.10576923076923077,0.05945945945945946,0.4782608695652174,0.9396887159533074
27,69,6796,0.7905055797432481,0.09523809523809523,0.05405405405405406,0.4,0.9383916990920882
27,69,6846,0.7842648443545305,0.0761904761904762,0.043243243243243246,0.32,0.937094682230869
27,69,6896,0.7902193673494121,0.10426540284360189,0.05945945945945946,0.4230769230769231,0.938715953307393
27,69,6946,0.7908057764560007,0.09433962264150944,0.05405405405405406,0.37037037037037035,0.9377431906614786
27,69,6996,0.7926106858842284,0.08411214953271028,0.04864864864864865,0.3103448275862069,0.9364461738002594
27,69,7046,0.7895490523293213,0.0784313725490196,0.043243243243243246,0.42105263157894735,0.9390402075226978
27,69,7096,0.7932688811612578,0.07692307692307693,0.043243243243243246,0.34782608695652173,0.9377431906614786
27,69,7146,0.7938655454350522,0.08333333333333333,0.04864864864864865,0.2903225806451613,0.9357976653696498
27,69,7196,0.7874159775505066,0.08737864077669903,0.04864864864864865,0.42857142857142855,0.9390402075226978
27,69,7246,0.7928288412593346,0.08530805687203792,0.04864864864864865,0.34615384615384615,0.9374189364461738
27,69,7296,0.794236596030318,0.09523809523809523,0.05405405405405406,0.4,0.9383916990920882
27,69,7346,0.7914956695225753,0.0660377358490566,0.03783783783783784,0.25925925925925924,0.9357976653696498
27,69,7396,0.7910295255586735,0.08571428571428572,0.04864864864864865,0.36,0.9377431906614786
27,69,7446,0.7894576881123966,0.07804878048780488,0.043243243243243246,0.4,0.938715953307393
27,69,7496,0.7948202082731232,0.07729468599033816,0.043243243243243246,0.36363636363636365,0.9380674448767834
27,69,7546,0.7898977280143199,0.07655502392344497,0.043243243243243246,0.3333333333333333,0.9374189364461738
27,69,7596,0.788985950420928,0.0947867298578199,0.05405405405405406,0.38461538461538464,0.9380674448767834
27,69,7646,0.7946076466255838,0.07881773399014778,0.043243243243243246,0.4444444444444444,0.9393644617380026
27,69,7696,0.8021685017200713,0.08695652173913043,0.04864864864864865,0.4090909090909091,0.938715953307393
27,69,7746,0.7973877292262943,0.07920792079207921,0.043243243243243246,0.47058823529411764,0.9396887159533074
27,69,7796,0.8012511303991124,0.08866995073891626,0.04864864864864865,0.5,0.9400129701686122
27,69,7846,0.8027521139628764,0.08823529411764706,0.04864864864864865,0.47368421052631576,0.9396887159533074
27,69,7896,0.7981540699029488,0.10526315789473684,0.05945945945945946,0.4583333333333333,0.9393644617380026
27,69,7946,0.8012026514268666,0.0966183574879227,0.05405405405405406,0.45454545454545453,0.9393644617380026
27,69,7996,0.7970390535412958,0.09433962264150944,0.05405405405405406,0.37037037037037035,0.9377431906614786
28,70,246,0.6943111790645424,0.07096774193548387,0.05945945945945946,0.088,0.9066147859922179
28,70,296,0.6934283023969122,0.12371134020618557,0.0972972972972973,0.16981132075471697,0.9173151750972762
28,70,346,0.6944258504796621,0.10101010101010101,0.08108108108108109,0.13392857142857142,0.9134241245136187
28,70,396,0.7173862375656098,0.07272727272727272,0.05405405405405406,0.1111111111111111,0.9173151750972762
28,70,446,0.6873796183213223,0.06691449814126393,0.04864864864864865,0.10714285714285714,0.9186121919584954
28,70,496,0.6966027427910836,0.06870229007633588,0.04864864864864865,0.11688311688311688,0.920881971465629
28,70,546,0.713658950430251,0.024489795918367346,0.016216216216216217,0.05,0.9225032425421531
28,70,596,0.7049029022123192,0.039525691699604744,0.02702702702702703,0.07352941176470588,0.9212062256809338
28,70,646,0.6872528271631412,0.07086614173228346,0.04864864864864865,0.13043478260869565,0.9234760051880675
28,70,696,0.7147627793367703,0.08208955223880597,0.05945945945945946,0.13253012048192772,0.9202334630350194
28,70,746,0.7071329349356256,0.08695652173913043,0.05945945945945946,0.16176470588235295,0.9250972762645915
28,70,796,0.7078228280022003,0.08064516129032258,0.05405405405405406,0.15873015873015872,0.9260700389105059
28,70,846,0.7268470954569609,0.05533596837944664,0.03783783783783784,0.10294117647058823,0.9225032425421531
28,70,896,0.7143674892553817,0.05511811023622047,0.03783783783783784,0.10144927536231885,0.9221789883268483
28,70,946,0.7247494476194027,0.0749063670411985,0.05405405405405406,0.12195121951219512,0.9199092088197146
28,70,996,0.7082945656936689,0.0642570281124498,0.043243243243243246,0.125,0.9244487678339819
28,70,1046,0.7221763329386649,0.088,0.05945945945945946,0.16923076923076924,0.9260700389105059
28,70,1096,0.7101330374872977,0.060085836909871244,0.03783783783783784,0.14583333333333334,0.9289883268482491
28,70,1146,0.7264051909791821,0.0912863070539419,0.05945945945945946,0.19642857142857142,0.9289883268482491
28,70,1196,0.7275929257992038,0.058091286307053944,0.03783783783783784,0.125,0.9263942931258107
28,70,1246,0.721329815500219,0.05106382978723404,0.032432432432432434,0.12,0.9276913099870299
28,70,1296,0.6986397919133345,0.06639004149377593,0.043243243243243246,0.14285714285714285,0.9270428015564203
28,70,1346,0.7126539440440784,0.05907172995780591,0.03783783783783784,0.1346153846153846,0.9276913099870299
28,70,1396,0.7077724844540988,0.0759493670886076,0.04864864864864865,0.17307692307692307,0.9289883268482491
28,70,1446,0.7092753325937182,0.05063291139240506,0.032432432432432434,0.11538461538461539,0.9270428015564203
28,70,1496,0.7299068644360126,0.06779661016949153,0.043243243243243246,0.1568627450980392,0.9286640726329443
28,70,1546,0.7434884349682557,0.06060606060606061,0.03783783783783784,0.15217391304347827,0.9296368352788587
28,70,1596,0.7456513429607601,0.075,0.04864864864864865,0.16363636363636364,0.9280155642023347
28,70,1646,0.7410532989008326,0.058577405857740586,0.03783783783783784,0.12962962962962962,0.9270428015564203
28,70,1696,0.7403745932893915,0.05084745762711865,0.032432432432432434,0.11764705882352941,0.9273670557717251
28,70,1746,0.7526640127536988,0.09322033898305085,0.05945945945945946,0.21568627450980393,0.930609597924773
28,70,1796,0.7651119211657328,0.06926406926406926,0.043243243243243246,0.17391304347826086,0.9302853437094682
28,70,1846,0.757353421030551,0.07692307692307693,0.04864864864864865,0.1836734693877551,0.9299610894941635
28,70,1896,0.7475289708473565,0.1038961038961039,0.06486486486486487,0.2608695652173913,0.9328793774319066
28,70,1946,0.7571296719278784,0.1322314049586777,0.08648648648648649,0.2807017543859649,0.9319066147859922
28,70,1996,0.74945880685791,0.0847457627118644,0.05405405405405406,0.19607843137254902,0.9299610894941635
28,70,2046,0.7532550832999264,0.0995850622406639,0.06486486486486487,0.21428571428571427,0.9296368352788587
28,70,2096,0.7567809962428796,0.11428571428571428,0.07567567567567568,0.23333333333333334,0.9296368352788587
28,70,2146,0.7604057317061801,0.09795918367346938,0.06486486486486487,0.2,0.9283398184176395
28,70,2196,0.7639316446491334,0.11290322580645161,0.07567567567567568,0.2222222222222222,0.9286640726329443
28,70,2246,0.772156288748217,0.10526315789473684,0.07027027027027027,0.20967741935483872,0.9283398184176395
28,70,2296,0.7740357812106691,0.1111111111111111,0.07567567567567568,0.208955223880597,0.9273670557717251
28,70,2346,0.7740078125728351,0.12396694214876033,0.08108108108108109,0.2631578947368421,0.9312581063553826
28,70,2396,0.7755721917156895,0.10646387832699619,0.07567567567567568,0.1794871794871795,0.9238002594033723
28,70,2446,0.7771794561032229,0.11382113821138211,0.07567567567567568,0.22950819672131148,0.9293125810635539
28,70,2496,0.7731109515862878,0.12903225806451613,0.08648648648648649,0.25396825396825395,0.9299610894941635
28,70,2546,0.7784287219264797,0.13114754098360656,0.08648648648648649,0.2711864406779661,0.9312581063553826
28,70,2596,0.7804461930022468,0.11336032388663968,0.07567567567567568,0.22580645161290322,0.9289883268482491
28,70,2646,0.7747126222462546,0.12448132780082988,0.08108108108108109,0.26785714285714285,0.9315823605706874
28,70,2696,0.7832766191510585,0.1306122448979592,0.08648648648648649,0.26666666666666666,0.9309338521400778
28,70,2746,0.784281625537231,0.11618257261410789,0.07567567567567568,0.25,0.9309338521400778
28,70,2796,0.7849249042074155,0.14516129032258066,0.0972972972972973,0.2857142857142857,0.9312581063553826
28,70,2846,0.7899685818968329,0.17142857142857143,0.11351351351351352,0.35,0.9341763942931258
28,70,2896,0.7879063610005314,0.1322314049586777,0.08648648648648649,0.2807017543859649,0.9319066147859922
28,70,2946,0.7798196955147627,0.14634146341463414,0.0972972972972973,0.29508196721311475,0.9319066147859922
28,70,2996,0.7860268685380793,0.1487603305785124,0.0972972972972973,0.3157894736842105,0.9332036316472114
28,70,3046,0.7805785778879949,0.13438735177865613,0.0918918918918919,0.25,0.9289883268482491
28,70,3096,0.781803604225129,0.15447154471544716,0.10270270270270271,0.3114754098360656,0.9325551232166018
28,70,3146,0.787044926955241,0.15833333333333333,0.10270270270270271,0.34545454545454546,0.9345006485084306
28,70,3196,0.7818893747144868,0.1271186440677966,0.08108108108108109,0.29411764705882354,0.9332036316472114
28,70,3246,0.7772447162581693,0.1459227467811159,0.0918918918918919,0.3541666666666667,0.935473411154345
28,70,3296,0.7803305892991992,0.13114754098360656,0.08648648648648649,0.2711864406779661,0.9312581063553826
28,70,3346,0.7738530527768197,0.13877551020408163,0.0918918918918919,0.2833333333333333,0.9315823605706874
28,70,3396,0.7854227459608626,0.1487603305785124,0.0972972972972973,0.3157894736842105,0.9332036316472114
28,70,3446,0.7856707345496583,0.15767634854771784,0.10270270270270271,0.3392857142857143,0.9341763942931258
28,70,3496,0.778779262187334,0.14166666666666666,0.0918918918918919,0.3090909090909091,0.9332036316472114
28,70,3546,0.7838042941181955,0.12552301255230125,0.08108108108108109,0.2777777777777778,0.932230869001297
28,70,3596,0.7896478748496686,0.12195121951219512,0.08108108108108109,0.2459016393442623,0.9299610894941635
28,70,3646,0.7818912392903424,0.13100436681222707,0.08108108108108109,0.3409090909090909,0.935473411154345
28,70,3696,0.7924633843916356,0.15126050420168066,0.0972972972972973,0.33962264150943394,0.9345006485084306
28,70,3746,0.7825811323569172,0.1282051282051282,0.08108108108108109,0.30612244897959184,0.933852140077821
28,70,3796,0.7805524738260163,0.10526315789473684,0.06486486486486487,0.27906976744186046,0.933852140077821
28,70,3846,0.7871306974445987,0.13675213675213677,0.08648648648648649,0.32653061224489793,0.9345006485084306
28,70,3896,0.7928400287144681,0.11914893617021277,0.07567567567567568,0.28,0.9328793774319066
28,70,3946,0.7912402226303572,0.11304347826086956,0.07027027027027027,0.28888888888888886,0.933852140077821
28,70,3996,0.7983181525782422,0.1276595744680851,0.08108108108108109,0.3,0.9335278858625162
28,70,4046,0.8037571203490486,0.11864406779661017,0.07567567567567568,0.27450980392156865,0.9325551232166018
28,70,4096,0.7925249153948706,0.11063829787234042,0.07027027027027027,0.26,0.932230869001297
28,70,4146,0.7937797749456944,0.10526315789473684,0.06486486486486487,0.27906976744186046,0.933852140077821
28,70,4196,0.795940818362343,0.11764705882352941,0.07027027027027027,0.3611111111111111,0.9367704280155642
28,70,4246,0.7926218733393622,0.09865470852017937,0.05945945945945946,0.2894736842105263,0.9348249027237354
28,70,4296,0.7913092119370146,0.11555555555555555,0.07027027027027027,0.325,0.935473411154345
28,70,4346,0.7863904608299228,0.1004566210045662,0.05945945945945946,0.3235294117647059,0.9361219195849546
28,70,4396,0.7937611291871381,0.11555555555555555,0.07027027027027027,0.325,0.935473411154345
28,70,4446,0.7976002908738334,0.091324200913242,0.05405405405405406,0.29411764705882354,0.935473411154345
28,70,4496,0.7921855625891501,0.091324200913242,0.05405405405405406,0.29411764705882354,0.935473411154345
28,70,4546,0.79487241639708,0.11764705882352941,0.07027027027027027,0.3611111111111111,0.9367704280155642
28,70,4596,0.7976208012082452,0.0821917808219178,0.04864864864864865,0.2647058823529412,0.9348249027237354
28,70,4646,0.7902519974268853,0.10810810810810811,0.06486486486486487,0.32432432432432434,0.9357976653696498
28,70,4696,0.798912952276181,0.08490566037735849,0.04864864864864865,0.3333333333333333,0.937094682230869
28,70,4746,0.787865340331708,0.10091743119266056,0.05945945945945946,0.3333333333333333,0.9364461738002594
28,70,4796,0.7931588711857771,0.09734513274336283,0.05945945945945946,0.2682926829268293,0.933852140077821
28,70,4846,0.7889896795726392,0.08,0.04864864864864865,0.225,0.9328793774319066
28,70,4896,0.7981428824478152,0.10714285714285714,0.06486486486486487,0.3076923076923077,0.9351491569390402
28,70,4946,0.7895975313015673,0.1085972850678733,0.06486486486486487,0.3333333333333333,0.9361219195849546
28,70,4996,0.7903843823126335,0.09345794392523364,0.05405405405405406,0.3448275862068966,0.937094682230869
28,70,5046,0.7962205047406842,0.09302325581395349,0.05405405405405406,0.3333333333333333,0.9367704280155642
28,70,5096,0.793652983787513,0.09302325581395349,0.05405405405405406,0.3333333333333333,0.9367704280155642
28,70,5146,0.801547597960154,0.07407407407407407,0.043243243243243246,0.25806451612903225,0.9351491569390402
28,70,5196,0.8025302294360591,0.1095890410958904,0.06486486486486487,0.35294117647058826,0.9367704280155642
28,70,5246,0.7975928325704111,0.1004566210045662,0.05945945945945946,0.3235294117647059,0.9361219195849546
28,70,5296,0.8028621239383572,0.12093023255813953,0.07027027027027027,0.43333333333333335,0.938715953307393
28,70,5346,0.8010292458722952,0.08181818181818182,0.04864864864864865,0.2571428571428571,0.9345006485084306
28,70,5396,0.8061083505029694,0.11009174311926606,0.06486486486486487,0.36363636363636365,0.937094682230869
28,70,5446,0.8115324016669309,0.0990990990990991,0.05945945945945946,0.2972972972972973,0.9351491569390402
28,70,5496,0.8044749820534575,0.10138248847926268,0.05945945945945946,0.34375,0.9367704280155642
28,70,5546,0.8060169862860447,0.10232558139534884,0.05945945945945946,0.36666666666666664,0.9374189364461738
28,70,5596,0.8001044162479141,0.08372093023255814,0.04864864864864865,0.3,0.9361219195849546
28,70,5646,0.8013872444365718,0.11009174311926606,0.06486486486486487,0.36363636363636365,0.937094682230869
28,70,5696,0.8041803790682714,0.09345794392523364,0.05405405405405406,0.3448275862068966,0.937094682230869
28,70,5746,0.8133746026122709,0.10185185185185185,0.05945945945945946,0.3548387096774194,0.937094682230869
28,70,5796,0.8121402533958587,0.12149532710280374,0.07027027027027027,0.4482758620689655,0.9390402075226978
28,70,5846,0.8084800909913017,0.08181818181818182,0.04864864864864865,0.2571428571428571,0.9345006485084306
28,70,5896,0.8029982379758165,0.08256880733944955,0.04864864864864865,0.2727272727272727,0.9351491569390402
28,70,5946,0.8025171774050699,0.07407407407407407,0.043243243243243246,0.25806451612903225,0.9351491569390402
28,70,5996,0.8064477033086899,0.0660377358490566,0.03783783783783784,0.25925925925925924,0.9357976653696498
28,70,6046,0.8077659584386042,0.09259259259259259,0.05405405405405406,0.3225806451612903,0.9364461738002594
28,70,6096,0.8035147254878197,0.091324200913242,0.05405405405405406,0.29411764705882354,0.935473411154345
28,70,6146,0.8096193468390778,0.07547169811320754,0.043243243243243246,0.2962962962962963,0.9364461738002594
28,70,6196,0.8113813710226266,0.0761904761904762,0.043243243243243246,0.32,0.937094682230869
28,70,6246,0.8155710729701763,0.07547169811320754,0.043243243243243246,0.2962962962962963,0.9364461738002594
28,70,6296,0.8098673354278735,0.07476635514018691,0.043243243243243246,0.27586206896551724,0.9357976653696498
28,70,6346,0.8050828337823853,0.06572769953051644,0.03783783783783784,0.25,0.935473411154345
28,70,6396,0.8103316148159198,0.06635071090047394,0.03783783783783784,0.2692307692307692,0.9361219195849546
28,70,6446,0.8003524048367099,0.08411214953271028,0.04864864864864865,0.3103448275862069,0.9364461738002594
28,70,6496,0.8037198288319364,0.09433962264150944,0.05405405405405406,0.37037037037037035,0.9377431906614786
28,70,6546,0.7980925388997138,0.10328638497652583,0.05945945945945946,0.39285714285714285,0.9380674448767834
28,70,6596,0.8003710505952659,0.07511737089201878,0.043243243243243246,0.2857142857142857,0.9361219195849546
28,70,6646,0.7979433728312653,0.0861244019138756,0.04864864864864865,0.375,0.9380674448767834
28,70,6696,0.8015457333842985,0.12037037037037036,0.07027027027027027,0.41935483870967744,0.9383916990920882
28,70,6746,0.7977811547318273,0.09523809523809523,0.05405405405405406,0.4,0.9383916990920882
28,70,6796,0.7959408183623431,0.09259259259259259,0.05405405405405406,0.3225806451612903,0.9364461738002594
28,70,6846,0.7952341441130679,0.08450704225352113,0.04864864864864865,0.32142857142857145,0.9367704280155642
28,70,6896,0.791933844848643,0.0861244019138756,0.04864864864864865,0.375,0.9380674448767834
28,70,6946,0.7922601456233743,0.0947867298578199,0.05405405405405406,0.38461538461538464,0.9380674448767834
28,70,6996,0.7972348340061344,0.11162790697674418,0.06486486486486487,0.4,0.9380674448767834
28,70,7046,0.7945032303776698,0.08411214953271028,0.04864864864864865,0.3103448275862069,0.9364461738002594
28,70,7096,0.7960489637619682,0.10138248847926268,0.05945945945945946,0.34375,0.9367704280155642
28,70,7146,0.7949264890968928,0.09433962264150944,0.05405405405405406,0.37037037037037035,0.9377431906614786
28,70,7196,0.7960750678239468,0.09345794392523364,0.05405405405405406,0.3448275862068966,0.937094682230869
28,70,7246,0.7988141297558338,0.08490566037735849,0.04864864864864865,0.3333333333333333,0.937094682230869
28,70,7296,0.8003673214435547,0.102803738317757,0.05945945945945946,0.3793103448275862,0.9377431906614786
28,70,7346,0.7993604504815267,0.08490566037735849,0.04864864864864865,0.3333333333333333,0.937094682230869
28,70,7396,0.7992336593233453,0.06666666666666667,0.03783783783783784,0.28,0.9364461738002594
28,70,7446,0.7976431761185125,0.0947867298578199,0.05405405405405406,0.38461538461538464,0.9380674448767834
28,70,7496,0.7963081398058977,0.12903225806451613,0.07567567567567568,0.4375,0.938715953307393
28,70,7546,0.8045271901774144,0.09302325581395349,0.05405405405405406,0.3333333333333333,0.9367704280155642
28,70,7596,0.7943279602472427,0.07407407407407407,0.043243243243243246,0.25806451612903225,0.9351491569390402
28,70,7646,0.7926628940081856,0.10426540284360189,0.05945945945945946,0.4230769230769231,0.938715953307393
28,70,7696,0.8003356236540093,0.10377358490566038,0.05945945945945946,0.4074074074074074,0.9383916990920882
28,70,7746,0.7996494597391458,0.08571428571428572,0.04864864864864865,0.36,0.9377431906614786
28,70,7796,0.8059442678276759,0.08490566037735849,0.04864864864864865,0.3333333333333333,0.937094682230869
28,70,7846,0.8007271845836869,0.0861244019138756,0.04864864864864865,0.375,0.9380674448767834
28,70,7896,0.7998620213866852,0.102803738317757,0.05945945945945946,0.3793103448275862,0.9377431906614786
28,70,7946,0.8001025516720585,0.08490566037735849,0.04864864864864865,0.3333333333333333,0.937094682230869
28,70,7996,0.7996438660115791,0.09345794392523364,0.05405405405405406,0.3448275862068966,0.937094682230869
29,71,246,0.6218798653776232,0.06040268456375839,0.04864864864864865,0.07964601769911504,0.9092088197146563
29,71,296,0.6315346391579576,0.06993006993006994,0.05405405405405406,0.09900990099009901,0.9137483787289234
29,71,346,0.6414802867717666,0.06741573033707865,0.04864864864864865,0.10975609756097561,0.919260700389105
29,71,396,0.6548651445512432,0.08695652173913043,0.06486486486486487,0.13186813186813187,0.9182879377431906
29,71,446,0.6626404258691255,0.0749063670411985,0.05405405405405406,0.12195121951219512,0.9199092088197146
29,71,496,0.6521876136225913,0.08,0.05405405405405406,0.15384615384615385,0.9254215304798963
29,71,546,0.694184387906361,0.1044776119402985,0.07567567567567568,0.1686746987951807,0.9221789883268483
29,71,596,0.673181805468801,0.09848484848484848,0.07027027027027027,0.16455696202531644,0.9228274967574579
29,71,646,0.6779784268573507,0.07885304659498207,0.05945945945945946,0.11702127659574468,0.9166666666666666
29,71,696,0.6894362454900571,0.0859375,0.05945945945945946,0.15492957746478872,0.9241245136186771
29,71,746,0.6882699532923748,0.08032128514056225,0.05405405405405406,0.15625,0.9257457846952011
29,71,796,0.6986509793684682,0.07874015748031496,0.05405405405405406,0.14492753623188406,0.9241245136186771
29,71,846,0.6930982724704698,0.10980392156862745,0.07567567567567568,0.2,0.9263942931258107
29,71,896,0.7056188993408724,0.11895910780669144,0.08648648648648649,0.19047619047619047,0.9231517509727627
29,71,946,0.7157360879333974,0.14022140221402213,0.10270270270270271,0.22093023255813954,0.9244487678339819
29,71,996,0.7325135414821514,0.09885931558935361,0.07027027027027027,0.16666666666666666,0.9231517509727627
29,71,1046,0.7195594007253199,0.13688212927756654,0.0972972972972973,0.23076923076923078,0.9263942931258107
29,71,1096,0.7284711410271948,0.11428571428571428,0.08648648648648649,0.16842105263157894,0.9195849546044098
29,71,1146,0.7315495557648024,0.12949640287769784,0.0972972972972973,0.1935483870967742,0.9215304798962386
29,71,1196,0.749117589476334,0.1259259259259259,0.0918918918918919,0.2,0.9234760051880675
29,71,1246,0.7514259343855757,0.11811023622047244,0.08108108108108109,0.21739130434782608,0.9273670557717251
29,71,1296,0.7426437821056655,0.10980392156862745,0.07567567567567568,0.2,0.9263942931258107
29,71,1346,0.7389948071562421,0.11764705882352941,0.08108108108108109,0.21428571428571427,0.9270428015564203
29,71,1396,0.7649720779765623,0.08368200836820083,0.05405405405405406,0.18518518518518517,0.9289883268482491
29,71,1446,0.7749885794728844,0.07407407407407407,0.04864864864864865,0.15517241379310345,0.9270428015564203
29,71,1496,0.7480547812386378,0.09166666666666666,0.05945945945945946,0.2,0.9293125810635539
29,71,1546,0.7687981876322685,0.09917355371900827,0.06486486486486487,0.21052631578947367,0.9293125810635539
29,71,1596,0.7599489106215563,0.10699588477366255,0.07027027027027027,0.22413793103448276,0.9296368352788587
29,71,1646,0.7520244632352256,0.08438818565400844,0.05405405405405406,0.19230769230769232,0.9296368352788587
29,71,1696,0.7659435219973336,0.07531380753138076,0.04864864864864865,0.16666666666666666,0.9283398184176395
29,71,1746,0.7725497142537502,0.1016949152542373,0.06486486486486487,0.23529411764705882,0.9312581063553826
29,71,1796,0.7816581673083915,0.09523809523809523,0.05945945945945946,0.2391304347826087,0.932230869001297
29,71,1846,0.7767785722942674,0.06866952789699571,0.043243243243243246,0.16666666666666666,0.9296368352788587
29,71,1896,0.7766983955324763,0.0881057268722467,0.05405405405405406,0.23809523809523808,0.9328793774319066
29,71,1946,0.7704502018403364,0.08035714285714286,0.04864864864864865,0.23076923076923078,0.9332036316472114
29,71,1996,0.7793162600337489,0.08771929824561403,0.05405405405405406,0.23255813953488372,0.9325551232166018
29,71,2046,0.7777239122530603,0.11255411255411256,0.07027027027027027,0.2826086956521739,0.9335278858625162
29,71,2096,0.7912103894166675,0.09523809523809523,0.05945945945945946,0.2391304347826087,0.932230869001297
29,71,2146,0.786526574867382,0.08733624454148471,0.05405405405405406,0.22727272727272727,0.932230869001297
29,71,2196,0.7892730951026915,0.10126582278481013,0.06486486486486487,0.23076923076923078,0.9309338521400778
29,71,2246,0.779510175922732,0.05333333333333334,0.032432432432432434,0.15,0.9309338521400778
29,71,2296,0.774007812572835,0.07758620689655173,0.04864864864864865,0.19148936170212766,0.930609597924773
29,71,2346,0.7747480491875111,0.07048458149779736,0.043243243243243246,0.19047619047619047,0.9315823605706874
29,71,2396,0.7795306862571437,0.07079646017699115,0.043243243243243246,0.1951219512195122,0.9319066147859922
29,71,2446,0.780084465286259,0.08,0.04864864864864865,0.225,0.9328793774319066
29,71,2496,0.7823890810437896,0.061946902654867256,0.03783783783783784,0.17073170731707318,0.9312581063553826
29,71,2546,0.7821392278791381,0.091324200913242,0.05405405405405406,0.29411764705882354,0.935473411154345
29,71,2596,0.7774721945125531,0.09482758620689655,0.05945945945945946,0.23404255319148937,0.9319066147859922
29,71,2646,0.785240017527013,0.07860262008733625,0.04864864864864865,0.20454545454545456,0.9315823605706874
29,71,2696,0.7800397154657244,0.08035714285714286,0.04864864864864865,0.23076923076923078,0.9332036316472114
29,71,2746,0.7763086991786544,0.08733624454148471,0.05405405405405406,0.22727272727272727,0.932230869001297
29,71,2796,0.7820515928139247,0.08968609865470852,0.05405405405405406,0.2631578947368421,0.9341763942931258
29,71,2846,0.7875893831050782,0.07079646017699115,0.043243243243243246,0.1951219512195122,0.9319066147859922
29,71,2896,0.7895360002983323,0.08620689655172414,0.05405405405405406,0.2127659574468085,0.9312581063553826
29,71,2946,0.7842126362305735,0.07929515418502203,0.04864864864864865,0.21428571428571427,0.932230869001297
29,71,2996,0.7831722029031447,0.07017543859649122,0.043243243243243246,0.18604651162790697,0.9312581063553826
29,71,3046,0.7831628800238666,0.0625,0.03783783783783784,0.1794871794871795,0.9319066147859922
29,71,3096,0.7909829111622835,0.0625,0.03783783783783784,0.1794871794871795,0.9319066147859922
29,71,3146,0.7847906547458117,0.07111111111111111,0.043243243243243246,0.2,0.932230869001297
29,71,3196,0.7840802513448254,0.10084033613445378,0.06486486486486487,0.22641509433962265,0.930609597924773
29,71,3246,0.7910593587723633,0.07860262008733625,0.04864864864864865,0.20454545454545456,0.9315823605706874
29,71,3296,0.7837800546320726,0.0881057268722467,0.05405405405405406,0.23809523809523808,0.9328793774319066
29,71,3346,0.7820870197551812,0.05286343612334802,0.032432432432432434,0.14285714285714285,0.9302853437094682
29,71,3396,0.7909120572797703,0.07929515418502203,0.04864864864864865,0.21428571428571427,0.932230869001297
29,71,3446,0.7955492574326656,0.07894736842105263,0.04864864864864865,0.20930232558139536,0.9319066147859922
29,71,3496,0.7934310992606957,0.10126582278481013,0.06486486486486487,0.23076923076923078,0.9309338521400778
29,71,3546,0.7926274670669289,0.10212765957446808,0.06486486486486487,0.24,0.9315823605706874
29,71,3596,0.7987209009630535,0.08620689655172414,0.05405405405405406,0.2127659574468085,0.9312581063553826
29,71,3646,0.7991851803510995,0.09565217391304348,0.05945945945945946,0.24444444444444444,0.9325551232166018
29,71,3696,0.7969309081416704,0.0995850622406639,0.06486486486486487,0.21428571428571427,0.9296368352788587
29,71,3746,0.8026197290771282,0.08368200836820083,0.05405405405405406,0.18518518518518517,0.9289883268482491
29,71,3796,0.7977606443974157,0.1,0.06486486486486487,0.21818181818181817,0.9299610894941635
29,71,3846,0.7958960685418086,0.08547008547008547,0.05405405405405406,0.20408163265306123,0.930609597924773
29,71,3896,0.8055527068979984,0.12552301255230125,0.08108108108108109,0.2777777777777778,0.932230869001297
29,71,3946,0.8015699728704214,0.11522633744855967,0.07567567567567568,0.2413793103448276,0.9302853437094682
29,71,3996,0.8025414168911926,0.11063829787234042,0.07027027027027027,0.26,0.932230869001297
29,71,4046,0.8053737076158599,0.08583690987124463,0.05405405405405406,0.20833333333333334,0.9309338521400778
29,71,4096,0.808327195771142,0.11158798283261803,0.07027027027027027,0.2708333333333333,0.9328793774319066
29,71,4146,0.8016259101460895,0.10344827586206896,0.06486486486486487,0.2553191489361702,0.9325551232166018
29,71,4196,0.8068504516935011,0.11504424778761062,0.07027027027027027,0.3170731707317073,0.9351491569390402
29,71,4246,0.8074993240912525,0.06278026905829596,0.03783783783783784,0.18421052631578946,0.932230869001297
29,71,4296,0.8056179670529446,0.08733624454148471,0.05405405405405406,0.22727272727272727,0.932230869001297
29,71,4346,0.8116293596114225,0.07111111111111111,0.043243243243243246,0.2,0.932230869001297
29,71,4396,0.8044003990192331,0.10572687224669604,0.06486486486486487,0.2857142857142857,0.9341763942931258
29,71,4446,0.8090264117169947,0.08256880733944955,0.04864864864864865,0.2727272727272727,0.9351491569390402
29,71,4496,0.8022803762714077,0.07017543859649122,0.043243243243243246,0.18604651162790697,0.9312581063553826
29,71,4546,0.8061549648993596,0.09691629955947137,0.05945945945945946,0.2619047619047619,0.9335278858625162
29,71,4596,0.8008017676179111,0.07239819004524888,0.043243243243243246,0.2222222222222222,0.9335278858625162
29,71,4646,0.8028733113934907,0.08888888888888889,0.05405405405405406,0.25,0.9335278858625162
29,71,4696,0.8011933285475887,0.08,0.04864864864864865,0.225,0.9328793774319066
29,71,4746,0.8017545658801264,0.07174887892376682,0.043243243243243246,0.21052631578947367,0.9328793774319066
29,71,4796,0.8028192386936781,0.09954751131221719,0.05945945945945946,0.3055555555555556,0.935473411154345
29,71,4846,0.805763403969682,0.10526315789473684,0.06486486486486487,0.27906976744186046,0.933852140077821
29,71,4896,0.8004866542983136,0.08144796380090498,0.04864864864864865,0.25,0.9341763942931258
29,71,4946,0.8017843990938162,0.09606986899563319,0.05945945945945946,0.25,0.9328793774319066
29,71,4996,0.8067423062938759,0.08181818181818182,0.04864864864864865,0.2571428571428571,0.9345006485084306
29,71,5046,0.8030541752514847,0.09049773755656108,0.05405405405405406,0.2777777777777778,0.9348249027237354
29,71,5096,0.8056981438147357,0.10091743119266056,0.05945945945945946,0.3333333333333333,0.9364461738002594
29,71,5146,0.8038764532038074,0.09865470852017937,0.05945945945945946,0.2894736842105263,0.9348249027237354
29,71,5196,0.7995562309463655,0.09174311926605505,0.05405405405405406,0.30303030303030304,0.9357976653696498
29,71,5246,0.795124134137587,0.08333333333333333,0.04864864864864865,0.2903225806451613,0.9357976653696498
29,71,5296,0.7983890064607554,0.10091743119266056,0.05945945945945946,0.3333333333333333,0.9364461738002594
29,71,5346,0.8007197262802644,0.09259259259259259,0.05405405405405406,0.3225806451612903,0.9364461738002594
29,71,5396,0.7994201169089061,0.10091743119266056,0.05945945945945946,0.3333333333333333,0.9364461738002594
29,71,5446,0.80244072979499,0.09345794392523364,0.05405405405405406,0.3448275862068966,0.937094682230869
29,71,5496,0.7969458247485154,0.102803738317757,0.05945945945945946,0.3793103448275862,0.9377431906614786
29,71,5546,0.8016501496322123,0.10091743119266056,0.05945945945945946,0.3333333333333333,0.9364461738002594
29,71,5596,0.7958625061764075,0.10909090909090909,0.06486486486486487,0.34285714285714286,0.9364461738002594
29,71,5646,0.7994275752123285,0.11059907834101383,0.06486486486486487,0.375,0.9374189364461738
29,71,5696,0.8027353327801758,0.09259259259259259,0.05405405405405406,0.3225806451612903,0.9364461738002594
29,71,5746,0.7940762425067358,0.10091743119266056,0.05945945945945946,0.3333333333333333,0.9364461738002594
29,71,5796,0.8069231701518698,0.08256880733944955,0.04864864864864865,0.2727272727272727,0.9351491569390402
29,71,5846,0.804946719744926,0.1187214611872146,0.07027027027027027,0.38235294117647056,0.9374189364461738
29,71,5896,0.8055228736843086,0.10091743119266056,0.05945945945945946,0.3333333333333333,0.9364461738002594
29,71,5946,0.8072550646541679,0.09569377990430622,0.05405405405405406,0.4166666666666667,0.938715953307393
29,71,5996,0.7992765445680244,0.10328638497652583,0.05945945945945946,0.39285714285714285,0.9380674448767834
29,71,6046,0.8037049122250917,0.08372093023255814,0.04864864864864865,0.3,0.9361219195849546
29,71,6096,0.8048367097694452,0.08571428571428572,0.04864864864864865,0.36,0.9377431906614786
29,71,6146,0.7992541696577571,0.08571428571428572,0.04864864864864865,0.36,0.9377431906614786
29,71,6196,0.7999850833931551,0.10328638497652583,0.05945945945945946,0.39285714285714285,0.9380674448767834
29,71,6246,0.8034569236362958,0.0947867298578199,0.05405405405405406,0.38461538461538464,0.9380674448767834
29,71,6296,0.8015401396567317,0.08490566037735849,0.04864864864864865,0.3333333333333333,0.937094682230869
29,71,6346,0.8030579044031959,0.11009174311926606,0.06486486486486487,0.36363636363636365,0.937094682230869
29,71,6396,0.8012418075198344,0.10426540284360189,0.05945945945945946,0.4230769230769231,0.938715953307393
29,71,6446,0.7983013713955418,0.0761904761904762,0.043243243243243246,0.32,0.937094682230869
29,71,6496,0.7996382722840123,0.07692307692307693,0.043243243243243246,0.34782608695652173,0.9377431906614786
29,71,6546,0.8013816507090049,0.08737864077669903,0.04864864864864865,0.42857142857142855,0.9390402075226978
29,71,6596,0.8038335679591285,0.09569377990430622,0.05405405405405406,0.4166666666666667,0.938715953307393
29,71,6646,0.8059741010413657,0.07766990291262135,0.043243243243243246,0.38095238095238093,0.9383916990920882
29,71,6696,0.8041430875511594,0.08695652173913043,0.04864864864864865,0.4090909090909091,0.938715953307393
29,71,6746,0.8096081593839441,0.10526315789473684,0.05945945945945946,0.4583333333333333,0.9393644617380026
29,71,6796,0.7993790962400827,0.10377358490566038,0.05945945945945946,0.4074074074074074,0.9383916990920882
29,71,6846,0.8028994154554693,0.07582938388625593,0.043243243243243246,0.3076923076923077,0.9367704280155642
29,71,6896,0.8024463235225567,0.08695652173913043,0.04864864864864865,0.4090909090909091,0.938715953307393
29,71,6946,0.8077976562281495,0.0966183574879227,0.05405405405405406,0.45454545454545453,0.9393644617380026
29,71,6996,0.8085472157221035,0.12149532710280374,0.07027027027027027,0.4482758620689655,0.9390402075226978
29,71,7046,0.8160241649030886,0.10377358490566038,0.05945945945945946,0.4074074074074074,0.9383916990920882
29,71,7096,0.8083682164399653,0.12149532710280374,0.07027027027027027,0.4482758620689655,0.9390402075226978
29,71,7146,0.8130389789582615,0.12037037037037036,0.07027027027027027,0.41935483870967744,0.9383916990920882
29,71,7196,0.8104192498811332,0.11214953271028037,0.06486486486486487,0.41379310344827586,0.9383916990920882
29,71,7246,0.8059256220691198,0.12093023255813953,0.07027027027027027,0.43333333333333335,0.938715953307393
29,71,7296,0.812528085173825,0.12903225806451613,0.07567567567567568,0.4375,0.938715953307393
29,71,7346,0.8087057046698303,0.10328638497652583,0.05945945945945946,0.39285714285714285,0.9380674448767834
29,71,7396,0.8107697901419876,0.1111111111111111,0.06486486486486487,0.3870967741935484,0.9377431906614786
29,71,7446,0.8130352498065503,0.12149532710280374,0.07027027027027027,0.4482758620689655,0.9390402075226978
29,71,7496,0.8197328062798916,0.09433962264150944,0.05405405405405406,0.37037037037037035,0.9377431906614786
29,71,7546,0.8159738213549873,0.10377358490566038,0.05945945945945946,0.4074074074074074,0.9383916990920882
29,71,7596,0.8127499697006424,0.10426540284360189,0.05945945945945946,0.4230769230769231,0.938715953307393
29,71,7646,0.8092781294575017,0.09389671361502347,0.05405405405405406,0.35714285714285715,0.9374189364461738
29,71,7696,0.8226564612214836,0.10426540284360189,0.05945945945945946,0.4230769230769231,0.938715953307393
29,71,7746,0.8209578326170254,0.0861244019138756,0.04864864864864865,0.375,0.9380674448767834
29,71,7796,0.8188806951138791,0.0761904761904762,0.043243243243243246,0.32,0.937094682230869
29,71,7846,0.8097964815453604,0.09523809523809523,0.05405405405405406,0.4,0.9383916990920882
29,71,7896,0.8166515946785005,0.10232558139534884,0.05945945945945946,0.36666666666666664,0.9374189364461738
29,71,7946,0.8128450630692784,0.102803738317757,0.05945945945945946,0.3793103448275862,0.9377431906614786
29,71,7996,0.8125579183875149,0.12037037037037036,0.07027027027027027,0.41935483870967744,0.9383916990920882
