sim_id,seed,labels_used,auc,f1,recall,precision,accuracy
0,42,246,0.6346540745643885,0.08461538461538462,0.05945945945945946,0.14666666666666667,0.9228274967574579
0,42,296,0.6662269375273859,0.10441767068273092,0.07027027027027027,0.203125,0.9276913099870299
0,42,346,0.6763711624698172,0.10743801652892562,0.07027027027027027,0.22807017543859648,0.9299610894941635
0,42,396,0.672123658670744,0.0653061224489796,0.043243243243243246,0.13333333333333333,0.9257457846952011
0,42,446,0.675959091205728,0.030612244897959183,0.016216216216216217,0.2727272727272727,0.9383916990920882
0,42,496,0.6876742213065083,0.030456852791878174,0.016216216216216217,0.25,0.9380674448767834
0,42,546,0.6691944100015849,0.020618556701030927,0.010810810810810811,0.2222222222222222,0.9383916990920882
0,42,596,0.6666585868379591,0.039603960396039604,0.021621621621621623,0.23529411764705882,0.937094682230869
0,42,646,0.6422792575258943,0.06698564593301436,0.03783783783783784,0.2916666666666667,0.9367704280155642
0,42,696,0.6776717041291034,0.04830917874396135,0.02702702702702703,0.22727272727272727,0.9361219195849546
0,42,746,0.6567968451376522,0.07766990291262135,0.043243243243243246,0.38095238095238093,0.9383916990920882
0,42,796,0.6651454835311338,0.06965174129353234,0.03783783783783784,0.4375,0.9393644617380026
0,42,846,0.7065679684513766,0.07035175879396985,0.03783783783783784,0.5,0.9400129701686122
0,42,896,0.7141866253973878,0.07920792079207921,0.043243243243243246,0.47058823529411764,0.9396887159533074
0,42,946,0.708024202194606,0.07106598984771574,0.03783783783783784,0.5833333333333334,0.9406614785992218
0,42,996,0.7206921305576014,0.08,0.043243243243243246,0.5333333333333333,0.940337224383917
0,42,1046,0.7193962503379544,0.07960199004975124,0.043243243243243246,0.5,0.9400129701686122
0,42,1096,0.7300914574457176,0.07,0.03783783783783784,0.4666666666666667,0.9396887159533074
0,42,1146,0.720736880378136,0.06896551724137931,0.03783783783783784,0.3888888888888889,0.938715953307393
0,42,1196,0.7324501459030607,0.06030150753768844,0.032432432432432434,0.42857142857142855,0.9393644617380026
0,42,1246,0.7334309128031101,0.08955223880597014,0.04864864864864865,0.5625,0.9406614785992218
0,42,1296,0.7251596543076364,0.09900990099009901,0.05405405405405406,0.5882352941176471,0.9409857328145266
0,42,1346,0.7150611114736675,0.08,0.043243243243243246,0.5333333333333333,0.940337224383917
0,42,1396,0.7502363349896982,0.07106598984771574,0.03783783783783784,0.5833333333333334,0.9406614785992218
0,42,1446,0.7524048367097695,0.08,0.043243243243243246,0.5333333333333333,0.940337224383917
0,42,1496,0.778441773957469,0.07106598984771574,0.03783783783783784,0.5833333333333334,0.9406614785992218
0,42,1546,0.7559605828664125,0.0891089108910891,0.04864864864864865,0.5294117647058824,0.940337224383917
0,42,1596,0.7691953422895126,0.0891089108910891,0.04864864864864865,0.5294117647058824,0.940337224383917
0,42,1646,0.7518697034392101,0.07960199004975124,0.043243243243243246,0.5,0.9400129701686122
0,42,1696,0.7807594417459887,0.08040201005025126,0.043243243243243246,0.5714285714285714,0.9406614785992218
0,42,1746,0.7748711111939812,0.0891089108910891,0.04864864864864865,0.5294117647058824,0.940337224383917
0,42,1796,0.7793572807025723,0.07881773399014778,0.043243243243243246,0.4444444444444444,0.9393644617380026
0,42,1846,0.7893234386507929,0.06930693069306931,0.03783783783783784,0.4117647058823529,0.9390402075226978
0,42,1896,0.7888740758695917,0.07920792079207921,0.043243243243243246,0.47058823529411764,0.9396887159533074
0,42,1946,0.7738828859905094,0.08,0.043243243243243246,0.5333333333333333,0.940337224383917
0,42,1996,0.787162395234144,0.06862745098039216,0.03783783783783784,0.3684210526315789,0.9383916990920882
0,42,2046,0.785344433774927,0.0784313725490196,0.043243243243243246,0.42105263157894735,0.9390402075226978
0,42,2096,0.791829428600729,0.07804878048780488,0.043243243243243246,0.4,0.938715953307393
0,42,2146,0.7896329582428238,0.06862745098039216,0.03783783783783784,0.3684210526315789,0.9383916990920882
0,42,2196,0.7942552417888741,0.05853658536585366,0.032432432432432434,0.3,0.9374189364461738
0,42,2246,0.7982827256369858,0.06896551724137931,0.03783783783783784,0.3888888888888889,0.938715953307393
0,42,2296,0.8061251316856698,0.09803921568627451,0.05405405405405406,0.5263157894736842,0.940337224383917
0,42,2346,0.8107380923524421,0.07881773399014778,0.043243243243243246,0.4444444444444444,0.9393644617380026
0,42,2396,0.8078051145315719,0.08737864077669903,0.04864864864864865,0.42857142857142855,0.9390402075226978
0,42,2446,0.810316698209075,0.10784313725490197,0.05945945945945946,0.5789473684210527,0.9409857328145266
0,42,2496,0.8086721423044292,0.08695652173913043,0.04864864864864865,0.4090909090909091,0.938715953307393
0,42,2546,0.800868892348713,0.0891089108910891,0.04864864864864865,0.5294117647058824,0.940337224383917
0,42,2596,0.7993697733608048,0.08780487804878048,0.04864864864864865,0.45,0.9393644617380026
0,42,2646,0.8063693911227543,0.08653846153846154,0.04864864864864865,0.391304347826087,0.9383916990920882
0,42,2696,0.8128394693417114,0.08823529411764706,0.04864864864864865,0.47368421052631576,0.9396887159533074
0,42,2746,0.8128618442519788,0.08823529411764706,0.04864864864864865,0.47368421052631576,0.9396887159533074
0,42,2796,0.8150508563064617,0.08780487804878048,0.04864864864864865,0.45,0.9393644617380026
0,42,2846,0.811508162180808,0.08040201005025126,0.043243243243243246,0.5714285714285714,0.9406614785992218
0,42,2896,0.8186532168594949,0.08955223880597014,0.04864864864864865,0.5625,0.9406614785992218
0,42,2946,0.8172846181814792,0.07920792079207921,0.043243243243243246,0.47058823529411764,0.9396887159533074
0,42,2996,0.8176855019904348,0.09803921568627451,0.05405405405405406,0.5263157894736842,0.940337224383917
0,42,3046,0.8138146425141941,0.08955223880597014,0.04864864864864865,0.5625,0.9406614785992218
0,42,3096,0.8219180891826632,0.1073170731707317,0.05945945945945946,0.55,0.9406614785992218
0,42,3146,0.8219162246068076,0.07920792079207921,0.043243243243243246,0.47058823529411764,0.9396887159533074
0,42,3196,0.8206408547215722,0.08780487804878048,0.04864864864864865,0.45,0.9393644617380026
0,42,3246,0.8198595974380728,0.08823529411764706,0.04864864864864865,0.47368421052631576,0.9396887159533074
0,42,3296,0.8153212198055246,0.08866995073891626,0.04864864864864865,0.5,0.9400129701686122
0,42,3346,0.8156288748216999,0.08040201005025126,0.043243243243243246,0.5714285714285714,0.9406614785992218
0,42,3396,0.8168091513382992,0.07920792079207921,0.043243243243243246,0.47058823529411764,0.9396887159533074
0,42,3446,0.8184928633359128,0.08040201005025126,0.043243243243243246,0.5714285714285714,0.9406614785992218
0,42,3496,0.8204916886531238,0.09,0.04864864864864865,0.6,0.9409857328145266
0,42,3546,0.8171093480510522,0.08823529411764706,0.04864864864864865,0.47368421052631576,0.9396887159533074
0,42,3596,0.8218957142723959,0.10891089108910891,0.05945945945945946,0.6470588235294118,0.9416342412451362
0,42,3646,0.824629182476716,0.10784313725490197,0.05945945945945946,0.5789473684210527,0.9409857328145266
0,42,3696,0.824838014972544,0.06930693069306931,0.03783783783783784,0.4117647058823529,0.9390402075226978
0,42,3746,0.8284441046772885,0.07881773399014778,0.043243243243243246,0.4444444444444444,0.9393644617380026
0,42,3796,0.8289251652480352,0.10784313725490197,0.05945945945945946,0.5789473684210527,0.9409857328145266
0,42,3846,0.8222816814745065,0.09950248756218906,0.05405405405405406,0.625,0.9413099870298314
0,42,3896,0.8262700092296504,0.0975609756097561,0.05405405405405406,0.5,0.9400129701686122
0,42,3946,0.8273402757707692,0.10891089108910891,0.05945945945945946,0.6470588235294118,0.9416342412451362
0,42,3996,0.8254831582185842,0.09803921568627451,0.05405405405405406,0.5263157894736842,0.940337224383917
0,42,4046,0.8287424368141857,0.09569377990430622,0.05405405405405406,0.4166666666666667,0.938715953307393
0,42,4096,0.8289214360963241,0.0970873786407767,0.05405405405405406,0.47619047619047616,0.9396887159533074
0,42,4146,0.8270251624511715,0.07,0.03783783783783784,0.4666666666666667,0.9396887159533074
0,42,4196,0.8277840448244036,0.07804878048780488,0.043243243243243246,0.4,0.938715953307393
0,42,4246,0.8238404668897942,0.1073170731707317,0.05945945945945946,0.55,0.9406614785992218
0,42,4296,0.8228000335623655,0.09900990099009901,0.05405405405405406,0.5882352941176471,0.9409857328145266
0,42,4346,0.8297064225315347,0.10784313725490197,0.05945945945945946,0.5789473684210527,0.9409857328145266
0,42,4396,0.8298686406309723,0.10679611650485436,0.05945945945945946,0.5238095238095238,0.940337224383917
0,42,4446,0.8336705108005557,0.08823529411764706,0.04864864864864865,0.47368421052631576,0.9396887159533074
0,42,4496,0.8270438082097274,0.11764705882352941,0.06486486486486487,0.631578947368421,0.9416342412451362
0,42,4546,0.8229715745410813,0.10576923076923077,0.05945945945945946,0.4782608695652174,0.9396887159533074
0,42,4596,0.8259045523619514,0.10837438423645321,0.05945945945945946,0.6111111111111112,0.9413099870298314
0,42,4646,0.8233090627709463,0.0975609756097561,0.05405405405405406,0.5,0.9400129701686122
0,42,4696,0.8218789330896954,0.10891089108910891,0.05945945945945946,0.6470588235294118,0.9416342412451362
0,42,4746,0.8241704968162368,0.1073170731707317,0.05945945945945946,0.55,0.9406614785992218
0,42,4796,0.814698451469752,0.10628019323671498,0.05945945945945946,0.5,0.9400129701686122
0,42,4846,0.8208068019727214,0.09045226130653267,0.04864864864864865,0.6428571428571429,0.9413099870298314
0,42,4896,0.8180099381893104,0.0970873786407767,0.05405405405405406,0.47619047619047616,0.9396887159533074
0,42,4946,0.829130268592152,0.0966183574879227,0.05405405405405406,0.45454545454545453,0.9393644617380026
0,42,4996,0.8195146509047856,0.0784313725490196,0.043243243243243246,0.42105263157894735,0.9390402075226978
0,42,5046,0.8280413562924774,0.08653846153846154,0.04864864864864865,0.391304347826087,0.9383916990920882
0,42,5096,0.8284347817980104,0.10628019323671498,0.05945945945945946,0.5,0.9400129701686122
0,42,5146,0.8275752123285757,0.0891089108910891,0.04864864864864865,0.5294117647058824,0.940337224383917
0,42,5196,0.8234153435947159,0.07881773399014778,0.043243243243243246,0.4444444444444444,0.9393644617380026
0,42,5246,0.8243196628846853,0.09950248756218906,0.05405405405405406,0.625,0.9413099870298314
0,42,5296,0.8209652909204479,0.058823529411764705,0.032432432432432434,0.3157894736842105,0.9377431906614786
0,42,5346,0.821168529688709,0.09615384615384616,0.05405405405405406,0.43478260869565216,0.9390402075226978
0,42,5396,0.8247671610900311,0.06896551724137931,0.03783783783783784,0.3888888888888889,0.938715953307393
0,42,5446,0.8233221148019356,0.06829268292682927,0.03783783783783784,0.35,0.9380674448767834
0,42,5496,0.8245042558943905,0.08780487804878048,0.04864864864864865,0.45,0.9393644617380026
0,42,5546,0.8268965067171345,0.07920792079207921,0.043243243243243246,0.47058823529411764,0.9396887159533074
0,42,5596,0.8250226079822494,0.07804878048780488,0.043243243243243246,0.4,0.938715953307393
0,42,5646,0.8235551867838864,0.06896551724137931,0.03783783783783784,0.3888888888888889,0.938715953307393
0,42,5696,0.8190485069408836,0.07729468599033816,0.043243243243243246,0.36363636363636365,0.9380674448767834
0,42,5746,0.8234078852912935,0.09,0.04864864864864865,0.6,0.9409857328145266
0,42,5796,0.8224700036359228,0.06829268292682927,0.03783783783783784,0.35,0.9380674448767834
0,42,5846,0.8249648061307255,0.08737864077669903,0.04864864864864865,0.42857142857142855,0.9390402075226978
0,42,5896,0.821880797665551,0.09803921568627451,0.05405405405405406,0.5263157894736842,0.940337224383917
0,42,5946,0.8223916914499874,0.07960199004975124,0.043243243243243246,0.5,0.9400129701686122
0,42,5996,0.8205849174459039,0.08653846153846154,0.04864864864864865,0.391304347826087,0.9383916990920882
0,42,6046,0.8233090627709461,0.0975609756097561,0.05405405405405406,0.5,0.9400129701686122
0,42,6096,0.8215526323149642,0.08866995073891626,0.04864864864864865,0.5,0.9400129701686122
0,42,6146,0.8197943372831267,0.0891089108910891,0.04864864864864865,0.5294117647058824,0.940337224383917
0,42,6196,0.8199509616549976,0.06763285024154589,0.03783783783783784,0.3181818181818182,0.9374189364461738
0,42,6246,0.8212058212058211,0.08,0.043243243243243246,0.5333333333333333,0.940337224383917
0,42,6296,0.8202175960023493,0.06862745098039216,0.03783783783783784,0.3684210526315789,0.9383916990920882
0,42,6346,0.8246329116284273,0.06030150753768844,0.032432432432432434,0.42857142857142855,0.9393644617380026
0,42,6396,0.8223823685707095,0.08,0.043243243243243246,0.5333333333333333,0.940337224383917
0,42,6446,0.8207676458797536,0.07881773399014778,0.043243243243243246,0.4444444444444444,0.9393644617380026
0,42,6496,0.8227963044106543,0.06965174129353234,0.03783783783783784,0.4375,0.9393644617380026
0,42,6546,0.8279294817411411,0.07729468599033816,0.043243243243243246,0.36363636363636365,0.9380674448767834
0,42,6596,0.8280301688373438,0.06965174129353234,0.03783783783783784,0.4375,0.9393644617380026
0,42,6646,0.822635950887072,0.07,0.03783783783783784,0.4666666666666667,0.9396887159533074
0,42,6696,0.8276703056972116,0.07960199004975124,0.043243243243243246,0.5,0.9400129701686122
0,42,6746,0.8224364412705221,0.06796116504854369,0.03783783783783784,0.3333333333333333,0.9377431906614786
0,42,6796,0.8323447973672189,0.07106598984771574,0.03783783783783784,0.5833333333333334,0.9406614785992218
0,42,6846,0.8321527460540914,0.06965174129353234,0.03783783783783784,0.4375,0.9393644617380026
0,42,6896,0.8308904281998454,0.08653846153846154,0.04864864864864865,0.391304347826087,0.9383916990920882
0,42,6946,0.8306331167317714,0.08866995073891626,0.04864864864864865,0.5,0.9400129701686122
0,42,6996,0.8252836486020343,0.07881773399014778,0.043243243243243246,0.4444444444444444,0.9393644617380026
0,42,7046,0.8251493991404306,0.07035175879396985,0.03783783783783784,0.5,0.9400129701686122
0,42,7096,0.823419072746427,0.07960199004975124,0.043243243243243246,0.5,0.9400129701686122
0,42,7146,0.8296411623765884,0.07,0.03783783783783784,0.4666666666666667,0.9396887159533074
0,42,7196,0.8271780576713311,0.07920792079207921,0.043243243243243246,0.47058823529411764,0.9396887159533074
0,42,7246,0.8229436059032471,0.08780487804878048,0.04864864864864865,0.45,0.9393644617380026
0,42,7296,0.8306666790971724,0.05102040816326531,0.02702702702702703,0.45454545454545453,0.9396887159533074
0,42,7346,0.8270419436338718,0.08040201005025126,0.043243243243243246,0.5714285714285714,0.9406614785992218
0,42,7396,0.8262364468642496,0.06030150753768844,0.032432432432432434,0.42857142857142855,0.9393644617380026
0,42,7446,0.8258150527208824,0.04950495049504951,0.02702702702702703,0.29411764705882354,0.9377431906614786
0,42,7496,0.825764709172781,0.07960199004975124,0.043243243243243246,0.5,0.9400129701686122
0,42,7546,0.818325051508908,0.07920792079207921,0.043243243243243246,0.47058823529411764,0.9396887159533074
0,42,7596,0.8192554748608561,0.06,0.032432432432432434,0.4,0.9390402075226978
0,42,7646,0.8222835460503622,0.06091370558375635,0.032432432432432434,0.5,0.9400129701686122
0,42,7696,0.8231860007644761,0.06965174129353234,0.03783783783783784,0.4375,0.9393644617380026
0,42,7746,0.8210883529269181,0.06930693069306931,0.03783783783783784,0.4117647058823529,0.9390402075226978
0,42,7796,0.8188657785070341,0.059113300492610835,0.032432432432432434,0.3333333333333333,0.9380674448767834
0,42,7846,0.8145157230359025,0.06965174129353234,0.03783783783783784,0.4375,0.9393644617380026
0,42,7896,0.814993054454938,0.07106598984771574,0.03783783783783784,0.5833333333333334,0.9406614785992218
0,42,7946,0.8168557657346894,0.06060606060606061,0.032432432432432434,0.46153846153846156,0.9396887159533074
0,42,7996,0.8175083672841521,0.0707070707070707,0.03783783783783784,0.5384615384615384,0.940337224383917
1,43,246,0.6731212067534937,0.12096774193548387,0.08108108108108109,0.23809523809523808,0.9293125810635539
1,43,296,0.6495865303040191,0.088,0.05945945945945946,0.16923076923076924,0.9260700389105059
1,43,346,0.6569553340853789,0.10833333333333334,0.07027027027027027,0.23636363636363636,0.930609597924773
1,43,396,0.6713815574802122,0.08097165991902834,0.05405405405405406,0.16129032258064516,0.9263942931258107
1,43,446,0.6732629145185199,0.038834951456310676,0.021621621621621623,0.19047619047619047,0.9357976653696498
1,43,496,0.650697817513961,0.03076923076923077,0.016216216216216217,0.3,0.938715953307393
1,43,546,0.6698824384923041,0.030612244897959183,0.016216216216216217,0.2727272727272727,0.9383916990920882
1,43,596,0.6691683059396065,0.07729468599033816,0.043243243243243246,0.36363636363636365,0.9380674448767834
1,43,646,0.6614732013835153,0.08955223880597014,0.04864864864864865,0.5625,0.9406614785992218
1,43,696,0.6545537603833568,0.06930693069306931,0.03783783783783784,0.4117647058823529,0.9390402075226978
1,43,746,0.6742287648117244,0.0891089108910891,0.04864864864864865,0.5294117647058824,0.940337224383917
1,43,796,0.7078302863056227,0.08040201005025126,0.043243243243243246,0.5714285714285714,0.9406614785992218
1,43,846,0.6998927868883026,0.09,0.04864864864864865,0.6,0.9409857328145266
1,43,896,0.7043453940314928,0.07106598984771574,0.03783783783783784,0.5833333333333334,0.9406614785992218
1,43,946,0.7168585625984729,0.08823529411764706,0.04864864864864865,0.47368421052631576,0.9396887159533074
1,43,996,0.7128012455366716,0.07960199004975124,0.043243243243243246,0.5,0.9400129701686122
1,43,1046,0.7297670212468419,0.08823529411764706,0.04864864864864865,0.47368421052631576,0.9396887159533074
1,43,1096,0.7420172846181815,0.08653846153846154,0.04864864864864865,0.391304347826087,0.9383916990920882
1,43,1146,0.73430539887939,0.08737864077669903,0.04864864864864865,0.42857142857142855,0.9390402075226978
1,43,1196,0.7468912859047387,0.08823529411764706,0.04864864864864865,0.47368421052631576,0.9396887159533074
1,43,1246,0.741564192685269,0.10891089108910891,0.05945945945945946,0.6470588235294118,0.9416342412451362
1,43,1296,0.7287470982538248,0.10891089108910891,0.05945945945945946,0.6470588235294118,0.9416342412451362
1,43,1346,0.752317201644556,0.08955223880597014,0.04864864864864865,0.5625,0.9406614785992218
1,43,1396,0.7606052413227301,0.10784313725490197,0.05945945945945946,0.5789473684210527,0.9409857328145266
1,43,1446,0.7591769762173349,0.09803921568627451,0.05405405405405406,0.5263157894736842,0.940337224383917
1,43,1496,0.7626077957916523,0.0891089108910891,0.04864864864864865,0.5294117647058824,0.940337224383917
1,43,1546,0.7708100649804687,0.09,0.04864864864864865,0.6,0.9409857328145266
1,43,1596,0.7706161490914856,0.09,0.04864864864864865,0.6,0.9409857328145266
1,43,1646,0.7730531497347641,0.0975609756097561,0.05405405405405406,0.5,0.9400129701686122
1,43,1696,0.7666240921846303,0.10576923076923077,0.05945945945945946,0.4782608695652174,0.9396887159533074
1,43,1746,0.7793293120647381,0.09569377990430622,0.05405405405405406,0.4166666666666667,0.938715953307393
1,43,1796,0.7808172435975127,0.07804878048780488,0.043243243243243246,0.4,0.938715953307393
1,43,1846,0.7737299907703495,0.08653846153846154,0.04864864864864865,0.391304347826087,0.9383916990920882
1,43,1896,0.7800788715586922,0.08695652173913043,0.04864864864864865,0.4090909090909091,0.938715953307393
1,43,1946,0.7855793703327336,0.07804878048780488,0.043243243243243246,0.4,0.938715953307393
1,43,1996,0.7859877124451116,0.08823529411764706,0.04864864864864865,0.47368421052631576,0.9396887159533074
1,43,2046,0.7946915525390863,0.09803921568627451,0.05405405405405406,0.5263157894736842,0.940337224383917
1,43,2096,0.7941508255409601,0.07960199004975124,0.043243243243243246,0.5,0.9400129701686122
1,43,2146,0.7897951763422616,0.06930693069306931,0.03783783783783784,0.4117647058823529,0.9390402075226978
1,43,2196,0.7924298220262346,0.0784313725490196,0.043243243243243246,0.42105263157894735,0.9390402075226978
1,43,2246,0.7902631848820191,0.0975609756097561,0.05405405405405406,0.5,0.9400129701686122
1,43,2296,0.7858795670454862,0.10426540284360189,0.05945945945945946,0.4230769230769231,0.938715953307393
1,43,2346,0.7894614172641079,0.06829268292682927,0.03783783783783784,0.35,0.9380674448767834
1,43,2396,0.7935317863568985,0.08653846153846154,0.04864864864864865,0.391304347826087,0.9383916990920882
1,43,2446,0.7830286305622629,0.10628019323671498,0.05945945945945946,0.5,0.9400129701686122
1,43,2496,0.795034634496518,0.08780487804878048,0.04864864864864865,0.45,0.9393644617380026
1,43,2546,0.7959892973345888,0.09615384615384616,0.05405405405405406,0.43478260869565216,0.9390402075226978
1,43,2596,0.7991478888339876,0.07804878048780488,0.043243243243243246,0.4,0.938715953307393
1,43,2646,0.8040107026654113,0.09523809523809523,0.05405405405405406,0.4,0.9383916990920882
1,43,2696,0.8021293456271036,0.07804878048780488,0.043243243243243246,0.4,0.938715953307393
1,43,2746,0.8043108993781639,0.08823529411764706,0.04864864864864865,0.47368421052631576,0.9396887159533074
1,43,2796,0.8098002106970719,0.07960199004975124,0.043243243243243246,0.5,0.9400129701686122
1,43,2846,0.810885393845035,0.08,0.043243243243243246,0.5333333333333333,0.940337224383917
1,43,2896,0.80741541817775,0.09900990099009901,0.05405405405405406,0.5882352941176471,0.9409857328145266
1,43,2946,0.8209895304065707,0.09803921568627451,0.05405405405405406,0.5263157894736842,0.940337224383917
1,43,2996,0.8056347482356452,0.10891089108910891,0.05945945945945946,0.6470588235294118,0.9416342412451362
1,43,3046,0.8145958997976935,0.08737864077669903,0.04864864864864865,0.42857142857142855,0.9390402075226978
1,43,3096,0.816098747937313,0.07881773399014778,0.043243243243243246,0.4444444444444444,0.9393644617380026
1,43,3146,0.818923580358558,0.08955223880597014,0.04864864864864865,0.5625,0.9406614785992218
1,43,3196,0.8165537044460812,0.08866995073891626,0.04864864864864865,0.5,0.9400129701686122
1,43,3246,0.8171130772027634,0.12682926829268293,0.07027027027027027,0.65,0.941958495460441
1,43,3296,0.8170534107753838,0.0975609756097561,0.05405405405405406,0.5,0.9400129701686122
1,43,3346,0.8082843105264631,0.09803921568627451,0.05405405405405406,0.5263157894736842,0.940337224383917
1,43,3396,0.8068485871176455,0.0784313725490196,0.043243243243243246,0.42105263157894735,0.9390402075226978
1,43,3446,0.8090152242618611,0.08780487804878048,0.04864864864864865,0.45,0.9393644617380026
1,43,3496,0.8096398571734896,0.07920792079207921,0.043243243243243246,0.47058823529411764,0.9396887159533074
1,43,3546,0.8106933425319076,0.07881773399014778,0.043243243243243246,0.4444444444444444,0.9393644617380026
1,43,3596,0.8064439741569788,0.07960199004975124,0.043243243243243246,0.5,0.9400129701686122
1,43,3646,0.8125355434772474,0.09803921568627451,0.05405405405405406,0.5263157894736842,0.940337224383917
1,43,3696,0.8155766666977429,0.08780487804878048,0.04864864864864865,0.45,0.9393644617380026
1,43,3746,0.8090581095065401,0.07035175879396985,0.03783783783783784,0.5,0.9400129701686122
1,43,3796,0.8138015904832049,0.08866995073891626,0.04864864864864865,0.5,0.9400129701686122
1,43,3846,0.8169228904654914,0.07881773399014778,0.043243243243243246,0.4444444444444444,0.9393644617380026
1,43,3896,0.8186159253423828,0.10679611650485436,0.05945945945945946,0.5238095238095238,0.940337224383917
1,43,3946,0.8142901093573739,0.0966183574879227,0.05405405405405406,0.45454545454545453,0.9393644617380026
1,43,3996,0.8169844214687264,0.0975609756097561,0.05405405405405406,0.5,0.9400129701686122
1,43,4046,0.8196880564593569,0.06862745098039216,0.03783783783783784,0.3684210526315789,0.9383916990920882
1,43,4096,0.8171802019335651,0.10426540284360189,0.05945945945945946,0.4230769230769231,0.938715953307393
1,43,4146,0.8162423202781949,0.0707070707070707,0.03783783783783784,0.5384615384615384,0.940337224383917
1,43,4196,0.8198651911656396,0.07729468599033816,0.043243243243243246,0.36363636363636365,0.9380674448767834
1,43,4246,0.8132683217885011,0.07766990291262135,0.043243243243243246,0.38095238095238093,0.9383916990920882
1,43,4296,0.8186308419492276,0.09900990099009901,0.05405405405405406,0.5882352941176471,0.9409857328145266
1,43,4346,0.8236558738800892,0.08695652173913043,0.04864864864864865,0.4090909090909091,0.938715953307393
1,43,4396,0.8184220094533996,0.07920792079207921,0.043243243243243246,0.47058823529411764,0.9396887159533074
1,43,4446,0.8147748990798318,0.07920792079207921,0.043243243243243246,0.47058823529411764,0.9396887159533074
1,43,4496,0.8223003272330626,0.07766990291262135,0.043243243243243246,0.38095238095238093,0.9383916990920882
1,43,4546,0.8226228988560828,0.08823529411764706,0.04864864864864865,0.47368421052631576,0.9396887159533074
1,43,4596,0.8222742231710841,0.07766990291262135,0.043243243243243246,0.38095238095238093,0.9383916990920882
1,43,4646,0.825783354931337,0.09389671361502347,0.05405405405405406,0.35714285714285715,0.9374189364461738
1,43,4696,0.822242525381539,0.06896551724137931,0.03783783783783784,0.3888888888888889,0.938715953307393
1,43,4746,0.8206483130249946,0.11594202898550725,0.06486486486486487,0.5454545454545454,0.9406614785992218
1,43,4796,0.8241332052991246,0.06829268292682927,0.03783783783783784,0.35,0.9380674448767834
1,43,4846,0.8221772652265926,0.07881773399014778,0.043243243243243246,0.4444444444444444,0.9393644617380026
1,43,4896,0.8224942431220458,0.0975609756097561,0.05405405405405406,0.5,0.9400129701686122
1,43,4946,0.8209410514343249,0.06965174129353234,0.03783783783783784,0.4375,0.9393644617380026
1,43,4996,0.8245695160493368,0.09803921568627451,0.05405405405405406,0.5263157894736842,0.940337224383917
1,43,5046,0.8209447805860361,0.07766990291262135,0.043243243243243246,0.38095238095238093,0.9383916990920882
1,43,5096,0.8241891425747928,0.07881773399014778,0.043243243243243246,0.4444444444444444,0.9393644617380026
1,43,5146,0.8224308475429553,0.0861244019138756,0.04864864864864865,0.375,0.9380674448767834
1,43,5196,0.823105824002685,0.0784313725490196,0.043243243243243246,0.42105263157894735,0.9390402075226978
1,43,5246,0.8296169228904655,0.0784313725490196,0.043243243243243246,0.42105263157894735,0.9390402075226978
1,43,5296,0.8271444953059303,0.09852216748768473,0.05405405405405406,0.5555555555555556,0.9406614785992218
1,43,5346,0.825688261562701,0.06930693069306931,0.03783783783783784,0.4117647058823529,0.9390402075226978
1,43,5396,0.8274129942291376,0.10526315789473684,0.05945945945945946,0.4583333333333333,0.9393644617380026
1,43,5446,0.8197328062798915,0.08823529411764706,0.04864864864864865,0.47368421052631576,0.9396887159533074
1,43,5496,0.8220560677959781,0.0966183574879227,0.05405405405405406,0.45454545454545453,0.9393644617380026
1,43,5546,0.8210249573478273,0.07920792079207921,0.043243243243243246,0.47058823529411764,0.9396887159533074
1,43,5596,0.8244072979498988,0.08780487804878048,0.04864864864864865,0.45,0.9393644617380026
1,43,5646,0.8287368430866189,0.1073170731707317,0.05945945945945946,0.55,0.9406614785992218
1,43,5696,0.8272582344331224,0.07960199004975124,0.043243243243243246,0.5,0.9400129701686122
1,43,5746,0.8284795316185449,0.08823529411764706,0.04864864864864865,0.47368421052631576,0.9396887159533074
1,43,5796,0.8207695104556092,0.08,0.043243243243243246,0.5333333333333333,0.940337224383917
1,43,5846,0.8195855047872986,0.08866995073891626,0.04864864864864865,0.5,0.9400129701686122
1,43,5896,0.8213139666054464,0.08653846153846154,0.04864864864864865,0.391304347826087,0.9383916990920882
1,43,5946,0.818367936753587,0.09852216748768473,0.05405405405405406,0.5555555555555556,0.9406614785992218
1,43,5996,0.8249498895238807,0.0970873786407767,0.05405405405405406,0.47619047619047616,0.9396887159533074
1,43,6046,0.8232643129504116,0.0975609756097561,0.05405405405405406,0.5,0.9400129701686122
1,43,6096,0.8205793237183372,0.07766990291262135,0.043243243243243246,0.38095238095238093,0.9383916990920882
1,43,6146,0.8275714831768644,0.06862745098039216,0.03783783783783784,0.3684210526315789,0.9383916990920882
1,43,6196,0.8230648033338617,0.07655502392344497,0.043243243243243246,0.3333333333333333,0.9374189364461738
1,43,6246,0.8224532224532225,0.07692307692307693,0.043243243243243246,0.34782608695652173,0.9377431906614786
1,43,6296,0.8226993464661627,0.0784313725490196,0.043243243243243246,0.42105263157894735,0.9390402075226978
1,43,6346,0.8265813933975369,0.08780487804878048,0.04864864864864865,0.45,0.9393644617380026
1,43,6396,0.824140663602547,0.0891089108910891,0.04864864864864865,0.5294117647058824,0.940337224383917
1,43,6446,0.8242432152746054,0.07881773399014778,0.043243243243243246,0.4444444444444444,0.9393644617380026
1,43,6496,0.8199640136859868,0.0966183574879227,0.05405405405405406,0.45454545454545453,0.9393644617380026
1,43,6546,0.8254719707634506,0.07766990291262135,0.043243243243243246,0.38095238095238093,0.9383916990920882
1,43,6596,0.825550282949386,0.11320754716981132,0.06486486486486487,0.4444444444444444,0.9390402075226978
1,43,6646,0.8238721646793395,0.06862745098039216,0.03783783783783784,0.3684210526315789,0.9383916990920882
1,43,6696,0.8253172109674352,0.0784313725490196,0.043243243243243246,0.42105263157894735,0.9390402075226978
1,43,6746,0.8194437970222724,0.07655502392344497,0.043243243243243246,0.3333333333333333,0.9374189364461738
1,43,6796,0.8219218183343744,0.09852216748768473,0.05405405405405406,0.5555555555555556,0.9406614785992218
1,43,6846,0.8166226937527387,0.08737864077669903,0.04864864864864865,0.42857142857142855,0.9390402075226978
1,43,6896,0.8160092482962439,0.06796116504854369,0.03783783783783784,0.3333333333333333,0.9377431906614786
1,43,6946,0.8202231897299163,0.09615384615384616,0.05405405405405406,0.43478260869565216,0.9390402075226978
1,43,6996,0.8186662688904841,0.07804878048780488,0.043243243243243246,0.4,0.938715953307393
1,43,7046,0.8184704884256453,0.07881773399014778,0.043243243243243246,0.4444444444444444,0.9393644617380026
1,43,7096,0.8151664600095094,0.06930693069306931,0.03783783783783784,0.4117647058823529,0.9390402075226978
1,43,7146,0.8172342746333778,0.10476190476190476,0.05945945945945946,0.44,0.9390402075226978
1,43,7196,0.8183119994779189,0.09615384615384616,0.05405405405405406,0.43478260869565216,0.9390402075226978
1,43,7246,0.8208329060346999,0.0784313725490196,0.043243243243243246,0.42105263157894735,0.9390402075226978
1,43,7296,0.8235533222080307,0.0947867298578199,0.05405405405405406,0.38461538461538464,0.9380674448767834
1,43,7346,0.8231207406095298,0.08695652173913043,0.04864864864864865,0.4090909090909091,0.938715953307393
1,43,7396,0.8219777556100426,0.09615384615384616,0.05405405405405406,0.43478260869565216,0.9390402075226978
1,43,7446,0.8213027791503129,0.08780487804878048,0.04864864864864865,0.45,0.9393644617380026
1,43,7496,0.8209913949824263,0.07766990291262135,0.043243243243243246,0.38095238095238093,0.9383916990920882
1,43,7546,0.8175643045598202,0.08695652173913043,0.04864864864864865,0.4090909090909091,0.938715953307393
1,43,7596,0.8208123957002881,0.08866995073891626,0.04864864864864865,0.5,0.9400129701686122
1,43,7646,0.8158861862897738,0.11594202898550725,0.06486486486486487,0.5454545454545454,0.9406614785992218
1,43,7696,0.8180807920718234,0.0966183574879227,0.05405405405405406,0.45454545454545453,0.9393644617380026
1,43,7746,0.8175885440459432,0.0975609756097561,0.05405405405405406,0.5,0.9400129701686122
1,43,7796,0.8192442874057224,0.07804878048780488,0.043243243243243246,0.4,0.938715953307393
1,43,7846,0.8174934506773073,0.0891089108910891,0.04864864864864865,0.5294117647058824,0.940337224383917
1,43,7896,0.8155002190876631,0.0891089108910891,0.04864864864864865,0.5294117647058824,0.940337224383917
1,43,7946,0.8197122959454799,0.0966183574879227,0.05405405405405406,0.45454545454545453,0.9393644617380026
1,43,7996,0.8255801161630758,0.06965174129353234,0.03783783783783784,0.4375,0.9393644617380026
2,44,246,0.6342597167709275,0.07586206896551724,0.05945945945945946,0.10476190476190476,0.9130998702983139
2,44,296,0.648134025712501,0.09090909090909091,0.06486486486486487,0.1518987341772152,0.9221789883268483
2,44,346,0.6556762350484323,0.10658307210031348,0.0918918918918919,0.12686567164179105,0.9075875486381323
2,44,396,0.702331652107437,0.12686567164179105,0.0918918918918919,0.20481927710843373,0.9241245136186771
2,44,446,0.6944650065726299,0.05429864253393665,0.032432432432432434,0.16666666666666666,0.932230869001297
2,44,496,0.6654316959249695,0.019417475728155338,0.010810810810810811,0.09523809523809523,0.9345006485084306
2,44,546,0.6783606649077502,0.04,0.021621621621621623,0.26666666666666666,0.9377431906614786
2,44,596,0.6668580964545091,0.04040404040404041,0.021621621621621623,0.3076923076923077,0.9383916990920882
2,44,646,0.6584917445903993,0.06060606060606061,0.032432432432432434,0.46153846153846156,0.9396887159533074
2,44,696,0.6844261301660406,0.020618556701030927,0.010810810810810811,0.2222222222222222,0.9383916990920882
2,44,746,0.6864342783625295,0.031088082901554404,0.016216216216216217,0.375,0.9393644617380026
2,44,796,0.6896021927412062,0.020833333333333332,0.010810810810810811,0.2857142857142857,0.9390402075226978
2,44,846,0.6721478981568667,0.020618556701030927,0.010810810810810811,0.2222222222222222,0.9383916990920882
2,44,896,0.7047667881748599,0.07960199004975124,0.043243243243243246,0.5,0.9400129701686122
2,44,946,0.6827741159579724,0.07035175879396985,0.03783783783783784,0.5,0.9400129701686122
2,44,996,0.6922461613044574,0.07,0.03783783783783784,0.4666666666666667,0.9396887159533074
2,44,1046,0.7077631615748209,0.06060606060606061,0.032432432432432434,0.46153846153846156,0.9396887159533074
2,44,1096,0.6926675554478245,0.07960199004975124,0.043243243243243246,0.5,0.9400129701686122
2,44,1146,0.7047239029301811,0.07766990291262135,0.043243243243243246,0.38095238095238093,0.9383916990920882
2,44,1196,0.7003346913660815,0.06930693069306931,0.03783783783783784,0.4117647058823529,0.9390402075226978
2,44,1246,0.7163756374518706,0.09803921568627451,0.05405405405405406,0.5263157894736842,0.940337224383917
2,44,1296,0.7196684784128732,0.07,0.03783783783783784,0.4666666666666667,0.9396887159533074
2,44,1346,0.7132282334076055,0.07035175879396985,0.03783783783783784,0.5,0.9400129701686122
2,44,1396,0.7341860660246311,0.06,0.032432432432432434,0.4,0.9390402075226978
2,44,1446,0.7354073632100538,0.07881773399014778,0.043243243243243246,0.4444444444444444,0.9393644617380026
2,44,1496,0.7246450313714887,0.07960199004975124,0.043243243243243246,0.5,0.9400129701686122
2,44,1546,0.7265636799269086,0.0784313725490196,0.043243243243243246,0.42105263157894735,0.9390402075226978
2,44,1596,0.7470087541836421,0.10476190476190476,0.05945945945945946,0.44,0.9390402075226978
2,44,1646,0.7462722467206772,0.07729468599033816,0.043243243243243246,0.36363636363636365,0.9380674448767834
2,44,1696,0.7463169965412118,0.07729468599033816,0.043243243243243246,0.36363636363636365,0.9380674448767834
2,44,1746,0.748153603758985,0.0966183574879227,0.05405405405405406,0.45454545454545453,0.9393644617380026
2,44,1796,0.7462573301138324,0.07881773399014778,0.043243243243243246,0.4444444444444444,0.9393644617380026
2,44,1846,0.7205578810959976,0.06862745098039216,0.03783783783783784,0.3684210526315789,0.9383916990920882
2,44,1896,0.7314115771514875,0.06796116504854369,0.03783783783783784,0.3333333333333333,0.9377431906614786
2,44,1946,0.7520542964489154,0.07804878048780488,0.043243243243243246,0.4,0.938715953307393
2,44,1996,0.7540717675246823,0.07960199004975124,0.043243243243243246,0.5,0.9400129701686122
2,44,2046,0.7641628520552287,0.06930693069306931,0.03783783783783784,0.4117647058823529,0.9390402075226978
2,44,2096,0.7644015177647465,0.08737864077669903,0.04864864864864865,0.42857142857142855,0.9390402075226978
2,44,2146,0.7667341021601111,0.07881773399014778,0.043243243243243246,0.4444444444444444,0.9393644617380026
2,44,2196,0.7597326198223059,0.07804878048780488,0.043243243243243246,0.4,0.938715953307393
2,44,2246,0.7693426437821057,0.09615384615384616,0.05405405405405406,0.43478260869565216,0.9390402075226978
2,44,2296,0.7681866067516291,0.08780487804878048,0.04864864864864865,0.45,0.9393644617380026
2,44,2346,0.7627961179530687,0.0970873786407767,0.05405405405405406,0.47619047619047616,0.9396887159533074
2,44,2396,0.7862450239131853,0.08780487804878048,0.04864864864864865,0.45,0.9393644617380026
2,44,2446,0.7598929733458882,0.08955223880597014,0.04864864864864865,0.5625,0.9406614785992218
2,44,2496,0.7813561060197831,0.09852216748768473,0.05405405405405406,0.5555555555555556,0.9406614785992218
2,44,2546,0.7710804284795315,0.07035175879396985,0.03783783783783784,0.5,0.9400129701686122
2,44,2596,0.7849696540279502,0.08955223880597014,0.04864864864864865,0.5625,0.9406614785992218
2,44,2646,0.7896721143357914,0.1073170731707317,0.05945945945945946,0.55,0.9406614785992218
2,44,2696,0.7823219563129878,0.10628019323671498,0.05945945945945946,0.5,0.9400129701686122
2,44,2746,0.7958158917800173,0.11428571428571428,0.06486486486486487,0.48,0.9396887159533074
2,44,2796,0.7836793675358698,0.10576923076923077,0.05945945945945946,0.4782608695652174,0.9396887159533074
2,44,2846,0.7851523824617996,0.10628019323671498,0.05945945945945946,0.5,0.9400129701686122
2,44,2896,0.7865209811398153,0.08737864077669903,0.04864864864864865,0.42857142857142855,0.9390402075226978
2,44,2946,0.7928269766834789,0.0970873786407767,0.05405405405405406,0.47619047619047616,0.9396887159533074
2,44,2996,0.7763497198474776,0.09615384615384616,0.05405405405405406,0.43478260869565216,0.9390402075226978
2,44,3046,0.7895546460568883,0.0970873786407767,0.05405405405405406,0.47619047619047616,0.9396887159533074
2,44,3096,0.7950420927999403,0.06965174129353234,0.03783783783783784,0.4375,0.9393644617380026
2,44,3146,0.7856744637013696,0.07692307692307693,0.043243243243243246,0.34782608695652173,0.9377431906614786
2,44,3196,0.7786319606947409,0.06796116504854369,0.03783783783783784,0.3333333333333333,0.9377431906614786
2,44,3246,0.7850759348517196,0.0784313725490196,0.043243243243243246,0.42105263157894735,0.9390402075226978
2,44,3296,0.7881785890754501,0.09569377990430622,0.05405405405405406,0.4166666666666667,0.938715953307393
2,44,3346,0.796140327978893,0.07920792079207921,0.043243243243243246,0.47058823529411764,0.9396887159533074
2,44,3396,0.7885794728844057,0.07920792079207921,0.043243243243243246,0.47058823529411764,0.9396887159533074
2,44,3446,0.7948369894558235,0.06930693069306931,0.03783783783783784,0.4117647058823529,0.9390402075226978
2,44,3496,0.8063320996056422,0.06896551724137931,0.03783783783783784,0.3888888888888889,0.938715953307393
2,44,3546,0.805616102477089,0.08653846153846154,0.04864864864864865,0.391304347826087,0.9383916990920882
2,44,3596,0.8046316064253285,0.059113300492610835,0.032432432432432434,0.3333333333333333,0.9380674448767834
2,44,3646,0.8022542722094291,0.0975609756097561,0.05405405405405406,0.5,0.9400129701686122
2,44,3696,0.8076969691319468,0.08653846153846154,0.04864864864864865,0.391304347826087,0.9383916990920882
2,44,3746,0.8111893197094991,0.07960199004975124,0.043243243243243246,0.5,0.9400129701686122
2,44,3796,0.8032592785956014,0.058823529411764705,0.032432432432432434,0.3157894736842105,0.9377431906614786
2,44,3846,0.8114839226946851,0.07804878048780488,0.043243243243243246,0.4,0.938715953307393
2,44,3896,0.8111967780129217,0.07920792079207921,0.043243243243243246,0.47058823529411764,0.9396887159533074
2,44,3946,0.809414243494961,0.07035175879396985,0.03783783783783784,0.5,0.9400129701686122
2,44,3996,0.8053438744021705,0.0784313725490196,0.043243243243243246,0.42105263157894735,0.9390402075226978
2,44,4046,0.8160260294789444,0.08823529411764706,0.04864864864864865,0.47368421052631576,0.9396887159533074
2,44,4096,0.8105851971322823,0.08823529411764706,0.04864864864864865,0.47368421052631576,0.9396887159533074
2,44,4146,0.805578810959977,0.08695652173913043,0.04864864864864865,0.4090909090909091,0.938715953307393
2,44,4196,0.8105311244324697,0.0784313725490196,0.043243243243243246,0.42105263157894735,0.9390402075226978
2,44,4246,0.8166711727249844,0.08823529411764706,0.04864864864864865,0.47368421052631576,0.9396887159533074
2,44,4296,0.8059237574932642,0.0594059405940594,0.032432432432432434,0.35294117647058826,0.9383916990920882
2,44,4346,0.8133876546432601,0.0784313725490196,0.043243243243243246,0.42105263157894735,0.9390402075226978
2,44,4396,0.8104845100360796,0.07920792079207921,0.043243243243243246,0.47058823529411764,0.9396887159533074
2,44,4446,0.8123509504675425,0.07,0.03783783783783784,0.4666666666666667,0.9396887159533074
2,44,4496,0.815177647464643,0.06896551724137931,0.03783783783783784,0.3888888888888889,0.938715953307393
2,44,4546,0.8086180696046167,0.0784313725490196,0.043243243243243246,0.42105263157894735,0.9390402075226978
2,44,4596,0.8142453595368394,0.07960199004975124,0.043243243243243246,0.5,0.9400129701686122
2,44,4646,0.816203164185227,0.0861244019138756,0.04864864864864865,0.375,0.9380674448767834
2,44,4696,0.8199006181068961,0.08866995073891626,0.04864864864864865,0.5,0.9400129701686122
2,44,4746,0.8170384941685389,0.06965174129353234,0.03783783783783784,0.4375,0.9393644617380026
2,44,4796,0.819203266736899,0.0970873786407767,0.05405405405405406,0.47619047619047616,0.9396887159533074
2,44,4846,0.8151217101889747,0.07920792079207921,0.043243243243243246,0.47058823529411764,0.9396887159533074
2,44,4896,0.8104863746119353,0.07729468599033816,0.043243243243243246,0.36363636363636365,0.9380674448767834
2,44,4946,0.8143292654503418,0.06930693069306931,0.03783783783783784,0.4117647058823529,0.9390402075226978
2,44,4996,0.8124758770498681,0.07920792079207921,0.043243243243243246,0.47058823529411764,0.9396887159533074
2,44,5046,0.813012874896283,0.06829268292682927,0.03783783783783784,0.35,0.9380674448767834
2,44,5096,0.8197011084903463,0.059113300492610835,0.032432432432432434,0.3333333333333333,0.9380674448767834
2,44,5146,0.8157668534350149,0.07,0.03783783783783784,0.4666666666666667,0.9396887159533074
2,44,5196,0.8164847151394237,0.06896551724137931,0.03783783783783784,0.3888888888888889,0.938715953307393
2,44,5246,0.8183828533604318,0.0970873786407767,0.05405405405405406,0.47619047619047616,0.9396887159533074
2,44,5296,0.8151757828887874,0.06965174129353234,0.03783783783783784,0.4375,0.9393644617380026
2,44,5346,0.8156997287042129,0.07920792079207921,0.043243243243243246,0.47058823529411764,0.9396887159533074
2,44,5396,0.8188042475037991,0.06862745098039216,0.03783783783783784,0.3684210526315789,0.9383916990920882
2,44,5446,0.8179801049756207,0.07,0.03783783783783784,0.4666666666666667,0.9396887159533074
2,44,5496,0.8166655789974175,0.06930693069306931,0.03783783783783784,0.4117647058823529,0.9390402075226978
2,44,5546,0.813273915516068,0.07804878048780488,0.043243243243243246,0.4,0.938715953307393
2,44,5596,0.8183101349020632,0.08737864077669903,0.04864864864864865,0.42857142857142855,0.9390402075226978
2,44,5646,0.8180938441028128,0.0891089108910891,0.04864864864864865,0.5294117647058824,0.940337224383917
2,44,5696,0.817290211909046,0.08780487804878048,0.04864864864864865,0.45,0.9393644617380026
2,44,5746,0.8169378070723361,0.0970873786407767,0.05405405405405406,0.47619047619047616,0.9396887159533074
2,44,5796,0.8167289745765081,0.09852216748768473,0.05405405405405406,0.5555555555555556,0.9406614785992218
2,44,5846,0.8154778441773957,0.09569377990430622,0.05405405405405406,0.4166666666666667,0.938715953307393
2,44,5896,0.8153286781089472,0.08780487804878048,0.04864864864864865,0.45,0.9393644617380026
2,44,5946,0.812994229137727,0.07804878048780488,0.043243243243243246,0.4,0.938715953307393
2,44,5996,0.8124926582325686,0.0966183574879227,0.05405405405405406,0.45454545454545453,0.9393644617380026
2,44,6046,0.8132291656955335,0.11594202898550725,0.06486486486486487,0.5454545454545454,0.9406614785992218
2,44,6096,0.8216085695906323,0.0784313725490196,0.043243243243243246,0.42105263157894735,0.9390402075226978
2,44,6146,0.8158488947726616,0.07881773399014778,0.043243243243243246,0.4444444444444444,0.9393644617380026
2,44,6196,0.8177190643558357,0.08780487804878048,0.04864864864864865,0.45,0.9393644617380026
2,44,6246,0.8211890400231208,0.07960199004975124,0.043243243243243246,0.5,0.9400129701686122
2,44,6296,0.8182448747471169,0.08955223880597014,0.04864864864864865,0.5625,0.9406614785992218
2,44,6346,0.8196936501869239,0.0891089108910891,0.04864864864864865,0.5294117647058824,0.940337224383917
2,44,6396,0.8106467281355175,0.0784313725490196,0.043243243243243246,0.42105263157894735,0.9390402075226978
2,44,6446,0.8208757912793787,0.07920792079207921,0.043243243243243246,0.47058823529411764,0.9396887159533074
2,44,6496,0.813378331763982,0.07804878048780488,0.043243243243243246,0.4,0.938715953307393
2,44,6546,0.8125541892358036,0.09950248756218906,0.05405405405405406,0.625,0.9413099870298314
2,44,6596,0.8166954122111073,0.0970873786407767,0.05405405405405406,0.47619047619047616,0.9396887159533074
2,44,6646,0.816952723679181,0.10891089108910891,0.05945945945945946,0.6470588235294118,0.9416342412451362
2,44,6696,0.8215470385873973,0.08866995073891626,0.04864864864864865,0.5,0.9400129701686122
2,44,6746,0.8196899210352125,0.10628019323671498,0.05945945945945946,0.5,0.9400129701686122
2,44,6796,0.8246142658698712,0.0891089108910891,0.04864864864864865,0.5294117647058824,0.940337224383917
2,44,6846,0.8092930460643466,0.0784313725490196,0.043243243243243246,0.42105263157894735,0.9390402075226978
2,44,6896,0.8165984542666158,0.08866995073891626,0.04864864864864865,0.5,0.9400129701686122
2,44,6946,0.8172361392092334,0.07,0.03783783783783784,0.4666666666666667,0.9396887159533074
2,44,6996,0.8145530145530145,0.0966183574879227,0.05405405405405406,0.45454545454545453,0.9393644617380026
2,44,7046,0.8206483130249946,0.09433962264150944,0.05405405405405406,0.37037037037037035,0.9377431906614786
2,44,7096,0.8122017843990939,0.0975609756097561,0.05405405405405406,0.5,0.9400129701686122
2,44,7146,0.8166693081491289,0.08866995073891626,0.04864864864864865,0.5,0.9400129701686122
2,44,7196,0.8153585113226369,0.08823529411764706,0.04864864864864865,0.47368421052631576,0.9396887159533074
2,44,7246,0.8162479140057616,0.09950248756218906,0.05405405405405406,0.625,0.9413099870298314
2,44,7296,0.8164325070154668,0.1073170731707317,0.05945945945945946,0.55,0.9406614785992218
2,44,7346,0.8109506539999813,0.0975609756097561,0.05405405405405406,0.5,0.9400129701686122
2,44,7396,0.8162609660367508,0.08780487804878048,0.04864864864864865,0.45,0.9393644617380026
2,44,7446,0.8110904971891518,0.0891089108910891,0.04864864864864865,0.5294117647058824,0.940337224383917
2,44,7496,0.8177433038419586,0.0891089108910891,0.04864864864864865,0.5294117647058824,0.940337224383917
2,44,7546,0.8126418243010172,0.0970873786407767,0.05405405405405406,0.47619047619047616,0.9396887159533074
2,44,7596,0.8169191613137802,0.08780487804878048,0.04864864864864865,0.45,0.9393644617380026
2,44,7646,0.8156698954905233,0.08080808080808081,0.043243243243243246,0.6153846153846154,0.9409857328145266
2,44,7696,0.8146742119836291,0.0891089108910891,0.04864864864864865,0.5294117647058824,0.940337224383917
2,44,7746,0.81090031045188,0.10628019323671498,0.05945945945945946,0.5,0.9400129701686122
2,44,7796,0.8148867736311682,0.08780487804878048,0.04864864864864865,0.45,0.9393644617380026
2,44,7846,0.8149240651482803,0.07881773399014778,0.043243243243243246,0.4444444444444444,0.9393644617380026
2,44,7896,0.8100015848894774,0.08823529411764706,0.04864864864864865,0.47368421052631576,0.9396887159533074
2,44,7946,0.8072904915954243,0.07920792079207921,0.043243243243243246,0.47058823529411764,0.9396887159533074
2,44,7996,0.8109394665448477,0.0891089108910891,0.04864864864864865,0.5294117647058824,0.940337224383917
3,45,246,0.6839702413693445,0.04201680672268908,0.02702702702702703,0.09433962264150944,0.9260700389105059
3,45,296,0.7273067134053682,0.10980392156862745,0.07567567567567568,0.2,0.9263942931258107
3,45,346,0.7098953040657077,0.15492957746478872,0.11891891891891893,0.2222222222222222,0.9221789883268483
3,45,396,0.6939820814260277,0.09420289855072464,0.07027027027027027,0.14285714285714285,0.9189364461738002
3,45,446,0.6491390320986734,0.018433179723502304,0.010810810810810811,0.0625,0.9309338521400778
3,45,496,0.6362492192088606,0.020100502512562814,0.010810810810810811,0.14285714285714285,0.9367704280155642
3,45,546,0.6521633741364683,0.02040816326530612,0.010810810810810811,0.18181818181818182,0.9377431906614786
3,45,596,0.6491614070089406,0.010471204188481676,0.005405405405405406,0.16666666666666666,0.938715953307393
3,45,646,0.6621854693603573,0.030927835051546393,0.016216216216216217,0.3333333333333333,0.9390402075226978
3,45,696,0.642475037990733,0.020833333333333332,0.010810810810810811,0.2857142857142857,0.9390402075226978
3,45,746,0.6456056608522975,0.0,0.0,0.0,0.9393644617380026
3,45,796,0.6508656293409657,0.010416666666666666,0.005405405405405406,0.14285714285714285,0.9383916990920882
3,45,846,0.6748179707820964,0.04081632653061224,0.021621621621621623,0.36363636363636365,0.9390402075226978
3,45,896,0.669231701518697,0.06091370558375635,0.032432432432432434,0.5,0.9400129701686122
3,45,946,0.6515014497077277,0.06091370558375635,0.032432432432432434,0.5,0.9400129701686122
3,45,996,0.6835367274829158,0.0707070707070707,0.03783783783783784,0.5384615384615384,0.940337224383917
3,45,1046,0.7133251913520973,0.07035175879396985,0.03783783783783784,0.5,0.9400129701686122
3,45,1096,0.7211881077351929,0.05102040816326531,0.02702702702702703,0.45454545454545453,0.9396887159533074
3,45,1146,0.6745364198278996,0.05970149253731343,0.032432432432432434,0.375,0.938715953307393
3,45,1196,0.7024957347827303,0.06060606060606061,0.032432432432432434,0.46153846153846156,0.9396887159533074
3,45,1246,0.6990089779327447,0.07142857142857142,0.03783783783783784,0.6363636363636364,0.9409857328145266
3,45,1296,0.7081882848698993,0.07035175879396985,0.03783783783783784,0.5,0.9400129701686122
3,45,1346,0.7068159570401724,0.08,0.043243243243243246,0.5333333333333333,0.940337224383917
3,45,1396,0.7031520654839041,0.07920792079207921,0.043243243243243246,0.47058823529411764,0.9396887159533074
3,45,1446,0.725308820376085,0.08040201005025126,0.043243243243243246,0.5714285714285714,0.9406614785992218
3,45,1496,0.7323643754137028,0.06930693069306931,0.03783783783783784,0.4117647058823529,0.9390402075226978
3,45,1546,0.7256910584264844,0.07920792079207921,0.043243243243243246,0.47058823529411764,0.9396887159533074
3,45,1596,0.7409582055321966,0.07,0.03783783783783784,0.4666666666666667,0.9396887159533074
3,45,1646,0.7478776465323552,0.0891089108910891,0.04864864864864865,0.5294117647058824,0.940337224383917
3,45,1696,0.743044665914621,0.07881773399014778,0.043243243243243246,0.4444444444444444,0.9393644617380026
3,45,1746,0.7472045346484809,0.08040201005025126,0.043243243243243246,0.5714285714285714,0.9406614785992218
3,45,1796,0.7433989353271864,0.07881773399014778,0.043243243243243246,0.4444444444444444,0.9393644617380026
3,45,1846,0.7465612559782965,0.07960199004975124,0.043243243243243246,0.5,0.9400129701686122
3,45,1896,0.7496900142640053,0.08955223880597014,0.04864864864864865,0.5625,0.9406614785992218
3,45,1946,0.7507155309845892,0.06965174129353234,0.03783783783783784,0.4375,0.9393644617380026
3,45,1996,0.7581067096762165,0.0891089108910891,0.04864864864864865,0.5294117647058824,0.940337224383917
3,45,2046,0.753128292141745,0.09,0.04864864864864865,0.6,0.9409857328145266
3,45,2096,0.7702935774684654,0.10945273631840796,0.05945945945945946,0.6875,0.941958495460441
3,45,2146,0.7644388092818586,0.07142857142857142,0.03783783783783784,0.6363636363636364,0.9409857328145266
3,45,2196,0.7629769818110624,0.07035175879396985,0.03783783783783784,0.5,0.9400129701686122
3,45,2246,0.7786394189981632,0.08,0.043243243243243246,0.5333333333333333,0.940337224383917
3,45,2296,0.7749979023521625,0.1073170731707317,0.05945945945945946,0.55,0.9406614785992218
3,45,2346,0.7844531665159468,0.07960199004975124,0.043243243243243246,0.5,0.9400129701686122
3,45,2396,0.7730811183725983,0.09852216748768473,0.05405405405405406,0.5555555555555556,0.9406614785992218
3,45,2446,0.7766592394395085,0.09,0.04864864864864865,0.6,0.9409857328145266
3,45,2496,0.7875278521018432,0.08080808080808081,0.043243243243243246,0.6153846153846154,0.9409857328145266
3,45,2546,0.7782348060374966,0.08866995073891626,0.04864864864864865,0.5,0.9400129701686122
3,45,2596,0.774858059162992,0.08955223880597014,0.04864864864864865,0.5625,0.9406614785992218
3,45,2646,0.7841604281066166,0.07,0.03783783783783784,0.4666666666666667,0.9396887159533074
3,45,2696,0.7803827974231562,0.08040201005025126,0.043243243243243246,0.5714285714285714,0.9406614785992218
3,45,2746,0.7862972320371424,0.08040201005025126,0.043243243243243246,0.5714285714285714,0.9406614785992218
3,45,2796,0.7795959464120898,0.07960199004975124,0.043243243243243246,0.5,0.9400129701686122
3,45,2846,0.7795922172603786,0.06930693069306931,0.03783783783783784,0.4117647058823529,0.9390402075226978
3,45,2896,0.7886596496461968,0.08955223880597014,0.04864864864864865,0.5625,0.9406614785992218
3,45,2946,0.7772745494718589,0.06896551724137931,0.03783783783783784,0.3888888888888889,0.938715953307393
3,45,2996,0.7898212804042402,0.06965174129353234,0.03783783783783784,0.4375,0.9393644617380026
3,45,3046,0.7900021442622338,0.06091370558375635,0.032432432432432434,0.5,0.9400129701686122
3,45,3096,0.7943671163402106,0.07960199004975124,0.043243243243243246,0.5,0.9400129701686122
3,45,3146,0.7893924279574503,0.07920792079207921,0.043243243243243246,0.47058823529411764,0.9396887159533074
3,45,3196,0.7938972432245975,0.06896551724137931,0.03783783783783784,0.3888888888888889,0.938715953307393
3,45,3246,0.7915366901913986,0.0784313725490196,0.043243243243243246,0.42105263157894735,0.9390402075226978
3,45,3296,0.8021051061409806,0.06896551724137931,0.03783783783783784,0.3888888888888889,0.938715953307393
3,45,3346,0.7915292318879762,0.06060606060606061,0.032432432432432434,0.46153846153846156,0.9396887159533074
3,45,3396,0.7928810493832916,0.05970149253731343,0.032432432432432434,0.375,0.938715953307393
3,45,3446,0.8022374910267286,0.06896551724137931,0.03783783783783784,0.3888888888888889,0.938715953307393
3,45,3496,0.7986630991115298,0.06896551724137931,0.03783783783783784,0.3888888888888889,0.938715953307393
3,45,3546,0.7888703467178804,0.06930693069306931,0.03783783783783784,0.4117647058823529,0.9390402075226978
3,45,3596,0.8034569236362958,0.07804878048780488,0.043243243243243246,0.4,0.938715953307393
3,45,3646,0.8007085388251307,0.08695652173913043,0.04864864864864865,0.4090909090909091,0.938715953307393
3,45,3696,0.7958680999039743,0.07920792079207921,0.043243243243243246,0.47058823529411764,0.9396887159533074
3,45,3746,0.7969122623831144,0.0966183574879227,0.05405405405405406,0.45454545454545453,0.9393644617380026
3,45,3796,0.8030150191585169,0.10526315789473684,0.05945945945945946,0.4583333333333333,0.9393644617380026
3,45,3846,0.809067432385818,0.10576923076923077,0.05945945945945946,0.4782608695652174,0.9396887159533074
3,45,3896,0.7952322795372122,0.09569377990430622,0.05405405405405406,0.4166666666666667,0.938715953307393
3,45,3946,0.8006581952770293,0.10628019323671498,0.05945945945945946,0.5,0.9400129701686122
3,45,3996,0.8041169834891809,0.08823529411764706,0.04864864864864865,0.47368421052631576,0.9396887159533074
3,45,4046,0.7987358175698983,0.07804878048780488,0.043243243243243246,0.4,0.938715953307393
3,45,4096,0.8062090375991722,0.08866995073891626,0.04864864864864865,0.5,0.9400129701686122
3,45,4146,0.7981130492341255,0.06829268292682927,0.03783783783783784,0.35,0.9380674448767834
3,45,4196,0.7946654484771076,0.07881773399014778,0.043243243243243246,0.4444444444444444,0.9393644617380026
3,45,4246,0.805858497338318,0.0975609756097561,0.05405405405405406,0.5,0.9400129701686122
3,45,4296,0.8117319112834809,0.07881773399014778,0.043243243243243246,0.4444444444444444,0.9393644617380026
3,45,4346,0.8111054137959967,0.057971014492753624,0.032432432432432434,0.2727272727272727,0.9367704280155642
3,45,4396,0.8125168977186915,0.08737864077669903,0.04864864864864865,0.42857142857142855,0.9390402075226978
3,45,4446,0.8112135591956221,0.07920792079207921,0.043243243243243246,0.47058823529411764,0.9396887159533074
3,45,4496,0.8148681278726122,0.0861244019138756,0.04864864864864865,0.375,0.9380674448767834
3,45,4546,0.8164269132878998,0.06862745098039216,0.03783783783783784,0.3684210526315789,0.9383916990920882
3,45,4596,0.8147693053522652,0.06965174129353234,0.03783783783783784,0.4375,0.9393644617380026
3,45,4646,0.810725040321453,0.07881773399014778,0.043243243243243246,0.4444444444444444,0.9393644617380026
3,45,4696,0.8105516347668814,0.07881773399014778,0.043243243243243246,0.4444444444444444,0.9393644617380026
3,45,4746,0.8105311244324698,0.07804878048780488,0.043243243243243246,0.4,0.938715953307393
3,45,4796,0.812779802914332,0.08780487804878048,0.04864864864864865,0.45,0.9393644617380026
3,45,4846,0.8202381063367611,0.08695652173913043,0.04864864864864865,0.4090909090909091,0.938715953307393
3,45,4896,0.8150415334271836,0.0784313725490196,0.043243243243243246,0.42105263157894735,0.9390402075226978
3,45,4946,0.81354054986342,0.0891089108910891,0.04864864864864865,0.5294117647058824,0.940337224383917
3,45,4996,0.819654494093956,0.06930693069306931,0.03783783783783784,0.4117647058823529,0.9390402075226978
3,45,5046,0.8211741234162759,0.08737864077669903,0.04864864864864865,0.42857142857142855,0.9390402075226978
3,45,5096,0.8188751013863121,0.08737864077669903,0.04864864864864865,0.42857142857142855,0.9390402075226978
3,45,5146,0.819991982323821,0.06862745098039216,0.03783783783783784,0.3684210526315789,0.9383916990920882
3,45,5196,0.811797171438427,0.06796116504854369,0.03783783783783784,0.3333333333333333,0.9377431906614786
3,45,5246,0.8178868761828403,0.08653846153846154,0.04864864864864865,0.391304347826087,0.9383916990920882
3,45,5296,0.8223376187501749,0.08653846153846154,0.04864864864864865,0.391304347826087,0.9383916990920882
3,45,5346,0.818890017993157,0.06763285024154589,0.03783783783783784,0.3181818181818182,0.9374189364461738
3,45,5396,0.8272451824021331,0.06896551724137931,0.03783783783783784,0.3888888888888889,0.938715953307393
3,45,5446,0.8201075860268686,0.10526315789473684,0.05945945945945946,0.4583333333333333,0.9393644617380026
3,45,5496,0.8165611627495035,0.07655502392344497,0.043243243243243246,0.3333333333333333,0.9374189364461738
3,45,5546,0.8220504740684113,0.10679611650485436,0.05945945945945946,0.5238095238095238,0.940337224383917
3,45,5596,0.8158843217139181,0.09569377990430622,0.05405405405405406,0.4166666666666667,0.938715953307393
3,45,5646,0.8162479140057615,0.07655502392344497,0.043243243243243246,0.3333333333333333,0.9374189364461738
3,45,5696,0.8172398683609445,0.0947867298578199,0.05405405405405406,0.38461538461538464,0.9380674448767834
3,45,5746,0.8208086665485769,0.0966183574879227,0.05405405405405406,0.45454545454545453,0.9393644617380026
3,45,5796,0.823590613725143,0.08695652173913043,0.04864864864864865,0.4090909090909091,0.938715953307393
3,45,5846,0.819065288123584,0.0966183574879227,0.05405405405405406,0.45454545454545453,0.9393644617380026
3,45,5896,0.8186364356767944,0.09615384615384616,0.05405405405405406,0.43478260869565216,0.9390402075226978
3,45,5946,0.8197962018589822,0.08780487804878048,0.04864864864864865,0.45,0.9393644617380026
3,45,5996,0.8176295647147667,0.0970873786407767,0.05405405405405406,0.47619047619047616,0.9396887159533074
3,45,6046,0.8215227991012746,0.0975609756097561,0.05405405405405406,0.5,0.9400129701686122
3,45,6096,0.8233090627709462,0.1073170731707317,0.05945945945945946,0.55,0.9406614785992218
3,45,6146,0.8240082787167989,0.08780487804878048,0.04864864864864865,0.45,0.9393644617380026
3,45,6196,0.8205438967770806,0.09803921568627451,0.05405405405405406,0.5263157894736842,0.940337224383917
3,45,6246,0.8194176929602939,0.07920792079207921,0.043243243243243246,0.47058823529411764,0.9396887159533074
3,45,6296,0.82617678043687,0.10628019323671498,0.05945945945945946,0.5,0.9400129701686122
3,45,6346,0.8208273123071329,0.10426540284360189,0.05945945945945946,0.4230769230769231,0.938715953307393
3,45,6396,0.817167149902576,0.08823529411764706,0.04864864864864865,0.47368421052631576,0.9396887159533074
3,45,6446,0.817584814894232,0.08653846153846154,0.04864864864864865,0.391304347826087,0.9383916990920882
3,45,6496,0.8206706879352621,0.07106598984771574,0.03783783783783784,0.5833333333333334,0.9406614785992218
3,45,6546,0.817001202651427,0.08823529411764706,0.04864864864864865,0.47368421052631576,0.9396887159533074
3,45,6596,0.8235645096631643,0.0970873786407767,0.05405405405405406,0.47619047619047616,0.9396887159533074
3,45,6646,0.8199882531721098,0.07960199004975124,0.043243243243243246,0.5,0.9400129701686122
3,45,6696,0.8180323130995776,0.08823529411764706,0.04864864864864865,0.47368421052631576,0.9396887159533074
3,45,6746,0.8137978613314937,0.08737864077669903,0.04864864864864865,0.42857142857142855,0.9390402075226978
3,45,6796,0.8223898268741319,0.07804878048780488,0.043243243243243246,0.4,0.938715953307393
3,45,6846,0.8182075832300049,0.10679611650485436,0.05945945945945946,0.5238095238095238,0.940337224383917
3,45,6896,0.8253955231533707,0.08653846153846154,0.04864864864864865,0.391304347826087,0.9383916990920882
3,45,6946,0.8193431099260696,0.09615384615384616,0.05405405405405406,0.43478260869565216,0.9390402075226978
3,45,6996,0.8216216216216217,0.08653846153846154,0.04864864864864865,0.391304347826087,0.9383916990920882
3,45,7046,0.8158582176519397,0.08823529411764706,0.04864864864864865,0.47368421052631576,0.9396887159533074
3,45,7096,0.8172249517540998,0.10476190476190476,0.05945945945945946,0.44,0.9390402075226978
3,45,7146,0.8194102346568715,0.08780487804878048,0.04864864864864865,0.45,0.9393644617380026
3,45,7196,0.8179763758239095,0.0891089108910891,0.04864864864864865,0.5294117647058824,0.940337224383917
3,45,7246,0.8154685212981176,0.09569377990430622,0.05405405405405406,0.4166666666666667,0.938715953307393
3,45,7296,0.8144392754258225,0.08823529411764706,0.04864864864864865,0.47368421052631576,0.9396887159533074
3,45,7346,0.8179521363377866,0.09803921568627451,0.05405405405405406,0.5263157894736842,0.940337224383917
3,45,7396,0.8174748049187511,0.0970873786407767,0.05405405405405406,0.47619047619047616,0.9396887159533074
3,45,7446,0.8193859951707485,0.06930693069306931,0.03783783783783784,0.4117647058823529,0.9390402075226978
3,45,7496,0.8209391868584694,0.08695652173913043,0.04864864864864865,0.4090909090909091,0.938715953307393
3,45,7546,0.8163728405880873,0.0966183574879227,0.05405405405405406,0.45454545454545453,0.9393644617380026
3,45,7596,0.8178626366967173,0.10628019323671498,0.05945945945945946,0.5,0.9400129701686122
3,45,7646,0.82100258243756,0.10628019323671498,0.05945945945945946,0.5,0.9400129701686122
3,45,7696,0.81346410225334,0.0966183574879227,0.05405405405405406,0.45454545454545453,0.9393644617380026
3,45,7746,0.820941051434325,0.09852216748768473,0.05405405405405406,0.5555555555555556,0.9406614785992218
3,45,7796,0.81823928101955,0.11594202898550725,0.06486486486486487,0.5454545454545454,0.9406614785992218
3,45,7846,0.8145735248874262,0.0970873786407767,0.05405405405405406,0.47619047619047616,0.9396887159533074
3,45,7896,0.8201970856679376,0.07881773399014778,0.043243243243243246,0.4444444444444444,0.9393644617380026
3,45,7946,0.8175400650736973,0.0975609756097561,0.05405405405405406,0.5,0.9400129701686122
3,45,7996,0.8235011140840738,0.09852216748768473,0.05405405405405406,0.5555555555555556,0.9406614785992218
4,46,246,0.6287769314675145,0.09230769230769231,0.06486486486486487,0.16,0.9234760051880675
4,46,296,0.6855411465276936,0.0642570281124498,0.043243243243243246,0.125,0.9244487678339819
4,46,346,0.6657328249256501,0.07346938775510205,0.04864864864864865,0.15,0.9263942931258107
4,46,396,0.6869227972366986,0.0873015873015873,0.05945945945945946,0.16417910447761194,0.9254215304798963
4,46,446,0.649506353542228,0.010050251256281407,0.005405405405405406,0.07142857142857142,0.9361219195849546
4,46,496,0.5468987442081612,0.01020408163265306,0.005405405405405406,0.09090909090909091,0.937094682230869
4,46,546,0.6429001612858116,0.010362694300518135,0.005405405405405406,0.125,0.9380674448767834
4,46,596,0.6569534695095234,0.010471204188481676,0.005405405405405406,0.16666666666666666,0.938715953307393
4,46,646,0.6868221101404959,0.010416666666666666,0.005405405405405406,0.14285714285714285,0.9383916990920882
4,46,696,0.7051825885906604,0.04060913705583756,0.021621621621621623,0.3333333333333333,0.938715953307393
4,46,746,0.663833754416714,0.04145077720207254,0.021621621621621623,0.5,0.9400129701686122
4,46,796,0.7061055536391859,0.041025641025641026,0.021621621621621623,0.4,0.9393644617380026
4,46,846,0.6962438119388793,0.052083333333333336,0.02702702702702703,0.7142857142857143,0.9409857328145266
4,46,896,0.7226592580852671,0.05128205128205128,0.02702702702702703,0.5,0.9400129701686122
4,46,946,0.7236474832887388,0.05102040816326531,0.02702702702702703,0.45454545454545453,0.9396887159533074
4,46,996,0.7369568257460635,0.061224489795918366,0.032432432432432434,0.5454545454545454,0.940337224383917
4,46,1046,0.7461044348936725,0.050505050505050504,0.02702702702702703,0.38461538461538464,0.9390402075226978
4,46,1096,0.7377082498158731,0.06091370558375635,0.032432432432432434,0.5,0.9400129701686122
4,46,1146,0.7545174011541724,0.06091370558375635,0.032432432432432434,0.5,0.9400129701686122
4,46,1196,0.7551420340658009,0.06060606060606061,0.032432432432432434,0.46153846153846156,0.9396887159533074
4,46,1246,0.7483605716789573,0.06060606060606061,0.032432432432432434,0.46153846153846156,0.9396887159533074
4,46,1296,0.745817290211909,0.08080808080808081,0.043243243243243246,0.6153846153846154,0.9409857328145266
4,46,1346,0.7353234572965515,0.06153846153846154,0.032432432432432434,0.6,0.9406614785992218
4,46,1396,0.7538685287564213,0.07142857142857142,0.03783783783783784,0.6363636363636364,0.9409857328145266
4,46,1446,0.7399606574494466,0.07106598984771574,0.03783783783783784,0.5833333333333334,0.9406614785992218
4,46,1496,0.7485787270540634,0.052083333333333336,0.02702702702702703,0.7142857142857143,0.9409857328145266
4,46,1546,0.7535403634058344,0.07106598984771574,0.03783783783783784,0.5833333333333334,0.9406614785992218
4,46,1596,0.7521736293036742,0.07106598984771574,0.03783783783783784,0.5833333333333334,0.9406614785992218
4,46,1646,0.7567642150601792,0.0594059405940594,0.032432432432432434,0.35294117647058826,0.9383916990920882
4,46,1696,0.7501934497450192,0.06896551724137931,0.03783783783783784,0.3888888888888889,0.938715953307393
4,46,1746,0.7404566346270381,0.06965174129353234,0.03783783783783784,0.4375,0.9393644617380026
4,46,1796,0.7578605856632762,0.06829268292682927,0.03783783783783784,0.35,0.9380674448767834
4,46,1846,0.7704986808125822,0.0594059405940594,0.032432432432432434,0.35294117647058826,0.9383916990920882
4,46,1896,0.7794542386470638,0.059113300492610835,0.032432432432432434,0.3333333333333333,0.9380674448767834
4,46,1946,0.7688000522081241,0.06896551724137931,0.03783783783783784,0.3888888888888889,0.938715953307393
4,46,1996,0.7728424526630804,0.05970149253731343,0.032432432432432434,0.375,0.938715953307393
4,46,2046,0.7822343212477743,0.0594059405940594,0.032432432432432434,0.35294117647058826,0.9383916990920882
4,46,2096,0.7774032052058958,0.058823529411764705,0.032432432432432434,0.3157894736842105,0.9377431906614786
4,46,2146,0.7693817998750735,0.0966183574879227,0.05405405405405406,0.45454545454545453,0.9393644617380026
4,46,2196,0.7715745410812677,0.08737864077669903,0.04864864864864865,0.42857142857142855,0.9390402075226978
4,46,2246,0.7721227263828161,0.11374407582938388,0.06486486486486487,0.46153846153846156,0.9393644617380026
4,46,2296,0.7745149772055602,0.10426540284360189,0.05945945945945946,0.4230769230769231,0.938715953307393
4,46,2346,0.7830696512310862,0.057971014492753624,0.032432432432432434,0.2727272727272727,0.9367704280155642
4,46,2396,0.7779495259315887,0.07655502392344497,0.043243243243243246,0.3333333333333333,0.9374189364461738
4,46,2446,0.7919823238208888,0.09615384615384616,0.05405405405405406,0.43478260869565216,0.9390402075226978
4,46,2496,0.7730475560071972,0.0966183574879227,0.05405405405405406,0.45454545454545453,0.9393644617380026
4,46,2546,0.7866235328118738,0.06862745098039216,0.03783783783783784,0.3684210526315789,0.9383916990920882
4,46,2596,0.7892656367992691,0.08823529411764706,0.04864864864864865,0.47368421052631576,0.9396887159533074
4,46,2646,0.787561414467244,0.09615384615384616,0.05405405405405406,0.43478260869565216,0.9390402075226978
4,46,2696,0.7873637694265497,0.08737864077669903,0.04864864864864865,0.42857142857142855,0.9390402075226978
4,46,2746,0.7733085966269824,0.07729468599033816,0.043243243243243246,0.36363636363636365,0.9380674448767834
4,46,2796,0.7963957748711111,0.09345794392523364,0.05405405405405406,0.3448275862068966,0.937094682230869
4,46,2846,0.7916634813495801,0.09345794392523364,0.05405405405405406,0.3448275862068966,0.937094682230869
4,46,2896,0.7896702497599358,0.09569377990430622,0.05405405405405406,0.4166666666666667,0.938715953307393
4,46,2946,0.7822063526099401,0.10526315789473684,0.05945945945945946,0.4583333333333333,0.9393644617380026
4,46,2996,0.7928605390488799,0.08737864077669903,0.04864864864864865,0.42857142857142855,0.9390402075226978
4,46,3046,0.7995226685809647,0.07729468599033816,0.043243243243243246,0.36363636363636365,0.9380674448767834
4,46,3096,0.7949395411278818,0.0861244019138756,0.04864864864864865,0.375,0.9380674448767834
4,46,3146,0.7948239374248343,0.09389671361502347,0.05405405405405406,0.35714285714285715,0.9374189364461738
4,46,3196,0.8014413171363843,0.07729468599033816,0.043243243243243246,0.36363636363636365,0.9380674448767834
4,46,3246,0.7962335567716733,0.09523809523809523,0.05405405405405406,0.4,0.9383916990920882
4,46,3296,0.8029758630655492,0.10576923076923077,0.05945945945945946,0.4782608695652174,0.9396887159533074
4,46,3346,0.8019633983759544,0.10526315789473684,0.05945945945945946,0.4583333333333333,0.9393644617380026
4,46,3396,0.8033506428125262,0.0970873786407767,0.05405405405405406,0.47619047619047616,0.9396887159533074
4,46,3446,0.8036135480081669,0.10576923076923077,0.05945945945945946,0.4782608695652174,0.9396887159533074
4,46,3496,0.7973187399196366,0.08780487804878048,0.04864864864864865,0.45,0.9393644617380026
4,46,3546,0.8023978445503109,0.0975609756097561,0.05405405405405406,0.5,0.9400129701686122
4,46,3596,0.8077379898007702,0.07766990291262135,0.043243243243243246,0.38095238095238093,0.9383916990920882
4,46,3646,0.8116424116424117,0.06862745098039216,0.03783783783783784,0.3684210526315789,0.9383916990920882
4,46,3696,0.8137698926936595,0.07804878048780488,0.043243243243243246,0.4,0.938715953307393
4,46,3746,0.8080269990583892,0.09615384615384616,0.05405405405405406,0.43478260869565216,0.9390402075226978
4,46,3796,0.804087150275491,0.09615384615384616,0.05405405405405406,0.43478260869565216,0.9390402075226978
4,46,3846,0.8045085444188584,0.08780487804878048,0.04864864864864865,0.45,0.9393644617380026
4,46,3896,0.8037291517112145,0.08823529411764706,0.04864864864864865,0.47368421052631576,0.9396887159533074
4,46,3946,0.7975704576601438,0.09852216748768473,0.05405405405405406,0.5555555555555556,0.9406614785992218
4,46,3996,0.8043798886848215,0.08653846153846154,0.04864864864864865,0.391304347826087,0.9383916990920882
4,46,4046,0.8160223003272332,0.07804878048780488,0.043243243243243246,0.4,0.938715953307393
4,46,4096,0.8048292514660228,0.10476190476190476,0.05945945945945946,0.44,0.9390402075226978
4,46,4146,0.8184984570634793,0.07692307692307693,0.043243243243243246,0.34782608695652173,0.9377431906614786
4,46,4196,0.8093974623122606,0.10628019323671498,0.05945945945945946,0.5,0.9400129701686122
4,46,4246,0.8040386713032454,0.11594202898550725,0.06486486486486487,0.5454545454545454,0.9406614785992218
4,46,4296,0.8063656619710432,0.07881773399014778,0.043243243243243246,0.4444444444444444,0.9393644617380026
4,46,4346,0.8111147366752747,0.07692307692307693,0.043243243243243246,0.34782608695652173,0.9377431906614786
4,46,4396,0.8151739183129317,0.07920792079207921,0.043243243243243246,0.47058823529411764,0.9396887159533074
4,46,4446,0.8142901093573739,0.06862745098039216,0.03783783783783784,0.3684210526315789,0.9383916990920882
4,46,4496,0.8133484985502922,0.0970873786407767,0.05405405405405406,0.47619047619047616,0.9396887159533074
4,46,4546,0.8181833437438818,0.07804878048780488,0.043243243243243246,0.4,0.938715953307393
4,46,4596,0.8211536130818643,0.07881773399014778,0.043243243243243246,0.4444444444444444,0.9393644617380026
4,46,4646,0.81366361186989,0.08737864077669903,0.04864864864864865,0.42857142857142855,0.9390402075226978
4,46,4696,0.8200180863857995,0.07,0.03783783783783784,0.4666666666666667,0.9396887159533074
4,46,4746,0.8216794234731455,0.06965174129353234,0.03783783783783784,0.4375,0.9393644617380026
4,46,4796,0.8117020780697911,0.0594059405940594,0.032432432432432434,0.35294117647058826,0.9383916990920882
4,46,4846,0.8150284813961945,0.07881773399014778,0.043243243243243246,0.4444444444444444,0.9393644617380026
4,46,4896,0.8173647949432703,0.08823529411764706,0.04864864864864865,0.47368421052631576,0.9396887159533074
4,46,4946,0.8227963044106543,0.0784313725490196,0.043243243243243246,0.42105263157894735,0.9390402075226978
4,46,4996,0.8256826678351343,0.08530805687203792,0.04864864864864865,0.34615384615384615,0.9374189364461738
4,46,5046,0.8267920904692205,0.06796116504854369,0.03783783783783784,0.3333333333333333,0.9377431906614786
4,46,5096,0.821315831181302,0.08737864077669903,0.04864864864864865,0.42857142857142855,0.9390402075226978
4,46,5146,0.8259698125168977,0.07804878048780488,0.043243243243243246,0.4,0.938715953307393
4,46,5196,0.8232997398916683,0.07766990291262135,0.043243243243243246,0.38095238095238093,0.9383916990920882
4,46,5246,0.8203033664917074,0.0673076923076923,0.03783783783783784,0.30434782608695654,0.937094682230869
4,46,5296,0.8212990499986015,0.08695652173913043,0.04864864864864865,0.4090909090909091,0.938715953307393
4,46,5346,0.8205215218668134,0.08571428571428572,0.04864864864864865,0.36,0.9377431906614786
4,46,5396,0.8214500806429058,0.08490566037735849,0.04864864864864865,0.3333333333333333,0.937094682230869
4,46,5446,0.8194960051462294,0.0966183574879227,0.05405405405405406,0.45454545454545453,0.9393644617380026
4,46,5496,0.8172697015746343,0.08780487804878048,0.04864864864864865,0.45,0.9393644617380026
4,46,5546,0.8245340891080802,0.07729468599033816,0.043243243243243246,0.36363636363636365,0.9380674448767834
4,46,5596,0.8204357513774556,0.08653846153846154,0.04864864864864865,0.391304347826087,0.9383916990920882
4,46,5646,0.8208142602761438,0.08571428571428572,0.04864864864864865,0.36,0.9377431906614786
4,46,5696,0.8190391840616056,0.0761904761904762,0.043243243243243246,0.32,0.937094682230869
4,46,5746,0.8215377157081193,0.0861244019138756,0.04864864864864865,0.375,0.9380674448767834
4,46,5796,0.8144206296672665,0.0861244019138756,0.04864864864864865,0.375,0.9380674448767834
4,46,5846,0.8187352581971415,0.10476190476190476,0.05945945945945946,0.44,0.9390402075226978
4,46,5896,0.8193132767123799,0.06862745098039216,0.03783783783783784,0.3684210526315789,0.9383916990920882
4,46,5946,0.8169247550413469,0.0594059405940594,0.032432432432432434,0.35294117647058826,0.9383916990920882
4,46,5996,0.8167811827004652,0.07655502392344497,0.043243243243243246,0.3333333333333333,0.9374189364461738
4,46,6046,0.8154722504498291,0.06763285024154589,0.03783783783783784,0.3181818181818182,0.9374189364461738
4,46,6096,0.8163560594053869,0.08780487804878048,0.04864864864864865,0.45,0.9393644617380026
4,46,6146,0.8176034606527881,0.10526315789473684,0.05945945945945946,0.4583333333333333,0.9393644617380026
4,46,6196,0.8201392838164138,0.08780487804878048,0.04864864864864865,0.45,0.9393644617380026
4,46,6246,0.8164008092259213,0.0784313725490196,0.043243243243243246,0.42105263157894735,0.9390402075226978
4,46,6296,0.8128823545863905,0.07766990291262135,0.043243243243243246,0.38095238095238093,0.9383916990920882
4,46,6346,0.8108798001174684,0.06829268292682927,0.03783783783783784,0.35,0.9380674448767834
4,46,6396,0.8120004102066883,0.09615384615384616,0.05405405405405406,0.43478260869565216,0.9390402075226978
4,46,6446,0.816838984551989,0.09615384615384616,0.05405405405405406,0.43478260869565216,0.9390402075226978
4,46,6496,0.8145101293083357,0.06930693069306931,0.03783783783783784,0.4117647058823529,0.9390402075226978
4,46,6546,0.8155449689081975,0.07547169811320754,0.043243243243243246,0.2962962962962963,0.9364461738002594
4,46,6596,0.81719511854041,0.10377358490566038,0.05945945945945946,0.4074074074074074,0.9383916990920882
4,46,6646,0.8102831358436741,0.09569377990430622,0.05405405405405406,0.4166666666666667,0.938715953307393
4,46,6696,0.8135032583463078,0.10476190476190476,0.05945945945945946,0.44,0.9390402075226978
4,46,6746,0.8137829447246487,0.11483253588516747,0.06486486486486487,0.5,0.9400129701686122
4,46,6796,0.8129998228652937,0.0784313725490196,0.043243243243243246,0.42105263157894735,0.9390402075226978
4,46,6846,0.8131769575715765,0.09803921568627451,0.05405405405405406,0.5263157894736842,0.940337224383917
4,46,6896,0.8097144402077138,0.08780487804878048,0.04864864864864865,0.45,0.9393644617380026
4,46,6946,0.8144877543980683,0.07881773399014778,0.043243243243243246,0.4444444444444444,0.9393644617380026
4,46,6996,0.8174766694946067,0.08866995073891626,0.04864864864864865,0.5,0.9400129701686122
4,46,7046,0.8121999198232381,0.08823529411764706,0.04864864864864865,0.47368421052631576,0.9396887159533074
4,46,7096,0.8111632156475207,0.09900990099009901,0.05405405405405406,0.5882352941176471,0.9409857328145266
4,46,7146,0.8153976674156047,0.08955223880597014,0.04864864864864865,0.5625,0.9406614785992218
4,46,7196,0.8150639083374509,0.08780487804878048,0.04864864864864865,0.45,0.9393644617380026
4,46,7246,0.8155841250011654,0.10526315789473684,0.05945945945945946,0.4583333333333333,0.9393644617380026
4,46,7296,0.812201784399094,0.0975609756097561,0.05405405405405406,0.5,0.9400129701686122
4,46,7346,0.8204133764671881,0.07729468599033816,0.043243243243243246,0.36363636363636365,0.9380674448767834
4,46,7396,0.8178812824552735,0.06930693069306931,0.03783783783783784,0.4117647058823529,0.9390402075226978
4,46,7446,0.8106318115286726,0.07920792079207921,0.043243243243243246,0.47058823529411764,0.9396887159533074
4,46,7496,0.8143553695123202,0.08955223880597014,0.04864864864864865,0.5625,0.9406614785992218
4,46,7546,0.8120283788445224,0.08866995073891626,0.04864864864864865,0.5,0.9400129701686122
4,46,7596,0.8124460438361784,0.0784313725490196,0.043243243243243246,0.42105263157894735,0.9390402075226978
4,46,7646,0.8185935504321155,0.08780487804878048,0.04864864864864865,0.45,0.9393644617380026
4,46,7696,0.8172417329368002,0.06930693069306931,0.03783783783783784,0.4117647058823529,0.9390402075226978
4,46,7746,0.8155076773910855,0.06930693069306931,0.03783783783783784,0.4117647058823529,0.9390402075226978
4,46,7796,0.8137158199938468,0.0784313725490196,0.043243243243243246,0.42105263157894735,0.9390402075226978
4,46,7846,0.8142173908990054,0.0784313725490196,0.043243243243243246,0.42105263157894735,0.9390402075226978
4,46,7896,0.8119463375068756,0.07881773399014778,0.043243243243243246,0.4444444444444444,0.9393644617380026
4,46,7946,0.8165108192014021,0.0966183574879227,0.05405405405405406,0.45454545454545453,0.9393644617380026
4,46,7996,0.8152112098300439,0.10784313725490197,0.05945945945945946,0.5789473684210527,0.9409857328145266
5,47,246,0.6343119248948845,0.08,0.07027027027027027,0.09285714285714286,0.9030479896238651
5,47,296,0.6498093471187641,0.07801418439716312,0.05945945945945946,0.1134020618556701,0.9156939040207522
5,47,346,0.6501412416210623,0.03187250996015936,0.021621621621621623,0.06060606060606061,0.9212062256809338
5,47,396,0.6371292990127071,0.06694560669456066,0.043243243243243246,0.14814814814814814,0.9276913099870299
5,47,446,0.6649991143264685,0.010362694300518135,0.005405405405405406,0.125,0.9380674448767834
5,47,496,0.644117729319523,0.0297029702970297,0.016216216216216217,0.17647058823529413,0.9364461738002594
5,47,546,0.6331391066817076,0.020512820512820513,0.010810810810810811,0.2,0.9380674448767834
5,47,596,0.6541118559055779,0.04081632653061224,0.021621621621621623,0.36363636363636365,0.9390402075226978
5,47,646,0.6375506931560744,0.02072538860103627,0.010810810810810811,0.25,0.938715953307393
5,47,696,0.6727408332789497,0.020512820512820513,0.010810810810810811,0.2,0.9380674448767834
5,47,746,0.6528215694134977,0.030927835051546393,0.016216216216216217,0.3333333333333333,0.9390402075226978
5,47,796,0.6590492527712261,0.030303030303030304,0.016216216216216217,0.23076923076923078,0.9377431906614786
5,47,846,0.6464409908356097,0.04081632653061224,0.021621621621621623,0.36363636363636365,0.9390402075226978
5,47,896,0.6724313136869191,0.04060913705583756,0.021621621621621623,0.3333333333333333,0.938715953307393
5,47,946,0.6583425785219508,0.04040404040404041,0.021621621621621623,0.3076923076923077,0.9383916990920882
5,47,996,0.6942393928941015,0.03,0.016216216216216217,0.2,0.937094682230869
5,47,1046,0.7005547113170432,0.050505050505050504,0.02702702702702703,0.38461538461538464,0.9390402075226978
5,47,1096,0.7074778814689129,0.049019607843137254,0.02702702702702703,0.2631578947368421,0.937094682230869
5,47,1146,0.7030252743257228,0.05025125628140704,0.02702702702702703,0.35714285714285715,0.938715953307393
5,47,1196,0.7173899667173209,0.04060913705583756,0.021621621621621623,0.3333333333333333,0.938715953307393
5,47,1246,0.7216840849127845,0.04,0.021621621621621623,0.26666666666666666,0.9377431906614786
5,47,1296,0.7352153118969263,0.030612244897959183,0.016216216216216217,0.2727272727272727,0.9383916990920882
5,47,1346,0.7383944137307367,0.04060913705583756,0.021621621621621623,0.3333333333333333,0.938715953307393
5,47,1396,0.7443517335894018,0.05,0.02702702702702703,0.3333333333333333,0.9383916990920882
5,47,1446,0.7328491651361605,0.05025125628140704,0.02702702702702703,0.35714285714285715,0.938715953307393
5,47,1496,0.7531040526556223,0.04020100502512563,0.021621621621621623,0.2857142857142857,0.9380674448767834
5,47,1546,0.7370127630217316,0.05,0.02702702702702703,0.3333333333333333,0.9383916990920882
5,47,1596,0.7272945936623066,0.06,0.032432432432432434,0.4,0.9390402075226978
5,47,1646,0.7468950150564501,0.05970149253731343,0.032432432432432434,0.375,0.938715953307393
5,47,1696,0.7550189720593307,0.050505050505050504,0.02702702702702703,0.38461538461538464,0.9390402075226978
5,47,1746,0.760961375311151,0.04060913705583756,0.021621621621621623,0.3333333333333333,0.938715953307393
5,47,1796,0.759352246347762,0.06,0.032432432432432434,0.4,0.9390402075226978
5,47,1846,0.7734465752402973,0.04975124378109453,0.02702702702702703,0.3125,0.9380674448767834
5,47,1896,0.7821783839721059,0.06896551724137931,0.03783783783783784,0.3888888888888889,0.938715953307393
5,47,1946,0.7862114615477844,0.05825242718446602,0.032432432432432434,0.2857142857142857,0.937094682230869
5,47,1996,0.7720033935280571,0.05825242718446602,0.032432432432432434,0.2857142857142857,0.937094682230869
5,47,2046,0.7801944752617399,0.04926108374384237,0.02702702702702703,0.2777777777777778,0.9374189364461738
5,47,2096,0.7835525763776886,0.0594059405940594,0.032432432432432434,0.35294117647058826,0.9383916990920882
5,47,2146,0.7841660218341833,0.058823529411764705,0.032432432432432434,0.3157894736842105,0.9377431906614786
5,47,2196,0.7774554133298528,0.058823529411764705,0.032432432432432434,0.3157894736842105,0.9377431906614786
5,47,2246,0.7762770013891092,0.059113300492610835,0.032432432432432434,0.3333333333333333,0.9380674448767834
5,47,2296,0.7847589569562664,0.05853658536585366,0.032432432432432434,0.3,0.9374189364461738
5,47,2346,0.7791503127825997,0.059113300492610835,0.032432432432432434,0.3333333333333333,0.9380674448767834
5,47,2396,0.7782366706133522,0.06,0.032432432432432434,0.4,0.9390402075226978
5,47,2446,0.7907815369698777,0.05853658536585366,0.032432432432432434,0.3,0.9374189364461738
5,47,2496,0.7865228457156709,0.06896551724137931,0.03783783783783784,0.3888888888888889,0.938715953307393
5,47,2546,0.7867428656666324,0.06,0.032432432432432434,0.4,0.9390402075226978
5,47,2596,0.7859112648350317,0.0784313725490196,0.043243243243243246,0.42105263157894735,0.9390402075226978
5,47,2646,0.7892917408612474,0.0861244019138756,0.04864864864864865,0.375,0.9380674448767834
5,47,2696,0.7895732918154443,0.0975609756097561,0.05405405405405406,0.5,0.9400129701686122
5,47,2746,0.7945349281672153,0.09615384615384616,0.05405405405405406,0.43478260869565216,0.9390402075226978
5,47,2796,0.7964367955399345,0.059113300492610835,0.032432432432432434,0.3333333333333333,0.9380674448767834
5,47,2846,0.7932427770992794,0.06896551724137931,0.03783783783783784,0.3888888888888889,0.938715953307393
5,47,2896,0.7912644621164799,0.058823529411764705,0.032432432432432434,0.3157894736842105,0.9377431906614786
5,47,2946,0.8020920541099914,0.06930693069306931,0.03783783783783784,0.4117647058823529,0.9390402075226978
5,47,2996,0.797687925939047,0.06060606060606061,0.032432432432432434,0.46153846153846156,0.9396887159533074
5,47,3046,0.7968246273179009,0.0594059405940594,0.032432432432432434,0.35294117647058826,0.9383916990920882
5,47,3096,0.7926628940081853,0.06965174129353234,0.03783783783783784,0.4375,0.9393644617380026
5,47,3146,0.7972441568854126,0.06862745098039216,0.03783783783783784,0.3684210526315789,0.9383916990920882
5,47,3196,0.7977606443974157,0.05970149253731343,0.032432432432432434,0.375,0.938715953307393
5,47,3246,0.7932334542200015,0.05,0.02702702702702703,0.3333333333333333,0.9383916990920882
5,47,3296,0.7959016622693753,0.05970149253731343,0.032432432432432434,0.375,0.938715953307393
5,47,3346,0.8054576135293624,0.06930693069306931,0.03783783783783784,0.4117647058823529,0.9390402075226978
5,47,3396,0.7972945004335139,0.06965174129353234,0.03783783783783784,0.4375,0.9393644617380026
5,47,3446,0.7992858674473025,0.0784313725490196,0.043243243243243246,0.42105263157894735,0.9390402075226978
5,47,3496,0.8074266056328837,0.059113300492610835,0.032432432432432434,0.3333333333333333,0.9380674448767834
5,47,3546,0.8048460326487231,0.07,0.03783783783783784,0.4666666666666667,0.9396887159533074
5,47,3596,0.8024966670706581,0.07881773399014778,0.043243243243243246,0.4444444444444444,0.9393644617380026
5,47,3646,0.807021992672217,0.06965174129353234,0.03783783783783784,0.4375,0.9393644617380026
5,47,3696,0.8108947167243131,0.06965174129353234,0.03783783783783784,0.4375,0.9393644617380026
5,47,3746,0.8091345571166199,0.06829268292682927,0.03783783783783784,0.35,0.9380674448767834
5,47,3796,0.8053028537333471,0.09803921568627451,0.05405405405405406,0.5263157894736842,0.940337224383917
5,47,3846,0.8053326869470369,0.06930693069306931,0.03783783783783784,0.4117647058823529,0.9390402075226978
5,47,3896,0.806291078936819,0.0975609756097561,0.05405405405405406,0.5,0.9400129701686122
5,47,3946,0.810307375329797,0.07881773399014778,0.043243243243243246,0.4444444444444444,0.9393644617380026
5,47,3996,0.8070891174030187,0.07920792079207921,0.043243243243243246,0.47058823529411764,0.9396887159533074
5,47,4046,0.8112340695300337,0.07960199004975124,0.043243243243243246,0.5,0.9400129701686122
5,47,4096,0.817584814894232,0.07035175879396985,0.03783783783783784,0.5,0.9400129701686122
5,47,4146,0.8153286781089473,0.0784313725490196,0.043243243243243246,0.42105263157894735,0.9390402075226978
5,47,4196,0.81246655417059,0.07881773399014778,0.043243243243243246,0.4444444444444444,0.9393644617380026
5,47,4246,0.8159122903517523,0.08823529411764706,0.04864864864864865,0.47368421052631576,0.9396887159533074
5,47,4296,0.8172361392092334,0.0891089108910891,0.04864864864864865,0.5294117647058824,0.940337224383917
5,47,4346,0.8102905941470964,0.09569377990430622,0.05405405405405406,0.4166666666666667,0.938715953307393
5,47,4396,0.8057093312698693,0.08955223880597014,0.04864864864864865,0.5625,0.9406614785992218
5,47,4446,0.812153305426848,0.10628019323671498,0.05945945945945946,0.5,0.9400129701686122
5,47,4496,0.8044022635950886,0.09852216748768473,0.05405405405405406,0.5555555555555556,0.9406614785992218
5,47,4546,0.8096995236008688,0.08780487804878048,0.04864864864864865,0.45,0.9393644617380026
5,47,4596,0.8016632016632017,0.0975609756097561,0.05405405405405406,0.5,0.9400129701686122
5,47,4646,0.8083439769538424,0.0975609756097561,0.05405405405405406,0.5,0.9400129701686122
5,47,4696,0.8161341748785694,0.06896551724137931,0.03783783783783784,0.3888888888888889,0.938715953307393
5,47,4746,0.8118195463486944,0.08737864077669903,0.04864864864864865,0.42857142857142855,0.9390402075226978
5,47,4796,0.8157276973420472,0.0784313725490196,0.043243243243243246,0.42105263157894735,0.9390402075226978
5,47,4846,0.8113683189916374,0.07881773399014778,0.043243243243243246,0.4444444444444444,0.9393644617380026
5,47,4896,0.8112452569851673,0.07960199004975124,0.043243243243243246,0.5,0.9400129701686122
5,47,4946,0.8110587993996067,0.07960199004975124,0.043243243243243246,0.5,0.9400129701686122
5,47,4996,0.8114186625397388,0.08040201005025126,0.043243243243243246,0.5714285714285714,0.9406614785992218
5,47,5046,0.8068094310246776,0.09,0.04864864864864865,0.6,0.9409857328145266
5,47,5096,0.8154778441773957,0.07920792079207921,0.043243243243243246,0.47058823529411764,0.9396887159533074
5,47,5146,0.8109282790897142,0.07960199004975124,0.043243243243243246,0.5,0.9400129701686122
5,47,5196,0.8092706711540794,0.08955223880597014,0.04864864864864865,0.5625,0.9406614785992218
5,47,5246,0.8125746995702152,0.08780487804878048,0.04864864864864865,0.45,0.9393644617380026
5,47,5296,0.8142677344471067,0.0891089108910891,0.04864864864864865,0.5294117647058824,0.940337224383917
5,47,5346,0.8101395635027921,0.07960199004975124,0.043243243243243246,0.5,0.9400129701686122
5,47,5396,0.8131676346922984,0.0891089108910891,0.04864864864864865,0.5294117647058824,0.940337224383917
5,47,5446,0.812058212058212,0.08737864077669903,0.04864864864864865,0.42857142857142855,0.9390402075226978
5,47,5496,0.8154536046912728,0.08823529411764706,0.04864864864864865,0.47368421052631576,0.9396887159533074
5,47,5546,0.8140607665271343,0.08866995073891626,0.04864864864864865,0.5,0.9400129701686122
5,47,5596,0.8178999282138295,0.08,0.043243243243243246,0.5333333333333333,0.940337224383917
5,47,5646,0.8085397574186812,0.07804878048780488,0.043243243243243246,0.4,0.938715953307393
5,47,5696,0.8100966782581132,0.08737864077669903,0.04864864864864865,0.42857142857142855,0.9390402075226978
5,47,5746,0.8126865741215518,0.08780487804878048,0.04864864864864865,0.45,0.9393644617380026
5,47,5796,0.8090692969616737,0.08695652173913043,0.04864864864864865,0.4090909090909091,0.938715953307393
5,47,5846,0.8100854908029796,0.09,0.04864864864864865,0.6,0.9409857328145266
5,47,5896,0.8122782320091737,0.07804878048780488,0.043243243243243246,0.4,0.938715953307393
5,47,5946,0.8126399597251613,0.06829268292682927,0.03783783783783784,0.35,0.9380674448767834
5,47,5996,0.815893644593196,0.07960199004975124,0.043243243243243246,0.5,0.9400129701686122
5,47,6046,0.806024444589467,0.09950248756218906,0.05405405405405406,0.625,0.9413099870298314
5,47,6096,0.8053420098263147,0.08571428571428572,0.04864864864864865,0.36,0.9377431906614786
5,47,6146,0.8117281821317697,0.0891089108910891,0.04864864864864865,0.5294117647058824,0.940337224383917
5,47,6196,0.8150210230927719,0.07729468599033816,0.043243243243243246,0.36363636363636365,0.9380674448767834
5,47,6246,0.8091849006647214,0.07920792079207921,0.043243243243243246,0.47058823529411764,0.9396887159533074
5,47,6296,0.8118046297418495,0.07960199004975124,0.043243243243243246,0.5,0.9400129701686122
5,47,6346,0.8056310190839339,0.06091370558375635,0.032432432432432434,0.5,0.9400129701686122
5,47,6396,0.8111147366752748,0.07,0.03783783783783784,0.4666666666666667,0.9396887159533074
5,47,6446,0.8129830416825932,0.061855670103092786,0.032432432432432434,0.6666666666666666,0.9409857328145266
5,47,6496,0.8048273868901671,0.07035175879396985,0.03783783783783784,0.5,0.9400129701686122
5,47,6546,0.8059498615552428,0.06060606060606061,0.032432432432432434,0.46153846153846156,0.9396887159533074
5,47,6596,0.8067460354455872,0.08040201005025126,0.043243243243243246,0.5714285714285714,0.9406614785992218
5,47,6646,0.8077435835283369,0.07920792079207921,0.043243243243243246,0.47058823529411764,0.9396887159533074
5,47,6696,0.807734260649059,0.06796116504854369,0.03783783783783784,0.3333333333333333,0.9377431906614786
5,47,6746,0.8062687040265516,0.07960199004975124,0.043243243243243246,0.5,0.9400129701686122
5,47,6796,0.8066919627457745,0.07920792079207921,0.043243243243243246,0.47058823529411764,0.9396887159533074
5,47,6846,0.8066714524113626,0.08040201005025126,0.043243243243243246,0.5714285714285714,0.9406614785992218
5,47,6896,0.8143274008744861,0.08080808080808081,0.043243243243243246,0.6153846153846154,0.9409857328145266
5,47,6946,0.8068970660898912,0.10837438423645321,0.05945945945945946,0.6111111111111112,0.9413099870298314
5,47,6996,0.8058529036107511,0.08040201005025126,0.043243243243243246,0.5714285714285714,0.9406614785992218
5,47,7046,0.8084838201430128,0.08,0.043243243243243246,0.5333333333333333,0.940337224383917
5,47,7096,0.8038428908384067,0.06965174129353234,0.03783783783783784,0.4375,0.9393644617380026
5,47,7146,0.8084092371087888,0.07920792079207921,0.043243243243243246,0.47058823529411764,0.9396887159533074
5,47,7196,0.8060002051033441,0.08866995073891626,0.04864864864864865,0.5,0.9400129701686122
5,47,7246,0.8078517289279621,0.06965174129353234,0.03783783783783784,0.4375,0.9393644617380026
5,47,7296,0.8095634095634097,0.09045226130653267,0.04864864864864865,0.6428571428571429,0.9413099870298314
5,47,7346,0.8079244473863307,0.09045226130653267,0.04864864864864865,0.6428571428571429,0.9413099870298314
5,47,7396,0.7963006815024752,0.07920792079207921,0.043243243243243246,0.47058823529411764,0.9396887159533074
5,47,7446,0.8048926470451134,0.08040201005025126,0.043243243243243246,0.5714285714285714,0.9406614785992218
5,47,7496,0.8031828309855216,0.08080808080808081,0.043243243243243246,0.6153846153846154,0.9409857328145266
5,47,7546,0.8018366072177732,0.07960199004975124,0.043243243243243246,0.5,0.9400129701686122
5,47,7596,0.8010422979032845,0.08040201005025126,0.043243243243243246,0.5714285714285714,0.9406614785992218
5,47,7646,0.8020995124134138,0.08080808080808081,0.043243243243243246,0.6153846153846154,0.9409857328145266
5,47,7696,0.805739164483559,0.09900990099009901,0.05405405405405406,0.5882352941176471,0.9409857328145266
5,47,7746,0.8015233584740311,0.0594059405940594,0.032432432432432434,0.35294117647058826,0.9383916990920882
5,47,7796,0.8045421067842593,0.07920792079207921,0.043243243243243246,0.47058823529411764,0.9396887159533074
5,47,7846,0.8060990276236912,0.09950248756218906,0.05405405405405406,0.625,0.9413099870298314
5,47,7896,0.8060188508619003,0.08,0.043243243243243246,0.5333333333333333,0.940337224383917
5,47,7946,0.8079319056897533,0.07960199004975124,0.043243243243243246,0.5,0.9400129701686122
5,47,7996,0.8017452430008485,0.08040201005025126,0.043243243243243246,0.5714285714285714,0.9406614785992218
6,48,246,0.6489190121477116,0.05622489959839357,0.03783783783783784,0.109375,0.9238002594033723
6,48,296,0.649131573795251,0.11307420494699646,0.08648648648648649,0.16326530612244897,0.9186121919584954
6,48,346,0.7140486467840728,0.1111111111111111,0.08648648648648649,0.1553398058252427,0.9169909208819714
6,48,396,0.7346391579575436,0.13427561837455831,0.10270270270270271,0.19387755102040816,0.9205577172503242
6,48,446,0.722413134072327,0.09049773755656108,0.05405405405405406,0.2777777777777778,0.9348249027237354
6,48,496,0.7005696279238881,0.05687203791469194,0.032432432432432434,0.23076923076923078,0.935473411154345
6,48,546,0.7141642504871205,0.029556650246305417,0.016216216216216217,0.16666666666666666,0.9361219195849546
6,48,596,0.7020594240325183,0.029556650246305417,0.016216216216216217,0.16666666666666666,0.9361219195849546
6,48,646,0.6937807072336221,0.038834951456310676,0.021621621621621623,0.19047619047619047,0.9357976653696498
6,48,696,0.7022831731351912,0.028985507246376812,0.016216216216216217,0.13636363636363635,0.9348249027237354
6,48,746,0.6948024948024949,0.03980099502487562,0.021621621621621623,0.25,0.9374189364461738
6,48,796,0.7193645525484089,0.039603960396039604,0.021621621621621623,0.23529411764705882,0.937094682230869
6,48,846,0.7275369885235357,0.02,0.010810810810810811,0.13333333333333333,0.9364461738002594
6,48,896,0.7201103828906519,0.06796116504854369,0.03783783783783784,0.3333333333333333,0.9377431906614786
6,48,946,0.7310181516459544,0.08695652173913043,0.04864864864864865,0.4090909090909091,0.938715953307393
6,48,996,0.7173060608038186,0.06862745098039216,0.03783783783783784,0.3684210526315789,0.9383916990920882
6,48,1046,0.7140766154219069,0.0966183574879227,0.05405405405405406,0.45454545454545453,0.9393644617380026
6,48,1096,0.7260695673251726,0.12093023255813953,0.07027027027027027,0.43333333333333335,0.938715953307393
6,48,1146,0.7197150928092632,0.10476190476190476,0.05945945945945946,0.44,0.9390402075226978
6,48,1196,0.7465332873404623,0.08823529411764706,0.04864864864864865,0.47368421052631576,0.9396887159533074
6,48,1246,0.7429663537286856,0.11320754716981132,0.06486486486486487,0.4444444444444444,0.9390402075226978
6,48,1296,0.7547635251671125,0.12380952380952381,0.07027027027027027,0.52,0.940337224383917
6,48,1346,0.7524775551681382,0.0966183574879227,0.05405405405405406,0.45454545454545453,0.9393644617380026
6,48,1396,0.7652741392651707,0.10232558139534884,0.05945945945945946,0.36666666666666664,0.9374189364461738
6,48,1446,0.7562067068793527,0.08653846153846154,0.04864864864864865,0.391304347826087,0.9383916990920882
6,48,1496,0.7472231804070368,0.0970873786407767,0.05405405405405406,0.47619047619047616,0.9396887159533074
6,48,1546,0.7518119015876863,0.08780487804878048,0.04864864864864865,0.45,0.9393644617380026
6,48,1596,0.7443181712240008,0.10526315789473684,0.05945945945945946,0.4583333333333333,0.9393644617380026
6,48,1646,0.7576573468950151,0.08780487804878048,0.04864864864864865,0.45,0.9393644617380026
6,48,1696,0.7641404771449615,0.0970873786407767,0.05405405405405406,0.47619047619047616,0.9396887159533074
6,48,1746,0.7627271286464112,0.08866995073891626,0.04864864864864865,0.5,0.9400129701686122
6,48,1796,0.7739649273281561,0.08823529411764706,0.04864864864864865,0.47368421052631576,0.9396887159533074
6,48,1846,0.7728741504526258,0.102803738317757,0.05945945945945946,0.3793103448275862,0.9377431906614786
6,48,1896,0.7604094608578913,0.10426540284360189,0.05945945945945946,0.4230769230769231,0.938715953307393
6,48,1946,0.7765846564052842,0.07881773399014778,0.043243243243243246,0.4444444444444444,0.9393644617380026
6,48,1996,0.7788296057354354,0.09523809523809523,0.05405405405405406,0.4,0.9383916990920882
6,48,2046,0.7914005761539394,0.0861244019138756,0.04864864864864865,0.375,0.9380674448767834
6,48,2096,0.7879138193039539,0.07766990291262135,0.043243243243243246,0.38095238095238093,0.9383916990920882
6,48,2146,0.7748972152559597,0.058823529411764705,0.032432432432432434,0.3157894736842105,0.9377431906614786
6,48,2196,0.782249237854619,0.07655502392344497,0.043243243243243246,0.3333333333333333,0.9374189364461738
6,48,2246,0.794687823387375,0.06896551724137931,0.03783783783783784,0.3888888888888889,0.938715953307393
6,48,2296,0.7766238124982521,0.0970873786407767,0.05405405405405406,0.47619047619047616,0.9396887159533074
6,48,2346,0.7941881170580722,0.0673076923076923,0.03783783783783784,0.30434782608695654,0.937094682230869
6,48,2396,0.7762453035995638,0.0784313725490196,0.043243243243243246,0.42105263157894735,0.9390402075226978
6,48,2446,0.7760159607693239,0.0761904761904762,0.043243243243243246,0.32,0.937094682230869
6,48,2496,0.775303692792482,0.0784313725490196,0.043243243243243246,0.42105263157894735,0.9390402075226978
6,48,2546,0.7725702245881619,0.06763285024154589,0.03783783783783784,0.3181818181818182,0.9374189364461738
6,48,2596,0.7759507006143778,0.06896551724137931,0.03783783783783784,0.3888888888888889,0.938715953307393
6,48,2646,0.7893439489852047,0.0861244019138756,0.04864864864864865,0.375,0.9380674448767834
6,48,2696,0.7743956443508014,0.08866995073891626,0.04864864864864865,0.5,0.9400129701686122
6,48,2746,0.7836476697463245,0.08737864077669903,0.04864864864864865,0.42857142857142855,0.9390402075226978
6,48,2796,0.7824450183194578,0.09045226130653267,0.04864864864864865,0.6428571428571429,0.9413099870298314
6,48,2846,0.7932558291302687,0.08823529411764706,0.04864864864864865,0.47368421052631576,0.9396887159533074
6,48,2896,0.7958382666902847,0.06030150753768844,0.032432432432432434,0.42857142857142855,0.9393644617380026
6,48,2946,0.7946281569599956,0.08780487804878048,0.04864864864864865,0.45,0.9393644617380026
6,48,2996,0.8009099130175364,0.09950248756218906,0.05405405405405406,0.625,0.9413099870298314
6,48,3046,0.7996643763459906,0.0707070707070707,0.03783783783783784,0.5384615384615384,0.940337224383917
6,48,3096,0.8027092287181973,0.08780487804878048,0.04864864864864865,0.45,0.9393644617380026
6,48,3146,0.7988831190624912,0.0784313725490196,0.043243243243243246,0.42105263157894735,0.9390402075226978
6,48,3196,0.7952695710543245,0.07881773399014778,0.043243243243243246,0.4444444444444444,0.9393644617380026
6,48,3246,0.8040517233342345,0.06829268292682927,0.03783783783783784,0.35,0.9380674448767834
6,48,3296,0.8038895052347967,0.08780487804878048,0.04864864864864865,0.45,0.9393644617380026
6,48,3346,0.8053755721917157,0.06862745098039216,0.03783783783783784,0.3684210526315789,0.9383916990920882
6,48,3396,0.7970465118447181,0.057971014492753624,0.032432432432432434,0.2727272727272727,0.9367704280155642
6,48,3446,0.8046763562458629,0.08866995073891626,0.04864864864864865,0.5,0.9400129701686122
6,48,3496,0.8069735136999712,0.08695652173913043,0.04864864864864865,0.4090909090909091,0.938715953307393
6,48,3546,0.7962820357439192,0.07920792079207921,0.043243243243243246,0.47058823529411764,0.9396887159533074
6,48,3596,0.8015326813533092,0.07881773399014778,0.043243243243243246,0.4444444444444444,0.9393644617380026
6,48,3646,0.8075142406980972,0.08,0.043243243243243246,0.5333333333333333,0.940337224383917
6,48,3696,0.802720416173331,0.07920792079207921,0.043243243243243246,0.47058823529411764,0.9396887159533074
6,48,3746,0.8072252314404781,0.0784313725490196,0.043243243243243246,0.42105263157894735,0.9390402075226978
6,48,3796,0.8092986397919133,0.07106598984771574,0.03783783783783784,0.5833333333333334,0.9406614785992218
6,48,3846,0.8146630245284954,0.0707070707070707,0.03783783783783784,0.5384615384615384,0.940337224383917
6,48,3896,0.8055004987740414,0.09900990099009901,0.05405405405405406,0.5882352941176471,0.9409857328145266
6,48,3946,0.8115920680943103,0.07960199004975124,0.043243243243243246,0.5,0.9400129701686122
6,48,3996,0.8061661523544932,0.06896551724137931,0.03783783783783784,0.3888888888888889,0.938715953307393
6,48,4046,0.8158880508656293,0.07960199004975124,0.043243243243243246,0.5,0.9400129701686122
6,48,4096,0.8078610518072402,0.06896551724137931,0.03783783783783784,0.3888888888888889,0.938715953307393
6,48,4146,0.8127742091867652,0.08040201005025126,0.043243243243243246,0.5714285714285714,0.9406614785992218
6,48,4196,0.8105702805254374,0.08823529411764706,0.04864864864864865,0.47368421052631576,0.9396887159533074
6,48,4246,0.8109264145138584,0.06965174129353234,0.03783783783783784,0.4375,0.9393644617380026
6,48,4296,0.8135032583463077,0.06930693069306931,0.03783783783783784,0.4117647058823529,0.9390402075226978
6,48,4346,0.8116125784287219,0.06030150753768844,0.032432432432432434,0.42857142857142855,0.9393644617380026
6,48,4396,0.81430875511593,0.10576923076923077,0.05945945945945946,0.4782608695652174,0.9396887159533074
6,48,4446,0.8105031557946356,0.07,0.03783783783783784,0.4666666666666667,0.9396887159533074
6,48,4496,0.8139470273999422,0.06060606060606061,0.032432432432432434,0.46153846153846156,0.9396887159533074
6,48,4546,0.8189496844205364,0.08080808080808081,0.043243243243243246,0.6153846153846154,0.9409857328145266
6,48,4596,0.8148830444794573,0.06930693069306931,0.03783783783783784,0.4117647058823529,0.9390402075226978
6,48,4646,0.8090133596860054,0.08,0.043243243243243246,0.5333333333333333,0.940337224383917
6,48,4696,0.8127816674901878,0.08737864077669903,0.04864864864864865,0.42857142857142855,0.9390402075226978
6,48,4746,0.8151571371302313,0.09900990099009901,0.05405405405405406,0.5882352941176471,0.9409857328145266
6,48,4796,0.8142733281746735,0.07035175879396985,0.03783783783783784,0.5,0.9400129701686122
6,48,4846,0.8212281961160884,0.06862745098039216,0.03783783783783784,0.3684210526315789,0.9383916990920882
6,48,4896,0.8190746110028622,0.08040201005025126,0.043243243243243246,0.5714285714285714,0.9406614785992218
6,48,4946,0.8173181805468801,0.06862745098039216,0.03783783783783784,0.3684210526315789,0.9383916990920882
6,48,4996,0.8094384829810839,0.06862745098039216,0.03783783783783784,0.3684210526315789,0.9383916990920882
6,48,5046,0.8123323047089864,0.06060606060606061,0.032432432432432434,0.46153846153846156,0.9396887159533074
6,48,5096,0.8188956117207239,0.07035175879396985,0.03783783783783784,0.5,0.9400129701686122
6,48,5146,0.8153603758984925,0.07920792079207921,0.043243243243243246,0.47058823529411764,0.9396887159533074
6,48,5196,0.8190485069408837,0.08737864077669903,0.04864864864864865,0.42857142857142855,0.9390402075226978
6,48,5246,0.8138351528486057,0.06930693069306931,0.03783783783783784,0.4117647058823529,0.9390402075226978
6,48,5296,0.8165443815668032,0.05970149253731343,0.032432432432432434,0.375,0.938715953307393
6,48,5346,0.8192200479195995,0.06796116504854369,0.03783783783783784,0.3333333333333333,0.9377431906614786
6,48,5396,0.8164492881981671,0.0891089108910891,0.04864864864864865,0.5294117647058824,0.940337224383917
6,48,5446,0.8103651771813207,0.0594059405940594,0.032432432432432434,0.35294117647058826,0.9383916990920882
6,48,5496,0.8109133624828692,0.0594059405940594,0.032432432432432434,0.35294117647058826,0.9383916990920882
6,48,5546,0.8188508619001893,0.06030150753768844,0.032432432432432434,0.42857142857142855,0.9393644617380026
6,48,5596,0.811388829326049,0.05,0.02702702702702703,0.3333333333333333,0.9383916990920882
6,48,5646,0.817726522659258,0.07920792079207921,0.043243243243243246,0.47058823529411764,0.9396887159533074
6,48,5696,0.8117673382247373,0.06,0.032432432432432434,0.4,0.9390402075226978
6,48,5746,0.8156885412490793,0.08866995073891626,0.04864864864864865,0.5,0.9400129701686122
6,48,5796,0.8165537044460811,0.0784313725490196,0.043243243243243246,0.42105263157894735,0.9390402075226978
6,48,5846,0.8176668562318787,0.06862745098039216,0.03783783783783784,0.3684210526315789,0.9383916990920882
6,48,5896,0.818567446370137,0.06862745098039216,0.03783783783783784,0.3684210526315789,0.9383916990920882
6,48,5946,0.8129103232242246,0.06896551724137931,0.03783783783783784,0.3888888888888889,0.938715953307393
6,48,5996,0.8134566439499176,0.0975609756097561,0.05405405405405406,0.5,0.9400129701686122
6,48,6046,0.8205233864426689,0.08955223880597014,0.04864864864864865,0.5625,0.9406614785992218
6,48,6096,0.8178719595759955,0.09803921568627451,0.05405405405405406,0.5263157894736842,0.940337224383917
6,48,6146,0.8191678397956426,0.08737864077669903,0.04864864864864865,0.42857142857142855,0.9390402075226978
6,48,6196,0.8176202418354884,0.08780487804878048,0.04864864864864865,0.45,0.9393644617380026
6,48,6246,0.8184760821532122,0.0891089108910891,0.04864864864864865,0.5294117647058824,0.940337224383917
6,48,6296,0.8140533082237118,0.06965174129353234,0.03783783783783784,0.4375,0.9393644617380026
6,48,6346,0.8147059097731743,0.07,0.03783783783783784,0.4666666666666667,0.9396887159533074
6,48,6396,0.8163970800742102,0.06896551724137931,0.03783783783783784,0.3888888888888889,0.938715953307393
6,48,6446,0.8207545938487643,0.06896551724137931,0.03783783783783784,0.3888888888888889,0.938715953307393
6,48,6496,0.8180546880098449,0.06896551724137931,0.03783783783783784,0.3888888888888889,0.938715953307393
6,48,6546,0.8130688121719511,0.07,0.03783783783783784,0.4666666666666667,0.9396887159533074
6,48,6596,0.8154275006292944,0.06965174129353234,0.03783783783783784,0.4375,0.9393644617380026
6,48,6646,0.813848204879595,0.06930693069306931,0.03783783783783784,0.4117647058823529,0.9390402075226978
6,48,6696,0.8145138584600469,0.07960199004975124,0.043243243243243246,0.5,0.9400129701686122
6,48,6746,0.8223450770535973,0.07881773399014778,0.043243243243243246,0.4444444444444444,0.9393644617380026
6,48,6796,0.8162907992504406,0.07960199004975124,0.043243243243243246,0.5,0.9400129701686122
6,48,6846,0.8137810801487931,0.0594059405940594,0.032432432432432434,0.35294117647058826,0.9383916990920882
6,48,6896,0.8188117058072215,0.08823529411764706,0.04864864864864865,0.47368421052631576,0.9396887159533074
6,48,6946,0.8161901121542376,0.07881773399014778,0.043243243243243246,0.4444444444444444,0.9393644617380026
6,48,6996,0.8183343743881861,0.06965174129353234,0.03783783783783784,0.4375,0.9393644617380026
6,48,7046,0.8217502773556585,0.08780487804878048,0.04864864864864865,0.45,0.9393644617380026
6,48,7096,0.813881767244996,0.06,0.032432432432432434,0.4,0.9390402075226978
6,48,7146,0.8117841194074378,0.05970149253731343,0.032432432432432434,0.375,0.938715953307393
6,48,7196,0.8139153296103968,0.07881773399014778,0.043243243243243246,0.4444444444444444,0.9393644617380026
6,48,7246,0.8089033497105246,0.07920792079207921,0.043243243243243246,0.47058823529411764,0.9396887159533074
6,48,7296,0.8145436916737365,0.058823529411764705,0.032432432432432434,0.3157894736842105,0.9377431906614786
6,48,7346,0.818229958140272,0.06030150753768844,0.032432432432432434,0.42857142857142855,0.9393644617380026
6,48,7396,0.8179912924307543,0.0891089108910891,0.04864864864864865,0.5294117647058824,0.940337224383917
6,48,7446,0.8166898184835405,0.06965174129353234,0.03783783783783784,0.4375,0.9393644617380026
6,48,7496,0.8108126753866665,0.06896551724137931,0.03783783783783784,0.3888888888888889,0.938715953307393
6,48,7546,0.8086646840010068,0.04950495049504951,0.02702702702702703,0.29411764705882354,0.9377431906614786
6,48,7596,0.8137922676039269,0.06896551724137931,0.03783783783783784,0.3888888888888889,0.938715953307393
6,48,7646,0.8151515434026645,0.059113300492610835,0.032432432432432434,0.3333333333333333,0.9380674448767834
6,48,7696,0.8173349617295806,0.07804878048780488,0.043243243243243246,0.4,0.938715953307393
6,48,7746,0.8195705881804536,0.0784313725490196,0.043243243243243246,0.42105263157894735,0.9390402075226978
6,48,7796,0.8121831386405377,0.05970149253731343,0.032432432432432434,0.375,0.938715953307393
6,48,7846,0.8165108192014022,0.0784313725490196,0.043243243243243246,0.42105263157894735,0.9390402075226978
6,48,7896,0.8131844158749989,0.0966183574879227,0.05405405405405406,0.45454545454545453,0.9393644617380026
6,48,7946,0.8131676346922985,0.0784313725490196,0.043243243243243246,0.42105263157894735,0.9390402075226978
6,48,7996,0.8089686098654708,0.08780487804878048,0.04864864864864865,0.45,0.9393644617380026
7,49,246,0.6915991534825615,0.0784313725490196,0.05405405405405406,0.14285714285714285,0.9238002594033723
7,49,296,0.6885375199276544,0.1450381679389313,0.10270270270270271,0.24675324675324675,0.9273670557717251
7,49,346,0.6801357411222883,0.12781954887218044,0.0918918918918919,0.20987654320987653,0.9247730220492867
7,49,396,0.6800816684224756,0.1198501872659176,0.08648648648648649,0.1951219512195122,0.9238002594033723
7,49,446,0.6785862785862786,0.06722689075630252,0.043243243243243246,0.1509433962264151,0.9280155642023347
7,49,496,0.6682155076773911,0.0297029702970297,0.016216216216216217,0.17647058823529413,0.9364461738002594
7,49,546,0.6387608028863634,0.04950495049504951,0.02702702702702703,0.29411764705882354,0.9377431906614786
7,49,596,0.660453278390498,0.020618556701030927,0.010810810810810811,0.2222222222222222,0.9383916990920882
7,49,646,0.6649804685679126,0.020833333333333332,0.010810810810810811,0.2857142857142857,0.9390402075226978
7,49,696,0.6823732321490169,0.03076923076923077,0.016216216216216217,0.3,0.938715953307393
7,49,746,0.6680458312745309,0.050505050505050504,0.02702702702702703,0.38461538461538464,0.9390402075226978
7,49,796,0.6791046306741374,0.030303030303030304,0.016216216216216217,0.23076923076923078,0.9377431906614786
7,49,846,0.6925165248035203,0.0594059405940594,0.032432432432432434,0.35294117647058826,0.9383916990920882
7,49,896,0.679253796742586,0.07655502392344497,0.043243243243243246,0.3333333333333333,0.9374189364461738
7,49,946,0.6844783382899975,0.0673076923076923,0.03783783783783784,0.30434782608695654,0.937094682230869
7,49,996,0.7026989735509916,0.05853658536585366,0.032432432432432434,0.3,0.9374189364461738
7,49,1046,0.6900851178878086,0.06796116504854369,0.03783783783783784,0.3333333333333333,0.9377431906614786
7,49,1096,0.6990276236913008,0.06796116504854369,0.03783783783783784,0.3333333333333333,0.9377431906614786
7,49,1146,0.7157827023297875,0.0784313725490196,0.043243243243243246,0.42105263157894735,0.9390402075226978
7,49,1196,0.7154582661309119,0.08780487804878048,0.04864864864864865,0.45,0.9393644617380026
7,49,1246,0.7308074545742708,0.06930693069306931,0.03783783783783784,0.4117647058823529,0.9390402075226978
7,49,1296,0.7408631121635606,0.06,0.032432432432432434,0.4,0.9390402075226978
7,49,1346,0.7455264163784343,0.0784313725490196,0.043243243243243246,0.42105263157894735,0.9390402075226978
7,49,1396,0.7498447740600208,0.06930693069306931,0.03783783783783784,0.4117647058823529,0.9390402075226978
7,49,1446,0.7574858059162992,0.0784313725490196,0.043243243243243246,0.42105263157894735,0.9390402075226978
7,49,1496,0.7582950318376327,0.0784313725490196,0.043243243243243246,0.42105263157894735,0.9390402075226978
7,49,1546,0.7580228037627141,0.07729468599033816,0.043243243243243246,0.36363636363636365,0.9380674448767834
7,49,1596,0.7641796332379294,0.08823529411764706,0.04864864864864865,0.47368421052631576,0.9396887159533074
7,49,1646,0.7663071142891771,0.0784313725490196,0.043243243243243246,0.42105263157894735,0.9390402075226978
7,49,1696,0.7678435247941975,0.08780487804878048,0.04864864864864865,0.45,0.9393644617380026
7,49,1746,0.7634244800164083,0.08780487804878048,0.04864864864864865,0.45,0.9393644617380026
7,49,1796,0.765837241173564,0.0975609756097561,0.05405405405405406,0.5,0.9400129701686122
7,49,1846,0.7677447022738503,0.10679611650485436,0.05945945945945946,0.5238095238095238,0.940337224383917
7,49,1896,0.7760178253451797,0.08866995073891626,0.04864864864864865,0.5,0.9400129701686122
7,49,1946,0.7755665979881227,0.08780487804878048,0.04864864864864865,0.45,0.9393644617380026
7,49,1996,0.7871642598099998,0.1073170731707317,0.05945945945945946,0.55,0.9406614785992218
7,49,2046,0.7856856511565031,0.09803921568627451,0.05405405405405406,0.5263157894736842,0.940337224383917
7,49,2096,0.7900058734139451,0.07920792079207921,0.043243243243243246,0.47058823529411764,0.9396887159533074
7,49,2146,0.784699290528887,0.10476190476190476,0.05945945945945946,0.44,0.9390402075226978
7,49,2196,0.7795400091364217,0.07766990291262135,0.043243243243243246,0.38095238095238093,0.9383916990920882
7,49,2246,0.7939718262588218,0.08866995073891626,0.04864864864864865,0.5,0.9400129701686122
7,49,2296,0.7811901587686342,0.07881773399014778,0.043243243243243246,0.4444444444444444,0.9393644617380026
7,49,2346,0.7839758350969113,0.08866995073891626,0.04864864864864865,0.5,0.9400129701686122
7,49,2396,0.7835917324706562,0.0784313725490196,0.043243243243243246,0.42105263157894735,0.9390402075226978
7,49,2446,0.7965001911190251,0.07960199004975124,0.043243243243243246,0.5,0.9400129701686122
7,49,2496,0.7937294313975929,0.0784313725490196,0.043243243243243246,0.42105263157894735,0.9390402075226978
7,49,2546,0.7880256938552903,0.07804878048780488,0.043243243243243246,0.4,0.938715953307393
7,49,2596,0.7833493376094274,0.07804878048780488,0.043243243243243246,0.4,0.938715953307393
7,49,2646,0.7899051863177424,0.08737864077669903,0.04864864864864865,0.42857142857142855,0.9390402075226978
7,49,2696,0.7950514156792183,0.07881773399014778,0.043243243243243246,0.4444444444444444,0.9393644617380026
7,49,2746,0.7922396352889626,0.07881773399014778,0.043243243243243246,0.4444444444444444,0.9393644617380026
7,49,2796,0.7922247186821179,0.0891089108910891,0.04864864864864865,0.5294117647058824,0.940337224383917
7,49,2846,0.7898436553145074,0.10679611650485436,0.05945945945945946,0.5238095238095238,0.940337224383917
7,49,2896,0.789741103642449,0.08866995073891626,0.04864864864864865,0.5,0.9400129701686122
7,49,2946,0.7945274698637926,0.08823529411764706,0.04864864864864865,0.47368421052631576,0.9396887159533074
7,49,2996,0.8004530919329126,0.10679611650485436,0.05945945945945946,0.5238095238095238,0.940337224383917
7,49,3046,0.8030038317033833,0.07960199004975124,0.043243243243243246,0.5,0.9400129701686122
7,49,3096,0.8053196349160474,0.06930693069306931,0.03783783783783784,0.4117647058823529,0.9390402075226978
7,49,3146,0.8018981382210082,0.09569377990430622,0.05405405405405406,0.4166666666666667,0.938715953307393
7,49,3196,0.779700362660004,0.0975609756097561,0.05405405405405406,0.5,0.9400129701686122
7,49,3246,0.7903321741886764,0.09803921568627451,0.05405405405405406,0.5263157894736842,0.940337224383917
7,49,3296,0.8062202250543058,0.05970149253731343,0.032432432432432434,0.375,0.938715953307393
7,49,3346,0.7986985260527862,0.0970873786407767,0.05405405405405406,0.47619047619047616,0.9396887159533074
7,49,3396,0.8100276889514557,0.10679611650485436,0.05945945945945946,0.5238095238095238,0.940337224383917
7,49,3446,0.8130576247168175,0.08955223880597014,0.04864864864864865,0.5625,0.9406614785992218
7,49,3496,0.8093172855504694,0.11594202898550725,0.06486486486486487,0.5454545454545454,0.9406614785992218
7,49,3546,0.8124031585914995,0.09900990099009901,0.05405405405405406,0.5882352941176471,0.9409857328145266
7,49,3596,0.8157071870076354,0.08823529411764706,0.04864864864864865,0.47368421052631576,0.9396887159533074
7,49,3646,0.8198987535310405,0.09852216748768473,0.05405405405405406,0.5555555555555556,0.9406614785992218
7,49,3696,0.8140589019512787,0.1073170731707317,0.05945945945945946,0.55,0.9406614785992218
7,49,3746,0.8128301464624335,0.08780487804878048,0.04864864864864865,0.45,0.9393644617380026
7,49,3796,0.8208907078862235,0.0975609756097561,0.05405405405405406,0.5,0.9400129701686122
7,49,3846,0.8123975648639326,0.11428571428571428,0.06486486486486487,0.48,0.9396887159533074
7,49,3896,0.8112993296849799,0.08695652173913043,0.04864864864864865,0.4090909090909091,0.938715953307393
7,49,3946,0.8111669447992318,0.0966183574879227,0.05405405405405406,0.45454545454545453,0.9393644617380026
7,49,3996,0.8083644872882542,0.09852216748768473,0.05405405405405406,0.5555555555555556,0.9406614785992218
7,49,4046,0.8168650886139676,0.08823529411764706,0.04864864864864865,0.47368421052631576,0.9396887159533074
7,49,4096,0.8174095447638048,0.10526315789473684,0.05945945945945946,0.4583333333333333,0.9393644617380026
7,49,4146,0.8056757689044686,0.0970873786407767,0.05405405405405406,0.47619047619047616,0.9396887159533074
7,49,4196,0.8147376075627197,0.08866995073891626,0.04864864864864865,0.5,0.9400129701686122
7,49,4246,0.817047817047817,0.08780487804878048,0.04864864864864865,0.45,0.9393644617380026
7,49,4296,0.8162292682472054,0.0975609756097561,0.05405405405405406,0.5,0.9400129701686122
7,49,4346,0.8125579183875149,0.09615384615384616,0.05405405405405406,0.43478260869565216,0.9390402075226978
7,49,4396,0.807667135918257,0.09615384615384616,0.05405405405405406,0.43478260869565216,0.9390402075226978
7,49,4446,0.816691683059396,0.08780487804878048,0.04864864864864865,0.45,0.9393644617380026
7,49,4496,0.8189813822100818,0.11374407582938388,0.06486486486486487,0.46153846153846156,0.9393644617380026
7,49,4546,0.8138314236968945,0.0975609756097561,0.05405405405405406,0.5,0.9400129701686122
7,49,4596,0.8196489003663892,0.0975609756097561,0.05405405405405406,0.5,0.9400129701686122
7,49,4646,0.8186159253423827,0.0970873786407767,0.05405405405405406,0.47619047619047616,0.9396887159533074
7,49,4696,0.8153118969262468,0.11374407582938388,0.06486486486486487,0.46153846153846156,0.9393644617380026
7,49,4746,0.8131601763888759,0.12380952380952381,0.07027027027027027,0.52,0.940337224383917
7,49,4796,0.8091886298164327,0.09523809523809523,0.05405405405405406,0.4,0.9383916990920882
7,49,4846,0.8201280963612804,0.08866995073891626,0.04864864864864865,0.5,0.9400129701686122
7,49,4896,0.8187072895593075,0.08653846153846154,0.04864864864864865,0.391304347826087,0.9383916990920882
7,49,4946,0.8143050259642188,0.07729468599033816,0.043243243243243246,0.36363636363636365,0.9380674448767834
7,49,4996,0.8185245611254579,0.11483253588516747,0.06486486486486487,0.5,0.9400129701686122
7,49,5046,0.819740264583314,0.11650485436893204,0.06486486486486487,0.5714285714285714,0.9409857328145266
7,49,5096,0.8199677428376981,0.08695652173913043,0.04864864864864865,0.4090909090909091,0.938715953307393
7,49,5146,0.82376588385557,0.08737864077669903,0.04864864864864865,0.42857142857142855,0.9390402075226978
7,49,5196,0.8134361336155058,0.08823529411764706,0.04864864864864865,0.47368421052631576,0.9396887159533074
7,49,5246,0.8172883473331904,0.08450704225352113,0.04864864864864865,0.32142857142857145,0.9367704280155642
7,49,5296,0.8223842331465651,0.0861244019138756,0.04864864864864865,0.375,0.9380674448767834
7,49,5346,0.8228522416863224,0.07920792079207921,0.043243243243243246,0.47058823529411764,0.9396887159533074
7,49,5396,0.821629079925044,0.08653846153846154,0.04864864864864865,0.391304347826087,0.9383916990920882
7,49,5446,0.8158768634104958,0.07766990291262135,0.043243243243243246,0.38095238095238093,0.9383916990920882
7,49,5496,0.820499146956546,0.09615384615384616,0.05405405405405406,0.43478260869565216,0.9390402075226978
7,49,5546,0.8173275034261581,0.08737864077669903,0.04864864864864865,0.42857142857142855,0.9390402075226978
7,49,5596,0.8180602817374117,0.11483253588516747,0.06486486486486487,0.5,0.9400129701686122
7,49,5646,0.819796201858982,0.07804878048780488,0.043243243243243246,0.4,0.938715953307393
7,49,5696,0.8199658782618424,0.08780487804878048,0.04864864864864865,0.45,0.9393644617380026
7,49,5746,0.8213922787913819,0.08866995073891626,0.04864864864864865,0.5,0.9400129701686122
7,49,5796,0.8180490942822782,0.07766990291262135,0.043243243243243246,0.38095238095238093,0.9383916990920882
7,49,5846,0.8173330971537249,0.07692307692307693,0.043243243243243246,0.34782608695652173,0.9377431906614786
7,49,5896,0.8131806867232876,0.06930693069306931,0.03783783783783784,0.4117647058823529,0.9390402075226978
7,49,5946,0.8208776558552342,0.0975609756097561,0.05405405405405406,0.5,0.9400129701686122
7,49,5996,0.821254300178067,0.07766990291262135,0.043243243243243246,0.38095238095238093,0.9383916990920882
7,49,6046,0.8181497813784808,0.07920792079207921,0.043243243243243246,0.47058823529411764,0.9396887159533074
7,49,6096,0.8212226023885216,0.0947867298578199,0.05405405405405406,0.38461538461538464,0.9380674448767834
7,49,6146,0.821254300178067,0.09615384615384616,0.05405405405405406,0.43478260869565216,0.9390402075226978
7,49,6196,0.8172361392092334,0.06862745098039216,0.03783783783783784,0.3684210526315789,0.9383916990920882
7,49,6246,0.8146257330113833,0.08737864077669903,0.04864864864864865,0.42857142857142855,0.9390402075226978
7,49,6296,0.816009248296244,0.07920792079207921,0.043243243243243246,0.47058823529411764,0.9396887159533074
7,49,6346,0.8127984486728882,0.06829268292682927,0.03783783783783784,0.35,0.9380674448767834
7,49,6396,0.812475877049868,0.06763285024154589,0.03783783783783784,0.3181818181818182,0.9374189364461738
7,49,6446,0.8117766611040154,0.08823529411764706,0.04864864864864865,0.47368421052631576,0.9396887159533074
7,49,6496,0.8136375078079114,0.05970149253731343,0.032432432432432434,0.375,0.938715953307393
7,49,6546,0.8061829335371937,0.07729468599033816,0.043243243243243246,0.36363636363636365,0.9380674448767834
7,49,6596,0.8075422093359313,0.07729468599033816,0.043243243243243246,0.36363636363636365,0.9380674448767834
7,49,6646,0.8141633181991927,0.0784313725490196,0.043243243243243246,0.42105263157894735,0.9390402075226978
7,49,6696,0.8173964927328156,0.08,0.043243243243243246,0.5333333333333333,0.940337224383917
7,49,6746,0.8126231785424611,0.08737864077669903,0.04864864864864865,0.42857142857142855,0.9390402075226978
7,49,6796,0.8086404445148839,0.07881773399014778,0.043243243243243246,0.4444444444444444,0.9393644617380026
7,49,6846,0.8116088492770107,0.09803921568627451,0.05405405405405406,0.5263157894736842,0.940337224383917
7,49,6896,0.8163169033124191,0.0861244019138756,0.04864864864864865,0.375,0.9380674448767834
7,49,6946,0.8195277029357747,0.08780487804878048,0.04864864864864865,0.45,0.9393644617380026
7,49,6996,0.8129159169517913,0.07692307692307693,0.043243243243243246,0.34782608695652173,0.9377431906614786
7,49,7046,0.8145231813393248,0.08780487804878048,0.04864864864864865,0.45,0.9393644617380026
7,49,7096,0.8121794094888265,0.07766990291262135,0.043243243243243246,0.38095238095238093,0.9383916990920882
7,49,7146,0.81470777434903,0.07920792079207921,0.043243243243243246,0.47058823529411764,0.9396887159533074
7,49,7196,0.8096752841147461,0.07920792079207921,0.043243243243243246,0.47058823529411764,0.9396887159533074
7,49,7246,0.8131489889337423,0.08823529411764706,0.04864864864864865,0.47368421052631576,0.9396887159533074
7,49,7296,0.8158395718933836,0.08695652173913043,0.04864864864864865,0.4090909090909091,0.938715953307393
7,49,7346,0.8121812740646821,0.08866995073891626,0.04864864864864865,0.5,0.9400129701686122
7,49,7396,0.8096305342942114,0.0594059405940594,0.032432432432432434,0.35294117647058826,0.9383916990920882
7,49,7446,0.815723968190336,0.07881773399014778,0.043243243243243246,0.4444444444444444,0.9393644617380026
7,49,7496,0.8154964899359519,0.0891089108910891,0.04864864864864865,0.5294117647058824,0.940337224383917
7,49,7546,0.8125877516012044,0.10679611650485436,0.05945945945945946,0.5238095238095238,0.940337224383917
7,49,7596,0.8115547765771981,0.06896551724137931,0.03783783783783784,0.3888888888888889,0.938715953307393
7,49,7646,0.8142173908990054,0.0970873786407767,0.05405405405405406,0.47619047619047616,0.9396887159533074
7,49,7696,0.813007281168716,0.10576923076923077,0.05945945945945946,0.4782608695652174,0.9396887159533074
7,49,7746,0.812570970418504,0.06829268292682927,0.03783783783783784,0.35,0.9380674448767834
7,49,7796,0.810449083094823,0.0891089108910891,0.04864864864864865,0.5294117647058824,0.940337224383917
7,49,7846,0.8111221949786972,0.07729468599033816,0.043243243243243246,0.36363636363636365,0.9380674448767834
7,49,7896,0.8128581151002676,0.06862745098039216,0.03783783783783784,0.3684210526315789,0.9383916990920882
7,49,7946,0.8179651883687759,0.08653846153846154,0.04864864864864865,0.391304347826087,0.9383916990920882
7,49,7996,0.8120768578167681,0.06965174129353234,0.03783783783783784,0.4375,0.9393644617380026
8,50,246,0.6133848577794766,0.09716599190283401,0.06486486486486487,0.1935483870967742,0.9276913099870299
8,50,296,0.6186131284785994,0.0759493670886076,0.04864864864864865,0.17307692307692307,0.9289883268482491
8,50,346,0.6594631886111707,0.10084033613445378,0.06486486486486487,0.22641509433962265,0.930609597924773
8,50,396,0.6547103847552278,0.1111111111111111,0.07567567567567568,0.208955223880597,0.9273670557717251
8,50,446,0.6169620465584591,0.02912621359223301,0.016216216216216217,0.14285714285714285,0.9351491569390402
8,50,496,0.6021423976580927,0.029411764705882353,0.016216216216216217,0.15789473684210525,0.9357976653696498
8,50,546,0.6788473192060637,0.041237113402061855,0.021621621621621623,0.4444444444444444,0.9396887159533074
8,50,596,0.7103996718346495,0.010309278350515464,0.005405405405405406,0.1111111111111111,0.9377431906614786
8,50,646,0.6998648182504684,0.03076923076923077,0.016216216216216217,0.3,0.938715953307393
8,50,696,0.6971742352908273,0.030927835051546393,0.016216216216216217,0.3333333333333333,0.9390402075226978
8,50,746,0.7242702516245118,0.05,0.02702702702702703,0.3333333333333333,0.9383916990920882
8,50,796,0.7246431667956332,0.06,0.032432432432432434,0.4,0.9390402075226978
8,50,846,0.7212142117971715,0.050505050505050504,0.02702702702702703,0.38461538461538464,0.9390402075226978
8,50,896,0.7188462004605503,0.05025125628140704,0.02702702702702703,0.35714285714285715,0.938715953307393
8,50,946,0.7375982398403923,0.06060606060606061,0.032432432432432434,0.46153846153846156,0.9396887159533074
8,50,996,0.7346932306573563,0.06030150753768844,0.032432432432432434,0.42857142857142855,0.9393644617380026
8,50,1046,0.7545826613091188,0.07960199004975124,0.043243243243243246,0.5,0.9400129701686122
8,50,1096,0.7346354288058325,0.050761421319796954,0.02702702702702703,0.4166666666666667,0.9393644617380026
8,50,1146,0.7494308382200758,0.050505050505050504,0.02702702702702703,0.38461538461538464,0.9390402075226978
8,50,1196,0.7626096603675079,0.06930693069306931,0.03783783783783784,0.4117647058823529,0.9390402075226978
8,50,1246,0.7648676617286483,0.07960199004975124,0.043243243243243246,0.5,0.9400129701686122
8,50,1296,0.7623206511098888,0.07881773399014778,0.043243243243243246,0.4444444444444444,0.9393644617380026
8,50,1346,0.7628968050492715,0.07,0.03783783783783784,0.4666666666666667,0.9396887159533074
8,50,1396,0.7530015009835638,0.08040201005025126,0.043243243243243246,0.5714285714285714,0.9406614785992218
8,50,1446,0.7736889701015263,0.07804878048780488,0.043243243243243246,0.4,0.938715953307393
8,50,1496,0.7589774666007849,0.06965174129353234,0.03783783783783784,0.4375,0.9393644617380026
8,50,1546,0.7489777462871633,0.0891089108910891,0.04864864864864865,0.5294117647058824,0.940337224383917
8,50,1596,0.7814810326021089,0.0861244019138756,0.04864864864864865,0.375,0.9380674448767834
8,50,1646,0.7798513933043082,0.08823529411764706,0.04864864864864865,0.47368421052631576,0.9396887159533074
8,50,1696,0.7688149688149688,0.11650485436893204,0.06486486486486487,0.5714285714285714,0.9409857328145266
8,50,1746,0.7754808274987646,0.09523809523809523,0.05405405405405406,0.4,0.9383916990920882
8,50,1796,0.7612951343893049,0.1073170731707317,0.05945945945945946,0.55,0.9406614785992218
8,50,1846,0.7651659938655454,0.11650485436893204,0.06486486486486487,0.5714285714285714,0.9409857328145266
8,50,1896,0.7770974147655763,0.09569377990430622,0.05405405405405406,0.4166666666666667,0.938715953307393
8,50,1946,0.7780390255726579,0.1073170731707317,0.05945945945945946,0.55,0.9406614785992218
8,50,1996,0.7664245825680802,0.07960199004975124,0.043243243243243246,0.5,0.9400129701686122
8,50,2046,0.7744851439918704,0.11538461538461539,0.06486486486486487,0.5217391304347826,0.940337224383917
8,50,2096,0.7711289074517774,0.08866995073891626,0.04864864864864865,0.5,0.9400129701686122
8,50,2146,0.7708473564975807,0.08823529411764706,0.04864864864864865,0.47368421052631576,0.9396887159533074
8,50,2196,0.7796537482636138,0.08780487804878048,0.04864864864864865,0.45,0.9393644617380026
8,50,2246,0.7756635559326143,0.09803921568627451,0.05405405405405406,0.5263157894736842,0.940337224383917
8,50,2296,0.7786673876359976,0.0970873786407767,0.05405405405405406,0.47619047619047616,0.9396887159533074
8,50,2346,0.7929108825969813,0.07766990291262135,0.043243243243243246,0.38095238095238093,0.9383916990920882
8,50,2396,0.7834295143712184,0.0966183574879227,0.05405405405405406,0.45454545454545453,0.9393644617380026
8,50,2446,0.7957040172286811,0.10679611650485436,0.05945945945945946,0.5238095238095238,0.940337224383917
8,50,2496,0.8027651659938656,0.08695652173913043,0.04864864864864865,0.4090909090909091,0.938715953307393
8,50,2546,0.7946374798392736,0.10628019323671498,0.05945945945945946,0.5,0.9400129701686122
8,50,2596,0.79907889952733,0.08823529411764706,0.04864864864864865,0.47368421052631576,0.9396887159533074
8,50,2646,0.8019410234656872,0.08653846153846154,0.04864864864864865,0.391304347826087,0.9383916990920882
8,50,2696,0.7994331689398954,0.09852216748768473,0.05405405405405406,0.5555555555555556,0.9406614785992218
8,50,2746,0.8023791987917549,0.0966183574879227,0.05405405405405406,0.45454545454545453,0.9393644617380026
8,50,2796,0.7989054939727587,0.07035175879396985,0.03783783783783784,0.5,0.9400129701686122
8,50,2846,0.8039081509933527,0.08695652173913043,0.04864864864864865,0.4090909090909091,0.938715953307393
8,50,2896,0.804667033366585,0.06763285024154589,0.03783783783783784,0.3181818181818182,0.9374189364461738
8,50,2946,0.8126175848148942,0.04975124378109453,0.02702702702702703,0.3125,0.9380674448767834
8,50,2996,0.8160092482962438,0.07960199004975124,0.043243243243243246,0.5,0.9400129701686122
8,50,3046,0.81037822921231,0.07766990291262135,0.043243243243243246,0.38095238095238093,0.9383916990920882
8,50,3096,0.8122073781266607,0.0966183574879227,0.05405405405405406,0.45454545454545453,0.9393644617380026
8,50,3146,0.8155356460289195,0.06829268292682927,0.03783783783783784,0.35,0.9380674448767834
8,50,3196,0.8214612680980394,0.06930693069306931,0.03783783783783784,0.4117647058823529,0.9390402075226978
8,50,3246,0.81346410225334,0.08737864077669903,0.04864864864864865,0.42857142857142855,0.9390402075226978
8,50,3296,0.8171447749923085,0.08823529411764706,0.04864864864864865,0.47368421052631576,0.9396887159533074
8,50,3346,0.8224830556669123,0.09803921568627451,0.05405405405405406,0.5263157894736842,0.940337224383917
8,50,3396,0.8190578298201616,0.08,0.043243243243243246,0.5333333333333333,0.940337224383917
8,50,3446,0.8173461491847143,0.07960199004975124,0.043243243243243246,0.5,0.9400129701686122
8,50,3496,0.8186047378872491,0.10784313725490197,0.05945945945945946,0.5789473684210527,0.9409857328145266
8,50,3546,0.8164940380187018,0.10784313725490197,0.05945945945945946,0.5789473684210527,0.9409857328145266
8,50,3596,0.823585019997576,0.07920792079207921,0.043243243243243246,0.47058823529411764,0.9396887159533074
8,50,3646,0.8241593093611033,0.0891089108910891,0.04864864864864865,0.5294117647058824,0.940337224383917
8,50,3696,0.8258094589933157,0.0891089108910891,0.04864864864864865,0.5294117647058824,0.940337224383917
8,50,3746,0.8284888544978232,0.09852216748768473,0.05405405405405406,0.5555555555555556,0.9406614785992218
8,50,3796,0.8219833493376094,0.08955223880597014,0.04864864864864865,0.5625,0.9406614785992218
8,50,3846,0.8218285895415941,0.0891089108910891,0.04864864864864865,0.5294117647058824,0.940337224383917
8,50,3896,0.8225688261562702,0.07960199004975124,0.043243243243243246,0.5,0.9400129701686122
8,50,3946,0.8238218211312383,0.08955223880597014,0.04864864864864865,0.5625,0.9406614785992218
8,50,3996,0.8244781518324119,0.0975609756097561,0.05405405405405406,0.5,0.9400129701686122
8,50,4046,0.8234041561395822,0.0891089108910891,0.04864864864864865,0.5294117647058824,0.940337224383917
8,50,4096,0.8215973821354988,0.09900990099009901,0.05405405405405406,0.5882352941176471,0.9409857328145266
8,50,4146,0.8208627392483896,0.08080808080808081,0.043243243243243246,0.6153846153846154,0.9409857328145266
8,50,4196,0.8247056300867961,0.1,0.05405405405405406,0.6666666666666666,0.9416342412451362
8,50,4246,0.8160614564202008,0.09852216748768473,0.05405405405405406,0.5555555555555556,0.9406614785992218
8,50,4296,0.8158060095279827,0.09803921568627451,0.05405405405405406,0.5263157894736842,0.940337224383917
8,50,4346,0.8198055247382601,0.09852216748768473,0.05405405405405406,0.5555555555555556,0.9406614785992218
8,50,4396,0.8221604840438921,0.0975609756097561,0.05405405405405406,0.5,0.9400129701686122
8,50,4446,0.8162628306126064,0.07881773399014778,0.043243243243243246,0.4444444444444444,0.9393644617380026
8,50,4496,0.820087075692457,0.0970873786407767,0.05405405405405406,0.47619047619047616,0.9396887159533074
8,50,4546,0.8187688205625426,0.06965174129353234,0.03783783783783784,0.4375,0.9393644617380026
8,50,4596,0.8102607609334067,0.07960199004975124,0.043243243243243246,0.5,0.9400129701686122
8,50,4646,0.8188751013863123,0.06965174129353234,0.03783783783783784,0.4375,0.9393644617380026
8,50,4696,0.8166581206939951,0.1073170731707317,0.05945945945945946,0.55,0.9406614785992218
8,50,4746,0.8227888461072317,0.07,0.03783783783783784,0.4666666666666667,0.9396887159533074
8,50,4796,0.8108014879315327,0.08955223880597014,0.04864864864864865,0.5625,0.9406614785992218
8,50,4846,0.813995506372188,0.08040201005025126,0.043243243243243246,0.5714285714285714,0.9406614785992218
8,50,4896,0.8078778329899405,0.0891089108910891,0.04864864864864865,0.5294117647058824,0.940337224383917
8,50,4946,0.8094533995879287,0.07960199004975124,0.043243243243243246,0.5,0.9400129701686122
8,50,4996,0.8131527180854535,0.07920792079207921,0.043243243243243246,0.47058823529411764,0.9396887159533074
8,50,5046,0.8032257162302006,0.07920792079207921,0.043243243243243246,0.47058823529411764,0.9396887159533074
8,50,5096,0.8085546740255259,0.08737864077669903,0.04864864864864865,0.42857142857142855,0.9390402075226978
8,50,5146,0.8093564416434371,0.06,0.032432432432432434,0.4,0.9390402075226978
8,50,5196,0.8104304373362671,0.059113300492610835,0.032432432432432434,0.3333333333333333,0.9380674448767834
8,50,5246,0.8057205187250029,0.058823529411764705,0.032432432432432434,0.3157894736842105,0.9377431906614786
8,50,5296,0.8048646784072793,0.08823529411764706,0.04864864864864865,0.47368421052631576,0.9396887159533074
8,50,5346,0.808517382508414,0.07,0.03783783783783784,0.4666666666666667,0.9396887159533074
8,50,5396,0.8064682136431015,0.07035175879396985,0.03783783783783784,0.5,0.9400129701686122
8,50,5446,0.8068168893281003,0.06862745098039216,0.03783783783783784,0.3684210526315789,0.9383916990920882
8,50,5496,0.8086628194251513,0.10576923076923077,0.05945945945945946,0.4782608695652174,0.9396887159533074
8,50,5546,0.8054799884396296,0.07,0.03783783783783784,0.4666666666666667,0.9396887159533074
8,50,5596,0.8054967696223301,0.0673076923076923,0.03783783783783784,0.30434782608695654,0.937094682230869
8,50,5646,0.8079803846619991,0.06965174129353234,0.03783783783783784,0.4375,0.9393644617380026
8,50,5696,0.8088791102244017,0.0707070707070707,0.03783783783783784,0.5384615384615384,0.940337224383917
8,50,5746,0.8135610601978315,0.07729468599033816,0.043243243243243246,0.36363636363636365,0.9380674448767834
8,50,5796,0.8138761735174292,0.06930693069306931,0.03783783783783784,0.4117647058823529,0.9390402075226978
8,50,5846,0.8088119854935999,0.07766990291262135,0.043243243243243246,0.38095238095238093,0.9383916990920882
8,50,5896,0.8092371087886783,0.07766990291262135,0.043243243243243246,0.38095238095238093,0.9383916990920882
8,50,5946,0.8098990332174189,0.06,0.032432432432432434,0.4,0.9390402075226978
8,50,5996,0.8101656675647707,0.07,0.03783783783783784,0.4666666666666667,0.9396887159533074
8,50,6046,0.8096640966596125,0.0594059405940594,0.032432432432432434,0.35294117647058826,0.9383916990920882
8,50,6096,0.8064253283984225,0.08695652173913043,0.04864864864864865,0.4090909090909091,0.938715953307393
8,50,6146,0.8089947139274493,0.07960199004975124,0.043243243243243246,0.5,0.9400129701686122
8,50,6196,0.8098151273039166,0.09803921568627451,0.05405405405405406,0.5263157894736842,0.940337224383917
8,50,6246,0.811066257703029,0.07804878048780488,0.043243243243243246,0.4,0.938715953307393
8,50,6296,0.8115566411530537,0.07960199004975124,0.043243243243243246,0.5,0.9400129701686122
8,50,6346,0.8075962820357439,0.09523809523809523,0.05405405405405406,0.4,0.9383916990920882
8,50,6396,0.8144653794878011,0.0784313725490196,0.043243243243243246,0.42105263157894735,0.9390402075226978
8,50,6446,0.8092632128506568,0.0784313725490196,0.043243243243243246,0.42105263157894735,0.9390402075226978
8,50,6496,0.8055377902911537,0.06829268292682927,0.03783783783783784,0.35,0.9380674448767834
8,50,6546,0.8052748850955129,0.06896551724137931,0.03783783783783784,0.3888888888888889,0.938715953307393
8,50,6596,0.8158022803762714,0.10628019323671498,0.05945945945945946,0.5,0.9400129701686122
8,50,6646,0.8027782180248549,0.08823529411764706,0.04864864864864865,0.47368421052631576,0.9396887159533074
8,50,6696,0.8058286641246282,0.11594202898550725,0.06486486486486487,0.5454545454545454,0.9406614785992218
8,50,6746,0.8098207210314835,0.0970873786407767,0.05405405405405406,0.47619047619047616,0.9396887159533074
8,50,6796,0.8046073669392054,0.08780487804878048,0.04864864864864865,0.45,0.9393644617380026
8,50,6846,0.8061512357476482,0.0966183574879227,0.05405405405405406,0.45454545454545453,0.9393644617380026
8,50,6896,0.8082488835852065,0.07804878048780488,0.043243243243243246,0.4,0.938715953307393
8,50,6946,0.8093900040088381,0.06965174129353234,0.03783783783783784,0.4375,0.9393644617380026
8,50,6996,0.807230825168045,0.07881773399014778,0.043243243243243246,0.4444444444444444,0.9393644617380026
8,50,7046,0.8086106113011942,0.07729468599033816,0.043243243243243246,0.36363636363636365,0.9380674448767834
8,50,7096,0.8085117887808471,0.0975609756097561,0.05405405405405406,0.5,0.9400129701686122
8,50,7146,0.8041151189133252,0.09803921568627451,0.05405405405405406,0.5263157894736842,0.940337224383917
8,50,7196,0.8079151245070529,0.0784313725490196,0.043243243243243246,0.42105263157894735,0.9390402075226978
8,50,7246,0.8009844960517606,0.07960199004975124,0.043243243243243246,0.5,0.9400129701686122
8,50,7296,0.8119109105656191,0.09615384615384616,0.05405405405405406,0.43478260869565216,0.9390402075226978
8,50,7346,0.8063358287573534,0.10679611650485436,0.05945945945945946,0.5238095238095238,0.940337224383917
8,50,7396,0.8131527180854534,0.0891089108910891,0.04864864864864865,0.5294117647058824,0.940337224383917
8,50,7446,0.8144001193328548,0.07881773399014778,0.043243243243243246,0.4444444444444444,0.9393644617380026
8,50,7496,0.8147059097731744,0.06060606060606061,0.032432432432432434,0.46153846153846156,0.9396887159533074
8,50,7546,0.8127387822455087,0.07804878048780488,0.043243243243243246,0.4,0.938715953307393
8,50,7596,0.8171969831162655,0.07692307692307693,0.043243243243243246,0.34782608695652173,0.9377431906614786
8,50,7646,0.8161901121542376,0.06930693069306931,0.03783783783783784,0.4117647058823529,0.9390402075226978
8,50,7696,0.8146779411353402,0.07881773399014778,0.043243243243243246,0.4444444444444444,0.9393644617380026
8,50,7746,0.814683534862907,0.07920792079207921,0.043243243243243246,0.47058823529411764,0.9396887159533074
8,50,7796,0.8136561535664675,0.08823529411764706,0.04864864864864865,0.47368421052631576,0.9396887159533074
8,50,7846,0.8159178840793191,0.07804878048780488,0.043243243243243246,0.4,0.938715953307393
8,50,7896,0.8071804816199435,0.07960199004975124,0.043243243243243246,0.5,0.9400129701686122
8,50,7946,0.8131135619924856,0.08737864077669903,0.04864864864864865,0.42857142857142855,0.9390402075226978
8,50,7996,0.8091737132095878,0.0861244019138756,0.04864864864864865,0.375,0.9380674448767834
9,51,246,0.6882699532923748,0.06545454545454546,0.04864864864864865,0.1,0.9166666666666666
9,51,296,0.6466209224056758,0.0321285140562249,0.021621621621621623,0.0625,0.9218547341115434
9,51,346,0.6590399298919478,0.058823529411764705,0.043243243243243246,0.09195402298850575,0.9169909208819714
9,51,396,0.6971742352908272,0.05042016806722689,0.032432432432432434,0.11320754716981132,0.9267185473411155
9,51,446,0.622166077771459,0.0,0.0,0.0,0.9263942931258107
9,51,496,0.6842508600356134,0.009900990099009901,0.005405405405405406,0.058823529411764705,0.9351491569390402
9,51,546,0.6856698022617304,0.018779342723004695,0.010810810810810811,0.07142857142857142,0.932230869001297
9,51,596,0.6669140337301772,0.01015228426395939,0.005405405405405406,0.08333333333333333,0.9367704280155642
9,51,646,0.6698376886717694,0.01020408163265306,0.005405405405405406,0.09090909090909091,0.937094682230869
9,51,696,0.6792966819872649,0.07,0.03783783783783784,0.4666666666666667,0.9396887159533074
9,51,746,0.7067861238264825,0.061855670103092786,0.032432432432432434,0.6666666666666666,0.9409857328145266
9,51,796,0.6990276236913009,0.061224489795918366,0.032432432432432434,0.5454545454545454,0.940337224383917
9,51,846,0.6980822837325079,0.052083333333333336,0.02702702702702703,0.7142857142857143,0.9409857328145266
9,51,896,0.7011793442286716,0.061224489795918366,0.032432432432432434,0.5454545454545454,0.940337224383917
9,51,946,0.7107315663369476,0.061224489795918366,0.032432432432432434,0.5454545454545454,0.940337224383917
9,51,996,0.696258728545724,0.050761421319796954,0.02702702702702703,0.4166666666666667,0.9393644617380026
9,51,1046,0.7100342149669505,0.050761421319796954,0.02702702702702703,0.4166666666666667,0.9393644617380026
9,51,1096,0.7107595349747815,0.05102040816326531,0.02702702702702703,0.45454545454545453,0.9396887159533074
9,51,1146,0.7301921445419204,0.05154639175257732,0.02702702702702703,0.5555555555555556,0.940337224383917
9,51,1196,0.7078023176677886,0.05970149253731343,0.032432432432432434,0.375,0.938715953307393
9,51,1246,0.7282436627728107,0.050505050505050504,0.02702702702702703,0.38461538461538464,0.9390402075226978
9,51,1296,0.7142201877627887,0.05,0.02702702702702703,0.3333333333333333,0.9383916990920882
9,51,1346,0.713478086572257,0.050761421319796954,0.02702702702702703,0.4166666666666667,0.9393644617380026
9,51,1396,0.720224122017844,0.05,0.02702702702702703,0.3333333333333333,0.9383916990920882
9,51,1446,0.7406859774572779,0.05025125628140704,0.02702702702702703,0.35714285714285715,0.938715953307393
9,51,1496,0.744308848344723,0.05181347150259067,0.02702702702702703,0.625,0.9406614785992218
9,51,1546,0.7449502624390517,0.06,0.032432432432432434,0.4,0.9390402075226978
9,51,1596,0.7577729505980627,0.07729468599033816,0.043243243243243246,0.36363636363636365,0.9380674448767834
9,51,1646,0.74921268284497,0.0784313725490196,0.043243243243243246,0.42105263157894735,0.9390402075226978
9,51,1696,0.7544540055750818,0.07,0.03783783783783784,0.4666666666666667,0.9396887159533074
9,51,1746,0.7651025982864549,0.07960199004975124,0.043243243243243246,0.5,0.9400129701686122
9,51,1796,0.7475271062715008,0.0707070707070707,0.03783783783783784,0.5384615384615384,0.940337224383917
9,51,1846,0.7520617547523377,0.07035175879396985,0.03783783783783784,0.5,0.9400129701686122
9,51,1896,0.7426288654988207,0.06763285024154589,0.03783783783783784,0.3181818181818182,0.9374189364461738
9,51,1946,0.7639969048040797,0.058823529411764705,0.032432432432432434,0.3157894736842105,0.9377431906614786
9,51,1996,0.7611552912001343,0.0673076923076923,0.03783783783783784,0.30434782608695654,0.937094682230869
9,51,2046,0.764940380187017,0.06796116504854369,0.03783783783783784,0.3333333333333333,0.9377431906614786
9,51,2096,0.7602379198791755,0.06930693069306931,0.03783783783783784,0.4117647058823529,0.9390402075226978
9,51,2146,0.7712128133652797,0.07960199004975124,0.043243243243243246,0.5,0.9400129701686122
9,51,2196,0.783959053914211,0.06796116504854369,0.03783783783783784,0.3333333333333333,0.9377431906614786
9,51,2246,0.7738027092287183,0.08695652173913043,0.04864864864864865,0.4090909090909091,0.938715953307393
9,51,2296,0.767703681605027,0.08737864077669903,0.04864864864864865,0.42857142857142855,0.9390402075226978
9,51,2346,0.779187604299712,0.07804878048780488,0.043243243243243246,0.4,0.938715953307393
9,51,2396,0.7748002573114681,0.07729468599033816,0.043243243243243246,0.36363636363636365,0.9380674448767834
9,51,2446,0.7835805450155225,0.07729468599033816,0.043243243243243246,0.36363636363636365,0.9380674448767834
9,51,2496,0.7904291321331681,0.09569377990430622,0.05405405405405406,0.4166666666666667,0.938715953307393
9,51,2546,0.7844401144849575,0.07692307692307693,0.043243243243243246,0.34782608695652173,0.9377431906614786
9,51,2596,0.7753428488854499,0.07881773399014778,0.043243243243243246,0.4444444444444444,0.9393644617380026
9,51,2646,0.788368775812722,0.08737864077669903,0.04864864864864865,0.42857142857142855,0.9390402075226978
9,51,2696,0.7815985008810121,0.08823529411764706,0.04864864864864865,0.47368421052631576,0.9396887159533074
9,51,2746,0.7963435667471542,0.07960199004975124,0.043243243243243246,0.5,0.9400129701686122
9,51,2796,0.7960228596999899,0.09615384615384616,0.05405405405405406,0.43478260869565216,0.9390402075226978
9,51,2846,0.7971658446994769,0.08780487804878048,0.04864864864864865,0.45,0.9393644617380026
9,51,2896,0.8000578018515239,0.08571428571428572,0.04864864864864865,0.36,0.9377431906614786
9,51,2946,0.7897280516114598,0.06965174129353234,0.03783783783783784,0.4375,0.9393644617380026
9,51,2996,0.7847682798355444,0.0970873786407767,0.05405405405405406,0.47619047619047616,0.9396887159533074
9,51,3046,0.7919543551830548,0.0784313725490196,0.043243243243243246,0.42105263157894735,0.9390402075226978
9,51,3096,0.7835152848605764,0.07035175879396985,0.03783783783783784,0.5,0.9400129701686122
9,51,3146,0.793339735043771,0.0707070707070707,0.03783783783783784,0.5384615384615384,0.940337224383917
9,51,3196,0.7999552501794653,0.07920792079207921,0.043243243243243246,0.47058823529411764,0.9396887159533074
9,51,3246,0.8003579985642767,0.07,0.03783783783783784,0.4666666666666667,0.9396887159533074
9,51,3296,0.8048106057074668,0.08080808080808081,0.043243243243243246,0.6153846153846154,0.9409857328145266
9,51,3346,0.7873507173955604,0.06930693069306931,0.03783783783783784,0.4117647058823529,0.9390402075226978
9,51,3396,0.8023419072746427,0.07804878048780488,0.043243243243243246,0.4,0.938715953307393
9,51,3446,0.8049392614415036,0.0594059405940594,0.032432432432432434,0.35294117647058826,0.9383916990920882
9,51,3496,0.8036359229184342,0.07804878048780488,0.043243243243243246,0.4,0.938715953307393
9,51,3546,0.7926050921566616,0.06796116504854369,0.03783783783783784,0.3333333333333333,0.9377431906614786
9,51,3596,0.7980291433206232,0.0784313725490196,0.043243243243243246,0.42105263157894735,0.9390402075226978
9,51,3646,0.8008334654074565,0.07960199004975124,0.043243243243243246,0.5,0.9400129701686122
9,51,3696,0.8024425943708454,0.07804878048780488,0.043243243243243246,0.4,0.938715953307393
9,51,3746,0.8037962764420165,0.07804878048780488,0.043243243243243246,0.4,0.938715953307393
9,51,3796,0.792627467066929,0.08695652173913043,0.04864864864864865,0.4090909090909091,0.938715953307393
9,51,3846,0.7990919515583194,0.08780487804878048,0.04864864864864865,0.45,0.9393644617380026
9,51,3896,0.7989670249759937,0.07655502392344497,0.043243243243243246,0.3333333333333333,0.9374189364461738
9,51,3946,0.8050268965067171,0.0784313725490196,0.043243243243243246,0.42105263157894735,0.9390402075226978
9,51,3996,0.8014860669569189,0.08866995073891626,0.04864864864864865,0.5,0.9400129701686122
9,51,4046,0.8056030504460998,0.06829268292682927,0.03783783783783784,0.35,0.9380674448767834
9,51,4096,0.8005164875120033,0.10576923076923077,0.05945945945945946,0.4782608695652174,0.9396887159533074
9,51,4146,0.8022151161164615,0.08780487804878048,0.04864864864864865,0.45,0.9393644617380026
9,51,4196,0.8081537902165706,0.08695652173913043,0.04864864864864865,0.4090909090909091,0.938715953307393
9,51,4246,0.8002330719819508,0.08780487804878048,0.04864864864864865,0.45,0.9393644617380026
9,51,4296,0.8025302294360591,0.06862745098039216,0.03783783783783784,0.3684210526315789,0.9383916990920882
9,51,4346,0.799487241639708,0.0784313725490196,0.043243243243243246,0.42105263157894735,0.9390402075226978
9,51,4396,0.806024444589467,0.07881773399014778,0.043243243243243246,0.4444444444444444,0.9393644617380026
9,51,4446,0.8026383748356843,0.06930693069306931,0.03783783783783784,0.4117647058823529,0.9390402075226978
9,51,4496,0.7948705518212245,0.10679611650485436,0.05945945945945946,0.5238095238095238,0.940337224383917
9,51,4546,0.8025712501048824,0.08823529411764706,0.04864864864864865,0.47368421052631576,0.9396887159533074
9,51,4596,0.8042512329507846,0.06965174129353234,0.03783783783783784,0.4375,0.9393644617380026
9,51,4646,0.8026644788976629,0.08866995073891626,0.04864864864864865,0.5,0.9400129701686122
9,51,4696,0.7991441596822764,0.09852216748768473,0.05405405405405406,0.5555555555555556,0.9406614785992218
9,51,4746,0.8017862636696718,0.08737864077669903,0.04864864864864865,0.42857142857142855,0.9390402075226978
9,51,4796,0.8052040312129999,0.09852216748768473,0.05405405405405406,0.5555555555555556,0.9406614785992218
9,51,4846,0.8039342550553312,0.0966183574879227,0.05405405405405406,0.45454545454545453,0.9393644617380026
9,51,4896,0.8150508563064617,0.07881773399014778,0.043243243243243246,0.4444444444444444,0.9393644617380026
9,51,4946,0.8081556547924259,0.08823529411764706,0.04864864864864865,0.47368421052631576,0.9396887159533074
9,51,4996,0.8123901065605101,0.08653846153846154,0.04864864864864865,0.391304347826087,0.9383916990920882
9,51,5046,0.8044059927467999,0.07881773399014778,0.043243243243243246,0.4444444444444444,0.9393644617380026
9,51,5096,0.8104546768223898,0.1073170731707317,0.05945945945945946,0.55,0.9406614785992218
9,51,5146,0.8124311272293335,0.10576923076923077,0.05945945945945946,0.4782608695652174,0.9396887159533074
9,51,5196,0.810467728853379,0.07766990291262135,0.043243243243243246,0.38095238095238093,0.9383916990920882
9,51,5246,0.811370183567493,0.11483253588516747,0.06486486486486487,0.5,0.9400129701686122
9,51,5296,0.813971266886065,0.08780487804878048,0.04864864864864865,0.45,0.9393644617380026
9,51,5346,0.8106896133801964,0.08695652173913043,0.04864864864864865,0.4090909090909091,0.938715953307393
9,51,5396,0.8150769603684402,0.08955223880597014,0.04864864864864865,0.5625,0.9406614785992218
9,51,5446,0.8114764643912625,0.06862745098039216,0.03783783783783784,0.3684210526315789,0.9383916990920882
9,51,5496,0.8092874523367797,0.09615384615384616,0.05405405405405406,0.43478260869565216,0.9390402075226978
9,51,5546,0.8185543943391477,0.08780487804878048,0.04864864864864865,0.45,0.9393644617380026
9,51,5596,0.8083905913502325,0.08653846153846154,0.04864864864864865,0.391304347826087,0.9383916990920882
9,51,5646,0.8137102262662801,0.07729468599033816,0.043243243243243246,0.36363636363636365,0.9380674448767834
9,51,5696,0.8134603731016287,0.08780487804878048,0.04864864864864865,0.45,0.9393644617380026
9,51,5746,0.8123099297987191,0.08866995073891626,0.04864864864864865,0.5,0.9400129701686122
9,51,5796,0.809841231365895,0.09615384615384616,0.05405405405405406,0.43478260869565216,0.9390402075226978
9,51,5846,0.8128543859485564,0.0970873786407767,0.05405405405405406,0.47619047619047616,0.9396887159533074
9,51,5896,0.8148140551727995,0.08653846153846154,0.04864864864864865,0.391304347826087,0.9383916990920882
9,51,5946,0.8135330915599973,0.07804878048780488,0.043243243243243246,0.4,0.938715953307393
9,51,5996,0.815662437187101,0.07920792079207921,0.043243243243243246,0.47058823529411764,0.9396887159533074
9,51,6046,0.8139209233379638,0.07920792079207921,0.043243243243243246,0.47058823529411764,0.9396887159533074
9,51,6096,0.8157817700418597,0.06862745098039216,0.03783783783783784,0.3684210526315789,0.9383916990920882
9,51,6146,0.8166637144215619,0.07766990291262135,0.043243243243243246,0.38095238095238093,0.9383916990920882
9,51,6196,0.8196805981559344,0.07960199004975124,0.043243243243243246,0.5,0.9400129701686122
9,51,6246,0.8106840196526295,0.07766990291262135,0.043243243243243246,0.38095238095238093,0.9383916990920882
9,51,6296,0.8205457613529363,0.08695652173913043,0.04864864864864865,0.4090909090909091,0.938715953307393
9,51,6346,0.8193002246813907,0.06896551724137931,0.03783783783783784,0.3888888888888889,0.938715953307393
9,51,6396,0.8148140551727997,0.06930693069306931,0.03783783783783784,0.4117647058823529,0.9390402075226978
9,51,6446,0.8134174878569498,0.08737864077669903,0.04864864864864865,0.42857142857142855,0.9390402075226978
9,51,6496,0.8164492881981672,0.06862745098039216,0.03783783783783784,0.3684210526315789,0.9383916990920882
9,51,6546,0.8140122875548885,0.07960199004975124,0.043243243243243246,0.5,0.9400129701686122
9,51,6596,0.8151962932231992,0.07804878048780488,0.043243243243243246,0.4,0.938715953307393
9,51,6646,0.8149035548138687,0.06965174129353234,0.03783783783783784,0.4375,0.9393644617380026
9,51,6696,0.8130315206548391,0.07766990291262135,0.043243243243243246,0.38095238095238093,0.9383916990920882
9,51,6746,0.8145977643735491,0.07692307692307693,0.043243243243243246,0.34782608695652173,0.9377431906614786
9,51,6796,0.8170086609548493,0.06896551724137931,0.03783783783783784,0.3888888888888889,0.938715953307393
9,51,6846,0.8179670529446315,0.08780487804878048,0.04864864864864865,0.45,0.9393644617380026
9,51,6896,0.8130855933546517,0.1073170731707317,0.05945945945945946,0.55,0.9406614785992218
9,51,6946,0.8179763758239095,0.0975609756097561,0.05405405405405406,0.5,0.9400129701686122
9,51,6996,0.8241015075095793,0.07920792079207921,0.043243243243243246,0.47058823529411764,0.9396887159533074
9,51,7046,0.8117375050110476,0.0970873786407767,0.05405405405405406,0.47619047619047616,0.9396887159533074
9,51,7096,0.8177582204488034,0.07729468599033816,0.043243243243243246,0.36363636363636365,0.9380674448767834
9,51,7146,0.8158992383207629,0.09615384615384616,0.05405405405405406,0.43478260869565216,0.9390402075226978
9,51,7196,0.8170515461995282,0.09852216748768473,0.05405405405405406,0.5555555555555556,0.9406614785992218
9,51,7246,0.8212412481470778,0.07920792079207921,0.043243243243243246,0.47058823529411764,0.9396887159533074
9,51,7296,0.8208254477312773,0.0975609756097561,0.05405405405405406,0.5,0.9400129701686122
9,51,7346,0.8150918769752852,0.0784313725490196,0.043243243243243246,0.42105263157894735,0.9390402075226978
9,51,7396,0.82329041701239,0.06896551724137931,0.03783783783783784,0.3888888888888889,0.938715953307393
9,51,7446,0.8200423258719223,0.0970873786407767,0.05405405405405406,0.47619047619047616,0.9396887159533074
9,51,7496,0.8172398683609446,0.06796116504854369,0.03783783783783784,0.3333333333333333,0.9377431906614786
9,51,7546,0.8187632268349757,0.058823529411764705,0.032432432432432434,0.3157894736842105,0.9377431906614786
9,51,7596,0.8195612653011756,0.07960199004975124,0.043243243243243246,0.5,0.9400129701686122
9,51,7646,0.815291386591835,0.06930693069306931,0.03783783783783784,0.4117647058823529,0.9390402075226978
9,51,7696,0.8210473322580945,0.08866995073891626,0.04864864864864865,0.5,0.9400129701686122
9,51,7746,0.8197141605213354,0.0784313725490196,0.043243243243243246,0.42105263157894735,0.9390402075226978
9,51,7796,0.8156754892180901,0.0966183574879227,0.05405405405405406,0.45454545454545453,0.9393644617380026
9,51,7846,0.8125989390563382,0.07920792079207921,0.043243243243243246,0.47058823529411764,0.9396887159533074
9,51,7896,0.8113832355984822,0.07692307692307693,0.043243243243243246,0.34782608695652173,0.9377431906614786
9,51,7946,0.8047639913110763,0.10476190476190476,0.05945945945945946,0.44,0.9390402075226978
9,51,7996,0.8094254309500948,0.06862745098039216,0.03783783783783784,0.3684210526315789,0.9383916990920882
10,52,246,0.6761613976860614,0.10256410256410256,0.07567567567567568,0.1590909090909091,0.9205577172503242
10,52,296,0.644360124180752,0.06844106463878327,0.04864864864864865,0.11538461538461539,0.9205577172503242
10,52,346,0.6506157761763144,0.10218978102189781,0.07567567567567568,0.15730337078651685,0.9202334630350194
10,52,396,0.6350092762648817,0.060836501901140684,0.043243243243243246,0.10256410256410256,0.9199092088197146
10,52,446,0.6595060738558496,0.06060606060606061,0.03783783783783784,0.15217391304347827,0.9296368352788587
10,52,496,0.6085136533567027,0.02926829268292683,0.016216216216216217,0.15,0.935473411154345
10,52,546,0.6795353476967827,0.00975609756097561,0.005405405405405406,0.05,0.9341763942931258
10,52,596,0.6606751629173154,0.01990049751243781,0.010810810810810811,0.125,0.9361219195849546
10,52,646,0.6260220206408548,0.010256410256410256,0.005405405405405406,0.1,0.9374189364461738
10,52,696,0.6481638589261908,0.01020408163265306,0.005405405405405406,0.09090909090909091,0.937094682230869
10,52,746,0.6152130744058996,0.010050251256281407,0.005405405405405406,0.07142857142857142,0.9361219195849546
10,52,796,0.5979843935000886,0.020100502512562814,0.010810810810810811,0.14285714285714285,0.9367704280155642
10,52,846,0.6160745084511902,0.02030456852791878,0.010810810810810811,0.16666666666666666,0.9374189364461738
10,52,896,0.6459580656890075,0.04878048780487805,0.02702702702702703,0.25,0.9367704280155642
10,52,946,0.6715512338830726,0.050761421319796954,0.02702702702702703,0.4166666666666667,0.9393644617380026
10,52,996,0.7085518771617426,0.05,0.02702702702702703,0.3333333333333333,0.9383916990920882
10,52,1046,0.6774936371348929,0.05,0.02702702702702703,0.3333333333333333,0.9383916990920882
10,52,1096,0.6934711876415913,0.05102040816326531,0.02702702702702703,0.45454545454545453,0.9396887159533074
10,52,1146,0.7198008632986211,0.04975124378109453,0.02702702702702703,0.3125,0.9380674448767834
10,52,1196,0.7309659435219972,0.050761421319796954,0.02702702702702703,0.4166666666666667,0.9393644617380026
10,52,1246,0.7295414075683135,0.06060606060606061,0.032432432432432434,0.46153846153846156,0.9396887159533074
10,52,1296,0.719511854041002,0.06060606060606061,0.032432432432432434,0.46153846153846156,0.9396887159533074
10,52,1346,0.7152997771831853,0.05102040816326531,0.02702702702702703,0.45454545454545453,0.9396887159533074
10,52,1396,0.7215218668133467,0.06030150753768844,0.032432432432432434,0.42857142857142855,0.9393644617380026
10,52,1446,0.7433635083859299,0.05128205128205128,0.02702702702702703,0.5,0.9400129701686122
10,52,1496,0.7143637601036705,0.07035175879396985,0.03783783783783784,0.5,0.9400129701686122
10,52,1546,0.7267874290295815,0.07106598984771574,0.03783783783783784,0.5833333333333334,0.9406614785992218
10,52,1596,0.736844951194727,0.061224489795918366,0.032432432432432434,0.5454545454545454,0.940337224383917
10,52,1646,0.7251130399112462,0.06091370558375635,0.032432432432432434,0.5,0.9400129701686122
10,52,1696,0.736977336080475,0.061224489795918366,0.032432432432432434,0.5454545454545454,0.940337224383917
10,52,1746,0.7375031464717564,0.04975124378109453,0.02702702702702703,0.3125,0.9380674448767834
10,52,1796,0.7353458322068189,0.05,0.02702702702702703,0.3333333333333333,0.9383916990920882
10,52,1846,0.7420023680113366,0.06060606060606061,0.032432432432432434,0.46153846153846156,0.9396887159533074
10,52,1896,0.7419240558254011,0.05025125628140704,0.02702702702702703,0.35714285714285715,0.938715953307393
10,52,1946,0.7422951064206669,0.05025125628140704,0.02702702702702703,0.35714285714285715,0.938715953307393
10,52,1996,0.7493040470618946,0.06060606060606061,0.032432432432432434,0.46153846153846156,0.9396887159533074
10,52,2046,0.7486607683917101,0.04926108374384237,0.02702702702702703,0.2777777777777778,0.9374189364461738
10,52,2096,0.7506707811640547,0.05025125628140704,0.02702702702702703,0.35714285714285715,0.938715953307393
10,52,2146,0.7569544017974511,0.05025125628140704,0.02702702702702703,0.35714285714285715,0.938715953307393
10,52,2196,0.770323410682155,0.06,0.032432432432432434,0.4,0.9390402075226978
10,52,2246,0.7641125085071273,0.04975124378109453,0.02702702702702703,0.3125,0.9380674448767834
10,52,2296,0.7507006143777445,0.05970149253731343,0.032432432432432434,0.375,0.938715953307393
10,52,2346,0.7652461706273366,0.0594059405940594,0.032432432432432434,0.35294117647058826,0.9383916990920882
10,52,2396,0.7710468661141306,0.0594059405940594,0.032432432432432434,0.35294117647058826,0.9383916990920882
10,52,2446,0.7656209503743134,0.06060606060606061,0.032432432432432434,0.46153846153846156,0.9396887159533074
10,52,2496,0.7716938739360264,0.06030150753768844,0.032432432432432434,0.42857142857142855,0.9393644617380026
10,52,2546,0.7796089984430792,0.06,0.032432432432432434,0.4,0.9390402075226978
10,52,2596,0.7547970875325135,0.05970149253731343,0.032432432432432434,0.375,0.938715953307393
10,52,2646,0.7719269459179774,0.08,0.043243243243243246,0.5333333333333333,0.940337224383917
10,52,2696,0.7643772782786236,0.06,0.032432432432432434,0.4,0.9390402075226978
10,52,2746,0.7603740339166348,0.06930693069306931,0.03783783783783784,0.4117647058823529,0.9390402075226978
10,52,2796,0.776181908020473,0.06030150753768844,0.032432432432432434,0.42857142857142855,0.9393644617380026
10,52,2846,0.7843207816301987,0.0891089108910891,0.04864864864864865,0.5294117647058824,0.940337224383917
10,52,2896,0.7907834015457335,0.07920792079207921,0.043243243243243246,0.47058823529411764,0.9396887159533074
10,52,2946,0.7996326785564454,0.09900990099009901,0.05405405405405406,0.5882352941176471,0.9409857328145266
10,52,2996,0.7926535711289076,0.0975609756097561,0.05405405405405406,0.5,0.9400129701686122
10,52,3046,0.7956723194391355,0.0784313725490196,0.043243243243243246,0.42105263157894735,0.9390402075226978
10,52,3096,0.7930973401825421,0.06829268292682927,0.03783783783783784,0.35,0.9380674448767834
10,52,3146,0.7906733915702526,0.08866995073891626,0.04864864864864865,0.5,0.9400129701686122
10,52,3196,0.7935541612671658,0.07920792079207921,0.043243243243243246,0.47058823529411764,0.9396887159533074
10,52,3246,0.7907013602080868,0.0966183574879227,0.05405405405405406,0.45454545454545453,0.9393644617380026
10,52,3296,0.7892675013751247,0.08955223880597014,0.04864864864864865,0.5625,0.9406614785992218
10,52,3346,0.7908412033972574,0.07035175879396985,0.03783783783783784,0.5,0.9400129701686122
10,52,3396,0.7868901671592254,0.06796116504854369,0.03783783783783784,0.3333333333333333,0.9377431906614786
10,52,3446,0.7868323653077015,0.0594059405940594,0.032432432432432434,0.35294117647058826,0.9383916990920882
10,52,3496,0.788829326049057,0.0784313725490196,0.043243243243243246,0.42105263157894735,0.9390402075226978
10,52,3546,0.7957953814456057,0.0784313725490196,0.043243243243243246,0.42105263157894735,0.9390402075226978
10,52,3596,0.7771291125551215,0.07,0.03783783783783784,0.4666666666666667,0.9396887159533074
10,52,3646,0.8026626143218071,0.07881773399014778,0.043243243243243246,0.4444444444444444,0.9393644617380026
10,52,3696,0.795983703607022,0.07881773399014778,0.043243243243243246,0.4444444444444444,0.9393644617380026
10,52,3746,0.7981950905717722,0.08866995073891626,0.04864864864864865,0.5,0.9400129701686122
10,52,3796,0.8024425943708454,0.07,0.03783783783783784,0.4666666666666667,0.9396887159533074
10,52,3846,0.8012697761576686,0.07920792079207921,0.043243243243243246,0.47058823529411764,0.9396887159533074
10,52,3896,0.8097107110560025,0.0784313725490196,0.043243243243243246,0.42105263157894735,0.9390402075226978
10,52,3946,0.8128357401900003,0.07920792079207921,0.043243243243243246,0.47058823529411764,0.9396887159533074
10,52,3996,0.8146611599526397,0.09803921568627451,0.05405405405405406,0.5263157894736842,0.940337224383917
10,52,4046,0.8143628278157427,0.06862745098039216,0.03783783783783784,0.3684210526315789,0.9383916990920882
10,52,4096,0.8182318227161276,0.08695652173913043,0.04864864864864865,0.4090909090909091,0.938715953307393
10,52,4146,0.8244669643772783,0.0784313725490196,0.043243243243243246,0.42105263157894735,0.9390402075226978
10,52,4196,0.8188751013863121,0.07766990291262135,0.043243243243243246,0.38095238095238093,0.9383916990920882
10,52,4246,0.8206856045421067,0.08,0.043243243243243246,0.5333333333333333,0.940337224383917
10,52,4296,0.8172398683609445,0.0784313725490196,0.043243243243243246,0.42105263157894735,0.9390402075226978
10,52,4346,0.8205867820217596,0.06965174129353234,0.03783783783783784,0.4375,0.9393644617380026
10,52,4396,0.8258952294826734,0.07804878048780488,0.043243243243243246,0.4,0.938715953307393
10,52,4446,0.8216607777145893,0.08,0.043243243243243246,0.5333333333333333,0.940337224383917
10,52,4496,0.8213027791503128,0.05970149253731343,0.032432432432432434,0.375,0.938715953307393
10,52,4546,0.8146667536802066,0.06896551724137931,0.03783783783783784,0.3888888888888889,0.938715953307393
10,52,4596,0.8244744226807007,0.07920792079207921,0.043243243243243246,0.47058823529411764,0.9396887159533074
10,52,4646,0.8241126949647128,0.07729468599033816,0.043243243243243246,0.36363636363636365,0.9380674448767834
10,52,4696,0.8235123015392074,0.07960199004975124,0.043243243243243246,0.5,0.9400129701686122
10,52,4746,0.8253619607879698,0.10526315789473684,0.05945945945945946,0.4583333333333333,0.9393644617380026
10,52,4796,0.8213344769398581,0.08866995073891626,0.04864864864864865,0.5,0.9400129701686122
10,52,4846,0.8192219124954552,0.0947867298578199,0.05405405405405406,0.38461538461538464,0.9380674448767834
10,52,4896,0.8228447833828999,0.10576923076923077,0.05945945945945946,0.4782608695652174,0.9396887159533074
10,52,4946,0.8236018011802767,0.09569377990430622,0.05405405405405406,0.4166666666666667,0.938715953307393
10,52,4996,0.8151571371302313,0.0891089108910891,0.04864864864864865,0.5294117647058824,0.940337224383917
10,52,5046,0.8210025824375602,0.0784313725490196,0.043243243243243246,0.42105263157894735,0.9390402075226978
10,52,5096,0.8206520421767058,0.08823529411764706,0.04864864864864865,0.47368421052631576,0.9396887159533074
10,52,5146,0.8218826622414066,0.08780487804878048,0.04864864864864865,0.45,0.9393644617380026
10,52,5196,0.818865778507034,0.061224489795918366,0.032432432432432434,0.5454545454545454,0.940337224383917
10,52,5246,0.8212170086609548,0.08866995073891626,0.04864864864864865,0.5,0.9400129701686122
10,52,5296,0.8177619496005147,0.0784313725490196,0.043243243243243246,0.42105263157894735,0.9390402075226978
10,52,5346,0.8180341776754334,0.0970873786407767,0.05405405405405406,0.47619047619047616,0.9396887159533074
10,52,5396,0.8100687096202791,0.06965174129353234,0.03783783783783784,0.4375,0.9393644617380026
10,52,5446,0.8129103232242246,0.07881773399014778,0.043243243243243246,0.4444444444444444,0.9393644617380026
10,52,5496,0.817342420033003,0.07035175879396985,0.03783783783783784,0.5,0.9400129701686122
10,52,5546,0.8205811882941928,0.0707070707070707,0.03783783783783784,0.5384615384615384,0.940337224383917
10,52,5596,0.822009453399588,0.07,0.03783783783783784,0.4666666666666667,0.9396887159533074
10,52,5646,0.8222742231710841,0.04975124378109453,0.02702702702702703,0.3125,0.9380674448767834
10,52,5696,0.8129793125308822,0.07,0.03783783783783784,0.4666666666666667,0.9396887159533074
10,52,5746,0.821159206809431,0.0970873786407767,0.05405405405405406,0.47619047619047616,0.9396887159533074
10,52,5796,0.8133578214295704,0.09852216748768473,0.05405405405405406,0.5555555555555556,0.9406614785992218
10,52,5846,0.8225986593699598,0.0891089108910891,0.04864864864864865,0.5294117647058824,0.940337224383917
10,52,5896,0.8166450686630059,0.0784313725490196,0.043243243243243246,0.42105263157894735,0.9390402075226978
10,52,5946,0.8152951157435463,0.08695652173913043,0.04864864864864865,0.4090909090909091,0.938715953307393
10,52,5996,0.8180229902202998,0.09900990099009901,0.05405405405405406,0.5882352941176471,0.9409857328145266
10,52,6046,0.8172100351472549,0.0784313725490196,0.043243243243243246,0.42105263157894735,0.9390402075226978
10,52,6096,0.819089527609707,0.0784313725490196,0.043243243243243246,0.42105263157894735,0.9390402075226978
10,52,6146,0.8150191585169164,0.06930693069306931,0.03783783783783784,0.4117647058823529,0.9390402075226978
10,52,6196,0.8151701891612206,0.06930693069306931,0.03783783783783784,0.4117647058823529,0.9390402075226978
10,52,6246,0.8204059181637657,0.07804878048780488,0.043243243243243246,0.4,0.938715953307393
10,52,6296,0.8172697015746344,0.07804878048780488,0.043243243243243246,0.4,0.938715953307393
10,52,6346,0.8143721506950208,0.07920792079207921,0.043243243243243246,0.47058823529411764,0.9396887159533074
10,52,6396,0.8199360450481527,0.06930693069306931,0.03783783783783784,0.4117647058823529,0.9390402075226978
10,52,6446,0.8172081705713993,0.06965174129353234,0.03783783783783784,0.4375,0.9393644617380026
10,52,6496,0.8142397658092726,0.08780487804878048,0.04864864864864865,0.45,0.9393644617380026
10,52,6546,0.8145380979461697,0.10526315789473684,0.05945945945945946,0.4583333333333333,0.9393644617380026
10,52,6596,0.8153603758984926,0.0966183574879227,0.05405405405405406,0.45454545454545453,0.9393644617380026
10,52,6646,0.8166487978147172,0.08695652173913043,0.04864864864864865,0.4090909090909091,0.938715953307393
10,52,6696,0.8159477172930089,0.06829268292682927,0.03783783783783784,0.35,0.9380674448767834
10,52,6746,0.813316800760747,0.07881773399014778,0.043243243243243246,0.4444444444444444,0.9393644617380026
10,52,6796,0.8121775449129709,0.08780487804878048,0.04864864864864865,0.45,0.9393644617380026
10,52,6846,0.8136114037459329,0.06930693069306931,0.03783783783783784,0.4117647058823529,0.9390402075226978
10,52,6896,0.8175120964358632,0.0891089108910891,0.04864864864864865,0.5294117647058824,0.940337224383917
10,52,6946,0.8162852055228738,0.0784313725490196,0.043243243243243246,0.42105263157894735,0.9390402075226978
10,52,6996,0.8157146453110579,0.09569377990430622,0.05405405405405406,0.4166666666666667,0.938715953307393
10,52,7046,0.8141577244716258,0.07692307692307693,0.043243243243243246,0.34782608695652173,0.9377431906614786
10,52,7096,0.8117020780697911,0.06796116504854369,0.03783783783783784,0.3333333333333333,0.9377431906614786
10,52,7146,0.8139936417963324,0.06030150753768844,0.032432432432432434,0.42857142857142855,0.9393644617380026
10,52,7196,0.8154144485983053,0.1073170731707317,0.05945945945945946,0.55,0.9406614785992218
10,52,7246,0.8155748021218874,0.10526315789473684,0.05945945945945946,0.4583333333333333,0.9393644617380026
10,52,7296,0.8166245583285943,0.08695652173913043,0.04864864864864865,0.4090909090909091,0.938715953307393
10,52,7346,0.8137512469351034,0.07692307692307693,0.043243243243243246,0.34782608695652173,0.9377431906614786
10,52,7396,0.8114895164222519,0.09803921568627451,0.05405405405405406,0.5263157894736842,0.940337224383917
10,52,7446,0.8120171913893887,0.10679611650485436,0.05945945945945946,0.5238095238095238,0.940337224383917
10,52,7496,0.8094533995879287,0.0970873786407767,0.05405405405405406,0.47619047619047616,0.9396887159533074
10,52,7546,0.8128767608588237,0.08866995073891626,0.04864864864864865,0.5,0.9400129701686122
10,52,7596,0.8153174906538134,0.07804878048780488,0.043243243243243246,0.4,0.938715953307393
10,52,7646,0.8132608634850788,0.09900990099009901,0.05405405405405406,0.5882352941176471,0.9409857328145266
10,52,7696,0.8101824487474711,0.0975609756097561,0.05405405405405406,0.5,0.9400129701686122
10,52,7746,0.8117281821317697,0.09569377990430622,0.05405405405405406,0.4166666666666667,0.938715953307393
10,52,7796,0.8118605670175179,0.10576923076923077,0.05945945945945946,0.4782608695652174,0.9396887159533074
10,52,7846,0.808274987647185,0.09852216748768473,0.05405405405405406,0.5555555555555556,0.9406614785992218
10,52,7896,0.8091476091476092,0.07804878048780488,0.043243243243243246,0.4,0.938715953307393
10,52,7946,0.8048161994350336,0.07920792079207921,0.043243243243243246,0.47058823529411764,0.9396887159533074
10,52,7996,0.811802765165994,0.0975609756097561,0.05405405405405406,0.5,0.9400129701686122
11,53,246,0.5614349775784753,0.05343511450381679,0.03783783783783784,0.09090909090909091,0.9195849546044098
11,53,296,0.566810549770191,0.07885304659498207,0.05945945945945946,0.11702127659574468,0.9166666666666666
11,53,346,0.586108909875726,0.055776892430278883,0.03783783783783784,0.10606060606060606,0.9231517509727627
11,53,396,0.6108499669037787,0.02510460251046025,0.016216216216216217,0.05555555555555555,0.9244487678339819
11,53,446,0.5986369950495511,0.0,0.0,0.0,0.9357976653696498
11,53,496,0.627886596496462,0.010526315789473684,0.005405405405405406,0.2,0.9390402075226978
11,53,546,0.6296467561041552,0.010309278350515464,0.005405405405405406,0.1111111111111111,0.9377431906614786
11,53,596,0.6218472353001501,0.010362694300518135,0.005405405405405406,0.125,0.9380674448767834
11,53,646,0.6127313239420863,0.0,0.0,0.0,0.937094682230869
11,53,696,0.615733291069614,0.0,0.0,0.0,0.9374189364461738
11,53,746,0.6363200730913736,0.0,0.0,0.0,0.9390402075226978
11,53,796,0.6825205336416099,0.010101010101010102,0.005405405405405406,0.07692307692307693,0.9364461738002594
11,53,846,0.6823079719940708,0.03076923076923077,0.016216216216216217,0.3,0.938715953307393
11,53,896,0.6713927449353458,0.03076923076923077,0.016216216216216217,0.3,0.938715953307393
11,53,946,0.6827759805338282,0.041237113402061855,0.021621621621621623,0.4444444444444444,0.9396887159533074
11,53,996,0.6743052124218043,0.04020100502512563,0.021621621621621623,0.2857142857142857,0.9380674448767834
11,53,1046,0.6762406421599247,0.041025641025641026,0.021621621621621623,0.4,0.9393644617380026
11,53,1096,0.700265702059424,0.04040404040404041,0.021621621621621623,0.3076923076923077,0.9383916990920882
11,53,1146,0.7136906482197962,0.03980099502487562,0.021621621621621623,0.25,0.9374189364461738
11,53,1196,0.7311896926246702,0.06,0.032432432432432434,0.4,0.9390402075226978
11,53,1246,0.7309323811565964,0.059113300492610835,0.032432432432432434,0.3333333333333333,0.9380674448767834
11,53,1296,0.7206473807370668,0.06930693069306931,0.03783783783783784,0.4117647058823529,0.9390402075226978
11,53,1346,0.724814707774349,0.049019607843137254,0.02702702702702703,0.2631578947368421,0.937094682230869
11,53,1396,0.7428339688429374,0.07804878048780488,0.043243243243243246,0.4,0.938715953307393
11,53,1446,0.7324930311477397,0.049019607843137254,0.02702702702702703,0.2631578947368421,0.937094682230869
11,53,1496,0.7328696754705722,0.059113300492610835,0.032432432432432434,0.3333333333333333,0.9380674448767834
11,53,1546,0.737566542050847,0.04,0.021621621621621623,0.26666666666666666,0.9377431906614786
11,53,1596,0.73751433392689,0.06,0.032432432432432434,0.4,0.9390402075226978
11,53,1646,0.7590744245452766,0.07,0.03783783783783784,0.4666666666666667,0.9396887159533074
11,53,1696,0.7519517447768569,0.06,0.032432432432432434,0.4,0.9390402075226978
11,53,1746,0.7511406542796678,0.07960199004975124,0.043243243243243246,0.5,0.9400129701686122
11,53,1796,0.7485843207816302,0.06930693069306931,0.03783783783783784,0.4117647058823529,0.9390402075226978
11,53,1846,0.7504861881543496,0.06930693069306931,0.03783783783783784,0.4117647058823529,0.9390402075226978
11,53,1896,0.776485833884937,0.10628019323671498,0.05945945945945946,0.5,0.9400129701686122
11,53,1946,0.7609203546423278,0.07920792079207921,0.043243243243243246,0.47058823529411764,0.9396887159533074
11,53,1996,0.7828160689147237,0.07920792079207921,0.043243243243243246,0.47058823529411764,0.9396887159533074
11,53,2046,0.782761996214911,0.08780487804878048,0.04864864864864865,0.45,0.9393644617380026
11,53,2096,0.7816563027325358,0.09569377990430622,0.05405405405405406,0.4166666666666667,0.938715953307393
11,53,2146,0.7842461985959744,0.07881773399014778,0.043243243243243246,0.4444444444444444,0.9393644617380026
11,53,2196,0.791915199090087,0.08653846153846154,0.04864864864864865,0.391304347826087,0.9383916990920882
11,53,2246,0.7924149054193896,0.06862745098039216,0.03783783783783784,0.3684210526315789,0.9383916990920882
11,53,2296,0.8045514296635374,0.08737864077669903,0.04864864864864865,0.42857142857142855,0.9390402075226978
11,53,2346,0.7967836066490774,0.06965174129353234,0.03783783783783784,0.4375,0.9393644617380026
11,53,2396,0.7966307114289176,0.06,0.032432432432432434,0.4,0.9390402075226978
11,53,2446,0.8025898958634384,0.06896551724137931,0.03783783783783784,0.3888888888888889,0.938715953307393
11,53,2496,0.7991870449269552,0.07,0.03783783783783784,0.4666666666666667,0.9396887159533074
11,53,2546,0.8048814595899798,0.07729468599033816,0.043243243243243246,0.36363636363636365,0.9380674448767834
11,53,2596,0.806650942076951,0.06965174129353234,0.03783783783783784,0.4375,0.9393644617380026
11,53,2646,0.8036079542806001,0.07804878048780488,0.043243243243243246,0.4,0.938715953307393
11,53,2696,0.8116890260388019,0.06030150753768844,0.032432432432432434,0.42857142857142855,0.9393644617380026
11,53,2746,0.8090562449306844,0.07035175879396985,0.03783783783783784,0.5,0.9400129701686122
11,53,2796,0.8084241537156336,0.07960199004975124,0.043243243243243246,0.5,0.9400129701686122
11,53,2846,0.8035109963361086,0.0891089108910891,0.04864864864864865,0.5294117647058824,0.940337224383917
11,53,2896,0.8120115976618218,0.06965174129353234,0.03783783783783784,0.4375,0.9393644617380026
11,53,2946,0.8169974734997157,0.09523809523809523,0.05405405405405406,0.4,0.9383916990920882
11,53,2996,0.8146145455562497,0.0966183574879227,0.05405405405405406,0.45454545454545453,0.9393644617380026
11,53,3046,0.8104602705499566,0.0970873786407767,0.05405405405405406,0.47619047619047616,0.9396887159533074
11,53,3096,0.8092613482748013,0.0970873786407767,0.05405405405405406,0.47619047619047616,0.9396887159533074
11,53,3146,0.8198745140449177,0.0970873786407767,0.05405405405405406,0.47619047619047616,0.9396887159533074
11,53,3196,0.8227925752589429,0.08695652173913043,0.04864864864864865,0.4090909090909091,0.938715953307393
11,53,3246,0.8180602817374119,0.0970873786407767,0.05405405405405406,0.47619047619047616,0.9396887159533074
11,53,3296,0.8164325070154667,0.07881773399014778,0.043243243243243246,0.4444444444444444,0.9393644617380026
11,53,3346,0.8199043472586074,0.07804878048780488,0.043243243243243246,0.4,0.938715953307393
11,53,3396,0.8182579267781063,0.0784313725490196,0.043243243243243246,0.42105263157894735,0.9390402075226978
11,53,3446,0.8186979666800295,0.09803921568627451,0.05405405405405406,0.5263157894736842,0.940337224383917
11,53,3496,0.8166618498457063,0.08780487804878048,0.04864864864864865,0.45,0.9393644617380026
11,53,3546,0.8211871754472652,0.10784313725490197,0.05945945945945946,0.5789473684210527,0.9409857328145266
11,53,3596,0.8187483102281309,0.08780487804878048,0.04864864864864865,0.45,0.9393644617380026
11,53,3646,0.8146387850423725,0.0861244019138756,0.04864864864864865,0.375,0.9380674448767834
11,53,3696,0.815822790710683,0.0970873786407767,0.05405405405405406,0.47619047619047616,0.9396887159533074
11,53,3746,0.8176929602938572,0.1073170731707317,0.05945945945945946,0.55,0.9406614785992218
11,53,3796,0.823532811873619,0.07920792079207921,0.043243243243243246,0.47058823529411764,0.9396887159533074
11,53,3846,0.8171559624474424,0.08955223880597014,0.04864864864864865,0.5625,0.9406614785992218
11,53,3896,0.8198819723483399,0.0891089108910891,0.04864864864864865,0.5294117647058824,0.940337224383917
11,53,3946,0.8182486038988281,0.08780487804878048,0.04864864864864865,0.45,0.9393644617380026
11,53,3996,0.8198968889551851,0.0975609756097561,0.05405405405405406,0.5,0.9400129701686122
11,53,4046,0.8231393863680858,0.10377358490566038,0.05945945945945946,0.4074074074074074,0.9383916990920882
11,53,4096,0.8199509616549975,0.07920792079207921,0.043243243243243246,0.47058823529411764,0.9396887159533074
11,53,4146,0.8248268275174107,0.09803921568627451,0.05405405405405406,0.5263157894736842,0.940337224383917
11,53,4196,0.8263539151431527,0.07035175879396985,0.03783783783783784,0.5,0.9400129701686122
11,53,4246,0.8229753036927925,0.07804878048780488,0.043243243243243246,0.4,0.938715953307393
11,53,4296,0.823281094133112,0.08040201005025126,0.043243243243243246,0.5714285714285714,0.9406614785992218
11,53,4346,0.8211890400231208,0.07920792079207921,0.043243243243243246,0.47058823529411764,0.9396887159533074
11,53,4396,0.8185562589150034,0.07692307692307693,0.043243243243243246,0.34782608695652173,0.9377431906614786
11,53,4446,0.8156307393975555,0.07920792079207921,0.043243243243243246,0.47058823529411764,0.9396887159533074
11,53,4496,0.8205010115324016,0.0891089108910891,0.04864864864864865,0.5294117647058824,0.940337224383917
11,53,4546,0.8214053308223712,0.08955223880597014,0.04864864864864865,0.5625,0.9406614785992218
11,53,4596,0.8199043472586074,0.07960199004975124,0.043243243243243246,0.5,0.9400129701686122
11,53,4646,0.8231580321266421,0.0707070707070707,0.03783783783783784,0.5384615384615384,0.940337224383917
11,53,4696,0.8185674463701371,0.08121827411167512,0.043243243243243246,0.6666666666666666,0.9413099870298314
11,53,4746,0.8243811938879203,0.0707070707070707,0.03783783783783784,0.5384615384615384,0.940337224383917
11,53,4796,0.8217017983834127,0.06965174129353234,0.03783783783783784,0.4375,0.9393644617380026
11,53,4846,0.8267100491315738,0.07035175879396985,0.03783783783783784,0.5,0.9400129701686122
11,53,4896,0.8241145595405686,0.06862745098039216,0.03783783783783784,0.3684210526315789,0.9383916990920882
11,53,4946,0.8246422345077054,0.06965174129353234,0.03783783783783784,0.4375,0.9393644617380026
11,53,4996,0.8232699066779785,0.07,0.03783783783783784,0.4666666666666667,0.9396887159533074
11,53,5046,0.8197626394935813,0.07881773399014778,0.043243243243243246,0.4444444444444444,0.9393644617380026
11,53,5096,0.8245154433495241,0.07920792079207921,0.043243243243243246,0.47058823529411764,0.9396887159533074
11,53,5146,0.8269804126306369,0.06965174129353234,0.03783783783783784,0.4375,0.9393644617380026
11,53,5196,0.8219964013685986,0.06060606060606061,0.032432432432432434,0.46153846153846156,0.9396887159533074
11,53,5246,0.831887976282595,0.06965174129353234,0.03783783783783784,0.4375,0.9393644617380026
11,53,5296,0.8270661831199948,0.07920792079207921,0.043243243243243246,0.47058823529411764,0.9396887159533074
11,53,5346,0.8271929742781762,0.08040201005025126,0.043243243243243246,0.5714285714285714,0.9406614785992218
11,53,5396,0.8232083756747435,0.07106598984771574,0.03783783783783784,0.5833333333333334,0.9406614785992218
11,53,5446,0.8244483186187221,0.07920792079207921,0.043243243243243246,0.47058823529411764,0.9396887159533074
11,53,5496,0.8188322161416332,0.06896551724137931,0.03783783783783784,0.3888888888888889,0.938715953307393
11,53,5546,0.8309426363238022,0.07766990291262135,0.043243243243243246,0.38095238095238093,0.9383916990920882
11,53,5596,0.8292943512674453,0.07,0.03783783783783784,0.4666666666666667,0.9396887159533074
11,53,5646,0.8220896301613791,0.09,0.04864864864864865,0.6,0.9409857328145266
11,53,5696,0.8216645068663007,0.08866995073891626,0.04864864864864865,0.5,0.9400129701686122
11,53,5746,0.828537333470069,0.06930693069306931,0.03783783783783784,0.4117647058823529,0.9390402075226978
11,53,5796,0.8196880564593569,0.05025125628140704,0.02702702702702703,0.35714285714285715,0.938715953307393
11,53,5846,0.8227440962866972,0.06965174129353234,0.03783783783783784,0.4375,0.9393644617380026
11,53,5896,0.8297604952313473,0.07920792079207921,0.043243243243243246,0.47058823529411764,0.9396887159533074
11,53,5946,0.8303198679880295,0.08,0.043243243243243246,0.5333333333333333,0.940337224383917
11,53,5996,0.8243028817019847,0.07881773399014778,0.043243243243243246,0.4444444444444444,0.9393644617380026
11,53,6046,0.8175717628632426,0.06930693069306931,0.03783783783783784,0.4117647058823529,0.9390402075226978
11,53,6096,0.8200535133270559,0.06896551724137931,0.03783783783783784,0.3888888888888889,0.938715953307393
11,53,6146,0.8193729431397594,0.10679611650485436,0.05945945945945946,0.5238095238095238,0.940337224383917
11,53,6196,0.8217894334486263,0.06862745098039216,0.03783783783783784,0.3684210526315789,0.9383916990920882
11,53,6246,0.8238889458620401,0.08040201005025126,0.043243243243243246,0.5714285714285714,0.9406614785992218
11,53,6296,0.8215992467113543,0.0966183574879227,0.05405405405405406,0.45454545454545453,0.9393644617380026
11,53,6346,0.8220747135545341,0.06965174129353234,0.03783783783783784,0.4375,0.9393644617380026
11,53,6396,0.819934180472297,0.06060606060606061,0.032432432432432434,0.46153846153846156,0.9396887159533074
11,53,6446,0.8250207434063936,0.07960199004975124,0.043243243243243246,0.5,0.9400129701686122
11,53,6496,0.8200162218099438,0.06930693069306931,0.03783783783783784,0.4117647058823529,0.9390402075226978
11,53,6546,0.8218882559689735,0.07035175879396985,0.03783783783783784,0.5,0.9400129701686122
11,53,6596,0.8159290715344527,0.06030150753768844,0.032432432432432434,0.42857142857142855,0.9393644617380026
11,53,6646,0.8184835404566346,0.06091370558375635,0.032432432432432434,0.5,0.9400129701686122
11,53,6696,0.8164157258327662,0.06091370558375635,0.032432432432432434,0.5,0.9400129701686122
11,53,6746,0.8160167065996662,0.050505050505050504,0.02702702702702703,0.38461538461538464,0.9390402075226978
11,53,6796,0.8200833465407457,0.06091370558375635,0.032432432432432434,0.5,0.9400129701686122
11,53,6846,0.8175568462563978,0.07881773399014778,0.043243243243243246,0.4444444444444444,0.9393644617380026
11,53,6896,0.8178141577244715,0.04950495049504951,0.02702702702702703,0.29411764705882354,0.9377431906614786
11,53,6946,0.8242413506987497,0.05970149253731343,0.032432432432432434,0.375,0.938715953307393
11,53,6996,0.8174319196740721,0.05970149253731343,0.032432432432432434,0.375,0.938715953307393
11,53,7046,0.8156288748217,0.06896551724137931,0.03783783783783784,0.3888888888888889,0.938715953307393
11,53,7096,0.8201075860268685,0.06060606060606061,0.032432432432432434,0.46153846153846156,0.9396887159533074
11,53,7146,0.8165387878392363,0.06030150753768844,0.032432432432432434,0.42857142857142855,0.9393644617380026
11,53,7196,0.8187967892003767,0.06896551724137931,0.03783783783783784,0.3888888888888889,0.938715953307393
11,53,7246,0.8143087551159299,0.06965174129353234,0.03783783783783784,0.4375,0.9393644617380026
11,53,7296,0.8244781518324119,0.06965174129353234,0.03783783783783784,0.4375,0.9393644617380026
11,53,7346,0.8171951185404099,0.05025125628140704,0.02702702702702703,0.35714285714285715,0.938715953307393
11,53,7396,0.8231654904300644,0.0594059405940594,0.032432432432432434,0.35294117647058826,0.9383916990920882
11,53,7446,0.8156866766732238,0.07804878048780488,0.043243243243243246,0.4,0.938715953307393
11,53,7496,0.8120712640892013,0.06060606060606061,0.032432432432432434,0.46153846153846156,0.9396887159533074
11,53,7546,0.81615095606127,0.06965174129353234,0.03783783783783784,0.4375,0.9393644617380026
11,53,7596,0.8128040424004548,0.05970149253731343,0.032432432432432434,0.375,0.938715953307393
11,53,7646,0.8104639997016679,0.06091370558375635,0.032432432432432434,0.5,0.9400129701686122
11,53,7696,0.8148849090553126,0.07960199004975124,0.043243243243243246,0.5,0.9400129701686122
11,53,7746,0.8121812740646822,0.07960199004975124,0.043243243243243246,0.5,0.9400129701686122
11,53,7796,0.8102887295712408,0.07960199004975124,0.043243243243243246,0.5,0.9400129701686122
11,53,7846,0.811683432311235,0.07881773399014778,0.043243243243243246,0.4444444444444444,0.9393644617380026
11,53,7896,0.813473425132618,0.07960199004975124,0.043243243243243246,0.5,0.9400129701686122
11,53,7946,0.8150247522444832,0.06965174129353234,0.03783783783783784,0.4375,0.9393644617380026
11,53,7996,0.8149054193897243,0.0784313725490196,0.043243243243243246,0.42105263157894735,0.9390402075226978
12,54,246,0.6508162180807922,0.09688581314878893,0.07567567567567568,0.1346153846153846,0.9153696498054474
12,54,296,0.6786245023913186,0.11895910780669144,0.08648648648648649,0.19047619047619047,0.9231517509727627
12,54,346,0.6706842061102152,0.06521739130434782,0.04864864864864865,0.0989010989010989,0.9163424124513618
12,54,396,0.6834528215694134,0.12371134020618557,0.0972972972972973,0.16981132075471697,0.9173151750972762
12,54,446,0.7077295992094199,0.11206896551724138,0.07027027027027027,0.2765957446808511,0.9332036316472114
12,54,496,0.6882429169424685,0.08294930875576037,0.04864864864864865,0.28125,0.935473411154345
12,54,546,0.6735780278381176,0.10091743119266056,0.05945945945945946,0.3333333333333333,0.9364461738002594
12,54,596,0.6582903703979937,0.07692307692307693,0.043243243243243246,0.34782608695652173,0.9377431906614786
12,54,646,0.6570000839059135,0.08695652173913043,0.04864864864864865,0.4090909090909091,0.938715953307393
12,54,696,0.6518743648788493,0.07729468599033816,0.043243243243243246,0.36363636363636365,0.9380674448767834
12,54,746,0.6505244119593896,0.07920792079207921,0.043243243243243246,0.47058823529411764,0.9396887159533074
12,54,796,0.6927328156027709,0.07920792079207921,0.043243243243243246,0.47058823529411764,0.9396887159533074
12,54,846,0.6732964768839209,0.09803921568627451,0.05405405405405406,0.5263157894736842,0.940337224383917
12,54,896,0.698466386358763,0.09615384615384616,0.05405405405405406,0.43478260869565216,0.9390402075226978
12,54,946,0.6968740385780745,0.08823529411764706,0.04864864864864865,0.47368421052631576,0.9396887159533074
12,54,996,0.6881534173013993,0.0966183574879227,0.05405405405405406,0.45454545454545453,0.9393644617380026
12,54,1046,0.6800648872397752,0.09950248756218906,0.05405405405405406,0.625,0.9413099870298314
12,54,1096,0.7162376588385557,0.09900990099009901,0.05405405405405406,0.5882352941176471,0.9409857328145266
12,54,1146,0.7081267538666642,0.09803921568627451,0.05405405405405406,0.5263157894736842,0.940337224383917
12,54,1196,0.681062435322525,0.08823529411764706,0.04864864864864865,0.47368421052631576,0.9396887159533074
12,54,1246,0.7112051686042717,0.07920792079207921,0.043243243243243246,0.47058823529411764,0.9396887159533074
12,54,1296,0.7205466936408641,0.07960199004975124,0.043243243243243246,0.5,0.9400129701686122
12,54,1346,0.7185795661131984,0.07960199004975124,0.043243243243243246,0.5,0.9400129701686122
12,54,1396,0.7352302285037711,0.08866995073891626,0.04864864864864865,0.5,0.9400129701686122
12,54,1446,0.7346913660815007,0.08780487804878048,0.04864864864864865,0.45,0.9393644617380026
12,54,1496,0.7300634888078835,0.07692307692307693,0.043243243243243246,0.34782608695652173,0.9377431906614786
12,54,1546,0.744398347985792,0.0966183574879227,0.05405405405405406,0.45454545454545453,0.9393644617380026
12,54,1596,0.7601297744795503,0.0861244019138756,0.04864864864864865,0.375,0.9380674448767834
12,54,1646,0.7572937546031717,0.10628019323671498,0.05945945945945946,0.5,0.9400129701686122
12,54,1696,0.7697342047117832,0.09615384615384616,0.05405405405405406,0.43478260869565216,0.9390402075226978
12,54,1746,0.757979918518035,0.0861244019138756,0.04864864864864865,0.375,0.9380674448767834
12,54,1796,0.7587238842844224,0.11483253588516747,0.06486486486486487,0.5,0.9400129701686122
12,54,1846,0.7574093583062194,0.10628019323671498,0.05945945945945946,0.5,0.9400129701686122
12,54,1896,0.7892917408612475,0.0975609756097561,0.05405405405405406,0.5,0.9400129701686122
12,54,1946,0.7693463729338169,0.08780487804878048,0.04864864864864865,0.45,0.9393644617380026
12,54,1996,0.7744366650196246,0.0947867298578199,0.05405405405405406,0.38461538461538464,0.9380674448767834
12,54,2046,0.7806065465258291,0.08780487804878048,0.04864864864864865,0.45,0.9393644617380026
12,54,2096,0.7828235272181461,0.10526315789473684,0.05945945945945946,0.4583333333333333,0.9393644617380026
12,54,2146,0.7658335120218528,0.12380952380952381,0.07027027027027027,0.52,0.940337224383917
12,54,2196,0.7768643427836253,0.0966183574879227,0.05405405405405406,0.45454545454545453,0.9393644617380026
12,54,2246,0.7653188890857053,0.0975609756097561,0.05405405405405406,0.5,0.9400129701686122
12,54,2296,0.7811472735239553,0.1073170731707317,0.05945945945945946,0.55,0.9406614785992218
12,54,2346,0.7712967192787821,0.0975609756097561,0.05405405405405406,0.5,0.9400129701686122
12,54,2396,0.7839385435797992,0.09852216748768473,0.05405405405405406,0.5555555555555556,0.9406614785992218
12,54,2446,0.7889803566933612,0.09900990099009901,0.05405405405405406,0.5882352941176471,0.9409857328145266
12,54,2496,0.7739145837800547,0.09045226130653267,0.04864864864864865,0.6428571428571429,0.9413099870298314
12,54,2546,0.7858292234973849,0.10891089108910891,0.05945945945945946,0.6470588235294118,0.9416342412451362
12,54,2596,0.7896143124842676,0.09045226130653267,0.04864864864864865,0.6428571428571429,0.9413099870298314
12,54,2646,0.7901643623616718,0.08955223880597014,0.04864864864864865,0.5625,0.9406614785992218
12,54,2696,0.792124031585915,0.09900990099009901,0.05405405405405406,0.5882352941176471,0.9409857328145266
12,54,2746,0.7916224606807567,0.09803921568627451,0.05405405405405406,0.5263157894736842,0.940337224383917
12,54,2796,0.7875576853155327,0.09137055837563451,0.04864864864864865,0.75,0.941958495460441
12,54,2846,0.7877739761147833,0.10945273631840796,0.05945945945945946,0.6875,0.941958495460441
12,54,2896,0.796311868957609,0.10945273631840796,0.05945945945945946,0.6875,0.941958495460441
12,54,2946,0.8050623234479737,0.10784313725490197,0.05945945945945946,0.5789473684210527,0.9409857328145266
12,54,2996,0.7970371889654402,0.11822660098522167,0.06486486486486487,0.6666666666666666,0.941958495460441
12,54,3046,0.8051014795409415,0.11822660098522167,0.06486486486486487,0.6666666666666666,0.941958495460441
12,54,3096,0.8041374938235925,0.11764705882352941,0.06486486486486487,0.631578947368421,0.9416342412451362
12,54,3146,0.7962223693165398,0.10891089108910891,0.05945945945945946,0.6470588235294118,0.9416342412451362
12,54,3196,0.800289009257619,0.1262135922330097,0.07027027027027027,0.6190476190476191,0.9416342412451362
12,54,3246,0.8052319998508339,0.09852216748768473,0.05405405405405406,0.5555555555555556,0.9406614785992218
12,54,3296,0.8040908794272023,0.10891089108910891,0.05945945945945946,0.6470588235294118,0.9416342412451362
12,54,3346,0.802867717665924,0.13526570048309178,0.07567567567567568,0.6363636363636364,0.941958495460441
12,54,3396,0.8079505514483093,0.10837438423645321,0.05945945945945946,0.6111111111111112,0.9413099870298314
12,54,3446,0.8149818669998042,0.13526570048309178,0.07567567567567568,0.6363636363636364,0.941958495460441
12,54,3496,0.8086068821494832,0.11538461538461539,0.06486486486486487,0.5217391304347826,0.940337224383917
12,54,3546,0.8079337702656089,0.125,0.07027027027027027,0.5652173913043478,0.9409857328145266
12,54,3596,0.8110904971891519,0.12560386473429952,0.07027027027027027,0.5909090909090909,0.9413099870298314
12,54,3646,0.8176183772596329,0.11594202898550725,0.06486486486486487,0.5454545454545454,0.9406614785992218
12,54,3696,0.8145772540391374,0.11428571428571428,0.06486486486486487,0.48,0.9396887159533074
12,54,3746,0.8178421263623058,0.12745098039215685,0.07027027027027027,0.6842105263157895,0.9422827496757458
12,54,3796,0.8133690088847041,0.12560386473429952,0.07027027027027027,0.5909090909090909,0.9413099870298314
12,54,3846,0.8224494933015113,0.11707317073170732,0.06486486486486487,0.6,0.9413099870298314
12,54,3896,0.8206613650559839,0.1073170731707317,0.05945945945945946,0.55,0.9406614785992218
12,54,3946,0.8213288832122914,0.12440191387559808,0.07027027027027027,0.5416666666666666,0.9406614785992218
12,54,3996,0.8190876630338514,0.12380952380952381,0.07027027027027027,0.52,0.940337224383917
12,54,4046,0.8274689315048059,0.11650485436893204,0.06486486486486487,0.5714285714285714,0.9409857328145266
12,54,4096,0.8223003272330627,0.0975609756097561,0.05405405405405406,0.5,0.9400129701686122
12,54,4146,0.8241649030886699,0.11764705882352941,0.06486486486486487,0.631578947368421,0.9416342412451362
12,54,4196,0.8308661887137223,0.12560386473429952,0.07027027027027027,0.5909090909090909,0.9413099870298314
12,54,4246,0.8284608858599889,0.11483253588516747,0.06486486486486487,0.5,0.9400129701686122
12,54,4296,0.8308755115930004,0.1188118811881188,0.06486486486486487,0.7058823529411765,0.9422827496757458
12,54,4346,0.8274204525325601,0.12682926829268293,0.07027027027027027,0.65,0.941958495460441
12,54,4396,0.8226695132524728,0.10628019323671498,0.05945945945945946,0.5,0.9400129701686122
12,54,4446,0.8302471495296607,0.12322274881516587,0.07027027027027027,0.5,0.9400129701686122
12,54,4496,0.8228149501692102,0.10784313725490197,0.05945945945945946,0.5789473684210527,0.9409857328145266
12,54,4546,0.8213866850638151,0.0966183574879227,0.05405405405405406,0.45454545454545453,0.9393644617380026
12,54,4596,0.8242693193365839,0.1073170731707317,0.05945945945945946,0.55,0.9406614785992218
12,54,4646,0.8294043612429263,0.11594202898550725,0.06486486486486487,0.5454545454545454,0.9406614785992218
12,54,4696,0.8222742231710842,0.11538461538461539,0.06486486486486487,0.5217391304347826,0.940337224383917
12,54,4746,0.8278698153137615,0.12149532710280374,0.07027027027027027,0.4482758620689655,0.9390402075226978
12,54,4796,0.83098179241677,0.0966183574879227,0.05405405405405406,0.45454545454545453,0.9393644617380026
12,54,4846,0.8301818893747145,0.11594202898550725,0.06486486486486487,0.5454545454545454,0.9406614785992218
12,54,4896,0.8304708986323336,0.09803921568627451,0.05405405405405406,0.5263157894736842,0.940337224383917
12,54,4946,0.827791503127826,0.11538461538461539,0.06486486486486487,0.5217391304347826,0.940337224383917
12,54,4996,0.8277486178831471,0.0966183574879227,0.05405405405405406,0.45454545454545453,0.9393644617380026
12,54,5046,0.8240511639614779,0.10628019323671498,0.05945945945945946,0.5,0.9400129701686122
12,54,5096,0.825626730559466,0.10628019323671498,0.05945945945945946,0.5,0.9400129701686122
12,54,5146,0.8295926834043424,0.10576923076923077,0.05945945945945946,0.4782608695652174,0.9396887159533074
12,54,5196,0.8278996485274513,0.125,0.07027027027027027,0.5652173913043478,0.9409857328145266
12,54,5246,0.831076885785406,0.09950248756218906,0.05405405405405406,0.625,0.9413099870298314
12,54,5296,0.8294267361531937,0.11650485436893204,0.06486486486486487,0.5714285714285714,0.9409857328145266
12,54,5346,0.8314889570494953,0.08040201005025126,0.043243243243243246,0.5714285714285714,0.9406614785992218
12,54,5396,0.8346773817625834,0.11764705882352941,0.06486486486486487,0.631578947368421,0.9416342412451362
12,54,5446,0.8336183026765986,0.1073170731707317,0.05945945945945946,0.55,0.9406614785992218
12,54,5496,0.8285391980459246,0.11707317073170732,0.06486486486486487,0.6,0.9413099870298314
12,54,5546,0.8310134902063153,0.12682926829268293,0.07027027027027027,0.65,0.941958495460441
12,54,5596,0.8255428246459637,0.10628019323671498,0.05945945945945946,0.5,0.9400129701686122
12,54,5646,0.8239859038065317,0.11650485436893204,0.06486486486486487,0.5714285714285714,0.9409857328145266
12,54,5696,0.8277318367004466,0.11650485436893204,0.06486486486486487,0.5714285714285714,0.9409857328145266
12,54,5746,0.8288449884862441,0.11707317073170732,0.06486486486486487,0.6,0.9413099870298314
12,54,5796,0.8291955287470982,0.11707317073170732,0.06486486486486487,0.6,0.9413099870298314
12,54,5846,0.8272489115538444,0.10945273631840796,0.05945945945945946,0.6875,0.941958495460441
12,54,5896,0.8204376159533111,0.10679611650485436,0.05945945945945946,0.5238095238095238,0.940337224383917
12,54,5946,0.8245657868976255,0.11650485436893204,0.06486486486486487,0.5714285714285714,0.9409857328145266
12,54,5996,0.8144038484845662,0.11538461538461539,0.06486486486486487,0.5217391304347826,0.940337224383917
12,54,6046,0.8270512665131499,0.10891089108910891,0.05945945945945946,0.6470588235294118,0.9416342412451362
12,54,6096,0.8216794234731455,0.08823529411764706,0.04864864864864865,0.47368421052631576,0.9396887159533074
12,54,6146,0.8232978753158126,0.10679611650485436,0.05945945945945946,0.5238095238095238,0.940337224383917
12,54,6196,0.8177153352041244,0.11940298507462686,0.06486486486486487,0.75,0.9426070038910506
12,54,6246,0.8152466367713005,0.11594202898550725,0.06486486486486487,0.5454545454545454,0.9406614785992218
12,54,6296,0.8177768662073595,0.10837438423645321,0.05945945945945946,0.6111111111111112,0.9413099870298314
12,54,6346,0.819492275994518,0.13270142180094788,0.07567567567567568,0.5384615384615384,0.9406614785992218
12,54,6396,0.8167718598211874,0.10784313725490197,0.05945945945945946,0.5789473684210527,0.9409857328145266
12,54,6446,0.8206389901457166,0.11594202898550725,0.06486486486486487,0.5454545454545454,0.9406614785992218
12,54,6496,0.8192815789228346,0.10679611650485436,0.05945945945945946,0.5238095238095238,0.940337224383917
12,54,6546,0.8235999366044209,0.10837438423645321,0.05945945945945946,0.6111111111111112,0.9413099870298314
12,54,6596,0.8209037599172128,0.09852216748768473,0.05405405405405406,0.5555555555555556,0.9406614785992218
12,54,6646,0.8189981633927822,0.11707317073170732,0.06486486486486487,0.6,0.9413099870298314
12,54,6696,0.8194680365083953,0.11650485436893204,0.06486486486486487,0.5714285714285714,0.9409857328145266
12,54,6746,0.821368039305259,0.11707317073170732,0.06486486486486487,0.6,0.9413099870298314
12,54,6796,0.8196582232456672,0.13333333333333333,0.07567567567567568,0.56,0.9409857328145266
12,54,6846,0.8261898324678594,0.10784313725490197,0.05945945945945946,0.5789473684210527,0.9409857328145266
12,54,6896,0.8197887435555598,0.1320754716981132,0.07567567567567568,0.5185185185185185,0.940337224383917
12,54,6946,0.8254775644910174,0.11374407582938388,0.06486486486486487,0.46153846153846156,0.9393644617380026
12,54,6996,0.8210808946234956,0.11483253588516747,0.06486486486486487,0.5,0.9400129701686122
12,54,7046,0.8234917912047958,0.12560386473429952,0.07027027027027027,0.5909090909090909,0.9413099870298314
12,54,7096,0.8161789246991041,0.09615384615384616,0.05405405405405406,0.43478260869565216,0.9390402075226978
12,54,7146,0.8235962074527097,0.125,0.07027027027027027,0.5652173913043478,0.9409857328145266
12,54,7196,0.8190895276097071,0.11707317073170732,0.06486486486486487,0.6,0.9413099870298314
12,54,7246,0.8202269188816275,0.12440191387559808,0.07027027027027027,0.5416666666666666,0.9406614785992218
12,54,7296,0.8177433038419585,0.10784313725490197,0.05945945945945946,0.5789473684210527,0.9409857328145266
12,54,7346,0.8181068961338019,0.10679611650485436,0.05945945945945946,0.5238095238095238,0.940337224383917
12,54,7396,0.8149501692102589,0.11374407582938388,0.06486486486486487,0.46153846153846156,0.9393644617380026
12,54,7446,0.8164903088669905,0.08080808080808081,0.043243243243243246,0.6153846153846154,0.9409857328145266
12,54,7496,0.8183959053914212,0.11707317073170732,0.06486486486486487,0.6,0.9413099870298314
12,54,7546,0.8150228876686276,0.07920792079207921,0.043243243243243246,0.47058823529411764,0.9396887159533074
12,54,7596,0.8208347706105554,0.1073170731707317,0.05945945945945946,0.55,0.9406614785992218
12,54,7646,0.8195687236045981,0.10679611650485436,0.05945945945945946,0.5238095238095238,0.940337224383917
12,54,7696,0.8148103260210884,0.08823529411764706,0.04864864864864865,0.47368421052631576,0.9396887159533074
12,54,7746,0.8215265282529856,0.08955223880597014,0.04864864864864865,0.5625,0.9406614785992218
12,54,7796,0.8160278940547998,0.08780487804878048,0.04864864864864865,0.45,0.9393644617380026
12,54,7846,0.8209335931309025,0.08955223880597014,0.04864864864864865,0.5625,0.9406614785992218
12,54,7896,0.8160707792994789,0.08737864077669903,0.04864864864864865,0.42857142857142855,0.9390402075226978
12,54,7946,0.8170888377166404,0.08866995073891626,0.04864864864864865,0.5,0.9400129701686122
12,54,7996,0.814683534862907,0.0975609756097561,0.05405405405405406,0.5,0.9400129701686122
13,55,246,0.6819331922470936,0.08097165991902834,0.05405405405405406,0.16129032258064516,0.9263942931258107
13,55,296,0.6645087308764439,0.06504065040650407,0.043243243243243246,0.13114754098360656,0.9254215304798963
13,55,346,0.7003104518799587,0.06060606060606061,0.03783783783783784,0.15217391304347827,0.9296368352788587
13,55,396,0.696282968031847,0.0847457627118644,0.05405405405405406,0.19607843137254902,0.9299610894941635
13,55,446,0.6745699821933007,0.029850746268656716,0.016216216216216217,0.1875,0.9367704280155642
13,55,496,0.6536885971863551,0.04081632653061224,0.021621621621621623,0.36363636363636365,0.9390402075226978
13,55,546,0.6485181283387561,0.0,0.0,0.0,0.9380674448767834
13,55,596,0.6990854255428246,0.041666666666666664,0.021621621621621623,0.5714285714285714,0.940337224383917
13,55,646,0.6827927617165286,0.06153846153846154,0.032432432432432434,0.6,0.9406614785992218
13,55,696,0.7060570746669401,0.06030150753768844,0.032432432432432434,0.42857142857142855,0.9393644617380026
13,55,746,0.6801469285774219,0.07035175879396985,0.03783783783783784,0.5,0.9400129701686122
13,55,796,0.69366696810643,0.0707070707070707,0.03783783783783784,0.5384615384615384,0.940337224383917
13,55,846,0.6975434213102375,0.06153846153846154,0.032432432432432434,0.6,0.9406614785992218
13,55,896,0.7024659015690405,0.061224489795918366,0.032432432432432434,0.5454545454545454,0.940337224383917
13,55,946,0.7046549136235235,0.07106598984771574,0.03783783783783784,0.5833333333333334,0.9406614785992218
13,55,996,0.7122269561731446,0.06030150753768844,0.032432432432432434,0.42857142857142855,0.9393644617380026
13,55,1046,0.7231887976282596,0.08040201005025126,0.043243243243243246,0.5714285714285714,0.9406614785992218
13,55,1096,0.7019027996606472,0.06030150753768844,0.032432432432432434,0.42857142857142855,0.9393644617380026
13,55,1146,0.7026225259409117,0.050505050505050504,0.02702702702702703,0.38461538461538464,0.9390402075226978
13,55,1196,0.7010339073119343,0.05,0.02702702702702703,0.3333333333333333,0.9383916990920882
13,55,1246,0.7070415707187007,0.05,0.02702702702702703,0.3333333333333333,0.9383916990920882
13,55,1296,0.7125942776166991,0.05102040816326531,0.02702702702702703,0.45454545454545453,0.9396887159533074
13,55,1346,0.713416555569022,0.04975124378109453,0.02702702702702703,0.3125,0.9380674448767834
13,55,1396,0.7167690629574037,0.04060913705583756,0.021621621621621623,0.3333333333333333,0.938715953307393
13,55,1446,0.7204161733309715,0.06030150753768844,0.032432432432432434,0.42857142857142855,0.9393644617380026
13,55,1496,0.7309118708221848,0.06,0.032432432432432434,0.4,0.9390402075226978
13,55,1546,0.7309174645497515,0.06060606060606061,0.032432432432432434,0.46153846153846156,0.9396887159533074
13,55,1596,0.7512730391654159,0.07035175879396985,0.03783783783783784,0.5,0.9400129701686122
13,55,1646,0.7612074993240913,0.06030150753768844,0.032432432432432434,0.42857142857142855,0.9393644617380026
13,55,1696,0.7598556818287759,0.06060606060606061,0.032432432432432434,0.46153846153846156,0.9396887159533074
13,55,1746,0.7683842517923236,0.06060606060606061,0.032432432432432434,0.46153846153846156,0.9396887159533074
13,55,1796,0.7531506670520125,0.07,0.03783783783783784,0.4666666666666667,0.9396887159533074
13,55,1846,0.7602341907274643,0.050505050505050504,0.02702702702702703,0.38461538461538464,0.9390402075226978
13,55,1896,0.770304764923599,0.07,0.03783783783783784,0.4666666666666667,0.9396887159533074
13,55,1946,0.7544260369372477,0.06091370558375635,0.032432432432432434,0.5,0.9400129701686122
13,55,1996,0.7597195677913169,0.06060606060606061,0.032432432432432434,0.46153846153846156,0.9396887159533074
13,55,2046,0.7693911227543514,0.07,0.03783783783783784,0.4666666666666667,0.9396887159533074
13,55,2096,0.7586772698880322,0.050505050505050504,0.02702702702702703,0.38461538461538464,0.9390402075226978
13,55,2146,0.7719754248902232,0.07960199004975124,0.043243243243243246,0.5,0.9400129701686122
13,55,2196,0.767817420732219,0.06030150753768844,0.032432432432432434,0.42857142857142855,0.9393644617380026
13,55,2246,0.7769948630935178,0.0707070707070707,0.03783783783783784,0.5384615384615384,0.940337224383917
13,55,2296,0.7810428572760412,0.07,0.03783783783783784,0.4666666666666667,0.9396887159533074
13,55,2346,0.7822249983684963,0.06965174129353234,0.03783783783783784,0.4375,0.9393644617380026
13,55,2396,0.788924419417693,0.050505050505050504,0.02702702702702703,0.38461538461538464,0.9390402075226978
13,55,2446,0.7769445195454164,0.06030150753768844,0.032432432432432434,0.42857142857142855,0.9393644617380026
13,55,2496,0.7909381613417487,0.06030150753768844,0.032432432432432434,0.42857142857142855,0.9393644617380026
13,55,2546,0.7729916187315291,0.07035175879396985,0.03783783783783784,0.5,0.9400129701686122
13,55,2596,0.7961254113720481,0.06930693069306931,0.03783783783783784,0.4117647058823529,0.9390402075226978
13,55,2646,0.7918070536904618,0.07960199004975124,0.043243243243243246,0.5,0.9400129701686122
13,55,2696,0.7979601540139657,0.08,0.043243243243243246,0.5333333333333333,0.940337224383917
13,55,2746,0.7994014711503502,0.08866995073891626,0.04864864864864865,0.5,0.9400129701686122
13,55,2796,0.8023046157575306,0.0975609756097561,0.05405405405405406,0.5,0.9400129701686122
13,55,2846,0.8056011858702442,0.09569377990430622,0.05405405405405406,0.4166666666666667,0.938715953307393
13,55,2896,0.7994630021535851,0.08,0.043243243243243246,0.5333333333333333,0.940337224383917
13,55,2946,0.8194326095671387,0.11650485436893204,0.06486486486486487,0.5714285714285714,0.9409857328145266
13,55,2996,0.8143143488434968,0.09,0.04864864864864865,0.6,0.9409857328145266
13,55,3046,0.806285485209252,0.07960199004975124,0.043243243243243246,0.5,0.9400129701686122
13,55,3096,0.8067348479904535,0.0891089108910891,0.04864864864864865,0.5294117647058824,0.940337224383917
13,55,3146,0.8111259241304085,0.08866995073891626,0.04864864864864865,0.5,0.9400129701686122
13,55,3196,0.8142360366575613,0.0975609756097561,0.05405405405405406,0.5,0.9400129701686122
13,55,3246,0.8060449549238787,0.09803921568627451,0.05405405405405406,0.5263157894736842,0.940337224383917
13,55,3296,0.8078983433243524,0.0891089108910891,0.04864864864864865,0.5294117647058824,0.940337224383917
13,55,3346,0.8133149361848915,0.08866995073891626,0.04864864864864865,0.5,0.9400129701686122
13,55,3396,0.8130781350512293,0.09803921568627451,0.05405405405405406,0.5263157894736842,0.940337224383917
13,55,3446,0.8141073809235245,0.07804878048780488,0.043243243243243246,0.4,0.938715953307393
13,55,3496,0.8053587910090152,0.0966183574879227,0.05405405405405406,0.45454545454545453,0.9393644617380026
13,55,3546,0.8175978669252214,0.09950248756218906,0.05405405405405406,0.625,0.9413099870298314
13,55,3596,0.8068597745727791,0.1073170731707317,0.05945945945945946,0.55,0.9406614785992218
13,55,3646,0.8069026598174581,0.08866995073891626,0.04864864864864865,0.5,0.9400129701686122
13,55,3696,0.8102439797507062,0.08040201005025126,0.043243243243243246,0.5714285714285714,0.9406614785992218
13,55,3746,0.81654997529437,0.09803921568627451,0.05405405405405406,0.5263157894736842,0.940337224383917
13,55,3796,0.81667303730084,0.09852216748768473,0.05405405405405406,0.5555555555555556,0.9406614785992218
13,55,3846,0.814864398720901,0.06965174129353234,0.03783783783783784,0.4375,0.9393644617380026
13,55,3896,0.8181516459543366,0.11,0.05945945945945946,0.7333333333333333,0.9422827496757458
13,55,3946,0.8166208291768831,0.09900990099009901,0.05405405405405406,0.5882352941176471,0.9409857328145266
13,55,3996,0.81535291759507,0.08780487804878048,0.04864864864864865,0.45,0.9393644617380026
13,55,4046,0.8113254337469584,0.10891089108910891,0.05945945945945946,0.6470588235294118,0.9416342412451362
13,55,4096,0.8219367349412193,0.11650485436893204,0.06486486486486487,0.5714285714285714,0.9409857328145266
13,55,4146,0.8153846153846154,0.11707317073170732,0.06486486486486487,0.6,0.9413099870298314
13,55,4196,0.8219255474860856,0.1073170731707317,0.05945945945945946,0.55,0.9406614785992218
13,55,4246,0.8234116144430046,0.09900990099009901,0.05405405405405406,0.5882352941176471,0.9409857328145266
13,55,4296,0.8251158367750295,0.10576923076923077,0.05945945945945946,0.4782608695652174,0.9396887159533074
13,55,4346,0.8191137670958298,0.08780487804878048,0.04864864864864865,0.45,0.9393644617380026
13,55,4396,0.8257479279900806,0.08866995073891626,0.04864864864864865,0.5,0.9400129701686122
13,55,4446,0.8188508619001893,0.07920792079207921,0.043243243243243246,0.47058823529411764,0.9396887159533074
13,55,4496,0.8203872724052097,0.09803921568627451,0.05405405405405406,0.5263157894736842,0.940337224383917
13,55,4546,0.8209056244930684,0.08866995073891626,0.04864864864864865,0.5,0.9400129701686122
13,55,4596,0.8156288748217,0.08695652173913043,0.04864864864864865,0.4090909090909091,0.938715953307393
13,55,4646,0.8307934702553537,0.09569377990430622,0.05405405405405406,0.4166666666666667,0.938715953307393
13,55,4696,0.8213997370948044,0.0975609756097561,0.05405405405405406,0.5,0.9400129701686122
13,55,4746,0.8290295814959492,0.0970873786407767,0.05405405405405406,0.47619047619047616,0.9396887159533074
13,55,4796,0.8258933649068179,0.08866995073891626,0.04864864864864865,0.5,0.9400129701686122
13,55,4846,0.8236987591247681,0.11707317073170732,0.06486486486486487,0.6,0.9413099870298314
13,55,4896,0.8181050315579463,0.06896551724137931,0.03783783783783784,0.3888888888888889,0.938715953307393
13,55,4946,0.824644099083561,0.09615384615384616,0.05405405405405406,0.43478260869565216,0.9390402075226978
13,55,4996,0.827729972124591,0.10679611650485436,0.05945945945945946,0.5238095238095238,0.940337224383917
13,55,5046,0.8240772680234564,0.08823529411764706,0.04864864864864865,0.47368421052631576,0.9396887159533074
13,55,5096,0.8183474264191753,0.0975609756097561,0.05405405405405406,0.5,0.9400129701686122
13,55,5146,0.818880695113879,0.06896551724137931,0.03783783783783784,0.3888888888888889,0.938715953307393
13,55,5196,0.8302751181674948,0.07920792079207921,0.043243243243243246,0.47058823529411764,0.9396887159533074
13,55,5246,0.8244334020118774,0.07881773399014778,0.043243243243243246,0.4444444444444444,0.9393644617380026
13,55,5296,0.83058277318367,0.07920792079207921,0.043243243243243246,0.47058823529411764,0.9396887159533074
13,55,5346,0.8215973821354988,0.07035175879396985,0.03783783783783784,0.5,0.9400129701686122
13,55,5396,0.8234507705359724,0.07920792079207921,0.043243243243243246,0.47058823529411764,0.9396887159533074
13,55,5446,0.8264676542703449,0.0594059405940594,0.032432432432432434,0.35294117647058826,0.9383916990920882
13,55,5496,0.8232680421021229,0.05970149253731343,0.032432432432432434,0.375,0.938715953307393
13,55,5546,0.8279630441065418,0.0975609756097561,0.05405405405405406,0.5,0.9400129701686122
13,55,5596,0.8237062174281906,0.08866995073891626,0.04864864864864865,0.5,0.9400129701686122
13,55,5646,0.8249107334309128,0.07106598984771574,0.03783783783783784,0.5833333333333334,0.9406614785992218
13,55,5696,0.8220094533995881,0.07920792079207921,0.043243243243243246,0.47058823529411764,0.9396887159533074
13,55,5746,0.8183474264191755,0.06896551724137931,0.03783783783783784,0.3888888888888889,0.938715953307393
13,55,5796,0.8225837427631149,0.09900990099009901,0.05405405405405406,0.5882352941176471,0.9409857328145266
13,55,5846,0.8222965980813515,0.06,0.032432432432432434,0.4,0.9390402075226978
13,55,5896,0.8186233836458051,0.1073170731707317,0.05945945945945946,0.55,0.9406614785992218
13,55,5946,0.8245210370770909,0.07804878048780488,0.043243243243243246,0.4,0.938715953307393
13,55,5996,0.815994331689399,0.06896551724137931,0.03783783783783784,0.3888888888888889,0.938715953307393
13,55,6046,0.8184070928465548,0.08653846153846154,0.04864864864864865,0.391304347826087,0.9383916990920882
13,55,6096,0.8119537958102983,0.0966183574879227,0.05405405405405406,0.45454545454545453,0.9393644617380026
13,55,6146,0.8204003244361988,0.08866995073891626,0.04864864864864865,0.5,0.9400129701686122
13,55,6196,0.8231748133093426,0.06930693069306931,0.03783783783783784,0.4117647058823529,0.9390402075226978
13,55,6246,0.8160092482962438,0.08780487804878048,0.04864864864864865,0.45,0.9393644617380026
13,55,6296,0.8182169061092828,0.07881773399014778,0.043243243243243246,0.4444444444444444,0.9393644617380026
13,55,6346,0.8181292710440692,0.0673076923076923,0.03783783783783784,0.30434782608695654,0.937094682230869
13,55,6396,0.8225017014254683,0.08695652173913043,0.04864864864864865,0.4090909090909091,0.938715953307393
13,55,6446,0.8170067963789938,0.08823529411764706,0.04864864864864865,0.47368421052631576,0.9396887159533074
13,55,6496,0.8158209261348275,0.07804878048780488,0.043243243243243246,0.4,0.938715953307393
13,55,6546,0.8157015932800686,0.11320754716981132,0.06486486486486487,0.4444444444444444,0.9390402075226978
13,55,6596,0.8209373222826137,0.08823529411764706,0.04864864864864865,0.47368421052631576,0.9396887159533074
13,55,6646,0.8158134678314051,0.11650485436893204,0.06486486486486487,0.5714285714285714,0.9409857328145266
13,55,6696,0.8206669587835508,0.08695652173913043,0.04864864864864865,0.4090909090909091,0.938715953307393
13,55,6746,0.8189851113617931,0.07881773399014778,0.043243243243243246,0.4444444444444444,0.9393644617380026
13,55,6796,0.8172902119090459,0.10476190476190476,0.05945945945945946,0.44,0.9390402075226978
13,55,6846,0.8172939410607573,0.08780487804878048,0.04864864864864865,0.45,0.9393644617380026
13,55,6896,0.8168389845519891,0.08780487804878048,0.04864864864864865,0.45,0.9393644617380026
13,55,6946,0.8168613594622564,0.11428571428571428,0.06486486486486487,0.48,0.9396887159533074
13,55,6996,0.8172976702124684,0.0966183574879227,0.05405405405405406,0.45454545454545453,0.9393644617380026
13,55,7046,0.8175810857425208,0.08695652173913043,0.04864864864864865,0.4090909090909091,0.938715953307393
13,55,7096,0.8117039426456467,0.049019607843137254,0.02702702702702703,0.2631578947368421,0.937094682230869
13,55,7146,0.8211517485060086,0.07655502392344497,0.043243243243243246,0.3333333333333333,0.9374189364461738
13,55,7196,0.8238348731622274,0.09803921568627451,0.05405405405405406,0.5263157894736842,0.940337224383917
13,55,7246,0.8194065055051601,0.08866995073891626,0.04864864864864865,0.5,0.9400129701686122
13,55,7296,0.8218845268172623,0.07920792079207921,0.043243243243243246,0.47058823529411764,0.9396887159533074
13,55,7346,0.8188564556277561,0.0966183574879227,0.05405405405405406,0.45454545454545453,0.9393644617380026
13,55,7396,0.8138854963967072,0.07804878048780488,0.043243243243243246,0.4,0.938715953307393
13,55,7446,0.8154853024808182,0.06829268292682927,0.03783783783783784,0.35,0.9380674448767834
13,55,7496,0.8195631298770313,0.06862745098039216,0.03783783783783784,0.3684210526315789,0.9383916990920882
13,55,7546,0.8181292710440693,0.06965174129353234,0.03783783783783784,0.4375,0.9393644617380026
13,55,7596,0.8182187706851384,0.07804878048780488,0.043243243243243246,0.4,0.938715953307393
13,55,7646,0.8118344629555392,0.0784313725490196,0.043243243243243246,0.42105263157894735,0.9390402075226978
13,55,7696,0.8200796173890343,0.07729468599033816,0.043243243243243246,0.36363636363636365,0.9380674448767834
13,55,7746,0.8185189673978912,0.07881773399014778,0.043243243243243246,0.4444444444444444,0.9393644617380026
13,55,7796,0.8144262233948333,0.08780487804878048,0.04864864864864865,0.45,0.9393644617380026
13,55,7846,0.8171857956611319,0.08866995073891626,0.04864864864864865,0.5,0.9400129701686122
13,55,7896,0.8187371227729973,0.06930693069306931,0.03783783783783784,0.4117647058823529,0.9390402075226978
13,55,7946,0.8170645982305176,0.08737864077669903,0.04864864864864865,0.42857142857142855,0.9390402075226978
13,55,7996,0.8203630329190869,0.08866995073891626,0.04864864864864865,0.5,0.9400129701686122
14,56,246,0.6263287433691022,0.10699588477366255,0.07027027027027027,0.22413793103448276,0.9296368352788587
14,56,296,0.6886046446584564,0.09302325581395349,0.06486486486486487,0.1643835616438356,0.9241245136186771
14,56,346,0.6599796761231738,0.10638297872340426,0.08108108108108109,0.15463917525773196,0.9182879377431906
14,56,396,0.6750323970054912,0.08494208494208494,0.05945945945945946,0.14864864864864866,0.9231517509727627
14,56,446,0.6480352031921538,0.05555555555555555,0.032432432432432434,0.1935483870967742,0.933852140077821
14,56,496,0.6254328146704828,0.020100502512562814,0.010810810810810811,0.14285714285714285,0.9367704280155642
14,56,546,0.6445577692214464,0.010362694300518135,0.005405405405405406,0.125,0.9380674448767834
14,56,596,0.6198614620139283,0.020512820512820513,0.010810810810810811,0.2,0.9380674448767834
14,56,646,0.6514809393733161,0.020942408376963352,0.010810810810810811,0.3333333333333333,0.9393644617380026
14,56,696,0.68316567688765,0.04081632653061224,0.021621621621621623,0.36363636363636365,0.9390402075226978
14,56,746,0.6774712622246255,0.030927835051546393,0.016216216216216217,0.3333333333333333,0.9390402075226978
14,56,796,0.6581729021190905,0.050505050505050504,0.02702702702702703,0.38461538461538464,0.9390402075226978
14,56,846,0.6574196134734251,0.050761421319796954,0.02702702702702703,0.4166666666666667,0.9393644617380026
14,56,896,0.7092212598939056,0.06060606060606061,0.032432432432432434,0.46153846153846156,0.9396887159533074
14,56,946,0.6896320259548959,0.08,0.043243243243243246,0.5333333333333333,0.940337224383917
14,56,996,0.6867960060785173,0.07106598984771574,0.03783783783783784,0.5833333333333334,0.9406614785992218
14,56,1046,0.685226033208096,0.06060606060606061,0.032432432432432434,0.46153846153846156,0.9396887159533074
14,56,1096,0.700413003552017,0.05154639175257732,0.02702702702702703,0.5555555555555556,0.940337224383917
14,56,1146,0.7233883072448095,0.06153846153846154,0.032432432432432434,0.6,0.9406614785992218
14,56,1196,0.7214976273272237,0.0707070707070707,0.03783783783783784,0.5384615384615384,0.940337224383917
14,56,1246,0.7348013760569814,0.06091370558375635,0.032432432432432434,0.5,0.9400129701686122
14,56,1296,0.7408817579221166,0.06030150753768844,0.032432432432432434,0.42857142857142855,0.9393644617380026
14,56,1346,0.7449502624390517,0.0625,0.032432432432432434,0.8571428571428571,0.9416342412451362
14,56,1396,0.7267408146331913,0.05128205128205128,0.02702702702702703,0.5,0.9400129701686122
14,56,1446,0.7459944249181918,0.06030150753768844,0.032432432432432434,0.42857142857142855,0.9393644617380026
14,56,1496,0.7415958904748143,0.06153846153846154,0.032432432432432434,0.6,0.9406614785992218
14,56,1546,0.7542973812032108,0.05025125628140704,0.02702702702702703,0.35714285714285715,0.938715953307393
14,56,1596,0.7414504535580769,0.06862745098039216,0.03783783783783784,0.3684210526315789,0.9383916990920882
14,56,1646,0.7313836085136534,0.07920792079207921,0.043243243243243246,0.47058823529411764,0.9396887159533074
14,56,1696,0.7445680243886521,0.05853658536585366,0.032432432432432434,0.3,0.9374189364461738
14,56,1746,0.7477527199500293,0.061224489795918366,0.032432432432432434,0.5454545454545454,0.940337224383917
14,56,1796,0.7426008968609865,0.050505050505050504,0.02702702702702703,0.38461538461538464,0.9390402075226978
14,56,1846,0.7584236875716698,0.07,0.03783783783783784,0.4666666666666667,0.9396887159533074
14,56,1896,0.7556510632743817,0.04060913705583756,0.021621621621621623,0.3333333333333333,0.938715953307393
14,56,1946,0.7366305249713322,0.050505050505050504,0.02702702702702703,0.38461538461538464,0.9390402075226978
14,56,1996,0.7545397760644398,0.06930693069306931,0.03783783783783784,0.4117647058823529,0.9390402075226978
14,56,2046,0.760942729552595,0.050761421319796954,0.02702702702702703,0.4166666666666667,0.9393644617380026
14,56,2096,0.7420638990145717,0.050761421319796954,0.02702702702702703,0.4166666666666667,0.9393644617380026
14,56,2146,0.7569571986612346,0.050761421319796954,0.02702702702702703,0.4166666666666667,0.9393644617380026
14,56,2196,0.7474133671443091,0.06153846153846154,0.032432432432432434,0.6,0.9406614785992218
14,56,2246,0.7661057400967715,0.050505050505050504,0.02702702702702703,0.38461538461538464,0.9390402075226978
14,56,2296,0.7623392968684449,0.04950495049504951,0.02702702702702703,0.29411764705882354,0.9377431906614786
14,56,2346,0.7521027754211611,0.05025125628140704,0.02702702702702703,0.35714285714285715,0.938715953307393
14,56,2396,0.7632492098859812,0.05025125628140704,0.02702702702702703,0.35714285714285715,0.938715953307393
14,56,2446,0.768861583211359,0.0594059405940594,0.032432432432432434,0.35294117647058826,0.9383916990920882
14,56,2496,0.7705844513019402,0.06896551724137931,0.03783783783783784,0.3888888888888889,0.938715953307393
14,56,2546,0.7645450901056281,0.06030150753768844,0.032432432432432434,0.42857142857142855,0.9393644617380026
14,56,2596,0.7598016091289634,0.07960199004975124,0.043243243243243246,0.5,0.9400129701686122
14,56,2646,0.7674799325023541,0.06829268292682927,0.03783783783783784,0.35,0.9380674448767834
14,56,2696,0.7679013266457213,0.0966183574879227,0.05405405405405406,0.45454545454545453,0.9393644617380026
14,56,2746,0.7641535291759507,0.08955223880597014,0.04864864864864865,0.5625,0.9406614785992218
14,56,2796,0.7535198530714227,0.04020100502512563,0.021621621621621623,0.2857142857142857,0.9380674448767834
14,56,2846,0.7589979769351968,0.05970149253731343,0.032432432432432434,0.375,0.938715953307393
14,56,2896,0.7693985810577738,0.07766990291262135,0.043243243243243246,0.38095238095238093,0.9383916990920882
14,56,2946,0.7734260649058856,0.06896551724137931,0.03783783783783784,0.3888888888888889,0.938715953307393
14,56,2996,0.7752925053373483,0.06796116504854369,0.03783783783783784,0.3333333333333333,0.9377431906614786
14,56,3046,0.7816096883361456,0.06862745098039216,0.03783783783783784,0.3684210526315789,0.9383916990920882
14,56,3096,0.7749904440487401,0.06862745098039216,0.03783783783783784,0.3684210526315789,0.9383916990920882
14,56,3146,0.7850983097619869,0.058823529411764705,0.032432432432432434,0.3157894736842105,0.9377431906614786
14,56,3196,0.7814605222676971,0.06896551724137931,0.03783783783783784,0.3888888888888889,0.938715953307393
14,56,3246,0.7855830994844448,0.06896551724137931,0.03783783783783784,0.3888888888888889,0.938715953307393
14,56,3296,0.7967556380112434,0.0784313725490196,0.043243243243243246,0.42105263157894735,0.9390402075226978
14,56,3346,0.8118531087140953,0.07766990291262135,0.043243243243243246,0.38095238095238093,0.9383916990920882
14,56,3396,0.8180490942822781,0.07692307692307693,0.043243243243243246,0.34782608695652173,0.9377431906614786
14,56,3446,0.8250076913754042,0.07766990291262135,0.043243243243243246,0.38095238095238093,0.9383916990920882
14,56,3496,0.8191510586129421,0.08737864077669903,0.04864864864864865,0.42857142857142855,0.9390402075226978
14,56,3546,0.8177153352041244,0.08653846153846154,0.04864864864864865,0.391304347826087,0.9383916990920882
14,56,3596,0.8247578382107531,0.08780487804878048,0.04864864864864865,0.45,0.9393644617380026
14,56,3646,0.8166637144215619,0.09523809523809523,0.05405405405405406,0.4,0.9383916990920882
14,56,3696,0.8134454564947838,0.08695652173913043,0.04864864864864865,0.4090909090909091,0.938715953307393
14,56,3746,0.8148513466899118,0.08695652173913043,0.04864864864864865,0.4090909090909091,0.938715953307393
14,56,3796,0.8287890512105759,0.0966183574879227,0.05405405405405406,0.45454545454545453,0.9393644617380026
14,56,3846,0.8265534247597028,0.125,0.07027027027027027,0.5652173913043478,0.9409857328145266
14,56,3896,0.8195668590287425,0.08780487804878048,0.04864864864864865,0.45,0.9393644617380026
14,56,3946,0.8191436003095197,0.0891089108910891,0.04864864864864865,0.5294117647058824,0.940337224383917
14,56,3996,0.8150676374891622,0.0966183574879227,0.05405405405405406,0.45454545454545453,0.9393644617380026
14,56,4046,0.8204599908635783,0.0970873786407767,0.05405405405405406,0.47619047619047616,0.9396887159533074
14,56,4096,0.8075981466115996,0.08695652173913043,0.04864864864864865,0.4090909090909091,0.938715953307393
14,56,4146,0.8208851141586568,0.08823529411764706,0.04864864864864865,0.47368421052631576,0.9396887159533074
14,56,4196,0.8192386936781555,0.10050251256281408,0.05405405405405406,0.7142857142857143,0.941958495460441
14,56,4246,0.8237565609762919,0.10679611650485436,0.05945945945945946,0.5238095238095238,0.940337224383917
14,56,4296,0.8177209289316913,0.0891089108910891,0.04864864864864865,0.5294117647058824,0.940337224383917
14,56,4346,0.8144504628809561,0.08653846153846154,0.04864864864864865,0.391304347826087,0.9383916990920882
14,56,4396,0.8172212226023886,0.0975609756097561,0.05405405405405406,0.5,0.9400129701686122
14,56,4446,0.8145623374322927,0.09900990099009901,0.05405405405405406,0.5882352941176471,0.9409857328145266
14,56,4496,0.8197253479764691,0.09852216748768473,0.05405405405405406,0.5555555555555556,0.9406614785992218
14,56,4546,0.8186923729524626,0.0975609756097561,0.05405405405405406,0.5,0.9400129701686122
14,56,4596,0.8158544885002285,0.09852216748768473,0.05405405405405406,0.5555555555555556,0.9406614785992218
14,56,4646,0.8156997287042129,0.11374407582938388,0.06486486486486487,0.46153846153846156,0.9393644617380026
14,56,4696,0.821828589541594,0.08955223880597014,0.04864864864864865,0.5625,0.9406614785992218
14,56,4746,0.8195985568182877,0.07035175879396985,0.03783783783783784,0.5,0.9400129701686122
14,56,4796,0.8218882559689734,0.11764705882352941,0.06486486486486487,0.631578947368421,0.9416342412451362
14,56,4846,0.8243159337329741,0.09950248756218906,0.05405405405405406,0.625,0.9413099870298314
14,56,4896,0.821742819052236,0.09803921568627451,0.05405405405405406,0.5263157894736842,0.940337224383917
14,56,4946,0.8176910957180015,0.08823529411764706,0.04864864864864865,0.47368421052631576,0.9396887159533074
14,56,4996,0.821073436320073,0.0784313725490196,0.043243243243243246,0.42105263157894735,0.9390402075226978
14,56,5046,0.8277001389109013,0.08823529411764706,0.04864864864864865,0.47368421052631576,0.9396887159533074
14,56,5096,0.818809841231366,0.08866995073891626,0.04864864864864865,0.5,0.9400129701686122
14,56,5146,0.8287704054520197,0.08866995073891626,0.04864864864864865,0.5,0.9400129701686122
14,56,5196,0.8233221148019355,0.0891089108910891,0.04864864864864865,0.5294117647058824,0.940337224383917
14,56,5246,0.8170701919580843,0.07920792079207921,0.043243243243243246,0.47058823529411764,0.9396887159533074
14,56,5296,0.823461957991106,0.07960199004975124,0.043243243243243246,0.5,0.9400129701686122
14,56,5346,0.8169508591033254,0.08780487804878048,0.04864864864864865,0.45,0.9393644617380026
14,56,5396,0.820618479811305,0.08823529411764706,0.04864864864864865,0.47368421052631576,0.9396887159533074
14,56,5446,0.8213512581225587,0.07960199004975124,0.043243243243243246,0.5,0.9400129701686122
14,56,5496,0.8259082815136627,0.06930693069306931,0.03783783783783784,0.4117647058823529,0.9390402075226978
14,56,5546,0.8230144597857603,0.07920792079207921,0.043243243243243246,0.47058823529411764,0.9396887159533074
14,56,5596,0.8240772680234564,0.09852216748768473,0.05405405405405406,0.5555555555555556,0.9406614785992218
14,56,5646,0.8241443927542582,0.06930693069306931,0.03783783783783784,0.4117647058823529,0.9390402075226978
14,56,5696,0.8226676486766172,0.07035175879396985,0.03783783783783784,0.5,0.9400129701686122
14,56,5746,0.8251083784716072,0.08,0.043243243243243246,0.5333333333333333,0.940337224383917
14,56,5796,0.8245303599563689,0.09852216748768473,0.05405405405405406,0.5555555555555556,0.9406614785992218
14,56,5846,0.8199285867447303,0.08955223880597014,0.04864864864864865,0.5625,0.9406614785992218
14,56,5896,0.8220131825512991,0.08955223880597014,0.04864864864864865,0.5625,0.9406614785992218
14,56,5946,0.8216439965318889,0.10784313725490197,0.05945945945945946,0.5789473684210527,0.9409857328145266
14,56,5996,0.8221660777714589,0.08955223880597014,0.04864864864864865,0.5625,0.9406614785992218
14,56,6046,0.8254607833083168,0.1073170731707317,0.05945945945945946,0.55,0.9406614785992218
14,56,6096,0.8144280879706889,0.09090909090909091,0.04864864864864865,0.6923076923076923,0.9416342412451362
14,56,6146,0.8175382004978418,0.11764705882352941,0.06486486486486487,0.631578947368421,0.9416342412451362
14,56,6196,0.8154405526602838,0.09803921568627451,0.05405405405405406,0.5263157894736842,0.940337224383917
14,56,6246,0.8156083644872884,0.1073170731707317,0.05945945945945946,0.55,0.9406614785992218
14,56,6296,0.8170869731407848,0.08,0.043243243243243246,0.5333333333333333,0.940337224383917
14,56,6346,0.8209186765240577,0.0891089108910891,0.04864864864864865,0.5294117647058824,0.940337224383917
14,56,6396,0.8136002162907991,0.10837438423645321,0.05945945945945946,0.6111111111111112,0.9413099870298314
14,56,6446,0.8177805953590708,0.09950248756218906,0.05405405405405406,0.625,0.9413099870298314
14,56,6496,0.8185320194288805,0.0707070707070707,0.03783783783783784,0.5384615384615384,0.940337224383917
14,56,6546,0.8155990416080103,0.1,0.05405405405405406,0.6666666666666666,0.9416342412451362
14,56,6596,0.8166972767869628,0.10679611650485436,0.05945945945945946,0.5238095238095238,0.940337224383917
14,56,6646,0.8226396800387833,0.09900990099009901,0.05405405405405406,0.5882352941176471,0.9409857328145266
14,56,6696,0.8210044470134157,0.10837438423645321,0.05945945945945946,0.6111111111111112,0.9413099870298314
14,56,6746,0.8224718682117786,0.11650485436893204,0.06486486486486487,0.5714285714285714,0.9409857328145266
14,56,6796,0.815656843459534,0.0891089108910891,0.04864864864864865,0.5294117647058824,0.940337224383917
14,56,6846,0.8209820721031484,0.1073170731707317,0.05945945945945946,0.55,0.9406614785992218
14,56,6896,0.8163747051639428,0.1,0.05405405405405406,0.6666666666666666,0.9416342412451362
14,56,6946,0.8264508730876443,0.07920792079207921,0.043243243243243246,0.47058823529411764,0.9396887159533074
14,56,6996,0.819151058612942,0.10891089108910891,0.05945945945945946,0.6470588235294118,0.9416342412451362
14,56,7046,0.8171205355061858,0.09852216748768473,0.05405405405405406,0.5555555555555556,0.9406614785992218
14,56,7096,0.8231002302751182,0.08866995073891626,0.04864864864864865,0.5,0.9400129701686122
14,56,7146,0.8187259353178635,0.0891089108910891,0.04864864864864865,0.5294117647058824,0.940337224383917
14,56,7196,0.8191790272507762,0.0891089108910891,0.04864864864864865,0.5294117647058824,0.940337224383917
14,56,7246,0.8284478338289998,0.11538461538461539,0.06486486486486487,0.5217391304347826,0.940337224383917
14,56,7296,0.8180323130995777,0.10784313725490197,0.05945945945945946,0.5789473684210527,0.9409857328145266
14,56,7346,0.8188172995347883,0.07881773399014778,0.043243243243243246,0.4444444444444444,0.9393644617380026
14,56,7396,0.8223301604467523,0.07766990291262135,0.043243243243243246,0.38095238095238093,0.9383916990920882
14,56,7446,0.8188154349589327,0.10837438423645321,0.05945945945945946,0.6111111111111112,0.9413099870298314
14,56,7496,0.8247466507556194,0.09900990099009901,0.05405405405405406,0.5882352941176471,0.9409857328145266
14,56,7546,0.8159011028966187,0.10576923076923077,0.05945945945945946,0.4782608695652174,0.9396887159533074
14,56,7596,0.8192759851952677,0.07960199004975124,0.043243243243243246,0.5,0.9400129701686122
14,56,7646,0.8206725525111176,0.10891089108910891,0.05945945945945946,0.6470588235294118,0.9416342412451362
14,56,7696,0.8213419352432806,0.0891089108910891,0.04864864864864865,0.5294117647058824,0.940337224383917
14,56,7746,0.8095671387151208,0.11483253588516747,0.06486486486486487,0.5,0.9400129701686122
14,56,7796,0.8172939410607573,0.08823529411764706,0.04864864864864865,0.47368421052631576,0.9396887159533074
14,56,7846,0.8136375078079113,0.08955223880597014,0.04864864864864865,0.5625,0.9406614785992218
14,56,7896,0.8152913865918351,0.0975609756097561,0.05405405405405406,0.5,0.9400129701686122
14,56,7946,0.8179912924307543,0.07960199004975124,0.043243243243243246,0.5,0.9400129701686122
14,56,7996,0.8206222089630161,0.0966183574879227,0.05405405405405406,0.45454545454545453,0.9393644617380026
15,57,246,0.6634123602733468,0.12857142857142856,0.0972972972972973,0.18947368421052632,0.920881971465629
15,57,296,0.687409451535012,0.13768115942028986,0.10270270270270271,0.2087912087912088,0.9228274967574579
15,57,346,0.6756682173722532,0.12295081967213115,0.08108108108108109,0.2542372881355932,0.930609597924773
15,57,396,0.6819052236092595,0.09777777777777778,0.05945945945945946,0.275,0.9341763942931258
15,57,446,0.6403792547290306,0.06,0.032432432432432434,0.4,0.9390402075226978
15,57,496,0.6799828459021284,0.050505050505050504,0.02702702702702703,0.38461538461538464,0.9390402075226978
15,57,546,0.674758304354717,0.07106598984771574,0.03783783783783784,0.5833333333333334,0.9406614785992218
15,57,596,0.6600206967919973,0.061855670103092786,0.032432432432432434,0.6666666666666666,0.9409857328145266
15,57,646,0.6781350512292217,0.07,0.03783783783783784,0.4666666666666667,0.9396887159533074
15,57,696,0.6748869600887538,0.08,0.043243243243243246,0.5333333333333333,0.940337224383917
15,57,746,0.714427155682761,0.09,0.04864864864864865,0.6,0.9409857328145266
15,57,796,0.6939876751535943,0.06153846153846154,0.032432432432432434,0.6,0.9406614785992218
15,57,846,0.6956881683339082,0.06153846153846154,0.032432432432432434,0.6,0.9406614785992218
15,57,896,0.7191482617491587,0.09090909090909091,0.04864864864864865,0.6923076923076923,0.9416342412451362
15,57,946,0.7345216896786404,0.09090909090909091,0.04864864864864865,0.6923076923076923,0.9416342412451362
15,57,996,0.7410943195696559,0.08080808080808081,0.043243243243243246,0.6153846153846154,0.9409857328145266
15,57,1046,0.7442212132795092,0.10101010101010101,0.05405405405405406,0.7692307692307693,0.9422827496757458
15,57,1096,0.7261870356040759,0.10050251256281408,0.05405405405405406,0.7142857142857143,0.941958495460441
15,57,1146,0.723832076298444,0.08121827411167512,0.043243243243243246,0.6666666666666666,0.9413099870298314
15,57,1196,0.7300616242320278,0.09950248756218906,0.05405405405405406,0.625,0.9413099870298314
15,57,1246,0.7518025787084083,0.08,0.043243243243243246,0.5333333333333333,0.940337224383917
15,57,1296,0.7480864790281831,0.10050251256281408,0.05405405405405406,0.7142857142857143,0.941958495460441
15,57,1346,0.7298677083430446,0.08205128205128205,0.043243243243243246,0.8,0.941958495460441
15,57,1396,0.7644462675852811,0.09045226130653267,0.04864864864864865,0.6428571428571429,0.9413099870298314
15,57,1446,0.7656526481638588,0.08080808080808081,0.043243243243243246,0.6153846153846154,0.9409857328145266
15,57,1496,0.7786748459394199,0.08955223880597014,0.04864864864864865,0.5625,0.9406614785992218
15,57,1546,0.7755330356227219,0.09,0.04864864864864865,0.6,0.9409857328145266
15,57,1596,0.7912234414476567,0.09,0.04864864864864865,0.6,0.9409857328145266
15,57,1646,0.769868454173387,0.09045226130653267,0.04864864864864865,0.6428571428571429,0.9413099870298314
15,57,1696,0.7779439322040218,0.07035175879396985,0.03783783783783784,0.5,0.9400129701686122
15,57,1746,0.7960974427342141,0.08955223880597014,0.04864864864864865,0.5625,0.9406614785992218
15,57,1796,0.7982864547886969,0.0707070707070707,0.03783783783783784,0.5384615384615384,0.940337224383917
15,57,1846,0.7844345207573907,0.08080808080808081,0.043243243243243246,0.6153846153846154,0.9409857328145266
15,57,1896,0.7798551224560193,0.07179487179487179,0.03783783783783784,0.7,0.9413099870298314
15,57,1946,0.7839702413693447,0.08080808080808081,0.043243243243243246,0.6153846153846154,0.9409857328145266
15,57,1996,0.7956629965598575,0.061224489795918366,0.032432432432432434,0.5454545454545454,0.940337224383917
15,57,2046,0.7860250039622237,0.08,0.043243243243243246,0.5333333333333333,0.940337224383917
15,57,2096,0.7849789769072281,0.08,0.043243243243243246,0.5333333333333333,0.940337224383917
15,57,2146,0.785102038913698,0.09803921568627451,0.05405405405405406,0.5263157894736842,0.940337224383917
15,57,2196,0.7929481741140935,0.0891089108910891,0.04864864864864865,0.5294117647058824,0.940337224383917
15,57,2246,0.7982584861508628,0.08823529411764706,0.04864864864864865,0.47368421052631576,0.9396887159533074
15,57,2296,0.7937779103698386,0.10837438423645321,0.05945945945945946,0.6111111111111112,0.9413099870298314
15,57,2346,0.7973858646504388,0.0891089108910891,0.04864864864864865,0.5294117647058824,0.940337224383917
15,57,2396,0.7961459217064598,0.0891089108910891,0.04864864864864865,0.5294117647058824,0.940337224383917
15,57,2446,0.8005985288496499,0.0891089108910891,0.04864864864864865,0.5294117647058824,0.940337224383917
15,57,2496,0.8064178700950001,0.08080808080808081,0.043243243243243246,0.6153846153846154,0.9409857328145266
15,57,2546,0.8039790048758659,0.08040201005025126,0.043243243243243246,0.5714285714285714,0.9406614785992218
15,57,2596,0.7971770321546107,0.08,0.043243243243243246,0.5333333333333333,0.940337224383917
15,57,2646,0.792370155598855,0.07960199004975124,0.043243243243243246,0.5,0.9400129701686122
15,57,2696,0.7976916550907582,0.08,0.043243243243243246,0.5333333333333333,0.940337224383917
15,57,2746,0.7989651604001379,0.07881773399014778,0.043243243243243246,0.4444444444444444,0.9393644617380026
15,57,2796,0.8013592757987377,0.04975124378109453,0.02702702702702703,0.3125,0.9380674448767834
15,57,2846,0.795157696502988,0.0784313725490196,0.043243243243243246,0.42105263157894735,0.9390402075226978
15,57,2896,0.8026551560183848,0.05970149253731343,0.032432432432432434,0.375,0.938715953307393
15,57,2946,0.8016837119976133,0.049019607843137254,0.02702702702702703,0.2631578947368421,0.937094682230869
15,57,2996,0.8038130576247169,0.06930693069306931,0.03783783783783784,0.4117647058823529,0.9390402075226978
15,57,3046,0.8055247382601642,0.059113300492610835,0.032432432432432434,0.3333333333333333,0.9380674448767834
15,57,3096,0.810771654717843,0.07766990291262135,0.043243243243243246,0.38095238095238093,0.9383916990920882
15,57,3146,0.8102141465370165,0.07804878048780488,0.043243243243243246,0.4,0.938715953307393
15,57,3196,0.8083234666194308,0.07766990291262135,0.043243243243243246,0.38095238095238093,0.9383916990920882
15,57,3246,0.81575193682817,0.0861244019138756,0.04864864864864865,0.375,0.9380674448767834
15,57,3296,0.8186998312558851,0.08780487804878048,0.04864864864864865,0.45,0.9393644617380026
15,57,3346,0.8204730428945676,0.0861244019138756,0.04864864864864865,0.375,0.9380674448767834
15,57,3396,0.8095354409255755,0.09523809523809523,0.05405405405405406,0.4,0.9383916990920882
15,57,3446,0.8201840336369485,0.0861244019138756,0.04864864864864865,0.375,0.9380674448767834
15,57,3496,0.8216160278940549,0.0673076923076923,0.03783783783783784,0.30434782608695654,0.937094682230869
15,57,3546,0.8201113151785797,0.08571428571428572,0.04864864864864865,0.36,0.9377431906614786
15,57,3596,0.8175624399839647,0.08530805687203792,0.04864864864864865,0.34615384615384615,0.9374189364461738
15,57,3646,0.816402673801777,0.0861244019138756,0.04864864864864865,0.375,0.9380674448767834
15,57,3696,0.8184891341842014,0.07766990291262135,0.043243243243243246,0.38095238095238093,0.9383916990920882
15,57,3746,0.8186494877077837,0.07729468599033816,0.043243243243243246,0.36363636363636365,0.9380674448767834
15,57,3796,0.8231710841576312,0.08737864077669903,0.04864864864864865,0.42857142857142855,0.9390402075226978
15,57,3846,0.815533781453064,0.07920792079207921,0.043243243243243246,0.47058823529411764,0.9396887159533074
15,57,3896,0.8173536074881367,0.07881773399014778,0.043243243243243246,0.4444444444444444,0.9393644617380026
15,57,3946,0.8190541006684505,0.0673076923076923,0.03783783783783784,0.30434782608695654,0.937094682230869
15,57,3996,0.818377259632865,0.07729468599033816,0.043243243243243246,0.36363636363636365,0.9380674448767834
15,57,4046,0.8166581206939951,0.0673076923076923,0.03783783783783784,0.30434782608695654,0.937094682230869
15,57,4096,0.8184126865741215,0.07655502392344497,0.043243243243243246,0.3333333333333333,0.9374189364461738
15,57,4146,0.819930451320586,0.07766990291262135,0.043243243243243246,0.38095238095238093,0.9383916990920882
15,57,4196,0.8173181805468801,0.07920792079207921,0.043243243243243246,0.47058823529411764,0.9396887159533074
15,57,4246,0.8251941489609652,0.06965174129353234,0.03783783783783784,0.4375,0.9393644617380026
15,57,4296,0.825460783308317,0.07766990291262135,0.043243243243243246,0.38095238095238093,0.9383916990920882
15,57,4346,0.8192219124954551,0.05825242718446602,0.032432432432432434,0.2857142857142857,0.937094682230869
15,57,4396,0.8198241704968162,0.07766990291262135,0.043243243243243246,0.38095238095238093,0.9383916990920882
15,57,4446,0.8220542032201226,0.06796116504854369,0.03783783783783784,0.3333333333333333,0.9377431906614786
15,57,4496,0.8186159253423827,0.058823529411764705,0.032432432432432434,0.3157894736842105,0.9377431906614786
15,57,4546,0.823200917371321,0.07920792079207921,0.043243243243243246,0.47058823529411764,0.9396887159533074
15,57,4596,0.8142863802056627,0.07729468599033816,0.043243243243243246,0.36363636363636365,0.9380674448767834
15,57,4646,0.8259772708203201,0.06796116504854369,0.03783783783783784,0.3333333333333333,0.9377431906614786
15,57,4696,0.820499146956546,0.0594059405940594,0.032432432432432434,0.35294117647058826,0.9383916990920882
15,57,4746,0.8228522416863224,0.06896551724137931,0.03783783783783784,0.3888888888888889,0.938715953307393
15,57,4796,0.8242842359434288,0.07881773399014778,0.043243243243243246,0.4444444444444444,0.9393644617380026
15,57,4846,0.8274241816842713,0.06930693069306931,0.03783783783783784,0.4117647058823529,0.9390402075226978
15,57,4896,0.82573114680738,0.0861244019138756,0.04864864864864865,0.375,0.9380674448767834
15,57,4946,0.8258392922070051,0.06965174129353234,0.03783783783783784,0.4375,0.9393644617380026
15,57,4996,0.8236428218490999,0.07729468599033816,0.043243243243243246,0.36363636363636365,0.9380674448767834
15,57,5046,0.8219516515480642,0.08737864077669903,0.04864864864864865,0.42857142857142855,0.9390402075226978
15,57,5096,0.8160670501477677,0.06896551724137931,0.03783783783783784,0.3888888888888889,0.938715953307393
15,57,5146,0.8245713806251923,0.06763285024154589,0.03783783783783784,0.3181818181818182,0.9374189364461738
15,57,5196,0.8210305510753942,0.08866995073891626,0.04864864864864865,0.5,0.9400129701686122
15,57,5246,0.8192330999505888,0.09523809523809523,0.05405405405405406,0.4,0.9383916990920882
15,57,5296,0.8147394721385753,0.06829268292682927,0.03783783783783784,0.35,0.9380674448767834
15,57,5346,0.8183921762397098,0.06862745098039216,0.03783783783783784,0.3684210526315789,0.9383916990920882
15,57,5396,0.8194251512637162,0.08737864077669903,0.04864864864864865,0.42857142857142855,0.9390402075226978
15,57,5446,0.813012874896283,0.07766990291262135,0.043243243243243246,0.38095238095238093,0.9383916990920882
15,57,5496,0.8219982659444542,0.07655502392344497,0.043243243243243246,0.3333333333333333,0.9374189364461738
15,57,5546,0.8190503715167392,0.0761904761904762,0.043243243243243246,0.32,0.937094682230869
15,57,5596,0.8162404557023392,0.06896551724137931,0.03783783783783784,0.3888888888888889,0.938715953307393
15,57,5646,0.8159383944137307,0.0673076923076923,0.03783783783783784,0.30434782608695654,0.937094682230869
15,57,5696,0.8168315262485667,0.07766990291262135,0.043243243243243246,0.38095238095238093,0.9383916990920882
15,57,5746,0.8161304457268583,0.0891089108910891,0.04864864864864865,0.5294117647058824,0.940337224383917
15,57,5796,0.8221231925267799,0.08823529411764706,0.04864864864864865,0.47368421052631576,0.9396887159533074
15,57,5846,0.8155281877254972,0.07729468599033816,0.043243243243243246,0.36363636363636365,0.9380674448767834
15,57,5896,0.8199975760513878,0.09523809523809523,0.05405405405405406,0.4,0.9383916990920882
15,57,5946,0.822175400650737,0.08695652173913043,0.04864864864864865,0.4090909090909091,0.938715953307393
15,57,5996,0.8220019950961654,0.08695652173913043,0.04864864864864865,0.4090909090909091,0.938715953307393
15,57,6046,0.8151217101889747,0.07729468599033816,0.043243243243243246,0.36363636363636365,0.9380674448767834
15,57,6096,0.823323979377791,0.09569377990430622,0.05405405405405406,0.4166666666666667,0.938715953307393
15,57,6146,0.8144224942431222,0.06930693069306931,0.03783783783783784,0.4117647058823529,0.9390402075226978
15,57,6196,0.8196917856110683,0.06796116504854369,0.03783783783783784,0.3333333333333333,0.9377431906614786
15,57,6246,0.8232307505850107,0.08823529411764706,0.04864864864864865,0.47368421052631576,0.9396887159533074
15,57,6296,0.8215787363769427,0.059113300492610835,0.032432432432432434,0.3333333333333333,0.9380674448767834
15,57,6346,0.8231468446715083,0.07804878048780488,0.043243243243243246,0.4,0.938715953307393
15,57,6396,0.8174971798290184,0.058823529411764705,0.032432432432432434,0.3157894736842105,0.9377431906614786
15,57,6446,0.8186159253423828,0.07920792079207921,0.043243243243243246,0.47058823529411764,0.9396887159533074
15,57,6496,0.8195463486943307,0.06829268292682927,0.03783783783783784,0.35,0.9380674448767834
15,57,6546,0.8220560677959781,0.08530805687203792,0.04864864864864865,0.34615384615384615,0.9374189364461738
15,57,6596,0.8190932567614182,0.07729468599033816,0.043243243243243246,0.36363636363636365,0.9380674448767834
15,57,6646,0.8215470385873973,0.0970873786407767,0.05405405405405406,0.47619047619047616,0.9396887159533074
15,57,6696,0.8214239765809273,0.057971014492753624,0.032432432432432434,0.2727272727272727,0.9367704280155642
15,57,6746,0.8177731370556482,0.07729468599033816,0.043243243243243246,0.36363636363636365,0.9380674448767834
15,57,6796,0.8255558766769528,0.08653846153846154,0.04864864864864865,0.391304347826087,0.9383916990920882
15,57,6846,0.8231580321266418,0.07920792079207921,0.043243243243243246,0.47058823529411764,0.9396887159533074
15,57,6896,0.8223003272330627,0.08737864077669903,0.04864864864864865,0.42857142857142855,0.9390402075226978
15,57,6946,0.8154312297810056,0.0784313725490196,0.043243243243243246,0.42105263157894735,0.9390402075226978
15,57,6996,0.8204488034084447,0.06829268292682927,0.03783783783783784,0.35,0.9380674448767834
15,57,7046,0.8154629275705508,0.05853658536585366,0.032432432432432434,0.3,0.9374189364461738
15,57,7096,0.8151161164614078,0.05825242718446602,0.032432432432432434,0.2857142857142857,0.937094682230869
15,57,7146,0.8211275090198857,0.08530805687203792,0.04864864864864865,0.34615384615384615,0.9374189364461738
15,57,7196,0.8185767692494148,0.0784313725490196,0.043243243243243246,0.42105263157894735,0.9390402075226978
15,57,7246,0.8186886438007515,0.07766990291262135,0.043243243243243246,0.38095238095238093,0.9383916990920882
15,57,7296,0.8172118997231106,0.07920792079207921,0.043243243243243246,0.47058823529411764,0.9396887159533074
15,57,7346,0.8193039538331018,0.06896551724137931,0.03783783783783784,0.3888888888888889,0.938715953307393
15,57,7396,0.8200684299339007,0.07729468599033816,0.043243243243243246,0.36363636363636365,0.9380674448767834
15,57,7446,0.8189590072998144,0.07655502392344497,0.043243243243243246,0.3333333333333333,0.9374189364461738
15,57,7496,0.8198409516795168,0.05853658536585366,0.032432432432432434,0.3,0.9374189364461738
15,57,7546,0.8208459580656889,0.06965174129353234,0.03783783783783784,0.4375,0.9393644617380026
15,57,7596,0.8259586250617641,0.09615384615384616,0.05405405405405406,0.43478260869565216,0.9390402075226978
15,57,7646,0.8188788305380234,0.07655502392344497,0.043243243243243246,0.3333333333333333,0.9374189364461738
15,57,7696,0.8168520365829783,0.06862745098039216,0.03783783783783784,0.3684210526315789,0.9383916990920882
15,57,7746,0.8235477284804639,0.07729468599033816,0.043243243243243246,0.36363636363636365,0.9380674448767834
15,57,7796,0.8211088632613297,0.07804878048780488,0.043243243243243246,0.4,0.938715953307393
15,57,7846,0.8247168175419296,0.07655502392344497,0.043243243243243246,0.3333333333333333,0.9374189364461738
15,57,7896,0.8211256444440301,0.07804878048780488,0.043243243243243246,0.4,0.938715953307393
15,57,7946,0.8184164157258328,0.06862745098039216,0.03783783783783784,0.3684210526315789,0.9383916990920882
15,57,7996,0.8183325098123304,0.08780487804878048,0.04864864864864865,0.45,0.9393644617380026
16,58,246,0.6780688587863476,0.0749063670411985,0.05405405405405406,0.12195121951219512,0.9199092088197146
16,58,296,0.6805776456000672,0.08695652173913043,0.05945945945945946,0.16176470588235295,0.9250972762645915
16,58,346,0.6957683450956993,0.05761316872427984,0.03783783783783784,0.1206896551724138,0.9257457846952011
16,58,396,0.6811556641153055,0.043668122270742356,0.02702702702702703,0.11363636363636363,0.9289883268482491
16,58,446,0.660059852884965,0.00980392156862745,0.005405405405405406,0.05263157894736842,0.9345006485084306
16,58,496,0.6368384251792324,0.010638297872340425,0.005405405405405406,0.3333333333333333,0.9396887159533074
16,58,546,0.6723436786217055,0.0,0.0,0.0,0.9377431906614786
16,58,596,0.6809785294090227,0.01020408163265306,0.005405405405405406,0.09090909090909091,0.937094682230869
16,58,646,0.6772139507565518,0.0,0.0,0.0,0.9377431906614786
16,58,696,0.660173592012157,0.02072538860103627,0.010810810810810811,0.25,0.938715953307393
16,58,746,0.6643260024425944,0.010471204188481676,0.005405405405405406,0.16666666666666666,0.938715953307393
16,58,796,0.6696586893896311,0.020833333333333332,0.010810810810810811,0.2857142857142857,0.9390402075226978
16,58,846,0.6907582297716828,0.010471204188481676,0.005405405405405406,0.16666666666666666,0.938715953307393
16,58,896,0.6856120004102066,0.031088082901554404,0.016216216216216217,0.375,0.9393644617380026
16,58,946,0.7055760140961935,0.050761421319796954,0.02702702702702703,0.4166666666666667,0.9393644617380026
16,58,996,0.7121467794113534,0.05025125628140704,0.02702702702702703,0.35714285714285715,0.938715953307393
16,58,1046,0.711902519974269,0.06091370558375635,0.032432432432432434,0.5,0.9400129701686122
16,58,1096,0.7232932138761735,0.08866995073891626,0.04864864864864865,0.5,0.9400129701686122
16,58,1146,0.7119603218257927,0.08040201005025126,0.043243243243243246,0.5714285714285714,0.9406614785992218
16,58,1196,0.7294556370789556,0.07035175879396985,0.03783783783783784,0.5,0.9400129701686122
16,58,1246,0.7379823424666474,0.07,0.03783783783783784,0.4666666666666667,0.9396887159533074
16,58,1296,0.7353756654205086,0.07881773399014778,0.043243243243243246,0.4444444444444444,0.9393644617380026
16,58,1346,0.7344825335856726,0.0891089108910891,0.04864864864864865,0.5294117647058824,0.940337224383917
16,58,1396,0.7390022654596646,0.06930693069306931,0.03783783783783784,0.4117647058823529,0.9390402075226978
16,58,1446,0.745062136990388,0.07,0.03783783783783784,0.4666666666666667,0.9396887159533074
16,58,1496,0.7478105218015532,0.0707070707070707,0.03783783783783784,0.5384615384615384,0.940337224383917
16,58,1546,0.7628651072597261,0.07960199004975124,0.043243243243243246,0.5,0.9400129701686122
16,58,1596,0.7715819993846901,0.05,0.02702702702702703,0.3333333333333333,0.9383916990920882
16,58,1646,0.7601204516002723,0.06862745098039216,0.03783783783783784,0.3684210526315789,0.9383916990920882
16,58,1696,0.7566113198400194,0.06,0.032432432432432434,0.4,0.9390402075226978
16,58,1746,0.7708398981941583,0.07920792079207921,0.043243243243243246,0.47058823529411764,0.9396887159533074
16,58,1796,0.7711885738791567,0.05970149253731343,0.032432432432432434,0.375,0.938715953307393
16,58,1846,0.7687012296877768,0.06965174129353234,0.03783783783783784,0.4375,0.9393644617380026
16,58,1896,0.7746305809086078,0.06,0.032432432432432434,0.4,0.9390402075226978
16,58,1946,0.7643660908234899,0.0707070707070707,0.03783783783783784,0.5384615384615384,0.940337224383917
16,58,1996,0.7720761119864259,0.06060606060606061,0.032432432432432434,0.46153846153846156,0.9396887159533074
16,58,2046,0.7731034932828655,0.06965174129353234,0.03783783783783784,0.4375,0.9393644617380026
16,58,2096,0.7906267771738623,0.05970149253731343,0.032432432432432434,0.375,0.938715953307393
16,58,2146,0.7894092091401509,0.0784313725490196,0.043243243243243246,0.42105263157894735,0.9390402075226978
16,58,2196,0.7891500330962216,0.06862745098039216,0.03783783783783784,0.3684210526315789,0.9383916990920882
16,58,2246,0.7939867428656666,0.06896551724137931,0.03783783783783784,0.3888888888888889,0.938715953307393
16,58,2296,0.8003766443228327,0.07804878048780488,0.043243243243243246,0.4,0.938715953307393
16,58,2346,0.8041132543374696,0.08653846153846154,0.04864864864864865,0.391304347826087,0.9383916990920882
16,58,2396,0.793045132058585,0.0970873786407767,0.05405405405405406,0.47619047619047616,0.9396887159533074
16,58,2446,0.7949786972208497,0.059113300492610835,0.032432432432432434,0.3333333333333333,0.9380674448767834
16,58,2496,0.8040778273962131,0.06896551724137931,0.03783783783783784,0.3888888888888889,0.938715953307393
16,58,2546,0.7943298248230983,0.04926108374384237,0.02702702702702703,0.2777777777777778,0.9374189364461738
16,58,2596,0.8055340611394424,0.07766990291262135,0.043243243243243246,0.38095238095238093,0.9383916990920882
16,58,2646,0.7905838919291834,0.07804878048780488,0.043243243243243246,0.4,0.938715953307393
16,58,2696,0.8048665429831349,0.0784313725490196,0.043243243243243246,0.42105263157894735,0.9390402075226978
16,58,2746,0.8076559484631234,0.07804878048780488,0.043243243243243246,0.4,0.938715953307393
16,58,2796,0.8064290575501337,0.08823529411764706,0.04864864864864865,0.47368421052631576,0.9396887159533074
16,58,2846,0.8064887239775133,0.08653846153846154,0.04864864864864865,0.391304347826087,0.9383916990920882
16,58,2896,0.792873591079869,0.07804878048780488,0.043243243243243246,0.4,0.938715953307393
16,58,2946,0.8030038317033834,0.07804878048780488,0.043243243243243246,0.4,0.938715953307393
16,58,2996,0.8041095251857584,0.06862745098039216,0.03783783783783784,0.3684210526315789,0.9383916990920882
16,58,3046,0.8055527068979984,0.0891089108910891,0.04864864864864865,0.5294117647058824,0.940337224383917
16,58,3096,0.8039417133587538,0.0784313725490196,0.043243243243243246,0.42105263157894735,0.9390402075226978
16,58,3146,0.8043239514091531,0.0784313725490196,0.043243243243243246,0.42105263157894735,0.9390402075226978
16,58,3196,0.8048777304382687,0.0861244019138756,0.04864864864864865,0.375,0.9380674448767834
16,58,3246,0.8046334710011841,0.08695652173913043,0.04864864864864865,0.4090909090909091,0.938715953307393
16,58,3296,0.8034438716053065,0.07960199004975124,0.043243243243243246,0.5,0.9400129701686122
16,58,3346,0.8221362445577692,0.06829268292682927,0.03783783783783784,0.35,0.9380674448767834
16,58,3396,0.8190522360925948,0.06030150753768844,0.032432432432432434,0.42857142857142855,0.9393644617380026
16,58,3446,0.8135181749531525,0.09803921568627451,0.05405405405405406,0.5263157894736842,0.940337224383917
16,58,3496,0.8059088408864195,0.08737864077669903,0.04864864864864865,0.42857142857142855,0.9390402075226978
16,58,3546,0.807040638430773,0.07,0.03783783783783784,0.4666666666666667,0.9396887159533074
16,58,3596,0.8128357401900003,0.06030150753768844,0.032432432432432434,0.42857142857142855,0.9393644617380026
16,58,3646,0.8117151301007803,0.07729468599033816,0.043243243243243246,0.36363636363636365,0.9380674448767834
16,58,3696,0.815481573329107,0.08780487804878048,0.04864864864864865,0.45,0.9393644617380026
16,58,3746,0.8127406468213643,0.07960199004975124,0.043243243243243246,0.5,0.9400129701686122
16,58,3796,0.8127481051247867,0.07804878048780488,0.043243243243243246,0.4,0.938715953307393
16,58,3846,0.8078573226555289,0.07,0.03783783783783784,0.4666666666666667,0.9396887159533074
16,58,3896,0.8126716575147069,0.08866995073891626,0.04864864864864865,0.5,0.9400129701686122
16,58,3946,0.8103745000605987,0.06060606060606061,0.032432432432432434,0.46153846153846156,0.9396887159533074
16,58,3996,0.8144877543980683,0.07881773399014778,0.043243243243243246,0.4444444444444444,0.9393644617380026
16,58,4046,0.8127331885179419,0.08866995073891626,0.04864864864864865,0.5,0.9400129701686122
16,58,4096,0.812690303273263,0.08780487804878048,0.04864864864864865,0.45,0.9393644617380026
16,58,4146,0.8158768634104957,0.0970873786407767,0.05405405405405406,0.47619047619047616,0.9396887159533074
16,58,4196,0.8183716659052982,0.08780487804878048,0.04864864864864865,0.45,0.9393644617380026
16,58,4246,0.8223916914499875,0.0966183574879227,0.05405405405405406,0.45454545454545453,0.9393644617380026
16,58,4296,0.8218490998760056,0.07804878048780488,0.043243243243243246,0.4,0.938715953307393
16,58,4346,0.8165798085080597,0.07766990291262135,0.043243243243243246,0.38095238095238093,0.9383916990920882
16,58,4396,0.816516412928969,0.09569377990430622,0.05405405405405406,0.4166666666666667,0.938715953307393
16,58,4446,0.8180248547961553,0.08823529411764706,0.04864864864864865,0.47368421052631576,0.9396887159533074
16,58,4496,0.8248324212449774,0.07881773399014778,0.043243243243243246,0.4444444444444444,0.9393644617380026
16,58,4546,0.8135741122288208,0.08737864077669903,0.04864864864864865,0.42857142857142855,0.9390402075226978
16,58,4596,0.8220299637339997,0.08737864077669903,0.04864864864864865,0.42857142857142855,0.9390402075226978
16,58,4646,0.8080736134547793,0.08695652173913043,0.04864864864864865,0.4090909090909091,0.938715953307393
16,58,4696,0.8124740124740124,0.07729468599033816,0.043243243243243246,0.36363636363636365,0.9380674448767834
16,58,4746,0.8062370062370063,0.08823529411764706,0.04864864864864865,0.47368421052631576,0.9396887159533074
16,58,4796,0.8131993324818437,0.0784313725490196,0.043243243243243246,0.42105263157894735,0.9390402075226978
16,58,4846,0.817446836280917,0.0975609756097561,0.05405405405405406,0.5,0.9400129701686122
16,58,4896,0.8187203415902967,0.08780487804878048,0.04864864864864865,0.45,0.9393644617380026
16,58,4946,0.8200609716304784,0.07804878048780488,0.043243243243243246,0.4,0.938715953307393
16,58,4996,0.8110140495790721,0.07881773399014778,0.043243243243243246,0.4444444444444444,0.9393644617380026
16,58,5046,0.8194344741429944,0.08823529411764706,0.04864864864864865,0.47368421052631576,0.9396887159533074
16,58,5096,0.8164716631084343,0.07804878048780488,0.043243243243243246,0.4,0.938715953307393
16,58,5146,0.8101712612923376,0.0975609756097561,0.05405405405405406,0.5,0.9400129701686122
16,58,5196,0.8159290715344526,0.07920792079207921,0.043243243243243246,0.47058823529411764,0.9396887159533074
16,58,5246,0.8133727380364152,0.10576923076923077,0.05945945945945946,0.4782608695652174,0.9396887159533074
16,58,5296,0.8148793153277458,0.07804878048780488,0.043243243243243246,0.4,0.938715953307393
16,58,5346,0.8132347594231003,0.09523809523809523,0.05405405405405406,0.4,0.9383916990920882
16,58,5396,0.8184052282706992,0.08823529411764706,0.04864864864864865,0.47368421052631576,0.9396887159533074
16,58,5446,0.8188564556277561,0.0970873786407767,0.05405405405405406,0.47619047619047616,0.9396887159533074
16,58,5496,0.8161919767300934,0.07,0.03783783783783784,0.4666666666666667,0.9396887159533074
16,58,5546,0.816805422186588,0.0975609756097561,0.05405405405405406,0.5,0.9400129701686122
16,58,5596,0.8187147478627299,0.08866995073891626,0.04864864864864865,0.5,0.9400129701686122
16,58,5646,0.8191958084334765,0.08780487804878048,0.04864864864864865,0.45,0.9393644617380026
16,58,5696,0.8140850060132572,0.07766990291262135,0.043243243243243246,0.38095238095238093,0.9383916990920882
16,58,5746,0.8172100351472549,0.08653846153846154,0.04864864864864865,0.391304347826087,0.9383916990920882
16,58,5796,0.8154834379049627,0.0947867298578199,0.05405405405405406,0.38461538461538464,0.9380674448767834
16,58,5846,0.8160558626926341,0.0966183574879227,0.05405405405405406,0.45454545454545453,0.9393644617380026
16,58,5896,0.813421217008661,0.08737864077669903,0.04864864864864865,0.42857142857142855,0.9390402075226978
16,58,5946,0.8148905027828794,0.08823529411764706,0.04864864864864865,0.47368421052631576,0.9396887159533074
16,58,5996,0.8154312297810056,0.08866995073891626,0.04864864864864865,0.5,0.9400129701686122
16,58,6046,0.8195948276665765,0.07655502392344497,0.043243243243243246,0.3333333333333333,0.9374189364461738
16,58,6096,0.8154797087532514,0.08737864077669903,0.04864864864864865,0.42857142857142855,0.9390402075226978
16,58,6146,0.8160782376029013,0.08653846153846154,0.04864864864864865,0.391304347826087,0.9383916990920882
16,58,6196,0.8157538014040256,0.07692307692307693,0.043243243243243246,0.34782608695652173,0.9377431906614786
16,58,6246,0.8191808918266317,0.08823529411764706,0.04864864864864865,0.47368421052631576,0.9396887159533074
16,58,6296,0.8096883361457352,0.08411214953271028,0.04864864864864865,0.3103448275862069,0.9364461738002594
16,58,6346,0.8155822604253098,0.07655502392344497,0.043243243243243246,0.3333333333333333,0.9374189364461738
16,58,6396,0.8160539981167784,0.08653846153846154,0.04864864864864865,0.391304347826087,0.9383916990920882
16,58,6446,0.8180658754649787,0.0970873786407767,0.05405405405405406,0.47619047619047616,0.9396887159533074
16,58,6496,0.8128972711932354,0.0861244019138756,0.04864864864864865,0.375,0.9380674448767834
16,58,6546,0.8143050259642188,0.08695652173913043,0.04864864864864865,0.4090909090909091,0.938715953307393
16,58,6596,0.8168874635242348,0.0970873786407767,0.05405405405405406,0.47619047619047616,0.9396887159533074
16,58,6646,0.814057037375423,0.08737864077669903,0.04864864864864865,0.42857142857142855,0.9390402075226978
16,58,6696,0.8175960023493655,0.0966183574879227,0.05405405405405406,0.45454545454545453,0.9393644617380026
16,58,6746,0.8145231813393249,0.08955223880597014,0.04864864864864865,0.5625,0.9406614785992218
16,58,6796,0.818463030122223,0.10628019323671498,0.05945945945945946,0.5,0.9400129701686122
16,58,6846,0.8161490914854144,0.0891089108910891,0.04864864864864865,0.5294117647058824,0.940337224383917
16,58,6896,0.8185637172184258,0.08653846153846154,0.04864864864864865,0.391304347826087,0.9383916990920882
16,58,6946,0.8161453623337032,0.0975609756097561,0.05405405405405406,0.5,0.9400129701686122
16,58,6996,0.8145231813393249,0.08737864077669903,0.04864864864864865,0.42857142857142855,0.9390402075226978
16,58,7046,0.8147655762005539,0.11320754716981132,0.06486486486486487,0.4444444444444444,0.9390402075226978
16,58,7096,0.8162162162162163,0.08780487804878048,0.04864864864864865,0.45,0.9393644617380026
16,58,7146,0.8170440878961058,0.06930693069306931,0.03783783783783784,0.4117647058823529,0.9390402075226978
16,58,7196,0.8193188704399467,0.059113300492610835,0.032432432432432434,0.3333333333333333,0.9380674448767834
16,58,7246,0.8184686238497897,0.09803921568627451,0.05405405405405406,0.5263157894736842,0.940337224383917
16,58,7296,0.815524458573786,0.0784313725490196,0.043243243243243246,0.42105263157894735,0.9390402075226978
16,58,7346,0.8156885412490795,0.08780487804878048,0.04864864864864865,0.45,0.9393644617380026
16,58,7396,0.8187035604075963,0.07692307692307693,0.043243243243243246,0.34782608695652173,0.9377431906614786
16,58,7446,0.8159141549276079,0.0784313725490196,0.043243243243243246,0.42105263157894735,0.9390402075226978
16,58,7496,0.81450826473248,0.0966183574879227,0.05405405405405406,0.45454545454545453,0.9393644617380026
16,58,7546,0.8194251512637163,0.08780487804878048,0.04864864864864865,0.45,0.9393644617380026
16,58,7596,0.8180528234339894,0.08695652173913043,0.04864864864864865,0.4090909090909091,0.938715953307393
16,58,7646,0.8160278940548,0.0966183574879227,0.05405405405405406,0.45454545454545453,0.9393644617380026
16,58,7696,0.8085211116601252,0.07729468599033816,0.043243243243243246,0.36363636363636365,0.9380674448767834
16,58,7746,0.8088623290417012,0.07729468599033816,0.043243243243243246,0.36363636363636365,0.9380674448767834
16,58,7796,0.8168930572518016,0.0970873786407767,0.05405405405405406,0.47619047619047616,0.9396887159533074
16,58,7846,0.8115585057289093,0.10576923076923077,0.05945945945945946,0.4782608695652174,0.9396887159533074
16,58,7896,0.8136020808666549,0.08737864077669903,0.04864864864864865,0.42857142857142855,0.9390402075226978
16,58,7946,0.8152317201644557,0.10628019323671498,0.05945945945945946,0.5,0.9400129701686122
16,58,7996,0.8165443815668031,0.07655502392344497,0.043243243243243246,0.3333333333333333,0.9374189364461738
17,59,246,0.6460811276954774,0.07171314741035857,0.04864864864864865,0.13636363636363635,0.9244487678339819
17,59,296,0.6796733263100977,0.06923076923076923,0.04864864864864865,0.12,0.9215304798962386
17,59,346,0.7063721879865378,0.1111111111111111,0.08108108108108109,0.17647058823529413,0.9221789883268483
17,59,396,0.6916849239719195,0.04424778761061947,0.02702702702702703,0.12195121951219512,0.9299610894941635
17,59,446,0.6537818259791354,0.01015228426395939,0.005405405405405406,0.08333333333333333,0.9367704280155642
17,59,496,0.6819854003710507,0.010582010582010581,0.005405405405405406,0.25,0.9393644617380026
17,59,546,0.6806205308447462,0.010752688172043012,0.005405405405405406,1.0,0.940337224383917
17,59,596,0.6924866915898307,0.031088082901554404,0.016216216216216217,0.375,0.9393644617380026
17,59,646,0.6938590194195576,0.04145077720207254,0.021621621621621623,0.5,0.9400129701686122
17,59,696,0.6774488873143583,0.041666666666666664,0.021621621621621623,0.5714285714285714,0.940337224383917
17,59,746,0.6849463468297549,0.05181347150259067,0.02702702702702703,0.625,0.9406614785992218
17,59,796,0.7071086954495026,0.041884816753926704,0.021621621621621623,0.6666666666666666,0.9406614785992218
17,59,846,0.6857443852959549,0.041666666666666664,0.021621621621621623,0.5714285714285714,0.940337224383917
17,59,896,0.6779113021265488,0.04081632653061224,0.021621621621621623,0.36363636363636365,0.9390402075226978
17,59,946,0.7090161565497889,0.041666666666666664,0.021621621621621623,0.5714285714285714,0.940337224383917
17,59,996,0.6869395784193991,0.041884816753926704,0.021621621621621623,0.6666666666666666,0.9406614785992218
17,59,1046,0.7300858637181508,0.041237113402061855,0.021621621621621623,0.4444444444444444,0.9396887159533074
17,59,1096,0.7347566262364469,0.04145077720207254,0.021621621621621623,0.5,0.9400129701686122
17,59,1146,0.754595713340108,0.05154639175257732,0.02702702702702703,0.5555555555555556,0.940337224383917
17,59,1196,0.7390358278250655,0.05154639175257732,0.02702702702702703,0.5555555555555556,0.940337224383917
17,59,1246,0.7436823508572387,0.04081632653061224,0.021621621621621623,0.36363636363636365,0.9390402075226978
17,59,1296,0.7710990742380878,0.04145077720207254,0.021621621621621623,0.5,0.9400129701686122
17,59,1346,0.7645376318022058,0.04145077720207254,0.021621621621621623,0.5,0.9400129701686122
17,59,1396,0.7574354623681979,0.06,0.032432432432432434,0.4,0.9390402075226978
17,59,1446,0.7557032713983387,0.05,0.02702702702702703,0.3333333333333333,0.9383916990920882
17,59,1496,0.7619775691524571,0.0594059405940594,0.032432432432432434,0.35294117647058826,0.9383916990920882
17,59,1546,0.7675340052021667,0.05,0.02702702702702703,0.3333333333333333,0.9383916990920882
17,59,1596,0.7598929733458882,0.050761421319796954,0.02702702702702703,0.4166666666666667,0.9393644617380026
17,59,1646,0.7451833344210026,0.04040404040404041,0.021621621621621623,0.3076923076923077,0.9383916990920882
17,59,1696,0.7618097573254524,0.05,0.02702702702702703,0.3333333333333333,0.9383916990920882
17,59,1746,0.7635885626917016,0.05025125628140704,0.02702702702702703,0.35714285714285715,0.938715953307393
17,59,1796,0.7679050557974325,0.0594059405940594,0.032432432432432434,0.35294117647058826,0.9383916990920882
17,59,1846,0.7739239066593327,0.058823529411764705,0.032432432432432434,0.3157894736842105,0.9377431906614786
17,59,1896,0.7683450956993559,0.0594059405940594,0.032432432432432434,0.35294117647058826,0.9383916990920882
17,59,1946,0.7745149772055602,0.04926108374384237,0.02702702702702703,0.2777777777777778,0.9374189364461738
17,59,1996,0.7881114643446482,0.05970149253731343,0.032432432432432434,0.375,0.938715953307393
17,59,2046,0.7959631932726103,0.058823529411764705,0.032432432432432434,0.3157894736842105,0.9377431906614786
17,59,2096,0.7929444449623823,0.08737864077669903,0.04864864864864865,0.42857142857142855,0.9390402075226978
17,59,2146,0.7851244138239654,0.06896551724137931,0.03783783783783784,0.3888888888888889,0.938715953307393
17,59,2196,0.7841641572583277,0.07804878048780488,0.043243243243243246,0.4,0.938715953307393
17,59,2246,0.7873469882438492,0.08571428571428572,0.04864864864864865,0.36,0.9377431906614786
17,59,2296,0.7785573776605167,0.08695652173913043,0.04864864864864865,0.4090909090909091,0.938715953307393
17,59,2346,0.7983554440953544,0.07804878048780488,0.043243243243243246,0.4,0.938715953307393
17,59,2396,0.7902967472474199,0.0975609756097561,0.05405405405405406,0.5,0.9400129701686122
17,59,2446,0.7882494429579632,0.08780487804878048,0.04864864864864865,0.45,0.9393644617380026
17,59,2496,0.7820441345105023,0.08695652173913043,0.04864864864864865,0.4090909090909091,0.938715953307393
17,59,2546,0.793088017303264,0.08780487804878048,0.04864864864864865,0.45,0.9393644617380026
17,59,2596,0.7917809496284833,0.07804878048780488,0.043243243243243246,0.4,0.938715953307393
17,59,2646,0.7903209867335429,0.09523809523809523,0.05405405405405406,0.4,0.9383916990920882
17,59,2696,0.7940855653860138,0.08530805687203792,0.04864864864864865,0.34615384615384615,0.9374189364461738
17,59,2746,0.8001771347062827,0.06862745098039216,0.03783783783783784,0.3684210526315789,0.9383916990920882
17,59,2796,0.7912663266923357,0.08695652173913043,0.04864864864864865,0.4090909090909091,0.938715953307393
17,59,2846,0.7996942095596804,0.08823529411764706,0.04864864864864865,0.47368421052631576,0.9396887159533074
17,59,2896,0.794881739276358,0.11764705882352941,0.06486486486486487,0.631578947368421,0.9416342412451362
17,59,2946,0.8097405442696921,0.10945273631840796,0.05945945945945946,0.6875,0.941958495460441
17,59,2996,0.8115827452150323,0.09900990099009901,0.05405405405405406,0.5882352941176471,0.9409857328145266
17,59,3046,0.8077659584386042,0.08866995073891626,0.04864864864864865,0.5,0.9400129701686122
17,59,3096,0.8154759796015401,0.0966183574879227,0.05405405405405406,0.45454545454545453,0.9393644617380026
17,59,3146,0.8080531031203677,0.06965174129353234,0.03783783783783784,0.4375,0.9393644617380026
17,59,3196,0.8240194661719327,0.07920792079207921,0.043243243243243246,0.47058823529411764,0.9396887159533074
17,59,3246,0.8107063945628967,0.08866995073891626,0.04864864864864865,0.5,0.9400129701686122
17,59,3296,0.8127984486728881,0.06,0.032432432432432434,0.4,0.9390402075226978
17,59,3346,0.812751834276498,0.08823529411764706,0.04864864864864865,0.47368421052631576,0.9396887159533074
17,59,3396,0.8128245527348666,0.08080808080808081,0.043243243243243246,0.6153846153846154,0.9409857328145266
17,59,3446,0.8218267249657384,0.0784313725490196,0.043243243243243246,0.42105263157894735,0.9390402075226978
17,59,3496,0.8148252426279332,0.0784313725490196,0.043243243243243246,0.42105263157894735,0.9390402075226978
17,59,3546,0.8238964041654625,0.1,0.05405405405405406,0.6666666666666666,0.9416342412451362
17,59,3596,0.8176202418354884,0.0975609756097561,0.05405405405405406,0.5,0.9400129701686122
17,59,3646,0.8178719595759955,0.08780487804878048,0.04864864864864865,0.45,0.9393644617380026
17,59,3696,0.815220532709322,0.07920792079207921,0.043243243243243246,0.47058823529411764,0.9396887159533074
17,59,3746,0.8253955231533706,0.07920792079207921,0.043243243243243246,0.47058823529411764,0.9396887159533074
17,59,3796,0.8140961934683907,0.09,0.04864864864864865,0.6,0.9409857328145266
17,59,3846,0.8108742063899016,0.08,0.043243243243243246,0.5333333333333333,0.940337224383917
17,59,3896,0.8094683161947737,0.0784313725490196,0.043243243243243246,0.42105263157894735,0.9390402075226978
17,59,3946,0.8126772512422737,0.08823529411764706,0.04864864864864865,0.47368421052631576,0.9396887159533074
17,59,3996,0.8144001193328547,0.09803921568627451,0.05405405405405406,0.5263157894736842,0.940337224383917
17,59,4046,0.8129625313481816,0.08955223880597014,0.04864864864864865,0.5625,0.9406614785992218
17,59,4096,0.8190354549098944,0.06060606060606061,0.032432432432432434,0.46153846153846156,0.9396887159533074
17,59,4146,0.8086143404529055,0.08866995073891626,0.04864864864864865,0.5,0.9400129701686122
17,59,4196,0.8214407577636277,0.0891089108910891,0.04864864864864865,0.5294117647058824,0.940337224383917
17,59,4246,0.8186793209214734,0.10576923076923077,0.05945945945945946,0.4782608695652174,0.9396887159533074
17,59,4296,0.8180323130995777,0.07920792079207921,0.043243243243243246,0.47058823529411764,0.9396887159533074
17,59,4346,0.8166432040871502,0.0966183574879227,0.05405405405405406,0.45454545454545453,0.9393644617380026
17,59,4396,0.8102122819611609,0.08823529411764706,0.04864864864864865,0.47368421052631576,0.9396887159533074
17,59,4446,0.8119519312344424,0.09615384615384616,0.05405405405405406,0.43478260869565216,0.9390402075226978
17,59,4496,0.8157165098869135,0.0966183574879227,0.05405405405405406,0.45454545454545453,0.9393644617380026
17,59,4546,0.8180379068271445,0.0970873786407767,0.05405405405405406,0.47619047619047616,0.9396887159533074
17,59,4596,0.8195332966633415,0.11374407582938388,0.06486486486486487,0.46153846153846156,0.9393644617380026
17,59,4646,0.8171466395681642,0.10679611650485436,0.05945945945945946,0.5238095238095238,0.940337224383917
17,59,4696,0.8142658698712512,0.0966183574879227,0.05405405405405406,0.45454545454545453,0.9393644617380026
17,59,4746,0.823139386368086,0.08653846153846154,0.04864864864864865,0.391304347826087,0.9383916990920882
17,59,4796,0.8213419352432806,0.0966183574879227,0.05405405405405406,0.45454545454545453,0.9393644617380026
17,59,4846,0.8186718626180509,0.08737864077669903,0.04864864864864865,0.42857142857142855,0.9390402075226978
17,59,4896,0.8179801049756206,0.08780487804878048,0.04864864864864865,0.45,0.9393644617380026
17,59,4946,0.8173461491847144,0.0966183574879227,0.05405405405405406,0.45454545454545453,0.9393644617380026
17,59,4996,0.8155300523013528,0.06862745098039216,0.03783783783783784,0.3684210526315789,0.9383916990920882
17,59,5046,0.8198484099829393,0.0947867298578199,0.05405405405405406,0.38461538461538464,0.9380674448767834
17,59,5096,0.8185133736703243,0.07729468599033816,0.043243243243243246,0.36363636363636365,0.9380674448767834
17,59,5146,0.8183399681157528,0.06698564593301436,0.03783783783783784,0.2916666666666667,0.9367704280155642
17,59,5196,0.8152298555886,0.08737864077669903,0.04864864864864865,0.42857142857142855,0.9390402075226978
17,59,5246,0.8194102346568715,0.08780487804878048,0.04864864864864865,0.45,0.9393644617380026
17,59,5296,0.8179540009136422,0.06796116504854369,0.03783783783783784,0.3333333333333333,0.9377431906614786
17,59,5346,0.8138276945451834,0.0673076923076923,0.03783783783783784,0.30434782608695654,0.937094682230869
17,59,5396,0.8169396716481918,0.07881773399014778,0.043243243243243246,0.4444444444444444,0.9393644617380026
17,59,5446,0.8163430073743977,0.06796116504854369,0.03783783783783784,0.3333333333333333,0.9377431906614786
17,59,5496,0.8150396688513281,0.06862745098039216,0.03783783783783784,0.3684210526315789,0.9383916990920882
17,59,5546,0.8163709760122315,0.058823529411764705,0.032432432432432434,0.3157894736842105,0.9377431906614786
17,59,5596,0.8202921790365737,0.07766990291262135,0.043243243243243246,0.38095238095238093,0.9383916990920882
17,59,5646,0.8189403615412585,0.06896551724137931,0.03783783783783784,0.3888888888888889,0.938715953307393
17,59,5696,0.8166991413628184,0.09900990099009901,0.05405405405405406,0.5882352941176471,0.9409857328145266
17,59,5746,0.8164921734428462,0.07804878048780488,0.043243243243243246,0.4,0.938715953307393
17,59,5796,0.8107418215041533,0.07692307692307693,0.043243243243243246,0.34782608695652173,0.9377431906614786
17,59,5846,0.8184667592739342,0.07881773399014778,0.043243243243243246,0.4444444444444444,0.9393644617380026
17,59,5896,0.8108686126623347,0.07766990291262135,0.043243243243243246,0.38095238095238093,0.9383916990920882
17,59,5946,0.8101861778991825,0.0784313725490196,0.043243243243243246,0.42105263157894735,0.9390402075226978
17,59,5996,0.8179409488826529,0.09852216748768473,0.05405405405405406,0.5555555555555556,0.9406614785992218
17,59,6046,0.8180882503752459,0.11428571428571428,0.06486486486486487,0.48,0.9396887159533074
17,59,6096,0.8195649944528867,0.06862745098039216,0.03783783783783784,0.3684210526315789,0.9383916990920882
17,59,6146,0.8181013024062351,0.11428571428571428,0.06486486486486487,0.48,0.9396887159533074
17,59,6196,0.8150005127583603,0.10628019323671498,0.05945945945945946,0.5,0.9400129701686122
17,59,6246,0.8180192610685885,0.08121827411167512,0.043243243243243246,0.6666666666666666,0.9413099870298314
17,59,6296,0.8159775505066985,0.08866995073891626,0.04864864864864865,0.5,0.9400129701686122
17,59,6346,0.8196582232456672,0.08780487804878048,0.04864864864864865,0.45,0.9393644617380026
17,59,6396,0.8169359424964806,0.07960199004975124,0.043243243243243246,0.5,0.9400129701686122
17,59,6446,0.8211051341096185,0.0970873786407767,0.05405405405405406,0.47619047619047616,0.9396887159533074
17,59,6496,0.819630254607833,0.07804878048780488,0.043243243243243246,0.4,0.938715953307393
17,59,6546,0.8220299637339997,0.10576923076923077,0.05945945945945946,0.4782608695652174,0.9396887159533074
17,59,6596,0.8182094478058604,0.07881773399014778,0.043243243243243246,0.4444444444444444,0.9393644617380026
17,59,6646,0.8166450686630059,0.0975609756097561,0.05405405405405406,0.5,0.9400129701686122
17,59,6696,0.8137195491455582,0.09569377990430622,0.05405405405405406,0.4166666666666667,0.938715953307393
17,59,6746,0.8160446752375003,0.06965174129353234,0.03783783783783784,0.4375,0.9393644617380026
17,59,6796,0.8157593951315923,0.06796116504854369,0.03783783783783784,0.3333333333333333,0.9377431906614786
17,59,6846,0.8137270074489805,0.10476190476190476,0.05945945945945946,0.44,0.9390402075226978
17,59,6896,0.8175568462563979,0.07766990291262135,0.043243243243243246,0.38095238095238093,0.9383916990920882
17,59,6946,0.8103409376951978,0.07804878048780488,0.043243243243243246,0.4,0.938715953307393
17,59,6996,0.816715922545519,0.05853658536585366,0.032432432432432434,0.3,0.9374189364461738
17,59,7046,0.8173480137605698,0.05853658536585366,0.032432432432432434,0.3,0.9374189364461738
17,59,7096,0.815709051583491,0.058823529411764705,0.032432432432432434,0.3157894736842105,0.9377431906614786
17,59,7146,0.8194437970222723,0.07804878048780488,0.043243243243243246,0.4,0.938715953307393
17,59,7196,0.8189161220551355,0.07881773399014778,0.043243243243243246,0.4444444444444444,0.9393644617380026
17,59,7246,0.8188042475037991,0.09615384615384616,0.05405405405405406,0.43478260869565216,0.9390402075226978
17,59,7296,0.8225520449735696,0.08080808080808081,0.043243243243243246,0.6153846153846154,0.9409857328145266
17,59,7346,0.8174431071292058,0.06930693069306931,0.03783783783783784,0.4117647058823529,0.9390402075226978
17,59,7396,0.8179763758239096,0.08866995073891626,0.04864864864864865,0.5,0.9400129701686122
17,59,7446,0.8108275919935113,0.0970873786407767,0.05405405405405406,0.47619047619047616,0.9396887159533074
17,59,7496,0.818942226117114,0.08823529411764706,0.04864864864864865,0.47368421052631576,0.9396887159533074
17,59,7546,0.8212934562710348,0.0975609756097561,0.05405405405405406,0.5,0.9400129701686122
17,59,7596,0.817142910416453,0.11764705882352941,0.06486486486486487,0.631578947368421,0.9416342412451362
17,59,7646,0.8180323130995777,0.09852216748768473,0.05405405405405406,0.5555555555555556,0.9406614785992218
17,59,7696,0.8203854078293541,0.0891089108910891,0.04864864864864865,0.5294117647058824,0.940337224383917
17,59,7746,0.8155505626357645,0.12560386473429952,0.07027027027027027,0.5909090909090909,0.9413099870298314
17,59,7796,0.8123229818297084,0.0970873786407767,0.05405405405405406,0.47619047619047616,0.9396887159533074
17,59,7846,0.816734568304075,0.11594202898550725,0.06486486486486487,0.5454545454545454,0.9406614785992218
17,59,7896,0.8142173908990054,0.12380952380952381,0.07027027027027027,0.52,0.940337224383917
17,59,7946,0.8129382918620587,0.08737864077669903,0.04864864864864865,0.42857142857142855,0.9390402075226978
17,59,7996,0.8058212058212058,0.08695652173913043,0.04864864864864865,0.4090909090909091,0.938715953307393
18,60,246,0.6472315709983872,0.08602150537634409,0.06486486486486487,0.1276595744680851,0.9173151750972762
18,60,296,0.6509364832234787,0.09868421052631579,0.08108108108108109,0.12605042016806722,0.9111543450064851
18,60,346,0.6650308121160139,0.14603174603174604,0.12432432432432433,0.17692307692307693,0.9127756160830091
18,60,396,0.6836672477928083,0.12408759124087591,0.0918918918918919,0.19101123595505617,0.9221789883268483
18,60,446,0.7110261693221335,0.04504504504504504,0.02702702702702703,0.13513513513513514,0.9312581063553826
18,60,496,0.6663565255493508,0.06422018348623854,0.03783783783783784,0.21212121212121213,0.933852140077821
18,60,546,0.6630692783159151,0.020618556701030927,0.010810810810810811,0.2222222222222222,0.9383916990920882
18,60,596,0.6371199761334291,0.0297029702970297,0.016216216216216217,0.17647058823529413,0.9364461738002594
18,60,646,0.6912467486458518,0.05,0.02702702702702703,0.3333333333333333,0.9383916990920882
18,60,696,0.6995739444169937,0.04950495049504951,0.02702702702702703,0.29411764705882354,0.9377431906614786
18,60,746,0.737974884163225,0.04950495049504951,0.02702702702702703,0.29411764705882354,0.9377431906614786
18,60,796,0.6801115016361652,0.05,0.02702702702702703,0.3333333333333333,0.9383916990920882
18,60,846,0.7013452914798207,0.0594059405940594,0.032432432432432434,0.35294117647058826,0.9383916990920882
18,60,896,0.6988560827125849,0.0784313725490196,0.043243243243243246,0.42105263157894735,0.9390402075226978
18,60,946,0.706774936371349,0.06930693069306931,0.03783783783783784,0.4117647058823529,0.9390402075226978
18,60,996,0.7170934991562794,0.06896551724137931,0.03783783783783784,0.3888888888888889,0.938715953307393
18,60,1046,0.7007747312680047,0.06862745098039216,0.03783783783783784,0.3684210526315789,0.9383916990920882
18,60,1096,0.7014086870589114,0.06796116504854369,0.03783783783783784,0.3333333333333333,0.9377431906614786
18,60,1146,0.7283145166553238,0.08695652173913043,0.04864864864864865,0.4090909090909091,0.938715953307393
18,60,1196,0.7431901028313584,0.07692307692307693,0.043243243243243246,0.34782608695652173,0.9377431906614786
18,60,1246,0.7440254328146705,0.07881773399014778,0.043243243243243246,0.4444444444444444,0.9393644617380026
18,60,1296,0.7475438874542015,0.06796116504854369,0.03783783783783784,0.3333333333333333,0.9377431906614786
18,60,1346,0.7285662343958307,0.07920792079207921,0.043243243243243246,0.47058823529411764,0.9396887159533074
18,60,1396,0.7350363126147879,0.07960199004975124,0.043243243243243246,0.5,0.9400129701686122
18,60,1446,0.762594743760663,0.08823529411764706,0.04864864864864865,0.47368421052631576,0.9396887159533074
18,60,1496,0.7736796472222482,0.059113300492610835,0.032432432432432434,0.3333333333333333,0.9380674448767834
18,60,1546,0.7762975117235209,0.06796116504854369,0.03783783783783784,0.3333333333333333,0.9377431906614786
18,60,1596,0.7703290044097219,0.05970149253731343,0.032432432432432434,0.375,0.938715953307393
18,60,1646,0.7798942785489871,0.04926108374384237,0.02702702702702703,0.2777777777777778,0.9374189364461738
18,60,1696,0.7821000717861706,0.06,0.032432432432432434,0.4,0.9390402075226978
18,60,1746,0.789959259017555,0.058823529411764705,0.032432432432432434,0.3157894736842105,0.9377431906614786
18,60,1796,0.7977867484593942,0.08653846153846154,0.04864864864864865,0.391304347826087,0.9383916990920882
18,60,1846,0.7856129326981345,0.0784313725490196,0.043243243243243246,0.42105263157894735,0.9390402075226978
18,60,1896,0.7840466889794243,0.07766990291262135,0.043243243243243246,0.38095238095238093,0.9383916990920882
18,60,1946,0.789977904776111,0.08695652173913043,0.04864864864864865,0.4090909090909091,0.938715953307393
18,60,1996,0.7926125504600842,0.06862745098039216,0.03783783783783784,0.3684210526315789,0.9383916990920882
18,60,2046,0.7959911619104445,0.07692307692307693,0.043243243243243246,0.34782608695652173,0.9377431906614786
18,60,2096,0.7926293316427845,0.06796116504854369,0.03783783783783784,0.3333333333333333,0.9377431906614786
18,60,2146,0.7990994098617417,0.04784688995215311,0.02702702702702703,0.20833333333333334,0.935473411154345
18,60,2196,0.7934777136570859,0.04950495049504951,0.02702702702702703,0.29411764705882354,0.9377431906614786
18,60,2246,0.7969980328724724,0.06763285024154589,0.03783783783783784,0.3181818181818182,0.9374189364461738
18,60,2296,0.8107045299870411,0.049019607843137254,0.02702702702702703,0.2631578947368421,0.937094682230869
18,60,2346,0.810629946952817,0.05025125628140704,0.02702702702702703,0.35714285714285715,0.938715953307393
18,60,2396,0.8054464260742287,0.06698564593301436,0.03783783783783784,0.2916666666666667,0.9367704280155642
18,60,2446,0.8092837231850685,0.05853658536585366,0.032432432432432434,0.3,0.9374189364461738
18,60,2496,0.8131135619924859,0.06698564593301436,0.03783783783783784,0.2916666666666667,0.9367704280155642
18,60,2546,0.801657607935635,0.06896551724137931,0.03783783783783784,0.3888888888888889,0.938715953307393
18,60,2596,0.8150415334271838,0.05853658536585366,0.032432432432432434,0.3,0.9374189364461738
18,60,2646,0.8017508367284152,0.10426540284360189,0.05945945945945946,0.4230769230769231,0.938715953307393
18,60,2696,0.8133373110951586,0.049019607843137254,0.02702702702702703,0.2631578947368421,0.937094682230869
18,60,2746,0.8074340639363061,0.058823529411764705,0.032432432432432434,0.3157894736842105,0.9377431906614786
18,60,2796,0.8192722560435566,0.05970149253731343,0.032432432432432434,0.375,0.938715953307393
18,60,2846,0.8159439881412975,0.05025125628140704,0.02702702702702703,0.35714285714285715,0.938715953307393
18,60,2896,0.814950169210259,0.06862745098039216,0.03783783783783784,0.3684210526315789,0.9383916990920882
18,60,2946,0.811812088045272,0.06896551724137931,0.03783783783783784,0.3888888888888889,0.938715953307393
18,60,2996,0.8132795092436348,0.08780487804878048,0.04864864864864865,0.45,0.9393644617380026
18,60,3046,0.8145828477667043,0.06862745098039216,0.03783783783783784,0.3684210526315789,0.9383916990920882
18,60,3096,0.8197216188247578,0.0784313725490196,0.043243243243243246,0.42105263157894735,0.9390402075226978
18,60,3146,0.8076727296458238,0.08695652173913043,0.04864864864864865,0.4090909090909091,0.938715953307393
18,60,3196,0.8207918853658762,0.08571428571428572,0.04864864864864865,0.36,0.9377431906614786
18,60,3246,0.8236428218490999,0.05825242718446602,0.032432432432432434,0.2857142857142857,0.937094682230869
18,60,3296,0.814916606844858,0.07804878048780488,0.043243243243243246,0.4,0.938715953307393
18,60,3346,0.8109618414551151,0.05,0.02702702702702703,0.3333333333333333,0.9383916990920882
18,60,3396,0.8222742231710842,0.08121827411167512,0.043243243243243246,0.6666666666666666,0.9413099870298314
18,60,3446,0.8232475317677113,0.08653846153846154,0.04864864864864865,0.391304347826087,0.9383916990920882
18,60,3496,0.8162553723091841,0.0761904761904762,0.043243243243243246,0.32,0.937094682230869
18,60,3546,0.8199546908067088,0.08780487804878048,0.04864864864864865,0.45,0.9393644617380026
18,60,3596,0.8183455618433197,0.06862745098039216,0.03783783783783784,0.3684210526315789,0.9383916990920882
18,60,3646,0.811815817196983,0.0784313725490196,0.043243243243243246,0.42105263157894735,0.9390402075226978
18,60,3696,0.8205420322012249,0.05970149253731343,0.032432432432432434,0.375,0.938715953307393
18,60,3746,0.8211014049579072,0.0784313725490196,0.043243243243243246,0.42105263157894735,0.9390402075226978
18,60,3796,0.8227273151039968,0.06060606060606061,0.032432432432432434,0.46153846153846156,0.9396887159533074
18,60,3846,0.8263110298984738,0.05825242718446602,0.032432432432432434,0.2857142857142857,0.937094682230869
18,60,3896,0.8245713806251923,0.05,0.02702702702702703,0.3333333333333333,0.9383916990920882
18,60,3946,0.8232717712538341,0.06896551724137931,0.03783783783783784,0.3888888888888889,0.938715953307393
18,60,3996,0.8201150443302909,0.0594059405940594,0.032432432432432434,0.35294117647058826,0.9383916990920882
18,60,4046,0.821767058538359,0.06763285024154589,0.03783783783783784,0.3181818181818182,0.9374189364461738
18,60,4096,0.814271463598818,0.06965174129353234,0.03783783783783784,0.4375,0.9393644617380026
18,60,4146,0.8174151384913717,0.07920792079207921,0.043243243243243246,0.47058823529411764,0.9396887159533074
18,60,4196,0.8273719735603143,0.05,0.02702702702702703,0.3333333333333333,0.9383916990920882
18,60,4246,0.8171690144784315,0.06030150753768844,0.032432432432432434,0.42857142857142855,0.9393644617380026
18,60,4296,0.8225166180323131,0.06,0.032432432432432434,0.4,0.9390402075226978
18,60,4346,0.818533884004736,0.04975124378109453,0.02702702702702703,0.3125,0.9380674448767834
18,60,4396,0.8199211284413078,0.06896551724137931,0.03783783783783784,0.3888888888888889,0.938715953307393
18,60,4446,0.8210100407409824,0.04060913705583756,0.021621621621621623,0.3333333333333333,0.938715953307393
18,60,4496,0.8250636286510725,0.050761421319796954,0.02702702702702703,0.4166666666666667,0.9393644617380026
18,60,4546,0.8253880648499482,0.06060606060606061,0.032432432432432434,0.46153846153846156,0.9396887159533074
18,60,4596,0.8240250598994994,0.06091370558375635,0.032432432432432434,0.5,0.9400129701686122
18,60,4646,0.8212020920541101,0.06896551724137931,0.03783783783783784,0.3888888888888889,0.938715953307393
18,60,4696,0.8204450742567334,0.07920792079207921,0.043243243243243246,0.47058823529411764,0.9396887159533074
18,60,4746,0.8187203415902967,0.07106598984771574,0.03783783783783784,0.5833333333333334,0.9406614785992218
18,60,4796,0.8229137726895575,0.06060606060606061,0.032432432432432434,0.46153846153846156,0.9396887159533074
18,60,4846,0.8231263343370966,0.06030150753768844,0.032432432432432434,0.42857142857142855,0.9393644617380026
18,60,4896,0.8210585197132283,0.06030150753768844,0.032432432432432434,0.42857142857142855,0.9393644617380026
18,60,4946,0.8247802131210202,0.05128205128205128,0.02702702702702703,0.5,0.9400129701686122
18,60,4996,0.8258784482999729,0.05102040816326531,0.02702702702702703,0.45454545454545453,0.9396887159533074
18,60,5046,0.8237285923384579,0.07142857142857142,0.03783783783783784,0.6363636363636364,0.9409857328145266
18,60,5096,0.8225725553079813,0.06060606060606061,0.032432432432432434,0.46153846153846156,0.9396887159533074
18,60,5146,0.8189869759376486,0.07106598984771574,0.03783783783783784,0.5833333333333334,0.9406614785992218
18,60,5196,0.8265459664562803,0.07142857142857142,0.03783783783783784,0.6363636363636364,0.9409857328145266
18,60,5246,0.828598864473304,0.07960199004975124,0.043243243243243246,0.5,0.9400129701686122
18,60,5296,0.817185795661132,0.07106598984771574,0.03783783783783784,0.5833333333333334,0.9406614785992218
18,60,5346,0.8210920820786292,0.06965174129353234,0.03783783783783784,0.4375,0.9393644617380026
18,60,5396,0.817474804918751,0.07142857142857142,0.03783783783783784,0.6363636363636364,0.9409857328145266
18,60,5446,0.8177824599349263,0.07179487179487179,0.03783783783783784,0.7,0.9413099870298314
18,60,5496,0.8237845296141261,0.06153846153846154,0.032432432432432434,0.6,0.9406614785992218
18,60,5546,0.8183660721777314,0.08,0.043243243243243246,0.5333333333333333,0.940337224383917
18,60,5596,0.8194754948118178,0.061224489795918366,0.032432432432432434,0.5454545454545454,0.940337224383917
18,60,5646,0.822473732787634,0.06153846153846154,0.032432432432432434,0.6,0.9406614785992218
18,60,5696,0.8250897327130512,0.06091370558375635,0.032432432432432434,0.5,0.9400129701686122
18,60,5746,0.8248324212449774,0.08080808080808081,0.043243243243243246,0.6153846153846154,0.9409857328145266
18,60,5796,0.8178533138174394,0.06091370558375635,0.032432432432432434,0.5,0.9400129701686122
18,60,5846,0.8203648974949423,0.061224489795918366,0.032432432432432434,0.5454545454545454,0.940337224383917
18,60,5896,0.8204543971360114,0.06060606060606061,0.032432432432432434,0.46153846153846156,0.9396887159533074
18,60,5946,0.8206128860837382,0.07,0.03783783783783784,0.4666666666666667,0.9396887159533074
18,60,5996,0.8234060207154379,0.061855670103092786,0.032432432432432434,0.6666666666666666,0.9409857328145266
18,60,6046,0.8254384083980497,0.08955223880597014,0.04864864864864865,0.5625,0.9406614785992218
18,60,6096,0.8205662716873479,0.07106598984771574,0.03783783783783784,0.5833333333333334,0.9406614785992218
18,60,6146,0.8210398739546723,0.07106598984771574,0.03783783783783784,0.5833333333333334,0.9406614785992218
18,60,6196,0.8253078880881571,0.07035175879396985,0.03783783783783784,0.5,0.9400129701686122
18,60,6246,0.8264900291806122,0.06030150753768844,0.032432432432432434,0.42857142857142855,0.9393644617380026
18,60,6296,0.8222126921678491,0.07035175879396985,0.03783783783783784,0.5,0.9400129701686122
18,60,6346,0.8217968917520488,0.0707070707070707,0.03783783783783784,0.5384615384615384,0.940337224383917
18,60,6396,0.8255428246459636,0.07035175879396985,0.03783783783783784,0.5,0.9400129701686122
18,60,6446,0.8234750100220952,0.08866995073891626,0.04864864864864865,0.5,0.9400129701686122
18,60,6496,0.8199770657169759,0.07035175879396985,0.03783783783783784,0.5,0.9400129701686122
18,60,6546,0.8141819639577488,0.06862745098039216,0.03783783783783784,0.3684210526315789,0.9383916990920882
18,60,6596,0.8184387906361,0.08080808080808081,0.043243243243243246,0.6153846153846154,0.9409857328145266
18,60,6646,0.825540960070108,0.06030150753768844,0.032432432432432434,0.42857142857142855,0.9393644617380026
18,60,6696,0.8209876658307151,0.07,0.03783783783783784,0.4666666666666667,0.9396887159533074
18,60,6746,0.8217838397210596,0.07,0.03783783783783784,0.4666666666666667,0.9396887159533074
18,60,6796,0.8198670557414952,0.06965174129353234,0.03783783783783784,0.4375,0.9393644617380026
18,60,6846,0.8192144541920328,0.0784313725490196,0.043243243243243246,0.42105263157894735,0.9390402075226978
18,60,6896,0.815638197700978,0.06930693069306931,0.03783783783783784,0.4117647058823529,0.9390402075226978
18,60,6946,0.8131825512991433,0.07766990291262135,0.043243243243243246,0.38095238095238093,0.9383916990920882
18,60,6996,0.8192871726504014,0.059113300492610835,0.032432432432432434,0.3333333333333333,0.9380674448767834
18,60,7046,0.8203518454639531,0.07920792079207921,0.043243243243243246,0.47058823529411764,0.9396887159533074
18,60,7096,0.8143982547569992,0.06763285024154589,0.03783783783783784,0.3181818181818182,0.9374189364461738
18,60,7146,0.8151944286473435,0.05825242718446602,0.032432432432432434,0.2857142857142857,0.937094682230869
18,60,7196,0.8165723502046371,0.07804878048780488,0.043243243243243246,0.4,0.938715953307393
18,60,7246,0.8117002134939355,0.07692307692307693,0.043243243243243246,0.34782608695652173,0.9377431906614786
18,60,7296,0.8162553723091839,0.05825242718446602,0.032432432432432434,0.2857142857142857,0.937094682230869
18,60,7346,0.820461855439434,0.06896551724137931,0.03783783783783784,0.3888888888888889,0.938715953307393
18,60,7396,0.8167867764280321,0.06930693069306931,0.03783783783783784,0.4117647058823529,0.9390402075226978
18,60,7446,0.8138071842107717,0.07766990291262135,0.043243243243243246,0.38095238095238093,0.9383916990920882
18,60,7496,0.8164530173498783,0.06829268292682927,0.03783783783783784,0.35,0.9380674448767834
18,60,7546,0.817689231142146,0.08866995073891626,0.04864864864864865,0.5,0.9400129701686122
18,60,7596,0.8135480081668421,0.08695652173913043,0.04864864864864865,0.4090909090909091,0.938715953307393
18,60,7646,0.8147618470488427,0.08737864077669903,0.04864864864864865,0.42857142857142855,0.9390402075226978
18,60,7696,0.816298257553863,0.08737864077669903,0.04864864864864865,0.42857142857142855,0.9390402075226978
18,60,7746,0.8177265226592582,0.07766990291262135,0.043243243243243246,0.38095238095238093,0.9383916990920882
18,60,7796,0.8150657729133066,0.07729468599033816,0.043243243243243246,0.36363636363636365,0.9380674448767834
18,60,7846,0.8171503687198755,0.09852216748768473,0.05405405405405406,0.5555555555555556,0.9406614785992218
18,60,7896,0.8168333908244222,0.06829268292682927,0.03783783783783784,0.35,0.9380674448767834
18,60,7946,0.8163560594053868,0.08695652173913043,0.04864864864864865,0.4090909090909091,0.938715953307393
18,60,7996,0.817176472781854,0.08737864077669903,0.04864864864864865,0.42857142857142855,0.9390402075226978
19,61,246,0.6991786543356051,0.11371237458193979,0.0918918918918919,0.14912280701754385,0.9140726329442282
19,61,296,0.7018543206884016,0.0728476821192053,0.05945945945945946,0.09401709401709402,0.9092088197146563
19,61,346,0.6878252519508125,0.08843537414965986,0.07027027027027027,0.11926605504587157,0.9130998702983139
19,61,396,0.6893579333041217,0.09876543209876543,0.08648648648648649,0.11510791366906475,0.9053177691309987
19,61,446,0.7007821895714273,0.009389671361502348,0.005405405405405406,0.03571428571428571,0.9315823605706874
19,61,496,0.6662110886326132,0.010256410256410256,0.005405405405405406,0.1,0.9374189364461738
19,61,546,0.664456522752487,0.03125,0.016216216216216217,0.42857142857142855,0.9396887159533074
19,61,596,0.6773649814008559,0.042105263157894736,0.021621621621621623,0.8,0.9409857328145266
19,61,646,0.675412770480035,0.05128205128205128,0.02702702702702703,0.5,0.9400129701686122
19,61,696,0.6825279919450323,0.041025641025641026,0.021621621621621623,0.4,0.9393644617380026
19,61,746,0.7011700213493935,0.06,0.032432432432432434,0.4,0.9390402075226978
19,61,796,0.6845939419930451,0.04081632653061224,0.021621621621621623,0.36363636363636365,0.9390402075226978
19,61,846,0.6780026663434735,0.07,0.03783783783783784,0.4666666666666667,0.9396887159533074
19,61,896,0.6835497795139049,0.04020100502512563,0.021621621621621623,0.2857142857142857,0.9380674448767834
19,61,946,0.7062528551317789,0.05,0.02702702702702703,0.3333333333333333,0.9383916990920882
19,61,996,0.7178989959259017,0.06,0.032432432432432434,0.4,0.9390402075226978
19,61,1046,0.7178635689846452,0.05025125628140704,0.02702702702702703,0.35714285714285715,0.938715953307393
19,61,1096,0.7201122474665075,0.050505050505050504,0.02702702702702703,0.38461538461538464,0.9390402075226978
19,61,1146,0.7098719968675127,0.050505050505050504,0.02702702702702703,0.38461538461538464,0.9390402075226978
19,61,1196,0.7055349934273701,0.041025641025641026,0.021621621621621623,0.4,0.9393644617380026
19,61,1246,0.7131089005528467,0.04060913705583756,0.021621621621621623,0.3333333333333333,0.938715953307393
19,61,1296,0.7144010516207826,0.0594059405940594,0.032432432432432434,0.35294117647058826,0.9383916990920882
19,61,1346,0.7314544623961665,0.05025125628140704,0.02702702702702703,0.35714285714285715,0.938715953307393
19,61,1396,0.7283853705378369,0.05,0.02702702702702703,0.3333333333333333,0.9383916990920882
19,61,1446,0.7432646858655827,0.050761421319796954,0.02702702702702703,0.4166666666666667,0.9393644617380026
19,61,1496,0.7395280758509459,0.050761421319796954,0.02702702702702703,0.4166666666666667,0.9393644617380026
19,61,1546,0.7508292701117814,0.050761421319796954,0.02702702702702703,0.4166666666666667,0.9393644617380026
19,61,1596,0.7461752887761857,0.0594059405940594,0.032432432432432434,0.35294117647058826,0.9383916990920882
19,61,1646,0.741515713713023,0.05025125628140704,0.02702702702702703,0.35714285714285715,0.938715953307393
19,61,1696,0.7603143674892554,0.04975124378109453,0.02702702702702703,0.3125,0.9380674448767834
19,61,1746,0.7314395457893216,0.059113300492610835,0.032432432432432434,0.3333333333333333,0.9380674448767834
19,61,1796,0.7359723296943028,0.059113300492610835,0.032432432432432434,0.3333333333333333,0.9380674448767834
19,61,1846,0.7381762583556306,0.0707070707070707,0.03783783783783784,0.5384615384615384,0.940337224383917
19,61,1896,0.7548940454770051,0.0594059405940594,0.032432432432432434,0.35294117647058826,0.9383916990920882
19,61,1946,0.7707205653393995,0.06930693069306931,0.03783783783783784,0.4117647058823529,0.9390402075226978
19,61,1996,0.7780035986314013,0.058823529411764705,0.032432432432432434,0.3157894736842105,0.9377431906614786
19,61,2046,0.7849659248762387,0.03940886699507389,0.021621621621621623,0.2222222222222222,0.9367704280155642
19,61,2096,0.7884937023950478,0.07766990291262135,0.043243243243243246,0.38095238095238093,0.9383916990920882
19,61,2146,0.7910090152242618,0.05970149253731343,0.032432432432432434,0.375,0.938715953307393
19,61,2196,0.7812684709545695,0.07766990291262135,0.043243243243243246,0.38095238095238093,0.9383916990920882
19,61,2246,0.7847235300150099,0.07881773399014778,0.043243243243243246,0.4444444444444444,0.9393644617380026
19,61,2296,0.7925472903051377,0.06763285024154589,0.03783783783783784,0.3181818181818182,0.9374189364461738
19,61,2346,0.7814959492089537,0.06965174129353234,0.03783783783783784,0.4375,0.9393644617380026
19,61,2396,0.7933919431677279,0.07804878048780488,0.043243243243243246,0.4,0.938715953307393
19,61,2446,0.7910313901345292,0.07881773399014778,0.043243243243243246,0.4444444444444444,0.9393644617380026
19,61,2496,0.77663313537753,0.06829268292682927,0.03783783783783784,0.35,0.9380674448767834
19,61,2546,0.7752645366995143,0.07804878048780488,0.043243243243243246,0.4,0.938715953307393
19,61,2596,0.7882569012613856,0.06829268292682927,0.03783783783783784,0.35,0.9380674448767834
19,61,2646,0.784604197160251,0.07920792079207921,0.043243243243243246,0.47058823529411764,0.9396887159533074
19,61,2696,0.7959855681828776,0.08695652173913043,0.04864864864864865,0.4090909090909091,0.938715953307393
19,61,2746,0.8001342494616037,0.0970873786407767,0.05405405405405406,0.47619047619047616,0.9396887159533074
19,61,2796,0.7993231589644146,0.10576923076923077,0.05945945945945946,0.4782608695652174,0.9396887159533074
19,61,2846,0.7920494485516909,0.0966183574879227,0.05405405405405406,0.45454545454545453,0.9393644617380026
19,61,2896,0.7862879091578644,0.10628019323671498,0.05945945945945946,0.5,0.9400129701686122
19,61,2946,0.7942310023027512,0.08780487804878048,0.04864864864864865,0.45,0.9393644617380026
19,61,2996,0.7998582922349738,0.07920792079207921,0.043243243243243246,0.47058823529411764,0.9396887159533074
19,61,3046,0.8024220840364337,0.0966183574879227,0.05405405405405406,0.45454545454545453,0.9393644617380026
19,61,3096,0.7994145231813393,0.07920792079207921,0.043243243243243246,0.47058823529411764,0.9396887159533074
19,61,3146,0.8007271845836869,0.0861244019138756,0.04864864864864865,0.375,0.9380674448767834
19,61,3196,0.7948388540316791,0.0970873786407767,0.05405405405405406,0.47619047619047616,0.9396887159533074
19,61,3246,0.8018888153417301,0.08,0.043243243243243246,0.5333333333333333,0.940337224383917
19,61,3296,0.8024295423398563,0.07881773399014778,0.043243243243243246,0.4444444444444444,0.9393644617380026
19,61,3346,0.8012436720956901,0.08,0.043243243243243246,0.5333333333333333,0.940337224383917
19,61,3396,0.8043090348023084,0.06965174129353234,0.03783783783783784,0.4375,0.9393644617380026
19,61,3446,0.8065148280394918,0.07692307692307693,0.043243243243243246,0.34782608695652173,0.9377431906614786
19,61,3496,0.8013779215572938,0.08,0.043243243243243246,0.5333333333333333,0.940337224383917
19,61,3546,0.817532606770275,0.0970873786407767,0.05405405405405406,0.47619047619047616,0.9396887159533074
19,61,3596,0.7999310106933425,0.08737864077669903,0.04864864864864865,0.42857142857142855,0.9390402075226978
19,61,3646,0.7923776139022776,0.08737864077669903,0.04864864864864865,0.42857142857142855,0.9390402075226978
19,61,3696,0.8017955865489498,0.09569377990430622,0.05405405405405406,0.4166666666666667,0.938715953307393
19,61,3746,0.8058715493693073,0.0966183574879227,0.05405405405405406,0.45454545454545453,0.9393644617380026
19,61,3796,0.8122745028574624,0.08653846153846154,0.04864864864864865,0.391304347826087,0.9383916990920882
19,61,3846,0.8068448579659342,0.0970873786407767,0.05405405405405406,0.47619047619047616,0.9396887159533074
19,61,3896,0.8023586884573431,0.10526315789473684,0.05945945945945946,0.4583333333333333,0.9393644617380026
19,61,3946,0.8012996093713582,0.09615384615384616,0.05405405405405406,0.43478260869565216,0.9390402075226978
19,61,3996,0.7976413115426568,0.1073170731707317,0.05945945945945946,0.55,0.9406614785992218
19,61,4046,0.8042083477061056,0.08780487804878048,0.04864864864864865,0.45,0.9393644617380026
19,61,4096,0.8064290575501337,0.08695652173913043,0.04864864864864865,0.4090909090909091,0.938715953307393
19,61,4146,0.8083943205019439,0.08,0.043243243243243246,0.5333333333333333,0.940337224383917
19,61,4196,0.8032872472334356,0.0861244019138756,0.04864864864864865,0.375,0.9380674448767834
19,61,4246,0.8078983433243523,0.0966183574879227,0.05405405405405406,0.45454545454545453,0.9393644617380026
19,61,4296,0.800009322879278,0.0784313725490196,0.043243243243243246,0.42105263157894735,0.9390402075226978
19,61,4346,0.8033189450229808,0.0975609756097561,0.05405405405405406,0.5,0.9400129701686122
19,61,4396,0.802075272927291,0.0970873786407767,0.05405405405405406,0.47619047619047616,0.9396887159533074
19,61,4446,0.7987003906286418,0.0784313725490196,0.043243243243243246,0.42105263157894735,0.9390402075226978
19,61,4496,0.8060524132273013,0.06829268292682927,0.03783783783783784,0.35,0.9380674448767834
19,61,4546,0.798314423426531,0.08695652173913043,0.04864864864864865,0.4090909090909091,0.938715953307393
19,61,4596,0.808987255624027,0.08737864077669903,0.04864864864864865,0.42857142857142855,0.9390402075226978
19,61,4646,0.8061064859271138,0.07881773399014778,0.043243243243243246,0.4444444444444444,0.9393644617380026
19,61,4696,0.8014152130744059,0.07804878048780488,0.043243243243243246,0.4,0.938715953307393
19,61,4746,0.8082675293437626,0.0784313725490196,0.043243243243243246,0.42105263157894735,0.9390402075226978
19,61,4796,0.8109525185758371,0.07960199004975124,0.043243243243243246,0.5,0.9400129701686122
19,61,4846,0.8142546824161174,0.08866995073891626,0.04864864864864865,0.5,0.9400129701686122
19,61,4896,0.8037794952593159,0.09852216748768473,0.05405405405405406,0.5555555555555556,0.9406614785992218
19,61,4946,0.8075664488220542,0.09803921568627451,0.05405405405405406,0.5263157894736842,0.940337224383917
19,61,4996,0.8144187650914109,0.08955223880597014,0.04864864864864865,0.5625,0.9406614785992218
19,61,5046,0.8161248519992914,0.09803921568627451,0.05405405405405406,0.5263157894736842,0.940337224383917
19,61,5096,0.8112788193505684,0.08823529411764706,0.04864864864864865,0.47368421052631576,0.9396887159533074
19,61,5146,0.811631224187278,0.08,0.043243243243243246,0.5333333333333333,0.940337224383917
19,61,5196,0.8068579099969234,0.08737864077669903,0.04864864864864865,0.42857142857142855,0.9390402075226978
19,61,5246,0.8141204329545138,0.07,0.03783783783783784,0.4666666666666667,0.9396887159533074
19,61,5296,0.8142229846265722,0.1073170731707317,0.05945945945945946,0.55,0.9406614785992218
19,61,5346,0.8135312269841417,0.07960199004975124,0.043243243243243246,0.5,0.9400129701686122
19,61,5396,0.8163057158572853,0.08866995073891626,0.04864864864864865,0.5,0.9400129701686122
19,61,5446,0.8132198428162554,0.05,0.02702702702702703,0.3333333333333333,0.9383916990920882
19,61,5496,0.8209447805860363,0.08737864077669903,0.04864864864864865,0.42857142857142855,0.9390402075226978
19,61,5546,0.8101917716267492,0.08823529411764706,0.04864864864864865,0.47368421052631576,0.9396887159533074
19,61,5596,0.8150956061269963,0.07804878048780488,0.043243243243243246,0.4,0.938715953307393
19,61,5646,0.815395802839749,0.08780487804878048,0.04864864864864865,0.45,0.9393644617380026
19,61,5696,0.8217857042969151,0.07804878048780488,0.043243243243243246,0.4,0.938715953307393
19,61,5746,0.8178607721208618,0.08780487804878048,0.04864864864864865,0.45,0.9393644617380026
19,61,5796,0.8227012110420183,0.08695652173913043,0.04864864864864865,0.4090909090909091,0.938715953307393
19,61,5846,0.8182150415334273,0.07766990291262135,0.043243243243243246,0.38095238095238093,0.9383916990920882
19,61,5896,0.8247988588795764,0.1073170731707317,0.05945945945945946,0.55,0.9406614785992218
19,61,5946,0.816430642439611,0.0975609756097561,0.05405405405405406,0.5,0.9400129701686122
19,61,5996,0.8208571455208227,0.07920792079207921,0.043243243243243246,0.47058823529411764,0.9396887159533074
19,61,6046,0.8229678453893702,0.08823529411764706,0.04864864864864865,0.47368421052631576,0.9396887159533074
19,61,6096,0.8151254393406859,0.0970873786407767,0.05405405405405406,0.47619047619047616,0.9396887159533074
19,61,6146,0.822337618750175,0.08823529411764706,0.04864864864864865,0.47368421052631576,0.9396887159533074
19,61,6196,0.8148606695691897,0.06862745098039216,0.03783783783783784,0.3684210526315789,0.9383916990920882
19,61,6246,0.819018673727194,0.07881773399014778,0.043243243243243246,0.4444444444444444,0.9393644617380026
19,61,6296,0.8224140663602547,0.08866995073891626,0.04864864864864865,0.5,0.9400129701686122
19,61,6346,0.8177433038419586,0.06930693069306931,0.03783783783783784,0.4117647058823529,0.9390402075226978
19,61,6396,0.8162329973989166,0.09900990099009901,0.05405405405405406,0.5882352941176471,0.9409857328145266
19,61,6446,0.8188434035967669,0.07881773399014778,0.043243243243243246,0.4444444444444444,0.9393644617380026
19,61,6496,0.8166357457837279,0.09900990099009901,0.05405405405405406,0.5882352941176471,0.9409857328145266
19,61,6546,0.8197458583108806,0.07881773399014778,0.043243243243243246,0.4444444444444444,0.9393644617380026
19,61,6596,0.8171820665094208,0.08780487804878048,0.04864864864864865,0.45,0.9393644617380026
19,61,6646,0.8184630301222231,0.08866995073891626,0.04864864864864865,0.5,0.9400129701686122
19,61,6696,0.8205010115324017,0.07804878048780488,0.043243243243243246,0.4,0.938715953307393
19,61,6746,0.8173703886708371,0.0970873786407767,0.05405405405405406,0.47619047619047616,0.9396887159533074
19,61,6796,0.8221269216784912,0.08823529411764706,0.04864864864864865,0.47368421052631576,0.9396887159533074
19,61,6846,0.8140999226201019,0.0784313725490196,0.043243243243243246,0.42105263157894735,0.9390402075226978
19,61,6896,0.8190130799996271,0.06896551724137931,0.03783783783783784,0.3888888888888889,0.938715953307393
19,61,6946,0.816246049429906,0.08780487804878048,0.04864864864864865,0.45,0.9393644617380026
19,61,6996,0.8173442846088588,0.08653846153846154,0.04864864864864865,0.391304347826087,0.9383916990920882
19,61,7046,0.818653216859495,0.07766990291262135,0.043243243243243246,0.38095238095238093,0.9383916990920882
19,61,7096,0.8172808890297679,0.08823529411764706,0.04864864864864865,0.47368421052631576,0.9396887159533074
19,61,7146,0.8155356460289196,0.07766990291262135,0.043243243243243246,0.38095238095238093,0.9383916990920882
19,61,7196,0.8147469304419976,0.08823529411764706,0.04864864864864865,0.47368421052631576,0.9396887159533074
19,61,7246,0.8132534051816562,0.07766990291262135,0.043243243243243246,0.38095238095238093,0.9383916990920882
19,61,7296,0.8163597885570981,0.0784313725490196,0.043243243243243246,0.42105263157894735,0.9390402075226978
19,61,7346,0.8177060123248464,0.08866995073891626,0.04864864864864865,0.5,0.9400129701686122
19,61,7396,0.8238591126483503,0.10628019323671498,0.05945945945945946,0.5,0.9400129701686122
19,61,7446,0.8157724471625817,0.07960199004975124,0.043243243243243246,0.5,0.9400129701686122
19,61,7496,0.8150471271547506,0.08823529411764706,0.04864864864864865,0.47368421052631576,0.9396887159533074
19,61,7546,0.8134193524328055,0.0784313725490196,0.043243243243243246,0.42105263157894735,0.9390402075226978
19,61,7596,0.8146182747079608,0.125,0.07027027027027027,0.5652173913043478,0.9409857328145266
19,61,7646,0.8172081705713994,0.07960199004975124,0.043243243243243246,0.5,0.9400129701686122
19,61,7696,0.8168557657346895,0.07960199004975124,0.043243243243243246,0.5,0.9400129701686122
19,61,7746,0.814204338868016,0.07,0.03783783783783784,0.4666666666666667,0.9396887159533074
19,61,7796,0.812680980393985,0.08780487804878048,0.04864864864864865,0.45,0.9393644617380026
19,61,7846,0.8124796062015793,0.0966183574879227,0.05405405405405406,0.45454545454545453,0.9393644617380026
19,61,7896,0.8204450742567335,0.06862745098039216,0.03783783783783784,0.3684210526315789,0.9383916990920882
19,61,7946,0.8165667564770703,0.09803921568627451,0.05405405405405406,0.5263157894736842,0.940337224383917
19,61,7996,0.8189123929034243,0.06896551724137931,0.03783783783783784,0.3888888888888889,0.938715953307393
20,62,246,0.665562216234862,0.15699658703071673,0.12432432432432433,0.21296296296296297,0.9199092088197146
20,62,296,0.7009798346121217,0.13076923076923078,0.0918918918918919,0.22666666666666666,0.9267185473411155
20,62,346,0.6768093377958848,0.1590909090909091,0.11351351351351352,0.26582278481012656,0.9280155642023347
20,62,396,0.7125849547374212,0.11721611721611722,0.08648648648648649,0.18181818181818182,0.9218547341115434
20,62,446,0.6817392763581105,0.05405405405405406,0.032432432432432434,0.16216216216216217,0.9319066147859922
20,62,496,0.6672235533222081,0.02912621359223301,0.016216216216216217,0.14285714285714285,0.9351491569390402
20,62,546,0.6436217521419315,0.02040816326530612,0.010810810810810811,0.18181818181818182,0.9377431906614786
20,62,596,0.6336555941937109,0.019704433497536946,0.010810810810810811,0.1111111111111111,0.935473411154345
20,62,646,0.6628511229408091,0.0,0.0,0.0,0.935473411154345
20,62,696,0.6379124208720621,0.030303030303030304,0.016216216216216217,0.23076923076923078,0.9377431906614786
20,62,746,0.6497729878895798,0.05,0.02702702702702703,0.3333333333333333,0.9383916990920882
20,62,796,0.663031986798803,0.05025125628140704,0.02702702702702703,0.35714285714285715,0.938715953307393
20,62,846,0.6541976263949358,0.05025125628140704,0.02702702702702703,0.35714285714285715,0.938715953307393
20,62,896,0.6638579939028371,0.05025125628140704,0.02702702702702703,0.35714285714285715,0.938715953307393
20,62,946,0.6588833055200768,0.05,0.02702702702702703,0.3333333333333333,0.9383916990920882
20,62,996,0.6894101414280785,0.059113300492610835,0.032432432432432434,0.3333333333333333,0.9380674448767834
20,62,1046,0.7032452942766845,0.06030150753768844,0.032432432432432434,0.42857142857142855,0.9393644617380026
20,62,1096,0.7004316493105731,0.04975124378109453,0.02702702702702703,0.3125,0.9380674448767834
20,62,1146,0.7120330402841614,0.04950495049504951,0.02702702702702703,0.29411764705882354,0.9377431906614786
20,62,1196,0.6950504833912906,0.05825242718446602,0.032432432432432434,0.2857142857142857,0.937094682230869
20,62,1246,0.7264406179204386,0.06060606060606061,0.032432432432432434,0.46153846153846156,0.9396887159533074
20,62,1296,0.7122698414178235,0.04950495049504951,0.02702702702702703,0.29411764705882354,0.9377431906614786
20,62,1346,0.7049625686396988,0.04950495049504951,0.02702702702702703,0.29411764705882354,0.9377431906614786
20,62,1396,0.7295712407820031,0.05970149253731343,0.032432432432432434,0.375,0.938715953307393
20,62,1446,0.7304308102514381,0.04950495049504951,0.02702702702702703,0.29411764705882354,0.9377431906614786
20,62,1496,0.7321518137661636,0.05970149253731343,0.032432432432432434,0.375,0.938715953307393
20,62,1546,0.7333917567101423,0.07881773399014778,0.043243243243243246,0.4444444444444444,0.9393644617380026
20,62,1596,0.7558020939186858,0.06060606060606061,0.032432432432432434,0.46153846153846156,0.9396887159533074
20,62,1646,0.7532923748170385,0.06091370558375635,0.032432432432432434,0.5,0.9400129701686122
20,62,1696,0.7673382247373279,0.05970149253731343,0.032432432432432434,0.375,0.938715953307393
20,62,1746,0.7720835702898483,0.05970149253731343,0.032432432432432434,0.375,0.938715953307393
20,62,1796,0.7770769044311645,0.050505050505050504,0.02702702702702703,0.38461538461538464,0.9390402075226978
20,62,1846,0.7799651324315002,0.06060606060606061,0.032432432432432434,0.46153846153846156,0.9396887159533074
20,62,1896,0.7777723912253061,0.06060606060606061,0.032432432432432434,0.46153846153846156,0.9396887159533074
20,62,1946,0.787988402338178,0.06030150753768844,0.032432432432432434,0.42857142857142855,0.9393644617380026
20,62,1996,0.7750128189590073,0.08823529411764706,0.04864864864864865,0.47368421052631576,0.9396887159533074
20,62,2046,0.7826184238740292,0.09852216748768473,0.05405405405405406,0.5555555555555556,0.9406614785992218
20,62,2096,0.7875558207396773,0.0970873786407767,0.05405405405405406,0.47619047619047616,0.9396887159533074
20,62,2146,0.7926815397667415,0.10576923076923077,0.05945945945945946,0.4782608695652174,0.9396887159533074
20,62,2196,0.7960116722448561,0.06930693069306931,0.03783783783783784,0.4117647058823529,0.9390402075226978
20,62,2246,0.8028360198763786,0.08823529411764706,0.04864864864864865,0.47368421052631576,0.9396887159533074
20,62,2296,0.7941359089341152,0.07881773399014778,0.043243243243243246,0.4444444444444444,0.9393644617380026
20,62,2346,0.8016203164185228,0.09569377990430622,0.05405405405405406,0.4166666666666667,0.938715953307393
20,62,2396,0.7996569180425682,0.07804878048780488,0.043243243243243246,0.4,0.938715953307393
20,62,2446,0.8064532970362568,0.058823529411764705,0.032432432432432434,0.3157894736842105,0.9377431906614786
20,62,2496,0.8051350419063424,0.0594059405940594,0.032432432432432434,0.35294117647058826,0.9383916990920882
20,62,2546,0.7951390507444319,0.07960199004975124,0.043243243243243246,0.5,0.9400129701686122
20,62,2596,0.8001771347062827,0.06896551724137931,0.03783783783783784,0.3888888888888889,0.938715953307393
20,62,2646,0.7986649636873853,0.08,0.043243243243243246,0.5333333333333333,0.940337224383917
20,62,2696,0.8036899956182466,0.07881773399014778,0.043243243243243246,0.4444444444444444,0.9393644617380026
20,62,2746,0.7948164791214117,0.06930693069306931,0.03783783783783784,0.4117647058823529,0.9390402075226978
20,62,2796,0.8036004959771775,0.059113300492610835,0.032432432432432434,0.3333333333333333,0.9380674448767834
20,62,2846,0.8037739015317491,0.08823529411764706,0.04864864864864865,0.47368421052631576,0.9396887159533074
20,62,2896,0.8027968637834109,0.06896551724137931,0.03783783783783784,0.3888888888888889,0.938715953307393
20,62,2946,0.8132105199369775,0.07920792079207921,0.043243243243243246,0.47058823529411764,0.9396887159533074
20,62,2996,0.8116386824907006,0.06829268292682927,0.03783783783783784,0.35,0.9380674448767834
20,62,3046,0.8105889262839936,0.07804878048780488,0.043243243243243246,0.4,0.938715953307393
20,62,3096,0.8214575389463282,0.10679611650485436,0.05945945945945946,0.5238095238095238,0.940337224383917
20,62,3146,0.82048050119799,0.08737864077669903,0.04864864864864865,0.42857142857142855,0.9390402075226978
20,62,3196,0.8176929602938572,0.05970149253731343,0.032432432432432434,0.375,0.938715953307393
20,62,3246,0.807918853658764,0.0784313725490196,0.043243243243243246,0.42105263157894735,0.9390402075226978
20,62,3296,0.8123024714952967,0.08780487804878048,0.04864864864864865,0.45,0.9393644617380026
20,62,3346,0.8138482048795952,0.08780487804878048,0.04864864864864865,0.45,0.9393644617380026
20,62,3396,0.8191491940370864,0.10576923076923077,0.05945945945945946,0.4782608695652174,0.9396887159533074
20,62,3446,0.8095279826221531,0.0966183574879227,0.05405405405405406,0.45454545454545453,0.9393644617380026
20,62,3496,0.8145399625220254,0.08823529411764706,0.04864864864864865,0.47368421052631576,0.9396887159533074
20,62,3546,0.8193673494121925,0.07881773399014778,0.043243243243243246,0.4444444444444444,0.9393644617380026
20,62,3596,0.8198372225278054,0.09615384615384616,0.05405405405405406,0.43478260869565216,0.9390402075226978
20,62,3646,0.8188005183520879,0.09523809523809523,0.05405405405405406,0.4,0.9383916990920882
20,62,3696,0.8234116144430046,0.09900990099009901,0.05405405405405406,0.5882352941176471,0.9409857328145266
20,62,3746,0.8176370230181889,0.10526315789473684,0.05945945945945946,0.4583333333333333,0.9393644617380026
20,62,3796,0.8211722588404202,0.07766990291262135,0.043243243243243246,0.38095238095238093,0.9383916990920882
20,62,3846,0.8246235887491492,0.08737864077669903,0.04864864864864865,0.42857142857142855,0.9390402075226978
20,62,3896,0.823394833260304,0.10784313725490197,0.05945945945945946,0.5789473684210527,0.9409857328145266
20,62,3946,0.8127574280040648,0.08737864077669903,0.04864864864864865,0.42857142857142855,0.9390402075226978
20,62,3996,0.8232288860091552,0.07766990291262135,0.043243243243243246,0.38095238095238093,0.9383916990920882
20,62,4046,0.8282595116675834,0.10784313725490197,0.05945945945945946,0.5789473684210527,0.9409857328145266
20,62,4096,0.8304037739015317,0.09900990099009901,0.05405405405405406,0.5882352941176471,0.9409857328145266
20,62,4146,0.8276460662110887,0.08,0.043243243243243246,0.5333333333333333,0.940337224383917
20,62,4196,0.8255465537976748,0.10628019323671498,0.05945945945945946,0.5,0.9400129701686122
20,62,4246,0.8218024854796154,0.08737864077669903,0.04864864864864865,0.42857142857142855,0.9390402075226978
20,62,4296,0.8230871782441289,0.08737864077669903,0.04864864864864865,0.42857142857142855,0.9390402075226978
20,62,4346,0.8215451740115416,0.0784313725490196,0.043243243243243246,0.42105263157894735,0.9390402075226978
20,62,4396,0.8249368374928914,0.08737864077669903,0.04864864864864865,0.42857142857142855,0.9390402075226978
20,62,4446,0.8251288888060189,0.0784313725490196,0.043243243243243246,0.42105263157894735,0.9390402075226978
20,62,4496,0.8259977811547319,0.08780487804878048,0.04864864864864865,0.45,0.9393644617380026
20,62,4546,0.8226042530975266,0.08653846153846154,0.04864864864864865,0.391304347826087,0.9383916990920882
20,62,4596,0.825427220942916,0.08653846153846154,0.04864864864864865,0.391304347826087,0.9383916990920882
20,62,4646,0.8298630469034057,0.07920792079207921,0.043243243243243246,0.47058823529411764,0.9396887159533074
20,62,4696,0.8264359564807996,0.08866995073891626,0.04864864864864865,0.5,0.9400129701686122
20,62,4746,0.8291302685921521,0.12440191387559808,0.07027027027027027,0.5416666666666666,0.9406614785992218
20,62,4796,0.8253675545155367,0.0966183574879227,0.05405405405405406,0.45454545454545453,0.9393644617380026
20,62,4846,0.8282203555746157,0.09045226130653267,0.04864864864864865,0.6428571428571429,0.9413099870298314
20,62,4896,0.8284161360394544,0.08780487804878048,0.04864864864864865,0.45,0.9393644617380026
20,62,4946,0.8257162302005351,0.07960199004975124,0.043243243243243246,0.5,0.9400129701686122
20,62,4996,0.8323112350018179,0.11822660098522167,0.06486486486486487,0.6666666666666666,0.941958495460441
20,62,5046,0.8296877767729786,0.09523809523809523,0.05405405405405406,0.4,0.9383916990920882
20,62,5096,0.8303105451087516,0.09852216748768473,0.05405405405405406,0.5555555555555556,0.9406614785992218
20,62,5146,0.8283527404603639,0.10837438423645321,0.05945945945945946,0.6111111111111112,0.9413099870298314
20,62,5196,0.8258970940585291,0.09950248756218906,0.05405405405405406,0.625,0.9413099870298314
20,62,5246,0.8274819835357953,0.10891089108910891,0.05945945945945946,0.6470588235294118,0.9416342412451362
20,62,5296,0.8292570597503333,0.11538461538461539,0.06486486486486487,0.5217391304347826,0.940337224383917
20,62,5346,0.8253880648499483,0.10837438423645321,0.05945945945945946,0.6111111111111112,0.9413099870298314
20,62,5396,0.832216141633182,0.1073170731707317,0.05945945945945946,0.55,0.9406614785992218
20,62,5446,0.8229044498102795,0.08823529411764706,0.04864864864864865,0.47368421052631576,0.9396887159533074
20,62,5496,0.8237080820040462,0.08955223880597014,0.04864864864864865,0.5625,0.9406614785992218
20,62,5546,0.8205066052599684,0.08823529411764706,0.04864864864864865,0.47368421052631576,0.9396887159533074
20,62,5596,0.8246235887491492,0.07960199004975124,0.043243243243243246,0.5,0.9400129701686122
20,62,5646,0.8239038624688848,0.09852216748768473,0.05405405405405406,0.5555555555555556,0.9406614785992218
20,62,5696,0.8245862972320371,0.0975609756097561,0.05405405405405406,0.5,0.9400129701686122
20,62,5746,0.8312111352470097,0.08866995073891626,0.04864864864864865,0.5,0.9400129701686122
20,62,5796,0.8245378182597914,0.08737864077669903,0.04864864864864865,0.42857142857142855,0.9390402075226978
20,62,5846,0.8267436114969747,0.08823529411764706,0.04864864864864865,0.47368421052631576,0.9396887159533074
20,62,5896,0.8222443899573944,0.07,0.03783783783783784,0.4666666666666667,0.9396887159533074
20,62,5946,0.8260760933406673,0.08780487804878048,0.04864864864864865,0.45,0.9393644617380026
20,62,5996,0.8205961049010377,0.08737864077669903,0.04864864864864865,0.42857142857142855,0.9390402075226978
20,62,6046,0.8193300578950803,0.08780487804878048,0.04864864864864865,0.45,0.9393644617380026
20,62,6096,0.8241108303888574,0.09852216748768473,0.05405405405405406,0.5555555555555556,0.9406614785992218
20,62,6146,0.8251438054128637,0.07804878048780488,0.043243243243243246,0.4,0.938715953307393
20,62,6196,0.8260649058855337,0.06930693069306931,0.03783783783783784,0.4117647058823529,0.9390402075226978
20,62,6246,0.8278455758276386,0.08866995073891626,0.04864864864864865,0.5,0.9400129701686122
20,62,6296,0.822574419883837,0.09803921568627451,0.05405405405405406,0.5263157894736842,0.940337224383917
20,62,6346,0.8239597997445531,0.07881773399014778,0.043243243243243246,0.4444444444444444,0.9393644617380026
20,62,6396,0.8188098412313658,0.08695652173913043,0.04864864864864865,0.4090909090909091,0.938715953307393
20,62,6446,0.822018776278866,0.09852216748768473,0.05405405405405406,0.5555555555555556,0.9406614785992218
20,62,6496,0.8262513634710944,0.10679611650485436,0.05945945945945946,0.5238095238095238,0.940337224383917
20,62,6546,0.8239989558375208,0.09900990099009901,0.05405405405405406,0.5882352941176471,0.9409857328145266
20,62,6596,0.82219964013686,0.0975609756097561,0.05405405405405406,0.5,0.9400129701686122
20,62,6646,0.8222593065642393,0.06829268292682927,0.03783783783783784,0.35,0.9380674448767834
20,62,6696,0.8276982743350456,0.06862745098039216,0.03783783783783784,0.3684210526315789,0.9383916990920882
20,62,6746,0.8203965952844876,0.08737864077669903,0.04864864864864865,0.42857142857142855,0.9390402075226978
20,62,6796,0.8199565553825645,0.07881773399014778,0.043243243243243246,0.4444444444444444,0.9393644617380026
20,62,6846,0.8138090487866272,0.07766990291262135,0.043243243243243246,0.38095238095238093,0.9383916990920882
20,62,6896,0.8224140663602547,0.07920792079207921,0.043243243243243246,0.47058823529411764,0.9396887159533074
20,62,6946,0.8165331941116696,0.08866995073891626,0.04864864864864865,0.5,0.9400129701686122
20,62,6996,0.8181124898613689,0.07960199004975124,0.043243243243243246,0.5,0.9400129701686122
20,62,7046,0.8247261404212076,0.0970873786407767,0.05405405405405406,0.47619047619047616,0.9396887159533074
20,62,7096,0.8198372225278054,0.08823529411764706,0.04864864864864865,0.47368421052631576,0.9396887159533074
20,62,7146,0.8148196489003665,0.07804878048780488,0.043243243243243246,0.4,0.938715953307393
20,62,7196,0.8102178756887277,0.06763285024154589,0.03783783783783784,0.3181818181818182,0.9374189364461738
20,62,7246,0.8163541948295311,0.06763285024154589,0.03783783783783784,0.3181818181818182,0.9374189364461738
20,62,7296,0.8220411511891333,0.09523809523809523,0.05405405405405406,0.4,0.9383916990920882
20,62,7346,0.8211703942645647,0.07881773399014778,0.043243243243243246,0.4444444444444444,0.9393644617380026
20,62,7396,0.8140458499202894,0.09803921568627451,0.05405405405405406,0.5263157894736842,0.940337224383917
20,62,7446,0.8153790216570485,0.06829268292682927,0.03783783783783784,0.35,0.9380674448767834
20,62,7496,0.8113869647501935,0.08955223880597014,0.04864864864864865,0.5625,0.9406614785992218
20,62,7546,0.817845855514017,0.08,0.043243243243243246,0.5333333333333333,0.940337224383917
20,62,7596,0.813919058762108,0.07804878048780488,0.043243243243243246,0.4,0.938715953307393
20,62,7646,0.8169452653757586,0.09852216748768473,0.05405405405405406,0.5555555555555556,0.9406614785992218
20,62,7696,0.8100687096202791,0.08780487804878048,0.04864864864864865,0.45,0.9393644617380026
20,62,7746,0.8124814707774348,0.06862745098039216,0.03783783783783784,0.3684210526315789,0.9383916990920882
20,62,7796,0.8148811799036014,0.08653846153846154,0.04864864864864865,0.391304347826087,0.9383916990920882
20,62,7846,0.8158787279863513,0.08823529411764706,0.04864864864864865,0.47368421052631576,0.9396887159533074
20,62,7896,0.8133671443088483,0.07035175879396985,0.03783783783783784,0.5,0.9400129701686122
20,62,7946,0.8112303403783225,0.06896551724137931,0.03783783783783784,0.3888888888888889,0.938715953307393
20,62,7996,0.8133522277020034,0.10679611650485436,0.05945945945945946,0.5238095238095238,0.940337224383917
21,63,246,0.6912877693146751,0.14334470989761092,0.11351351351351352,0.19444444444444445,0.9186121919584954
21,63,296,0.7059638458741598,0.12075471698113208,0.08648648648648649,0.2,0.9244487678339819
21,63,346,0.67831405051136,0.09885931558935361,0.07027027027027027,0.16666666666666666,0.9231517509727627
21,63,396,0.7122204301576499,0.10358565737051793,0.07027027027027027,0.19696969696969696,0.9270428015564203
21,63,446,0.6943736423557051,0.01904761904761905,0.010810810810810811,0.08,0.9332036316472114
21,63,496,0.6989474469295098,0.010309278350515464,0.005405405405405406,0.1111111111111111,0.9377431906614786
21,63,546,0.6960946458704306,0.009852216748768473,0.005405405405405406,0.05555555555555555,0.9348249027237354
21,63,596,0.6967453828440376,0.0,0.0,0.0,0.937094682230869
21,63,646,0.6797982528924232,0.0106951871657754,0.005405405405405406,0.5,0.9400129701686122
21,63,696,0.6889458620400324,0.010638297872340425,0.005405405405405406,0.3333333333333333,0.9396887159533074
21,63,746,0.7266625024472558,0.05154639175257732,0.02702702702702703,0.5555555555555556,0.940337224383917
21,63,796,0.6985540214239767,0.020833333333333332,0.010810810810810811,0.2857142857142857,0.9390402075226978
21,63,846,0.7149697472567428,0.05154639175257732,0.02702702702702703,0.5555555555555556,0.940337224383917
21,63,896,0.7312307132934937,0.07179487179487179,0.03783783783783784,0.7,0.9413099870298314
21,63,946,0.713729804312764,0.06217616580310881,0.032432432432432434,0.75,0.9413099870298314
21,63,996,0.7192247093592385,0.061855670103092786,0.032432432432432434,0.6666666666666666,0.9409857328145266
21,63,1046,0.7380550609250162,0.04060913705583756,0.021621621621621623,0.3333333333333333,0.938715953307393
21,63,1096,0.7475886372747359,0.05235602094240838,0.02702702702702703,0.8333333333333334,0.9413099870298314
21,63,1146,0.7389053075151729,0.050761421319796954,0.02702702702702703,0.4166666666666667,0.9393644617380026
21,63,1196,0.7374155114065427,0.05102040816326531,0.02702702702702703,0.45454545454545453,0.9396887159533074
21,63,1246,0.751381184565041,0.06060606060606061,0.032432432432432434,0.46153846153846156,0.9396887159533074
21,63,1296,0.7387263082330346,0.08205128205128205,0.043243243243243246,0.8,0.941958495460441
21,63,1346,0.7573851188200965,0.07035175879396985,0.03783783783783784,0.5,0.9400129701686122
21,63,1396,0.761992485759302,0.07,0.03783783783783784,0.4666666666666667,0.9396887159533074
21,63,1446,0.7520617547523376,0.07106598984771574,0.03783783783783784,0.5833333333333334,0.9406614785992218
21,63,1496,0.7465015895509169,0.06091370558375635,0.032432432432432434,0.5,0.9400129701686122
21,63,1546,0.7520468381454928,0.07,0.03783783783783784,0.4666666666666667,0.9396887159533074
21,63,1596,0.7595070061437774,0.06896551724137931,0.03783783783783784,0.3888888888888889,0.938715953307393
21,63,1646,0.7743602174095447,0.06965174129353234,0.03783783783783784,0.4375,0.9393644617380026
21,63,1696,0.7773192992923935,0.07035175879396985,0.03783783783783784,0.5,0.9400129701686122
21,63,1746,0.7677726709116843,0.08040201005025126,0.043243243243243246,0.5714285714285714,0.9406614785992218
21,63,1796,0.7770806335828758,0.07920792079207921,0.043243243243243246,0.47058823529411764,0.9396887159533074
21,63,1846,0.7782087019755182,0.07,0.03783783783783784,0.4666666666666667,0.9396887159533074
21,63,1896,0.780569255008717,0.07,0.03783783783783784,0.4666666666666667,0.9396887159533074
21,63,1946,0.7810447218518968,0.0707070707070707,0.03783783783783784,0.5384615384615384,0.940337224383917
21,63,1996,0.7703066294994547,0.0707070707070707,0.03783783783783784,0.5384615384615384,0.940337224383917
21,63,2046,0.7887379618321323,0.08,0.043243243243243246,0.5333333333333333,0.940337224383917
21,63,2096,0.7840988971033814,0.06060606060606061,0.032432432432432434,0.46153846153846156,0.9396887159533074
21,63,2146,0.7728256714803801,0.08,0.043243243243243246,0.5333333333333333,0.940337224383917
21,63,2196,0.7762620847822641,0.08040201005025126,0.043243243243243246,0.5714285714285714,0.9406614785992218
21,63,2246,0.7806848587117645,0.08,0.043243243243243246,0.5333333333333333,0.940337224383917
21,63,2296,0.7935467029637435,0.07960199004975124,0.043243243243243246,0.5,0.9400129701686122
21,63,2346,0.7928027371973561,0.07881773399014778,0.043243243243243246,0.4444444444444444,0.9393644617380026
21,63,2396,0.785734130128749,0.09803921568627451,0.05405405405405406,0.5263157894736842,0.940337224383917
21,63,2446,0.7921277607376263,0.0784313725490196,0.043243243243243246,0.42105263157894735,0.9390402075226978
21,63,2496,0.7868043966698676,0.07,0.03783783783783784,0.4666666666666667,0.9396887159533074
21,63,2546,0.794482720043258,0.0784313725490196,0.043243243243243246,0.42105263157894735,0.9390402075226978
21,63,2596,0.7936790878494915,0.10628019323671498,0.05945945945945946,0.5,0.9400129701686122
21,63,2646,0.7948612289419463,0.07881773399014778,0.043243243243243246,0.4444444444444444,0.9393644617380026
21,63,2696,0.7988756607590688,0.10426540284360189,0.05945945945945946,0.4230769230769231,0.938715953307393
21,63,2746,0.8036713498596907,0.07766990291262135,0.043243243243243246,0.38095238095238093,0.9383916990920882
21,63,2796,0.8013313071609036,0.08571428571428572,0.04864864864864865,0.36,0.9377431906614786
21,63,2846,0.8025675209531712,0.07804878048780488,0.043243243243243246,0.4,0.938715953307393
21,63,2896,0.8027148224457641,0.08695652173913043,0.04864864864864865,0.4090909090909091,0.938715953307393
21,63,2946,0.8071338672235534,0.0861244019138756,0.04864864864864865,0.375,0.9380674448767834
21,63,2996,0.8060356320446007,0.0861244019138756,0.04864864864864865,0.375,0.9380674448767834
21,63,3046,0.8176780436870122,0.07582938388625593,0.043243243243243246,0.3076923076923077,0.9367704280155642
21,63,3096,0.8137549760868147,0.07729468599033816,0.043243243243243246,0.36363636363636365,0.9380674448767834
21,63,3146,0.8175736274390984,0.08737864077669903,0.04864864864864865,0.42857142857142855,0.9390402075226978
21,63,3196,0.8168371199761334,0.09389671361502347,0.05405405405405406,0.35714285714285715,0.9374189364461738
21,63,3246,0.8159906025376877,0.09523809523809523,0.05405405405405406,0.4,0.9383916990920882
21,63,3296,0.808174300550982,0.09569377990430622,0.05405405405405406,0.4166666666666667,0.938715953307393
21,63,3346,0.813307477881469,0.07804878048780488,0.043243243243243246,0.4,0.938715953307393
21,63,3396,0.8135703830771097,0.07655502392344497,0.043243243243243246,0.3333333333333333,0.9374189364461738
21,63,3446,0.8059032471588524,0.06698564593301436,0.03783783783783784,0.2916666666666667,0.9367704280155642
21,63,3496,0.8084968721740022,0.08450704225352113,0.04864864864864865,0.32142857142857145,0.9367704280155642
21,63,3546,0.8026775309286519,0.07960199004975124,0.043243243243243246,0.5,0.9400129701686122
21,63,3596,0.807847999776251,0.07766990291262135,0.043243243243243246,0.38095238095238093,0.9383916990920882
21,63,3646,0.8110028621239384,0.0784313725490196,0.043243243243243246,0.42105263157894735,0.9390402075226978
21,63,3696,0.8109003104518798,0.08737864077669903,0.04864864864864865,0.42857142857142855,0.9390402075226978
21,63,3746,0.8117281821317696,0.07920792079207921,0.043243243243243246,0.47058823529411764,0.9396887159533074
21,63,3796,0.8079095307794859,0.07804878048780488,0.043243243243243246,0.4,0.938715953307393
21,63,3846,0.8203462517363862,0.06862745098039216,0.03783783783783784,0.3684210526315789,0.9383916990920882
21,63,3896,0.8073128665056917,0.08955223880597014,0.04864864864864865,0.5625,0.9406614785992218
21,63,3946,0.8119892227515547,0.07804878048780488,0.043243243243243246,0.4,0.938715953307393
21,63,3996,0.8082059983405275,0.07766990291262135,0.043243243243243246,0.38095238095238093,0.9383916990920882
21,63,4046,0.8120004102066882,0.0966183574879227,0.05405405405405406,0.45454545454545453,0.9393644617380026
21,63,4096,0.8144765669429348,0.07881773399014778,0.043243243243243246,0.4444444444444444,0.9393644617380026
21,63,4146,0.8128264173107224,0.06862745098039216,0.03783783783783784,0.3684210526315789,0.9383916990920882
21,63,4196,0.8178533138174393,0.08780487804878048,0.04864864864864865,0.45,0.9393644617380026
21,63,4246,0.8141931514128824,0.09900990099009901,0.05405405405405406,0.5882352941176471,0.9409857328145266
21,63,4296,0.817019848409983,0.08780487804878048,0.04864864864864865,0.45,0.9393644617380026
21,63,4346,0.8107548735351426,0.08823529411764706,0.04864864864864865,0.47368421052631576,0.9396887159533074
21,63,4396,0.8089480995310593,0.07960199004975124,0.043243243243243246,0.5,0.9400129701686122
21,63,4446,0.8141036517718131,0.08695652173913043,0.04864864864864865,0.4090909090909091,0.938715953307393
21,63,4496,0.8188359452933444,0.08,0.043243243243243246,0.5333333333333333,0.940337224383917
21,63,4546,0.8163131741607078,0.07035175879396985,0.03783783783783784,0.5,0.9400129701686122
21,63,4596,0.8100500638617232,0.07920792079207921,0.043243243243243246,0.47058823529411764,0.9396887159533074
21,63,4646,0.815073231216729,0.08737864077669903,0.04864864864864865,0.42857142857142855,0.9390402075226978
21,63,4696,0.8087896105833324,0.08866995073891626,0.04864864864864865,0.5,0.9400129701686122
21,63,4746,0.8125672412667928,0.09852216748768473,0.05405405405405406,0.5555555555555556,0.9406614785992218
21,63,4796,0.8098822520347184,0.10628019323671498,0.05945945945945946,0.5,0.9400129701686122
21,63,4846,0.8165126837772577,0.0784313725490196,0.043243243243243246,0.42105263157894735,0.9390402075226978
21,63,4896,0.8160782376029011,0.1073170731707317,0.05945945945945946,0.55,0.9406614785992218
21,63,4946,0.8123901065605101,0.0975609756097561,0.05405405405405406,0.5,0.9400129701686122
21,63,4996,0.8220821718579567,0.1073170731707317,0.05945945945945946,0.55,0.9406614785992218
21,63,5046,0.8131769575715765,0.08653846153846154,0.04864864864864865,0.391304347826087,0.9383916990920882
21,63,5096,0.8129457501654811,0.08737864077669903,0.04864864864864865,0.42857142857142855,0.9390402075226978
21,63,5146,0.8105740096771488,0.08780487804878048,0.04864864864864865,0.45,0.9393644617380026
21,63,5196,0.808422289139778,0.11650485436893204,0.06486486486486487,0.5714285714285714,0.9409857328145266
21,63,5246,0.8146947223180406,0.08737864077669903,0.04864864864864865,0.42857142857142855,0.9390402075226978
21,63,5296,0.8104285727604114,0.09803921568627451,0.05405405405405406,0.5263157894736842,0.940337224383917
21,63,5346,0.8129326981344919,0.08780487804878048,0.04864864864864865,0.45,0.9393644617380026
21,63,5396,0.8139861834929101,0.11483253588516747,0.06486486486486487,0.5,0.9400129701686122
21,63,5446,0.8102794066919627,0.07804878048780488,0.043243243243243246,0.4,0.938715953307393
21,63,5496,0.8094925556808966,0.08737864077669903,0.04864864864864865,0.42857142857142855,0.9390402075226978
21,63,5546,0.8087523190662204,0.10526315789473684,0.05945945945945946,0.4583333333333333,0.9393644617380026
21,63,5596,0.8124851999291461,0.1073170731707317,0.05945945945945946,0.55,0.9406614785992218
21,63,5646,0.8142285783541389,0.1073170731707317,0.05945945945945946,0.55,0.9406614785992218
21,63,5696,0.8147357429868641,0.0975609756097561,0.05405405405405406,0.5,0.9400129701686122
21,63,5746,0.8137456532075366,0.09852216748768473,0.05405405405405406,0.5555555555555556,0.9406614785992218
21,63,5796,0.8123453567399755,0.0975609756097561,0.05405405405405406,0.5,0.9400129701686122
21,63,5846,0.81727156615049,0.09803921568627451,0.05405405405405406,0.5263157894736842,0.940337224383917
21,63,5896,0.8109338728172809,0.08955223880597014,0.04864864864864865,0.5625,0.9406614785992218
21,63,5946,0.8150005127583604,0.08955223880597014,0.04864864864864865,0.5625,0.9406614785992218
21,63,5996,0.8179950215824656,0.0966183574879227,0.05405405405405406,0.45454545454545453,0.9393644617380026
21,63,6046,0.8167606723660535,0.07960199004975124,0.043243243243243246,0.5,0.9400129701686122
21,63,6096,0.8149762732722374,0.0966183574879227,0.05405405405405406,0.45454545454545453,0.9393644617380026
21,63,6146,0.8151086581579854,0.08695652173913043,0.04864864864864865,0.4090909090909091,0.938715953307393
21,63,6196,0.8150378042754725,0.0966183574879227,0.05405405405405406,0.45454545454545453,0.9393644617380026
21,63,6246,0.8165648919012148,0.09900990099009901,0.05405405405405406,0.5882352941176471,0.9409857328145266
21,63,6296,0.8098636062761623,0.10576923076923077,0.05945945945945946,0.4782608695652174,0.9396887159533074
21,63,6346,0.821966568154909,0.09803921568627451,0.05405405405405406,0.5263157894736842,0.940337224383917
21,63,6396,0.8159160195034634,0.07920792079207921,0.043243243243243246,0.47058823529411764,0.9396887159533074
21,63,6446,0.814323671722775,0.0891089108910891,0.04864864864864865,0.5294117647058824,0.940337224383917
21,63,6496,0.814916606844858,0.10576923076923077,0.05945945945945946,0.4782608695652174,0.9396887159533074
21,63,6546,0.8145604728564371,0.10576923076923077,0.05945945945945946,0.4782608695652174,0.9396887159533074
21,63,6596,0.8141782348060375,0.0970873786407767,0.05405405405405406,0.47619047619047616,0.9396887159533074
21,63,6646,0.8080959883650467,0.0966183574879227,0.05405405405405406,0.45454545454545453,0.9393644617380026
21,63,6696,0.8139955063721881,0.0966183574879227,0.05405405405405406,0.45454545454545453,0.9393644617380026
21,63,6746,0.8080381865135228,0.09569377990430622,0.05405405405405406,0.4166666666666667,0.938715953307393
21,63,6796,0.8117412341627589,0.05970149253731343,0.032432432432432434,0.375,0.938715953307393
21,63,6846,0.8104882391877908,0.07804878048780488,0.043243243243243246,0.4,0.938715953307393
21,63,6896,0.8086124758770499,0.08695652173913043,0.04864864864864865,0.4090909090909091,0.938715953307393
21,63,6946,0.8141782348060376,0.10628019323671498,0.05945945945945946,0.5,0.9400129701686122
21,63,6996,0.8138612569105843,0.07881773399014778,0.043243243243243246,0.4444444444444444,0.9393644617380026
21,63,7046,0.8115025684532412,0.1,0.05405405405405406,0.6666666666666666,0.9416342412451362
21,63,7096,0.8091289633890532,0.08823529411764706,0.04864864864864865,0.47368421052631576,0.9396887159533074
21,63,7146,0.8122745028574625,0.0975609756097561,0.05405405405405406,0.5,0.9400129701686122
21,63,7196,0.810083626227124,0.08866995073891626,0.04864864864864865,0.5,0.9400129701686122
21,63,7246,0.8150191585169164,0.08955223880597014,0.04864864864864865,0.5625,0.9406614785992218
21,63,7296,0.809238973364534,0.0966183574879227,0.05405405405405406,0.45454545454545453,0.9393644617380026
21,63,7346,0.8090170888377167,0.08866995073891626,0.04864864864864865,0.5,0.9400129701686122
21,63,7396,0.810544176463459,0.0975609756097561,0.05405405405405406,0.5,0.9400129701686122
21,63,7446,0.8120451600272228,0.08695652173913043,0.04864864864864865,0.4090909090909091,0.938715953307393
21,63,7496,0.8129998228652937,0.09852216748768473,0.05405405405405406,0.5555555555555556,0.9406614785992218
21,63,7546,0.8134100295535273,0.08737864077669903,0.04864864864864865,0.42857142857142855,0.9390402075226978
21,63,7596,0.8072159085612001,0.11483253588516747,0.06486486486486487,0.5,0.9400129701686122
21,63,7646,0.8046539813355957,0.08571428571428572,0.04864864864864865,0.36,0.9377431906614786
21,63,7696,0.8162702889160289,0.0966183574879227,0.05405405405405406,0.45454545454545453,0.9393644617380026
21,63,7746,0.8086628194251512,0.09852216748768473,0.05405405405405406,0.5555555555555556,0.9406614785992218
21,63,7796,0.8128525213727008,0.07804878048780488,0.043243243243243246,0.4,0.938715953307393
21,63,7846,0.8087691002489209,0.06965174129353234,0.03783783783783784,0.4375,0.9393644617380026
21,63,7896,0.8064887239775133,0.07766990291262135,0.043243243243243246,0.38095238095238093,0.9383916990920882
21,63,7946,0.807182346195799,0.11594202898550725,0.06486486486486487,0.5454545454545454,0.9406614785992218
21,63,7996,0.8118959939587743,0.0975609756097561,0.05405405405405406,0.5,0.9400129701686122
22,64,246,0.711152028192387,0.07086614173228346,0.04864864864864865,0.13043478260869565,0.9234760051880675
22,64,296,0.6848409982939131,0.10077519379844961,0.07027027027027027,0.1780821917808219,0.9247730220492867
22,64,346,0.6714225781490355,0.12396694214876033,0.08108108108108109,0.2631578947368421,0.9312581063553826
22,64,396,0.6957030849407532,0.09322033898305085,0.05945945945945946,0.21568627450980393,0.930609597924773
22,64,446,0.6650597130417759,0.07017543859649122,0.043243243243243246,0.18604651162790697,0.9312581063553826
22,64,496,0.6362566775122829,0.04950495049504951,0.02702702702702703,0.29411764705882354,0.9377431906614786
22,64,546,0.6699831255885067,0.04975124378109453,0.02702702702702703,0.3125,0.9380674448767834
22,64,596,0.6359639391029526,0.030612244897959183,0.016216216216216217,0.2727272727272727,0.9383916990920882
22,64,646,0.6422251848260817,0.04145077720207254,0.021621621621621623,0.5,0.9400129701686122
22,64,696,0.6804322086833298,0.05154639175257732,0.02702702702702703,0.5555555555555556,0.940337224383917
22,64,746,0.6742567334495586,0.04081632653061224,0.021621621621621623,0.36363636363636365,0.9390402075226978
22,64,796,0.6867363396511379,0.041025641025641026,0.021621621621621623,0.4,0.9393644617380026
22,64,846,0.695072858301558,0.041025641025641026,0.021621621621621623,0.4,0.9393644617380026
22,64,896,0.7070900496909466,0.06091370558375635,0.032432432432432434,0.5,0.9400129701686122
22,64,946,0.6952238889458622,0.041025641025641026,0.021621621621621623,0.4,0.9393644617380026
22,64,996,0.7238339408742996,0.05154639175257732,0.02702702702702703,0.5555555555555556,0.940337224383917
22,64,1046,0.7097302891024864,0.05154639175257732,0.02702702702702703,0.5555555555555556,0.940337224383917
22,64,1096,0.6993371432833316,0.05128205128205128,0.02702702702702703,0.5,0.9400129701686122
22,64,1146,0.6864286846349626,0.07035175879396985,0.03783783783783784,0.5,0.9400129701686122
22,64,1196,0.7276954774712622,0.050761421319796954,0.02702702702702703,0.4166666666666667,0.9393644617380026
22,64,1246,0.7177852567987097,0.061224489795918366,0.032432432432432434,0.5454545454545454,0.940337224383917
22,64,1296,0.7163569916933146,0.07142857142857142,0.03783783783783784,0.6363636363636364,0.9409857328145266
22,64,1346,0.719892227515546,0.06030150753768844,0.032432432432432434,0.42857142857142855,0.9393644617380026
22,64,1396,0.7357168828020847,0.05970149253731343,0.032432432432432434,0.375,0.938715953307393
22,64,1446,0.7214659295376784,0.07,0.03783783783783784,0.4666666666666667,0.9396887159533074
22,64,1496,0.7496266186849146,0.06930693069306931,0.03783783783783784,0.4117647058823529,0.9390402075226978
22,64,1546,0.7383272889999348,0.07,0.03783783783783784,0.4666666666666667,0.9396887159533074
22,64,1596,0.7696540279499922,0.06060606060606061,0.032432432432432434,0.46153846153846156,0.9396887159533074
22,64,1646,0.764062164959026,0.06930693069306931,0.03783783783783784,0.4117647058823529,0.9390402075226978
22,64,1696,0.7608178029702694,0.07960199004975124,0.043243243243243246,0.5,0.9400129701686122
22,64,1746,0.7655519610676562,0.06,0.032432432432432434,0.4,0.9390402075226978
22,64,1796,0.7561507696036844,0.07142857142857142,0.03783783783783784,0.6363636363636364,0.9409857328145266
22,64,1846,0.7757791596356619,0.06,0.032432432432432434,0.4,0.9390402075226978
22,64,1896,0.7636500936949366,0.08,0.043243243243243246,0.5333333333333333,0.940337224383917
22,64,1946,0.7739052609007766,0.06965174129353234,0.03783783783783784,0.4375,0.9393644617380026
22,64,1996,0.7821690610928279,0.07035175879396985,0.03783783783783784,0.5,0.9400129701686122
22,64,2046,0.7640565712314592,0.07035175879396985,0.03783783783783784,0.5,0.9400129701686122
22,64,2096,0.7664730615403261,0.050761421319796954,0.02702702702702703,0.4166666666666667,0.9393644617380026
22,64,2146,0.7772987889579819,0.06,0.032432432432432434,0.4,0.9390402075226978
22,64,2196,0.7704930870850154,0.06060606060606061,0.032432432432432434,0.46153846153846156,0.9396887159533074
22,64,2246,0.7633256574960611,0.05970149253731343,0.032432432432432434,0.375,0.938715953307393
22,64,2296,0.7606443974156979,0.058823529411764705,0.032432432432432434,0.3157894736842105,0.9377431906614786
22,64,2346,0.7550208366351865,0.05128205128205128,0.02702702702702703,0.5,0.9400129701686122
22,64,2396,0.7713862189198513,0.06862745098039216,0.03783783783783784,0.3684210526315789,0.9383916990920882
22,64,2446,0.7870561144103745,0.05970149253731343,0.032432432432432434,0.375,0.938715953307393
22,64,2496,0.7715931868398237,0.06862745098039216,0.03783783783783784,0.3684210526315789,0.9383916990920882
22,64,2546,0.7818334374388186,0.06829268292682927,0.03783783783783784,0.35,0.9380674448767834
22,64,2596,0.786176034606528,0.07692307692307693,0.043243243243243246,0.34782608695652173,0.9377431906614786
22,64,2646,0.7822511024304746,0.10426540284360189,0.05945945945945946,0.4230769230769231,0.938715953307393
22,64,2696,0.7919785946691776,0.07804878048780488,0.043243243243243246,0.4,0.938715953307393
22,64,2746,0.7940221698069231,0.07960199004975124,0.043243243243243246,0.5,0.9400129701686122
22,64,2796,0.7975462181740209,0.08823529411764706,0.04864864864864865,0.47368421052631576,0.9396887159533074
22,64,2846,0.8012511303991126,0.0784313725490196,0.043243243243243246,0.42105263157894735,0.9390402075226978
22,64,2896,0.7961384634030374,0.09900990099009901,0.05405405405405406,0.5882352941176471,0.9409857328145266
22,64,2946,0.7983349337609428,0.08866995073891626,0.04864864864864865,0.5,0.9400129701686122
22,64,2996,0.7946244278082844,0.11374407582938388,0.06486486486486487,0.46153846153846156,0.9393644617380026
22,64,3046,0.7974026458331391,0.0970873786407767,0.05405405405405406,0.47619047619047616,0.9396887159533074
22,64,3096,0.7983423920643651,0.0784313725490196,0.043243243243243246,0.42105263157894735,0.9390402075226978
22,64,3146,0.8020584917445904,0.0970873786407767,0.05405405405405406,0.47619047619047616,0.9396887159533074
22,64,3196,0.8086479028183065,0.0784313725490196,0.043243243243243246,0.42105263157894735,0.9390402075226978
22,64,3246,0.8057317061801366,0.10837438423645321,0.05945945945945946,0.6111111111111112,0.9413099870298314
22,64,3296,0.8162963929780073,0.08866995073891626,0.04864864864864865,0.5,0.9400129701686122
22,64,3346,0.812125336789014,0.07881773399014778,0.043243243243243246,0.4444444444444444,0.9393644617380026
22,64,3396,0.8041673270372822,0.0975609756097561,0.05405405405405406,0.5,0.9400129701686122
22,64,3446,0.8122838257367405,0.0891089108910891,0.04864864864864865,0.5294117647058824,0.940337224383917
22,64,3496,0.8098598771244512,0.07960199004975124,0.043243243243243246,0.5,0.9400129701686122
22,64,3546,0.8178011056934824,0.07960199004975124,0.043243243243243246,0.5,0.9400129701686122
22,64,3596,0.8176351584423334,0.07881773399014778,0.043243243243243246,0.4444444444444444,0.9393644617380026
22,64,3646,0.8088119854935999,0.08866995073891626,0.04864864864864865,0.5,0.9400129701686122
22,64,3696,0.8079076662036304,0.09045226130653267,0.04864864864864865,0.6428571428571429,0.9413099870298314
22,64,3746,0.808274987647185,0.08866995073891626,0.04864864864864865,0.5,0.9400129701686122
22,64,3796,0.8122931486160185,0.1,0.05405405405405406,0.6666666666666666,0.9416342412451362
22,64,3846,0.8036527041011347,0.07960199004975124,0.043243243243243246,0.5,0.9400129701686122
22,64,3896,0.8110308307617725,0.07804878048780488,0.043243243243243246,0.4,0.938715953307393
22,64,3946,0.8121495762751368,0.08866995073891626,0.04864864864864865,0.5,0.9400129701686122
22,64,3996,0.8108313211452226,0.1073170731707317,0.05945945945945946,0.55,0.9406614785992218
22,64,4046,0.8104956974912132,0.06965174129353234,0.03783783783783784,0.4375,0.9393644617380026
22,64,4096,0.8113869647501935,0.08,0.043243243243243246,0.5333333333333333,0.940337224383917
22,64,4146,0.8090208179894277,0.05970149253731343,0.032432432432432434,0.375,0.938715953307393
22,64,4196,0.8126921678491186,0.08823529411764706,0.04864864864864865,0.47368421052631576,0.9396887159533074
22,64,4246,0.8203220122502635,0.0975609756097561,0.05405405405405406,0.5,0.9400129701686122
22,64,4296,0.8174020864603824,0.10679611650485436,0.05945945945945946,0.5238095238095238,0.940337224383917
22,64,4346,0.8177973765417712,0.09803921568627451,0.05405405405405406,0.5263157894736842,0.940337224383917
22,64,4396,0.8150676374891621,0.10784313725490197,0.05945945945945946,0.5789473684210527,0.9409857328145266
22,64,4446,0.8167364328799307,0.11650485436893204,0.06486486486486487,0.5714285714285714,0.9409857328145266
22,64,4496,0.8122707737057514,0.07035175879396985,0.03783783783783784,0.5,0.9400129701686122
22,64,4546,0.8185282902771693,0.10679611650485436,0.05945945945945946,0.5238095238095238,0.940337224383917
22,64,4596,0.8175773565908095,0.08780487804878048,0.04864864864864865,0.45,0.9393644617380026
22,64,4646,0.811963118689576,0.10679611650485436,0.05945945945945946,0.5238095238095238,0.940337224383917
22,64,4696,0.8136375078079114,0.09852216748768473,0.05405405405405406,0.5555555555555556,0.9406614785992218
22,64,4746,0.8188378098692002,0.09852216748768473,0.05405405405405406,0.5555555555555556,0.9406614785992218
22,64,4796,0.8178421263623057,0.07804878048780488,0.043243243243243246,0.4,0.938715953307393
22,64,4846,0.8171261292337526,0.0784313725490196,0.043243243243243246,0.42105263157894735,0.9390402075226978
22,64,4896,0.8109469248482701,0.08866995073891626,0.04864864864864865,0.5,0.9400129701686122
22,64,4946,0.8156717600663789,0.0966183574879227,0.05405405405405406,0.45454545454545453,0.9393644617380026
22,64,4996,0.817940948882653,0.10576923076923077,0.05945945945945946,0.4782608695652174,0.9396887159533074
22,64,5046,0.8141670473509038,0.08737864077669903,0.04864864864864865,0.42857142857142855,0.9390402075226978
22,64,5096,0.8136542889906119,0.07655502392344497,0.043243243243243246,0.3333333333333333,0.9374189364461738
22,64,5146,0.8121141493338803,0.07881773399014778,0.043243243243243246,0.4444444444444444,0.9393644617380026
22,64,5196,0.8139190587621081,0.1073170731707317,0.05945945945945946,0.55,0.9406614785992218
22,64,5246,0.8088287666763003,0.11267605633802817,0.06486486486486487,0.42857142857142855,0.938715953307393
22,64,5296,0.8109096333311581,0.09615384615384616,0.05405405405405406,0.43478260869565216,0.9390402075226978
22,64,5346,0.805625425356367,0.06862745098039216,0.03783783783783784,0.3684210526315789,0.9383916990920882
22,64,5396,0.8049523134724927,0.07729468599033816,0.043243243243243246,0.36363636363636365,0.9380674448767834
22,64,5446,0.8079636034792985,0.10576923076923077,0.05945945945945946,0.4782608695652174,0.9396887159533074
22,64,5496,0.8093154209746138,0.0784313725490196,0.043243243243243246,0.42105263157894735,0.9390402075226978
22,64,5546,0.8074396576638729,0.06862745098039216,0.03783783783783784,0.3684210526315789,0.9383916990920882
22,64,5596,0.810615030345972,0.08737864077669903,0.04864864864864865,0.42857142857142855,0.9390402075226978
22,64,5646,0.8073930432674828,0.06829268292682927,0.03783783783783784,0.35,0.9380674448767834
22,64,5696,0.8076279798252893,0.06896551724137931,0.03783783783783784,0.3888888888888889,0.938715953307393
22,64,5746,0.8147637116246982,0.07729468599033816,0.043243243243243246,0.36363636363636365,0.9380674448767834
22,64,5796,0.8039342550553313,0.0761904761904762,0.043243243243243246,0.32,0.937094682230869
22,64,5846,0.8102197402645832,0.07655502392344497,0.043243243243243246,0.3333333333333333,0.9374189364461738
22,64,5896,0.8177097414765576,0.07804878048780488,0.043243243243243246,0.4,0.938715953307393
22,64,5946,0.8086721423044292,0.07766990291262135,0.043243243243243246,0.38095238095238093,0.9383916990920882
22,64,5996,0.8066584003803735,0.08780487804878048,0.04864864864864865,0.45,0.9393644617380026
22,64,6046,0.8111072783718524,0.06796116504854369,0.03783783783783784,0.3333333333333333,0.9377431906614786
22,64,6096,0.8064924531292244,0.0975609756097561,0.05405405405405406,0.5,0.9400129701686122
22,64,6146,0.8078964787484968,0.08530805687203792,0.04864864864864865,0.34615384615384615,0.9374189364461738
22,64,6196,0.8034270904226062,0.06896551724137931,0.03783783783783784,0.3888888888888889,0.938715953307393
22,64,6246,0.8071767524682323,0.08530805687203792,0.04864864864864865,0.34615384615384615,0.9374189364461738
22,64,6296,0.8091550674510316,0.07655502392344497,0.043243243243243246,0.3333333333333333,0.9374189364461738
22,64,6346,0.8083868621985214,0.06698564593301436,0.03783783783783784,0.2916666666666667,0.9367704280155642
22,64,6396,0.8108947167243131,0.07766990291262135,0.043243243243243246,0.38095238095238093,0.9383916990920882
22,64,6446,0.8053681138882932,0.06896551724137931,0.03783783783783784,0.3888888888888889,0.938715953307393
22,64,6496,0.8070238572480726,0.07547169811320754,0.043243243243243246,0.2962962962962963,0.9364461738002594
22,64,6546,0.8103204273607861,0.0784313725490196,0.043243243243243246,0.42105263157894735,0.9390402075226978
22,64,6596,0.80701639894465,0.07766990291262135,0.043243243243243246,0.38095238095238093,0.9383916990920882
22,64,6646,0.806826212207378,0.06698564593301436,0.03783783783783784,0.2916666666666667,0.9367704280155642
22,64,6696,0.8110699868547403,0.09433962264150944,0.05405405405405406,0.37037037037037035,0.9377431906614786
22,64,6746,0.808207862916383,0.09900990099009901,0.05405405405405406,0.5882352941176471,0.9409857328145266
22,64,6796,0.8096547737803343,0.07766990291262135,0.043243243243243246,0.38095238095238093,0.9383916990920882
22,64,6846,0.8082917688298854,0.09523809523809523,0.05405405405405406,0.4,0.9383916990920882
22,64,6896,0.8124889290808575,0.07,0.03783783783783784,0.4666666666666667,0.9396887159533074
22,64,6946,0.8115659640323318,0.06862745098039216,0.03783783783783784,0.3684210526315789,0.9383916990920882
22,64,6996,0.8106374052562393,0.06796116504854369,0.03783783783783784,0.3333333333333333,0.9377431906614786
22,64,7046,0.8075272927290864,0.06896551724137931,0.03783783783783784,0.3888888888888889,0.938715953307393
22,64,7096,0.8159272069585971,0.0784313725490196,0.043243243243243246,0.42105263157894735,0.9390402075226978
22,64,7146,0.8133522277020037,0.07729468599033816,0.043243243243243246,0.36363636363636365,0.9380674448767834
22,64,7196,0.8137419240558253,0.07766990291262135,0.043243243243243246,0.38095238095238093,0.9383916990920882
22,64,7246,0.8071581067096762,0.07766990291262135,0.043243243243243246,0.38095238095238093,0.9383916990920882
22,64,7296,0.812718271911097,0.06930693069306931,0.03783783783783784,0.4117647058823529,0.9390402075226978
22,64,7346,0.8068001081453996,0.07766990291262135,0.043243243243243246,0.38095238095238093,0.9383916990920882
22,64,7396,0.8085006013257136,0.08737864077669903,0.04864864864864865,0.42857142857142855,0.9390402075226978
22,64,7446,0.8092277859094004,0.08780487804878048,0.04864864864864865,0.45,0.9393644617380026
22,64,7496,0.8070574196134734,0.07766990291262135,0.043243243243243246,0.38095238095238093,0.9383916990920882
22,64,7546,0.8084968721740023,0.08695652173913043,0.04864864864864865,0.4090909090909091,0.938715953307393
22,64,7596,0.8091699840578764,0.07804878048780488,0.043243243243243246,0.4,0.938715953307393
22,64,7646,0.8149967836066492,0.07881773399014778,0.043243243243243246,0.4444444444444444,0.9393644617380026
22,64,7696,0.8180714691925453,0.06862745098039216,0.03783783783783784,0.3684210526315789,0.9383916990920882
22,64,7746,0.809822585607339,0.06896551724137931,0.03783783783783784,0.3888888888888889,0.938715953307393
22,64,7796,0.8118978585346298,0.06862745098039216,0.03783783783783784,0.3684210526315789,0.9383916990920882
22,64,7846,0.8094627224672066,0.06796116504854369,0.03783783783783784,0.3333333333333333,0.9377431906614786
22,64,7896,0.8049672300793377,0.06,0.032432432432432434,0.4,0.9390402075226978
22,64,7946,0.8144541920326673,0.06862745098039216,0.03783783783783784,0.3684210526315789,0.9383916990920882
22,64,7996,0.8113906939019048,0.06862745098039216,0.03783783783783784,0.3684210526315789,0.9383916990920882
23,65,246,0.6350987759059508,0.075,0.04864864864864865,0.16363636363636364,0.9280155642023347
23,65,296,0.6760448616950859,0.09056603773584905,0.06486486486486487,0.15,0.9218547341115434
23,65,346,0.6977764932921884,0.04743083003952569,0.032432432432432434,0.08823529411764706,0.9218547341115434
23,65,396,0.7208580778087504,0.0933852140077821,0.06486486486486487,0.16666666666666666,0.9244487678339819
23,65,446,0.6975247755516814,0.03827751196172249,0.021621621621621623,0.16666666666666666,0.9348249027237354
23,65,496,0.6640127536988524,0.02912621359223301,0.016216216216216217,0.14285714285714285,0.9351491569390402
23,65,546,0.7213354092277859,0.04020100502512563,0.021621621621621623,0.2857142857142857,0.9380674448767834
23,65,596,0.7100864230909074,0.041025641025641026,0.021621621621621623,0.4,0.9393644617380026
23,65,646,0.6992998517662196,0.04040404040404041,0.021621621621621623,0.3076923076923077,0.9383916990920882
23,65,696,0.6688457343165863,0.020512820512820513,0.010810810810810811,0.2,0.9380674448767834
23,65,746,0.6785881431621342,0.04040404040404041,0.021621621621621623,0.3076923076923077,0.9383916990920882
23,65,796,0.6860483111604188,0.030612244897959183,0.016216216216216217,0.2727272727272727,0.9383916990920882
23,65,846,0.6639344415129168,0.06091370558375635,0.032432432432432434,0.5,0.9400129701686122
23,65,896,0.6970306629499454,0.05128205128205128,0.02702702702702703,0.5,0.9400129701686122
23,65,946,0.6897196610201095,0.061224489795918366,0.032432432432432434,0.5454545454545454,0.940337224383917
23,65,996,0.7090497189151898,0.06153846153846154,0.032432432432432434,0.6,0.9406614785992218
23,65,1046,0.715642859140617,0.061224489795918366,0.032432432432432434,0.5454545454545454,0.940337224383917
23,65,1096,0.7399755740562914,0.08823529411764706,0.04864864864864865,0.47368421052631576,0.9396887159533074
23,65,1146,0.7496564518986044,0.08,0.043243243243243246,0.5333333333333333,0.940337224383917
23,65,1196,0.7299404268014134,0.10628019323671498,0.05945945945945946,0.5,0.9400129701686122
23,65,1246,0.7595107352954886,0.08,0.043243243243243246,0.5333333333333333,0.940337224383917
23,65,1296,0.7585057289093163,0.08,0.043243243243243246,0.5333333333333333,0.940337224383917
23,65,1346,0.7622236931653973,0.07960199004975124,0.043243243243243246,0.5,0.9400129701686122
23,65,1396,0.7403708641376803,0.09803921568627451,0.05405405405405406,0.5263157894736842,0.940337224383917
23,65,1446,0.7552520440412818,0.07881773399014778,0.043243243243243246,0.4444444444444444,0.9393644617380026
23,65,1496,0.7651604001379786,0.08866995073891626,0.04864864864864865,0.5,0.9400129701686122
23,65,1546,0.7584945414541827,0.06965174129353234,0.03783783783783784,0.4375,0.9393644617380026
23,65,1596,0.7588469462908926,0.07920792079207921,0.043243243243243246,0.47058823529411764,0.9396887159533074
23,65,1646,0.7672021106998685,0.05853658536585366,0.032432432432432434,0.3,0.9374189364461738
23,65,1696,0.7681381277793833,0.06896551724137931,0.03783783783783784,0.3888888888888889,0.938715953307393
23,65,1746,0.7612727594790376,0.07035175879396985,0.03783783783783784,0.5,0.9400129701686122
23,65,1796,0.766758341646234,0.07,0.03783783783783784,0.4666666666666667,0.9396887159533074
23,65,1846,0.7641255605381166,0.06965174129353234,0.03783783783783784,0.4375,0.9393644617380026
23,65,1896,0.7541500797106178,0.0784313725490196,0.043243243243243246,0.42105263157894735,0.9390402075226978
23,65,1946,0.7814679805711197,0.07,0.03783783783783784,0.4666666666666667,0.9396887159533074
23,65,1996,0.7620372355798365,0.06930693069306931,0.03783783783783784,0.4117647058823529,0.9390402075226978
23,65,2046,0.769331456326972,0.07035175879396985,0.03783783783783784,0.5,0.9400129701686122
23,65,2096,0.7866347202670072,0.07920792079207921,0.043243243243243246,0.47058823529411764,0.9396887159533074
23,65,2146,0.7777556100426055,0.06060606060606061,0.032432432432432434,0.46153846153846156,0.9396887159533074
23,65,2196,0.792427957450379,0.061224489795918366,0.032432432432432434,0.5454545454545454,0.940337224383917
23,65,2246,0.7897261870356043,0.07106598984771574,0.03783783783783784,0.5833333333333334,0.9406614785992218
23,65,2296,0.7955790906463552,0.061224489795918366,0.032432432432432434,0.5454545454545454,0.940337224383917
23,65,2346,0.787082218472353,0.07106598984771574,0.03783783783783784,0.5833333333333334,0.9406614785992218
23,65,2396,0.788844242655902,0.0707070707070707,0.03783783783783784,0.5384615384615384,0.940337224383917
23,65,2446,0.7902799660647194,0.07035175879396985,0.03783783783783784,0.5,0.9400129701686122
23,65,2496,0.7855719120293111,0.0707070707070707,0.03783783783783784,0.5384615384615384,0.940337224383917
23,65,2546,0.788383692419567,0.08,0.043243243243243246,0.5333333333333333,0.940337224383917
23,65,2596,0.7956014655566225,0.0707070707070707,0.03783783783783784,0.5384615384615384,0.940337224383917
23,65,2646,0.7986836094459412,0.08040201005025126,0.043243243243243246,0.5714285714285714,0.9406614785992218
23,65,2696,0.8036396520701453,0.06091370558375635,0.032432432432432434,0.5,0.9400129701686122
23,65,2746,0.8083439769538424,0.050505050505050504,0.02702702702702703,0.38461538461538464,0.9390402075226978
23,65,2796,0.8054352386190952,0.06060606060606061,0.032432432432432434,0.46153846153846156,0.9396887159533074
23,65,2846,0.8020267939550451,0.06060606060606061,0.032432432432432434,0.46153846153846156,0.9396887159533074
23,65,2896,0.8006581952770293,0.05128205128205128,0.02702702702702703,0.5,0.9400129701686122
23,65,2946,0.8049504488966372,0.07,0.03783783783783784,0.4666666666666667,0.9396887159533074
23,65,2996,0.8065987339529941,0.0594059405940594,0.032432432432432434,0.35294117647058826,0.9383916990920882
23,65,3046,0.8101153240166694,0.07106598984771574,0.03783783783783784,0.5833333333333334,0.9406614785992218
23,65,3096,0.8085378928428255,0.06060606060606061,0.032432432432432434,0.46153846153846156,0.9396887159533074
23,65,3146,0.8128208235831554,0.06060606060606061,0.032432432432432434,0.46153846153846156,0.9396887159533074
23,65,3196,0.8094850973774741,0.08,0.043243243243243246,0.5333333333333333,0.940337224383917
23,65,3246,0.809623075990789,0.06930693069306931,0.03783783783783784,0.4117647058823529,0.9390402075226978
23,65,3296,0.8091159113580639,0.06965174129353234,0.03783783783783784,0.4375,0.9393644617380026
23,65,3346,0.8077230731939252,0.07,0.03783783783783784,0.4666666666666667,0.9396887159533074
23,65,3396,0.8156064999114327,0.06030150753768844,0.032432432432432434,0.42857142857142855,0.9393644617380026
23,65,3446,0.8133652797329929,0.050505050505050504,0.02702702702702703,0.38461538461538464,0.9390402075226978
23,65,3496,0.8166711727249844,0.07106598984771574,0.03783783783783784,0.5833333333333334,0.9406614785992218
23,65,3546,0.8162218099437829,0.06153846153846154,0.032432432432432434,0.6,0.9406614785992218
23,65,3596,0.8181050315579462,0.06060606060606061,0.032432432432432434,0.46153846153846156,0.9396887159533074
23,65,3646,0.8111818614060766,0.058823529411764705,0.032432432432432434,0.3157894736842105,0.9377431906614786
23,65,3696,0.8161714663956817,0.06896551724137931,0.03783783783783784,0.3888888888888889,0.938715953307393
23,65,3746,0.8142192554748607,0.05970149253731343,0.032432432432432434,0.375,0.938715953307393
23,65,3796,0.8121197430614471,0.06896551724137931,0.03783783783783784,0.3888888888888889,0.938715953307393
23,65,3846,0.812699626152541,0.07881773399014778,0.043243243243243246,0.4444444444444444,0.9393644617380026
23,65,3896,0.8126250431183166,0.05853658536585366,0.032432432432432434,0.3,0.9374189364461738
23,65,3946,0.8147338784110084,0.06862745098039216,0.03783783783783784,0.3684210526315789,0.9383916990920882
23,65,3996,0.8134734251326179,0.06862745098039216,0.03783783783783784,0.3684210526315789,0.9383916990920882
23,65,4046,0.8216551839870226,0.0594059405940594,0.032432432432432434,0.35294117647058826,0.9383916990920882
23,65,4096,0.8183586138743089,0.058823529411764705,0.032432432432432434,0.3157894736842105,0.9377431906614786
23,65,4146,0.8160614564202009,0.08866995073891626,0.04864864864864865,0.5,0.9400129701686122
23,65,4196,0.8193804014431818,0.07692307692307693,0.043243243243243246,0.34782608695652173,0.9377431906614786
23,65,4246,0.8174598883119063,0.11650485436893204,0.06486486486486487,0.5714285714285714,0.9409857328145266
23,65,4296,0.8199602845342755,0.09803921568627451,0.05405405405405406,0.5263157894736842,0.940337224383917
23,65,4346,0.8165854022356264,0.06829268292682927,0.03783783783783784,0.35,0.9380674448767834
23,65,4396,0.8190503715167393,0.08737864077669903,0.04864864864864865,0.42857142857142855,0.9390402075226978
23,65,4446,0.8175531171046866,0.10576923076923077,0.05945945945945946,0.4782608695652174,0.9396887159533074
23,65,4496,0.8192834434986902,0.11538461538461539,0.06486486486486487,0.5217391304347826,0.940337224383917
23,65,4546,0.8200031697789545,0.08823529411764706,0.04864864864864865,0.47368421052631576,0.9396887159533074
23,65,4596,0.8192163187678884,0.05970149253731343,0.032432432432432434,0.375,0.938715953307393
23,65,4646,0.8164119966810548,0.06862745098039216,0.03783783783783784,0.3684210526315789,0.9383916990920882
23,65,4696,0.8172510558160783,0.07766990291262135,0.043243243243243246,0.38095238095238093,0.9383916990920882
23,65,4746,0.8180490942822781,0.10576923076923077,0.05945945945945946,0.4782608695652174,0.9396887159533074
23,65,4796,0.8195612653011757,0.07960199004975124,0.043243243243243246,0.5,0.9400129701686122
23,65,4846,0.8168557657346894,0.10679611650485436,0.05945945945945946,0.5238095238095238,0.940337224383917
23,65,4896,0.821994536792743,0.09523809523809523,0.05405405405405406,0.4,0.9383916990920882
23,65,4946,0.8203555746156643,0.10476190476190476,0.05945945945945946,0.44,0.9390402075226978
23,65,4996,0.8212375189953665,0.10476190476190476,0.05945945945945946,0.44,0.9390402075226978
23,65,5046,0.8237808004624148,0.10576923076923077,0.05945945945945946,0.4782608695652174,0.9396887159533074
23,65,5096,0.8227608774693975,0.10891089108910891,0.05945945945945946,0.6470588235294118,0.9416342412451362
23,65,5146,0.819891295227618,0.07766990291262135,0.043243243243243246,0.38095238095238093,0.9383916990920882
23,65,5196,0.8205028761082573,0.10576923076923077,0.05945945945945946,0.4782608695652174,0.9396887159533074
23,65,5246,0.8228503771104668,0.0970873786407767,0.05405405405405406,0.47619047619047616,0.9396887159533074
23,65,5296,0.8145660665840039,0.0975609756097561,0.05405405405405406,0.5,0.9400129701686122
23,65,5346,0.8245676514734811,0.09900990099009901,0.05405405405405406,0.5882352941176471,0.9409857328145266
23,65,5396,0.8207117086040853,0.07804878048780488,0.043243243243243246,0.4,0.938715953307393
23,65,5446,0.8207695104556091,0.06763285024154589,0.03783783783783784,0.3181818181818182,0.9374189364461738
23,65,5496,0.8194960051462293,0.07804878048780488,0.043243243243243246,0.4,0.938715953307393
23,65,5546,0.8152857928642683,0.0966183574879227,0.05405405405405406,0.45454545454545453,0.9393644617380026
23,65,5596,0.8167699952453316,0.0975609756097561,0.05405405405405406,0.5,0.9400129701686122
23,65,5646,0.8182467393229725,0.08695652173913043,0.04864864864864865,0.4090909090909091,0.938715953307393
23,65,5696,0.8163541948295312,0.09900990099009901,0.05405405405405406,0.5882352941176471,0.9409857328145266
23,65,5746,0.8201747107576705,0.059113300492610835,0.032432432432432434,0.3333333333333333,0.9380674448767834
23,65,5796,0.8163299553434082,0.10784313725490197,0.05945945945945946,0.5789473684210527,0.9409857328145266
23,65,5846,0.8197831498279929,0.10628019323671498,0.05945945945945946,0.5,0.9400129701686122
23,65,5896,0.8190951213372739,0.0966183574879227,0.05405405405405406,0.45454545454545453,0.9393644617380026
23,65,5946,0.8171224000820414,0.08823529411764706,0.04864864864864865,0.47368421052631576,0.9396887159533074
23,65,5996,0.8176575333526006,0.10784313725490197,0.05945945945945946,0.5789473684210527,0.9409857328145266
23,65,6046,0.8201187734820024,0.08823529411764706,0.04864864864864865,0.47368421052631576,0.9396887159533074
23,65,6096,0.8178924699104072,0.0975609756097561,0.05405405405405406,0.5,0.9400129701686122
23,65,6146,0.8182486038988281,0.1073170731707317,0.05945945945945946,0.55,0.9406614785992218
23,65,6196,0.8161807892749597,0.07804878048780488,0.043243243243243246,0.4,0.938715953307393
23,65,6246,0.8202735332780177,0.0891089108910891,0.04864864864864865,0.5294117647058824,0.940337224383917
23,65,6296,0.8242655901848727,0.08737864077669903,0.04864864864864865,0.42857142857142855,0.9390402075226978
23,65,6346,0.8198446808312279,0.09615384615384616,0.05405405405405406,0.43478260869565216,0.9390402075226978
23,65,6396,0.8226862944351734,0.09615384615384616,0.05405405405405406,0.43478260869565216,0.9390402075226978
23,65,6446,0.8252090655678099,0.07920792079207921,0.043243243243243246,0.47058823529411764,0.9396887159533074
23,65,6496,0.8292701117813226,0.0784313725490196,0.043243243243243246,0.42105263157894735,0.9390402075226978
23,65,6546,0.8257684383244922,0.08823529411764706,0.04864864864864865,0.47368421052631576,0.9396887159533074
23,65,6596,0.8223767748431426,0.06862745098039216,0.03783783783783784,0.3684210526315789,0.9383916990920882
23,65,6646,0.8196731398525122,0.06862745098039216,0.03783783783783784,0.3684210526315789,0.9383916990920882
23,65,6696,0.8174244613706497,0.07729468599033816,0.043243243243243246,0.36363636363636365,0.9380674448767834
23,65,6746,0.8191342774302416,0.07804878048780488,0.043243243243243246,0.4,0.938715953307393
23,65,6796,0.8215843301045096,0.07804878048780488,0.043243243243243246,0.4,0.938715953307393
23,65,6846,0.8230685324855729,0.0784313725490196,0.043243243243243246,0.42105263157894735,0.9390402075226978
23,65,6896,0.822279816898651,0.07881773399014778,0.043243243243243246,0.4444444444444444,0.9393644617380026
23,65,6946,0.817907386517252,0.07766990291262135,0.043243243243243246,0.38095238095238093,0.9383916990920882
23,65,6996,0.8201877627886597,0.07729468599033816,0.043243243243243246,0.36363636363636365,0.9380674448767834
23,65,7046,0.8198558682863616,0.0784313725490196,0.043243243243243246,0.42105263157894735,0.9390402075226978
23,65,7096,0.8165704856287815,0.07035175879396985,0.03783783783783784,0.5,0.9400129701686122
23,65,7146,0.8206389901457166,0.07729468599033816,0.043243243243243246,0.36363636363636365,0.9380674448767834
23,65,7196,0.8157034578559242,0.06965174129353234,0.03783783783783784,0.4375,0.9393644617380026
23,65,7246,0.8148942319345908,0.07881773399014778,0.043243243243243246,0.4444444444444444,0.9393644617380026
23,65,7296,0.8151720537370762,0.06,0.032432432432432434,0.4,0.9390402075226978
23,65,7346,0.814717097228308,0.0891089108910891,0.04864864864864865,0.5294117647058824,0.940337224383917
23,65,7396,0.8154293652051501,0.06,0.032432432432432434,0.4,0.9390402075226978
23,65,7446,0.817299534788324,0.07804878048780488,0.043243243243243246,0.4,0.938715953307393
23,65,7496,0.8144094422121327,0.08695652173913043,0.04864864864864865,0.4090909090909091,0.938715953307393
23,65,7546,0.8125467309323811,0.06930693069306931,0.03783783783783784,0.4117647058823529,0.9390402075226978
23,65,7596,0.8137475177833924,0.08823529411764706,0.04864864864864865,0.47368421052631576,0.9396887159533074
23,65,7646,0.8211051341096184,0.0784313725490196,0.043243243243243246,0.42105263157894735,0.9390402075226978
23,65,7696,0.8193990472017378,0.0891089108910891,0.04864864864864865,0.5294117647058824,0.940337224383917
23,65,7746,0.8127891257936102,0.08955223880597014,0.04864864864864865,0.5625,0.9406614785992218
23,65,7796,0.818101302406235,0.08823529411764706,0.04864864864864865,0.47368421052631576,0.9396887159533074
23,65,7846,0.8138407465761727,0.07881773399014778,0.043243243243243246,0.4444444444444444,0.9393644617380026
23,65,7896,0.8205103344116796,0.10679611650485436,0.05945945945945946,0.5238095238095238,0.940337224383917
23,65,7946,0.8146425141940837,0.08866995073891626,0.04864864864864865,0.5,0.9400129701686122
23,65,7996,0.81816283340947,0.061224489795918366,0.032432432432432434,0.5454545454545454,0.940337224383917
24,66,246,0.6396483409936324,0.08461538461538462,0.05945945945945946,0.14666666666666667,0.9228274967574579
24,66,296,0.6733123257786935,0.07801418439716312,0.05945945945945946,0.1134020618556701,0.9156939040207522
24,66,346,0.6692652638840979,0.05982905982905983,0.03783783783783784,0.14285714285714285,0.9286640726329443
24,66,396,0.6702870514529707,0.045662100456621,0.02702702702702703,0.14705882352941177,0.932230869001297
24,66,446,0.6832738222872752,0.019230769230769232,0.010810810810810811,0.08695652173913043,0.933852140077821
24,66,496,0.6727893122511956,0.020833333333333332,0.010810810810810811,0.2857142857142857,0.9390402075226978
24,66,546,0.6630002890092577,0.010582010582010581,0.005405405405405406,0.25,0.9393644617380026
24,66,596,0.6679358212990499,0.010362694300518135,0.005405405405405406,0.125,0.9380674448767834
24,66,646,0.6561740768018796,0.021164021164021163,0.010810810810810811,0.5,0.9400129701686122
24,66,696,0.727977028425459,0.030927835051546393,0.016216216216216217,0.3333333333333333,0.9390402075226978
24,66,746,0.6831041458844149,0.030456852791878174,0.016216216216216217,0.25,0.9380674448767834
24,66,796,0.7117869162712211,0.030927835051546393,0.016216216216216217,0.3333333333333333,0.9390402075226978
24,66,846,0.7154545369792006,0.0594059405940594,0.032432432432432434,0.35294117647058826,0.9383916990920882
24,66,896,0.6999449950122596,0.06965174129353234,0.03783783783783784,0.4375,0.9393644617380026
24,66,946,0.7223702488276478,0.08080808080808081,0.043243243243243246,0.6153846153846154,0.9409857328145266
24,66,996,0.7278092165984542,0.07,0.03783783783783784,0.4666666666666667,0.9396887159533074
24,66,1046,0.7191426680215919,0.08,0.043243243243243246,0.5333333333333333,0.940337224383917
24,66,1096,0.7192620008763506,0.06896551724137931,0.03783783783783784,0.3888888888888889,0.938715953307393
24,66,1146,0.7210053793013435,0.07035175879396985,0.03783783783783784,0.5,0.9400129701686122
24,66,1196,0.7132450145903062,0.08040201005025126,0.043243243243243246,0.5714285714285714,0.9406614785992218
24,66,1246,0.7192023344489712,0.06965174129353234,0.03783783783783784,0.4375,0.9393644617380026
24,66,1296,0.7040340098636063,0.0707070707070707,0.03783783783783784,0.5384615384615384,0.940337224383917
24,66,1346,0.7308745793050726,0.07,0.03783783783783784,0.4666666666666667,0.9396887159533074
24,66,1396,0.7405722383300859,0.06896551724137931,0.03783783783783784,0.3888888888888889,0.938715953307393
24,66,1446,0.7613305613305613,0.06,0.032432432432432434,0.4,0.9390402075226978
24,66,1496,0.7603740339166349,0.06896551724137931,0.03783783783783784,0.3888888888888889,0.938715953307393
24,66,1546,0.7683320436683666,0.0891089108910891,0.04864864864864865,0.5294117647058824,0.940337224383917
24,66,1596,0.7723688503957562,0.06930693069306931,0.03783783783783784,0.4117647058823529,0.9390402075226978
24,66,1646,0.7662735519237761,0.07,0.03783783783783784,0.4666666666666667,0.9396887159533074
24,66,1696,0.7693258625994052,0.07035175879396985,0.03783783783783784,0.5,0.9400129701686122
24,66,1746,0.771956779131667,0.06,0.032432432432432434,0.4,0.9390402075226978
24,66,1796,0.7614722690955874,0.06030150753768844,0.032432432432432434,0.42857142857142855,0.9393644617380026
24,66,1846,0.7768960405731706,0.06060606060606061,0.032432432432432434,0.46153846153846156,0.9396887159533074
24,66,1896,0.7821373633032827,0.050505050505050504,0.02702702702702703,0.38461538461538464,0.9390402075226978
24,66,1946,0.7936846815770583,0.06965174129353234,0.03783783783783784,0.4375,0.9393644617380026
24,66,1996,0.7780446193002247,0.07960199004975124,0.043243243243243246,0.5,0.9400129701686122
24,66,2046,0.7828850582213811,0.09,0.04864864864864865,0.6,0.9409857328145266
24,66,2096,0.7853388400473601,0.07920792079207921,0.043243243243243246,0.47058823529411764,0.9396887159533074
24,66,2146,0.7812125336789015,0.06965174129353234,0.03783783783783784,0.4375,0.9393644617380026
24,66,2196,0.7895471877534659,0.06896551724137931,0.03783783783783784,0.3888888888888889,0.938715953307393
24,66,2246,0.7836625863531693,0.06829268292682927,0.03783783783783784,0.35,0.9380674448767834
24,66,2296,0.791184285354689,0.08823529411764706,0.04864864864864865,0.47368421052631576,0.9396887159533074
24,66,2346,0.7892208869787345,0.0784313725490196,0.043243243243243246,0.42105263157894735,0.9390402075226978
24,66,2396,0.7847440403494215,0.09615384615384616,0.05405405405405406,0.43478260869565216,0.9390402075226978
24,66,2446,0.7875241229501319,0.07804878048780488,0.043243243243243246,0.4,0.938715953307393
24,66,2496,0.7878634757558524,0.08823529411764706,0.04864864864864865,0.47368421052631576,0.9396887159533074
24,66,2546,0.7902053830304953,0.06829268292682927,0.03783783783783784,0.35,0.9380674448767834
24,66,2596,0.7913651492126829,0.06862745098039216,0.03783783783783784,0.3684210526315789,0.9383916990920882
24,66,2646,0.7915049924018536,0.04975124378109453,0.02702702702702703,0.3125,0.9380674448767834
24,66,2696,0.7934814428087971,0.06796116504854369,0.03783783783783784,0.3333333333333333,0.9377431906614786
24,66,2746,0.801652014208068,0.059113300492610835,0.032432432432432434,0.3333333333333333,0.9380674448767834
24,66,2796,0.7907125476632202,0.06796116504854369,0.03783783783783784,0.3333333333333333,0.9377431906614786
24,66,2846,0.8089947139274494,0.08780487804878048,0.04864864864864865,0.45,0.9393644617380026
24,66,2896,0.794260835516441,0.07729468599033816,0.043243243243243246,0.36363636363636365,0.9380674448767834
24,66,2946,0.8016576079356349,0.07766990291262135,0.043243243243243246,0.38095238095238093,0.9383916990920882
24,66,2996,0.810762331838565,0.06862745098039216,0.03783783783783784,0.3684210526315789,0.9383916990920882
24,66,3046,0.7917902725077612,0.08823529411764706,0.04864864864864865,0.47368421052631576,0.9396887159533074
24,66,3096,0.8035520170049317,0.07766990291262135,0.043243243243243246,0.38095238095238093,0.9383916990920882
24,66,3146,0.8035016734568304,0.0784313725490196,0.043243243243243246,0.42105263157894735,0.9390402075226978
24,66,3196,0.80164269132879,0.0784313725490196,0.043243243243243246,0.42105263157894735,0.9390402075226978
24,66,3246,0.810820133690089,0.07729468599033816,0.043243243243243246,0.36363636363636365,0.9380674448767834
24,66,3296,0.7991404305305652,0.08780487804878048,0.04864864864864865,0.45,0.9393644617380026
24,66,3346,0.8062370062370062,0.07547169811320754,0.043243243243243246,0.2962962962962963,0.9364461738002594
24,66,3396,0.8026551560183847,0.07920792079207921,0.043243243243243246,0.47058823529411764,0.9396887159533074
24,66,3446,0.8120321079962336,0.0673076923076923,0.03783783783783784,0.30434782608695654,0.937094682230869
24,66,3496,0.8044637945983236,0.09900990099009901,0.05405405405405406,0.5882352941176471,0.9409857328145266
24,66,3546,0.8157799054660041,0.08866995073891626,0.04864864864864865,0.5,0.9400129701686122
24,66,3596,0.8160912896338905,0.06796116504854369,0.03783783783783784,0.3333333333333333,0.9377431906614786
24,66,3646,0.8169825568928709,0.08695652173913043,0.04864864864864865,0.4090909090909091,0.938715953307393
24,66,3696,0.8116591928251122,0.06930693069306931,0.03783783783783784,0.4117647058823529,0.9390402075226978
24,66,3746,0.8109170916345805,0.07920792079207921,0.043243243243243246,0.47058823529411764,0.9396887159533074
24,66,3796,0.8193095475606686,0.06896551724137931,0.03783783783783784,0.3888888888888889,0.938715953307393
24,66,3846,0.8123155235262859,0.09,0.04864864864864865,0.6,0.9409857328145266
24,66,3896,0.8145119938841912,0.08955223880597014,0.04864864864864865,0.5625,0.9406614785992218
24,66,3946,0.8188639139311785,0.0784313725490196,0.043243243243243246,0.42105263157894735,0.9390402075226978
24,66,3996,0.8182840308400846,0.07035175879396985,0.03783783783783784,0.5,0.9400129701686122
24,66,4046,0.8175960023493656,0.10628019323671498,0.05945945945945946,0.5,0.9400129701686122
24,66,4096,0.8151552725543757,0.0891089108910891,0.04864864864864865,0.5294117647058824,0.940337224383917
24,66,4146,0.8178253451796054,0.09,0.04864864864864865,0.6,0.9409857328145266
24,66,4196,0.8208869787345126,0.11650485436893204,0.06486486486486487,0.5714285714285714,0.9409857328145266
24,66,4246,0.8191566523405088,0.08955223880597014,0.04864864864864865,0.5625,0.9406614785992218
24,66,4296,0.8166972767869629,0.07920792079207921,0.043243243243243246,0.47058823529411764,0.9396887159533074
24,66,4346,0.8178272097554609,0.08823529411764706,0.04864864864864865,0.47368421052631576,0.9396887159533074
24,66,4396,0.8153268135330916,0.08823529411764706,0.04864864864864865,0.47368421052631576,0.9396887159533074
24,66,4446,0.8149240651482804,0.08780487804878048,0.04864864864864865,0.45,0.9393644617380026
24,66,4496,0.8186867792248959,0.06896551724137931,0.03783783783783784,0.3888888888888889,0.938715953307393
24,66,4546,0.8162143516403606,0.08737864077669903,0.04864864864864865,0.42857142857142855,0.9390402075226978
24,66,4596,0.8203220122502632,0.0891089108910891,0.04864864864864865,0.5294117647058824,0.940337224383917
24,66,4646,0.8196470357905336,0.10679611650485436,0.05945945945945946,0.5238095238095238,0.940337224383917
24,66,4696,0.8190317257581832,0.0761904761904762,0.043243243243243246,0.32,0.937094682230869
24,66,4746,0.8207806979107427,0.06896551724137931,0.03783783783783784,0.3888888888888889,0.938715953307393
24,66,4796,0.8217763814176372,0.08866995073891626,0.04864864864864865,0.5,0.9400129701686122
24,66,4846,0.8209335931309025,0.06862745098039216,0.03783783783783784,0.3684210526315789,0.9383916990920882
24,66,4896,0.8209541034653142,0.08823529411764706,0.04864864864864865,0.47368421052631576,0.9396887159533074
24,66,4946,0.8170366295926835,0.059113300492610835,0.032432432432432434,0.3333333333333333,0.9380674448767834
24,66,4996,0.818011802765166,0.058823529411764705,0.032432432432432434,0.3157894736842105,0.9377431906614786
24,66,5046,0.8216682360180119,0.08653846153846154,0.04864864864864865,0.391304347826087,0.9383916990920882
24,66,5096,0.8166916830593961,0.08,0.043243243243243246,0.5333333333333333,0.940337224383917
24,66,5146,0.8098393667900395,0.07766990291262135,0.043243243243243246,0.38095238095238093,0.9383916990920882
24,66,5196,0.8224737327876342,0.07881773399014778,0.043243243243243246,0.4444444444444444,0.9393644617380026
24,66,5246,0.8203667620707978,0.09803921568627451,0.05405405405405406,0.5263157894736842,0.940337224383917
24,66,5296,0.8165854022356266,0.0594059405940594,0.032432432432432434,0.35294117647058826,0.9383916990920882
24,66,5346,0.8223301604467523,0.059113300492610835,0.032432432432432434,0.3333333333333333,0.9380674448767834
24,66,5396,0.8180957086786684,0.07881773399014778,0.043243243243243246,0.4444444444444444,0.9393644617380026
24,66,5446,0.8184854050324903,0.06,0.032432432432432434,0.4,0.9390402075226978
24,66,5496,0.8166693081491287,0.0891089108910891,0.04864864864864865,0.5294117647058824,0.940337224383917
24,66,5546,0.8128096361280217,0.06965174129353234,0.03783783783783784,0.4375,0.9393644617380026
24,66,5596,0.8139563502792202,0.08823529411764706,0.04864864864864865,0.47368421052631576,0.9396887159533074
24,66,5646,0.8114447666017173,0.06796116504854369,0.03783783783783784,0.3333333333333333,0.9377431906614786
24,66,5696,0.8133335819434474,0.0784313725490196,0.043243243243243246,0.42105263157894735,0.9390402075226978
24,66,5746,0.8164194549844775,0.06829268292682927,0.03783783783783784,0.35,0.9380674448767834
24,66,5796,0.8129532084689035,0.07881773399014778,0.043243243243243246,0.4444444444444444,0.9393644617380026
24,66,5846,0.8152149389817551,0.08,0.043243243243243246,0.5333333333333333,0.940337224383917
24,66,5896,0.8125168977186914,0.08,0.043243243243243246,0.5333333333333333,0.940337224383917
24,66,5946,0.8137997259073492,0.0707070707070707,0.03783783783783784,0.5384615384615384,0.940337224383917
24,66,5996,0.8096286697183559,0.06862745098039216,0.03783783783783784,0.3684210526315789,0.9383916990920882
24,66,6046,0.8115976618218771,0.07582938388625593,0.043243243243243246,0.3076923076923077,0.9367704280155642
24,66,6096,0.8116144430045775,0.09615384615384616,0.05405405405405406,0.43478260869565216,0.9390402075226978
24,66,6146,0.8115435891220645,0.07960199004975124,0.043243243243243246,0.5,0.9400129701686122
24,66,6196,0.8083439769538423,0.07881773399014778,0.043243243243243246,0.4444444444444444,0.9393644617380026
24,66,6246,0.8111911842853547,0.0784313725490196,0.043243243243243246,0.42105263157894735,0.9390402075226978
24,66,6296,0.8121663574578373,0.08653846153846154,0.04864864864864865,0.391304347826087,0.9383916990920882
24,66,6346,0.8134529147982063,0.06,0.032432432432432434,0.4,0.9390402075226978
24,66,6396,0.8137754864212264,0.07766990291262135,0.043243243243243246,0.38095238095238093,0.9383916990920882
24,66,6446,0.8115361308186421,0.08780487804878048,0.04864864864864865,0.45,0.9393644617380026
24,66,6496,0.8089387766517813,0.06862745098039216,0.03783783783783784,0.3684210526315789,0.9383916990920882
24,66,6546,0.8170851085649293,0.07960199004975124,0.043243243243243246,0.5,0.9400129701686122
24,66,6596,0.8118773482002181,0.0673076923076923,0.03783783783783784,0.30434782608695654,0.937094682230869
24,66,6646,0.8134771542843293,0.07,0.03783783783783784,0.4666666666666667,0.9396887159533074
24,66,6696,0.8117859839832934,0.07804878048780488,0.043243243243243246,0.4,0.938715953307393
24,66,6746,0.8154927607842406,0.07881773399014778,0.043243243243243246,0.4444444444444444,0.9393644617380026
24,66,6796,0.8213046437261684,0.07920792079207921,0.043243243243243246,0.47058823529411764,0.9396887159533074
24,66,6846,0.8117505570420369,0.05970149253731343,0.032432432432432434,0.375,0.938715953307393
24,66,6896,0.8208235831554217,0.06829268292682927,0.03783783783783784,0.35,0.9380674448767834
24,66,6946,0.8182672496573842,0.07804878048780488,0.043243243243243246,0.4,0.938715953307393
24,66,6996,0.8116535990975453,0.08695652173913043,0.04864864864864865,0.4090909090909091,0.938715953307393
24,66,7046,0.8096976590250133,0.07766990291262135,0.043243243243243246,0.38095238095238093,0.9383916990920882
24,66,7096,0.8200908048441681,0.08737864077669903,0.04864864864864865,0.42857142857142855,0.9390402075226978
24,66,7146,0.8138332882727501,0.05970149253731343,0.032432432432432434,0.375,0.938715953307393
24,66,7196,0.8092035464232774,0.08823529411764706,0.04864864864864865,0.47368421052631576,0.9396887159533074
24,66,7246,0.8160931542097462,0.059113300492610835,0.032432432432432434,0.3333333333333333,0.9380674448767834
24,66,7296,0.8185189673978912,0.06796116504854369,0.03783783783783784,0.3333333333333333,0.9377431906614786
24,66,7346,0.8149035548138688,0.09569377990430622,0.05405405405405406,0.4166666666666667,0.938715953307393
24,66,7396,0.814170776502615,0.06896551724137931,0.03783783783783784,0.3888888888888889,0.938715953307393
24,66,7446,0.8133391756710142,0.07766990291262135,0.043243243243243246,0.38095238095238093,0.9383916990920882
24,66,7496,0.8134063004018162,0.07920792079207921,0.043243243243243246,0.47058823529411764,0.9396887159533074
24,66,7546,0.8074788137568407,0.06896551724137931,0.03783783783783784,0.3888888888888889,0.938715953307393
24,66,7596,0.818643893980217,0.0784313725490196,0.043243243243243246,0.42105263157894735,0.9390402075226978
24,66,7646,0.8091904943922881,0.0594059405940594,0.032432432432432434,0.35294117647058826,0.9383916990920882
24,66,7696,0.8108891229967464,0.050505050505050504,0.02702702702702703,0.38461538461538464,0.9390402075226978
24,66,7746,0.813335446519303,0.08653846153846154,0.04864864864864865,0.391304347826087,0.9383916990920882
24,66,7796,0.8141111100752356,0.06896551724137931,0.03783783783783784,0.3888888888888889,0.938715953307393
24,66,7846,0.8124553667154564,0.06030150753768844,0.032432432432432434,0.42857142857142855,0.9393644617380026
24,66,7896,0.8084409348983339,0.06,0.032432432432432434,0.4,0.9390402075226978
24,66,7946,0.805658987721768,0.059113300492610835,0.032432432432432434,0.3333333333333333,0.9380674448767834
24,66,7996,0.8057578102421152,0.06930693069306931,0.03783783783783784,0.4117647058823529,0.9390402075226978
25,67,246,0.6609063703234107,0.0603448275862069,0.03783783783783784,0.14893617021276595,0.9293125810635539
25,67,296,0.6861266233463543,0.07792207792207792,0.04864864864864865,0.1956521739130435,0.9309338521400778
25,67,346,0.6965048525586643,0.08928571428571429,0.05405405405405406,0.2564102564102564,0.933852140077821
25,67,396,0.7180052767496713,0.06694560669456066,0.043243243243243246,0.14814814814814814,0.9276913099870299
25,67,446,0.721753074219442,0.07142857142857142,0.043243243243243246,0.20512820512820512,0.9325551232166018
25,67,496,0.7104798485964405,0.049019607843137254,0.02702702702702703,0.2631578947368421,0.937094682230869
25,67,546,0.678028770405452,0.04,0.021621621621621623,0.26666666666666666,0.9377431906614786
25,67,596,0.7155608178029702,0.030927835051546393,0.016216216216216217,0.3333333333333333,0.9390402075226978
25,67,646,0.6969281112778871,0.02030456852791878,0.010810810810810811,0.16666666666666666,0.9374189364461738
25,67,696,0.7015597177032155,0.010256410256410256,0.005405405405405406,0.1,0.9374189364461738
25,67,746,0.7075934851719605,0.010362694300518135,0.005405405405405406,0.125,0.9380674448767834
25,67,796,0.688050865629341,0.041025641025641026,0.021621621621621623,0.4,0.9393644617380026
25,67,846,0.7205336416098749,0.05,0.02702702702702703,0.3333333333333333,0.9383916990920882
25,67,896,0.738933276153007,0.04020100502512563,0.021621621621621623,0.2857142857142857,0.9380674448767834
25,67,946,0.7154992867997353,0.04975124378109453,0.02702702702702703,0.3125,0.9380674448767834
25,67,996,0.7372234600934153,0.0594059405940594,0.032432432432432434,0.35294117647058826,0.9383916990920882
25,67,1046,0.7197840821159207,0.05970149253731343,0.032432432432432434,0.375,0.938715953307393
25,67,1096,0.7510828524281439,0.08866995073891626,0.04864864864864865,0.5,0.9400129701686122
25,67,1146,0.751970390535413,0.08866995073891626,0.04864864864864865,0.5,0.9400129701686122
25,67,1196,0.7520431089937817,0.08737864077669903,0.04864864864864865,0.42857142857142855,0.9390402075226978
25,67,1246,0.7391980459245033,0.08695652173913043,0.04864864864864865,0.4090909090909091,0.938715953307393
25,67,1296,0.740861247587705,0.0966183574879227,0.05405405405405406,0.45454545454545453,0.9393644617380026
25,67,1346,0.7596412556053812,0.07766990291262135,0.043243243243243246,0.38095238095238093,0.9383916990920882
25,67,1396,0.7238451283294333,0.07804878048780488,0.043243243243243246,0.4,0.938715953307393
25,67,1446,0.7525241695645283,0.0784313725490196,0.043243243243243246,0.42105263157894735,0.9390402075226978
25,67,1496,0.7413329852791736,0.06896551724137931,0.03783783783783784,0.3888888888888889,0.938715953307393
25,67,1546,0.7339418065875466,0.06862745098039216,0.03783783783783784,0.3684210526315789,0.9383916990920882
25,67,1596,0.7507472287741346,0.06829268292682927,0.03783783783783784,0.35,0.9380674448767834
25,67,1646,0.7523246599479785,0.08737864077669903,0.04864864864864865,0.42857142857142855,0.9390402075226978
25,67,1696,0.7384932362510839,0.09389671361502347,0.05405405405405406,0.35714285714285715,0.9374189364461738
25,67,1746,0.7397984393500088,0.07804878048780488,0.043243243243243246,0.4,0.938715953307393
25,67,1796,0.757500722523144,0.09523809523809523,0.05405405405405406,0.4,0.9383916990920882
25,67,1846,0.786256211368319,0.0966183574879227,0.05405405405405406,0.45454545454545453,0.9393644617380026
25,67,1896,0.764123695962261,0.07547169811320754,0.043243243243243246,0.2962962962962963,0.9364461738002594
25,67,1946,0.7755889728983899,0.07766990291262135,0.043243243243243246,0.38095238095238093,0.9383916990920882
25,67,1996,0.7816880005220813,0.08780487804878048,0.04864864864864865,0.45,0.9393644617380026
25,67,2046,0.7829037039799372,0.07766990291262135,0.043243243243243246,0.38095238095238093,0.9383916990920882
25,67,2096,0.78793246506251,0.10526315789473684,0.05945945945945946,0.4583333333333333,0.9393644617380026
25,67,2146,0.7774964339986762,0.09615384615384616,0.05405405405405406,0.43478260869565216,0.9390402075226978
25,67,2196,0.7730568788864752,0.10679611650485436,0.05945945945945946,0.5238095238095238,0.940337224383917
25,67,2246,0.7864333460746017,0.0761904761904762,0.043243243243243246,0.32,0.937094682230869
25,67,2296,0.7796686648704586,0.08571428571428572,0.04864864864864865,0.36,0.9377431906614786
25,67,2346,0.7893383552576377,0.08530805687203792,0.04864864864864865,0.34615384615384615,0.9374189364461738
25,67,2396,0.7990285559792285,0.08571428571428572,0.04864864864864865,0.36,0.9377431906614786
25,67,2446,0.7921575939513159,0.09569377990430622,0.05405405405405406,0.4166666666666667,0.938715953307393
25,67,2496,0.7945274698637927,0.08780487804878048,0.04864864864864865,0.45,0.9393644617380026
25,67,2546,0.7925528840327047,0.08695652173913043,0.04864864864864865,0.4090909090909091,0.938715953307393
25,67,2596,0.7937387542768708,0.08653846153846154,0.04864864864864865,0.391304347826087,0.9383916990920882
25,67,2646,0.7886559204944854,0.08780487804878048,0.04864864864864865,0.45,0.9393644617380026
25,67,2696,0.8042083477061055,0.08490566037735849,0.04864864864864865,0.3333333333333333,0.937094682230869
25,67,2746,0.7964573058743462,0.09433962264150944,0.05405405405405406,0.37037037037037035,0.9377431906614786
25,67,2796,0.7984374854330012,0.08695652173913043,0.04864864864864865,0.4090909090909091,0.938715953307393
25,67,2846,0.7985027455879474,0.07766990291262135,0.043243243243243246,0.38095238095238093,0.9383916990920882
25,67,2896,0.8058808722485853,0.07729468599033816,0.043243243243243246,0.36363636363636365,0.9380674448767834
25,67,2946,0.7956387570737348,0.08653846153846154,0.04864864864864865,0.391304347826087,0.9383916990920882
25,67,2996,0.8128320110382892,0.08530805687203792,0.04864864864864865,0.34615384615384615,0.9374189364461738
25,67,3046,0.8146070872528274,0.08653846153846154,0.04864864864864865,0.391304347826087,0.9383916990920882
25,67,3096,0.8067143376560417,0.07655502392344497,0.043243243243243246,0.3333333333333333,0.9374189364461738
25,67,3146,0.8089518286827704,0.08571428571428572,0.04864864864864865,0.36,0.9377431906614786
25,67,3196,0.8111818614060765,0.07804878048780488,0.043243243243243246,0.4,0.938715953307393
25,67,3246,0.8075142406980973,0.07582938388625593,0.043243243243243246,0.3076923076923077,0.9367704280155642
25,67,3296,0.8140551727995673,0.10328638497652583,0.05945945945945946,0.39285714285714285,0.9380674448767834
25,67,3346,0.8128935420415241,0.10426540284360189,0.05945945945945946,0.4230769230769231,0.938715953307393
25,67,3396,0.8118848065036405,0.09615384615384616,0.05405405405405406,0.43478260869565216,0.9390402075226978
25,67,3446,0.8205271155943801,0.10628019323671498,0.05945945945945946,0.5,0.9400129701686122
25,67,3496,0.8160390815099335,0.08866995073891626,0.04864864864864865,0.5,0.9400129701686122
25,67,3546,0.8155114065427966,0.0975609756097561,0.05405405405405406,0.5,0.9400129701686122
25,67,3596,0.8111818614060767,0.0784313725490196,0.043243243243243246,0.42105263157894735,0.9390402075226978
25,67,3646,0.8157109161593468,0.0970873786407767,0.05405405405405406,0.47619047619047616,0.9396887159533074
25,67,3696,0.8224252538153883,0.0784313725490196,0.043243243243243246,0.42105263157894735,0.9390402075226978
25,67,3746,0.8142621407195398,0.0970873786407767,0.05405405405405406,0.47619047619047616,0.9396887159533074
25,67,3796,0.8185730400977038,0.0970873786407767,0.05405405405405406,0.47619047619047616,0.9396887159533074
25,67,3846,0.8179856987031875,0.0784313725490196,0.043243243243243246,0.42105263157894735,0.9390402075226978
25,67,3896,0.8183511555708867,0.08653846153846154,0.04864864864864865,0.391304347826087,0.9383916990920882
25,67,3946,0.8177936473900599,0.0784313725490196,0.043243243243243246,0.42105263157894735,0.9390402075226978
25,67,3996,0.7987712445111548,0.06862745098039216,0.03783783783783784,0.3684210526315789,0.9383916990920882
25,67,4046,0.8094347538293726,0.0784313725490196,0.043243243243243246,0.42105263157894735,0.9390402075226978
25,67,4096,0.8041747853407046,0.06930693069306931,0.03783783783783784,0.4117647058823529,0.9390402075226978
25,67,4146,0.8121477116992811,0.07766990291262135,0.043243243243243246,0.38095238095238093,0.9383916990920882
25,67,4196,0.801439452560529,0.07920792079207921,0.043243243243243246,0.47058823529411764,0.9396887159533074
25,67,4246,0.806788920690266,0.06763285024154589,0.03783783783783784,0.3181818181818182,0.9374189364461738
25,67,4296,0.8031772372579546,0.06,0.032432432432432434,0.4,0.9390402075226978
25,67,4346,0.8064980468567912,0.07881773399014778,0.043243243243243246,0.4444444444444444,0.9393644617380026
25,67,4396,0.8015345459291647,0.07,0.03783783783783784,0.4666666666666667,0.9396887159533074
25,67,4446,0.8093266084297475,0.07766990291262135,0.043243243243243246,0.38095238095238093,0.9383916990920882
25,67,4496,0.810482645460224,0.05970149253731343,0.032432432432432434,0.375,0.938715953307393
25,67,4546,0.8146798057111959,0.06763285024154589,0.03783783783783784,0.3181818181818182,0.9374189364461738
25,67,4596,0.8120358371479447,0.08780487804878048,0.04864864864864865,0.45,0.9393644617380026
25,67,4646,0.8163206324641301,0.0784313725490196,0.043243243243243246,0.42105263157894735,0.9390402075226978
25,67,4696,0.8176071898044992,0.10328638497652583,0.05945945945945946,0.39285714285714285,0.9380674448767834
25,67,4746,0.8142267137782833,0.09569377990430622,0.05405405405405406,0.4166666666666667,0.938715953307393
25,67,4796,0.8134398627672169,0.0784313725490196,0.043243243243243246,0.42105263157894735,0.9390402075226978
25,67,4846,0.8170012026514268,0.09523809523809523,0.05405405405405406,0.4,0.9383916990920882
25,67,4896,0.8148420238106336,0.06763285024154589,0.03783783783783784,0.3181818181818182,0.9374189364461738
25,67,4946,0.8196153380009882,0.08737864077669903,0.04864864864864865,0.42857142857142855,0.9390402075226978
25,67,4996,0.8223581290845865,0.10628019323671498,0.05945945945945946,0.5,0.9400129701686122
25,67,5046,0.8162721534918843,0.07960199004975124,0.043243243243243246,0.5,0.9400129701686122
25,67,5096,0.8262364468642496,0.07729468599033816,0.043243243243243246,0.36363636363636365,0.9380674448767834
25,67,5146,0.8249498895238806,0.06829268292682927,0.03783783783783784,0.35,0.9380674448767834
25,67,5196,0.8177917828142045,0.06829268292682927,0.03783783783783784,0.35,0.9380674448767834
25,67,5246,0.8167121933938077,0.06796116504854369,0.03783783783783784,0.3333333333333333,0.9377431906614786
25,67,5296,0.8153939382638934,0.09523809523809523,0.05405405405405406,0.4,0.9383916990920882
25,67,5346,0.8201318255129914,0.08653846153846154,0.04864864864864865,0.391304347826087,0.9383916990920882
25,67,5396,0.8193934534741708,0.10576923076923077,0.05945945945945946,0.4782608695652174,0.9396887159533074
25,67,5446,0.8180677400408342,0.10426540284360189,0.05945945945945946,0.4230769230769231,0.938715953307393
25,67,5496,0.8237957170692597,0.06829268292682927,0.03783783783783784,0.35,0.9380674448767834
25,67,5546,0.8203089602192741,0.08695652173913043,0.04864864864864865,0.4090909090909091,0.938715953307393
25,67,5596,0.8164381007430336,0.08530805687203792,0.04864864864864865,0.34615384615384615,0.9374189364461738
25,67,5646,0.8172081705713993,0.09569377990430622,0.05405405405405406,0.4166666666666667,0.938715953307393
25,67,5696,0.8158805925622069,0.07804878048780488,0.043243243243243246,0.4,0.938715953307393
25,67,5746,0.8118848065036405,0.08450704225352113,0.04864864864864865,0.32142857142857145,0.9367704280155642
25,67,5796,0.8193449745019252,0.06930693069306931,0.03783783783783784,0.4117647058823529,0.9390402075226978
25,67,5846,0.8144001193328549,0.06862745098039216,0.03783783783783784,0.3684210526315789,0.9383916990920882
25,67,5896,0.8162777472194512,0.08530805687203792,0.04864864864864865,0.34615384615384615,0.9374189364461738
25,67,5946,0.816003654568677,0.06862745098039216,0.03783783783783784,0.3684210526315789,0.9383916990920882
25,67,5996,0.8178570429691507,0.0975609756097561,0.05405405405405406,0.5,0.9400129701686122
25,67,6046,0.8208217185795661,0.06862745098039216,0.03783783783783784,0.3684210526315789,0.9383916990920882
25,67,6096,0.8160278940547999,0.08695652173913043,0.04864864864864865,0.4090909090909091,0.938715953307393
25,67,6146,0.8187483102281309,0.0861244019138756,0.04864864864864865,0.375,0.9380674448767834
25,67,6196,0.8117654736488817,0.07766990291262135,0.043243243243243246,0.38095238095238093,0.9383916990920882
25,67,6246,0.813160176388876,0.06829268292682927,0.03783783783783784,0.35,0.9380674448767834
25,67,6296,0.8117356404351921,0.10526315789473684,0.05945945945945946,0.4583333333333333,0.9393644617380026
25,67,6346,0.814071953982268,0.08780487804878048,0.04864864864864865,0.45,0.9393644617380026
25,67,6396,0.8081631130958484,0.06896551724137931,0.03783783783783784,0.3888888888888889,0.938715953307393
25,67,6446,0.8145194521876137,0.06060606060606061,0.032432432432432434,0.46153846153846156,0.9396887159533074
25,67,6496,0.8151235747648304,0.07960199004975124,0.043243243243243246,0.5,0.9400129701686122
25,67,6546,0.8104434893672561,0.0975609756097561,0.05405405405405406,0.5,0.9400129701686122
25,67,6596,0.8082787167988962,0.0975609756097561,0.05405405405405406,0.5,0.9400129701686122
25,67,6646,0.8127052198801079,0.11428571428571428,0.06486486486486487,0.48,0.9396887159533074
25,67,6696,0.814360963239887,0.07655502392344497,0.043243243243243246,0.3333333333333333,0.9374189364461738
25,67,6746,0.8135125812255858,0.08780487804878048,0.04864864864864865,0.45,0.9393644617380026
25,67,6796,0.814038391616867,0.05853658536585366,0.032432432432432434,0.3,0.9374189364461738
25,67,6846,0.8157276973420471,0.06763285024154589,0.03783783783783784,0.3181818181818182,0.9374189364461738
25,67,6896,0.8095317117738643,0.09803921568627451,0.05405405405405406,0.5263157894736842,0.940337224383917
25,67,6946,0.8083924559260882,0.0761904761904762,0.043243243243243246,0.32,0.937094682230869
25,67,6996,0.8151086581579856,0.08571428571428572,0.04864864864864865,0.36,0.9377431906614786
25,67,7046,0.8162516431574727,0.06829268292682927,0.03783783783783784,0.35,0.9380674448767834
25,67,7096,0.8164623402291564,0.07881773399014778,0.043243243243243246,0.4444444444444444,0.9393644617380026
25,67,7146,0.8125746995702153,0.06862745098039216,0.03783783783783784,0.3684210526315789,0.9383916990920882
25,67,7196,0.8112676318954346,0.07960199004975124,0.043243243243243246,0.5,0.9400129701686122
25,67,7246,0.8165145483531134,0.0784313725490196,0.043243243243243246,0.42105263157894735,0.9390402075226978
25,67,7296,0.8138929547001296,0.0947867298578199,0.05405405405405406,0.38461538461538464,0.9380674448767834
25,67,7346,0.8136058100183662,0.07804878048780488,0.043243243243243246,0.4,0.938715953307393
25,67,7396,0.8170944314442072,0.07766990291262135,0.043243243243243246,0.38095238095238093,0.9383916990920882
25,67,7446,0.8078535935038177,0.07920792079207921,0.043243243243243246,0.47058823529411764,0.9396887159533074
25,67,7496,0.812300606919441,0.08695652173913043,0.04864864864864865,0.4090909090909091,0.938715953307393
25,67,7546,0.8090170888377166,0.08737864077669903,0.04864864864864865,0.42857142857142855,0.9390402075226978
25,67,7596,0.8108630189347678,0.08780487804878048,0.04864864864864865,0.45,0.9393644617380026
25,67,7646,0.8093154209746138,0.09900990099009901,0.05405405405405406,0.5882352941176471,0.9409857328145266
25,67,7696,0.8152764699849903,0.06896551724137931,0.03783783783783784,0.3888888888888889,0.938715953307393
25,67,7746,0.8099624287965096,0.07920792079207921,0.043243243243243246,0.47058823529411764,0.9396887159533074
25,67,7796,0.81410924549938,0.08,0.043243243243243246,0.5333333333333333,0.940337224383917
25,67,7846,0.8145474208254478,0.08955223880597014,0.04864864864864865,0.5625,0.9406614785992218
25,67,7896,0.8089499641069149,0.0861244019138756,0.04864864864864865,0.375,0.9380674448767834
25,67,7946,0.8148010031418104,0.07729468599033816,0.043243243243243246,0.36363636363636365,0.9380674448767834
25,67,7996,0.8136990388111465,0.07766990291262135,0.043243243243243246,0.38095238095238093,0.9383916990920882
26,68,246,0.6407484407484407,0.08108108108108109,0.06486486486486487,0.10810810810810811,0.9118028534370947
26,68,296,0.5939942011690891,0.045454545454545456,0.032432432432432434,0.0759493670886076,0.9182879377431906
26,68,346,0.6549266755544783,0.08633093525179857,0.06486486486486487,0.12903225806451613,0.917639429312581
26,68,396,0.6463701369530966,0.056910569105691054,0.03783783783783784,0.11475409836065574,0.9247730220492867
26,68,446,0.6427752347034859,0.00966183574879227,0.005405405405405406,0.045454545454545456,0.9335278858625162
26,68,496,0.6509327540717675,0.010101010101010102,0.005405405405405406,0.07692307692307693,0.9364461738002594
26,68,546,0.6001547597960155,0.010309278350515464,0.005405405405405406,0.1111111111111111,0.9377431906614786
26,68,596,0.5967742837697995,0.020833333333333332,0.010810810810810811,0.2857142857142857,0.9390402075226978
26,68,646,0.641587499883464,0.03125,0.016216216216216217,0.42857142857142855,0.9396887159533074
26,68,696,0.6061717460820599,0.06060606060606061,0.032432432432432434,0.46153846153846156,0.9396887159533074
26,68,746,0.620418970194755,0.04060913705583756,0.021621621621621623,0.3333333333333333,0.938715953307393
26,68,796,0.6617435648825784,0.041666666666666664,0.021621621621621623,0.5714285714285714,0.940337224383917
26,68,846,0.6732554562150975,0.05154639175257732,0.02702702702702703,0.5555555555555556,0.940337224383917
26,68,896,0.6527059657104501,0.050761421319796954,0.02702702702702703,0.4166666666666667,0.9393644617380026
26,68,946,0.660529726000578,0.04081632653061224,0.021621621621621623,0.36363636363636365,0.9390402075226978
26,68,996,0.7023801310796826,0.041237113402061855,0.021621621621621623,0.4444444444444444,0.9396887159533074
26,68,1046,0.7085481480100313,0.05154639175257732,0.02702702702702703,0.5555555555555556,0.940337224383917
26,68,1096,0.7133587537174981,0.05154639175257732,0.02702702702702703,0.5555555555555556,0.940337224383917
26,68,1146,0.7190997827769129,0.061224489795918366,0.032432432432432434,0.5454545454545454,0.940337224383917
26,68,1196,0.7653990658474963,0.061224489795918366,0.032432432432432434,0.5454545454545454,0.940337224383917
26,68,1246,0.7520300569627923,0.06930693069306931,0.03783783783783784,0.4117647058823529,0.9390402075226978
26,68,1296,0.7603292840961002,0.06965174129353234,0.03783783783783784,0.4375,0.9393644617380026
26,68,1346,0.7503388866617567,0.06,0.032432432432432434,0.4,0.9390402075226978
26,68,1396,0.7494196507649422,0.05970149253731343,0.032432432432432434,0.375,0.938715953307393
26,68,1446,0.7590613725142873,0.06930693069306931,0.03783783783783784,0.4117647058823529,0.9390402075226978
26,68,1496,0.7373856781928532,0.050505050505050504,0.02702702702702703,0.38461538461538464,0.9390402075226978
26,68,1546,0.7530667611385101,0.05970149253731343,0.032432432432432434,0.375,0.938715953307393
26,68,1596,0.7565441951092176,0.06,0.032432432432432434,0.4,0.9390402075226978
26,68,1646,0.7468073799912365,0.06030150753768844,0.032432432432432434,0.42857142857142855,0.9393644617380026
26,68,1696,0.7497795139050745,0.05025125628140704,0.02702702702702703,0.35714285714285715,0.938715953307393
26,68,1746,0.7495669522575352,0.06,0.032432432432432434,0.4,0.9390402075226978
26,68,1796,0.7463132673895005,0.05,0.02702702702702703,0.3333333333333333,0.9383916990920882
26,68,1846,0.7441708697314078,0.05,0.02702702702702703,0.3333333333333333,0.9383916990920882
26,68,1896,0.7620092669420025,0.06060606060606061,0.032432432432432434,0.46153846153846156,0.9396887159533074
26,68,1946,0.7503109180239225,0.06,0.032432432432432434,0.4,0.9390402075226978
26,68,1996,0.7523433057065345,0.050761421319796954,0.02702702702702703,0.4166666666666667,0.9393644617380026
26,68,2046,0.7617817886876183,0.05970149253731343,0.032432432432432434,0.375,0.938715953307393
26,68,2096,0.7640211442902025,0.0594059405940594,0.032432432432432434,0.35294117647058826,0.9383916990920882
26,68,2146,0.7646495063535421,0.050761421319796954,0.02702702702702703,0.4166666666666667,0.9393644617380026
26,68,2196,0.7744944668711484,0.05025125628140704,0.02702702702702703,0.35714285714285715,0.938715953307393
26,68,2246,0.774520570933127,0.05,0.02702702702702703,0.3333333333333333,0.9383916990920882
26,68,2296,0.776043929407158,0.06,0.032432432432432434,0.4,0.9390402075226978
26,68,2346,0.7819490411418663,0.06091370558375635,0.032432432432432434,0.5,0.9400129701686122
26,68,2396,0.7896217707876901,0.07,0.03783783783783784,0.4666666666666667,0.9396887159533074
26,68,2446,0.786854740217969,0.06965174129353234,0.03783783783783784,0.4375,0.9393644617380026
26,68,2496,0.7896926246702032,0.08695652173913043,0.04864864864864865,0.4090909090909091,0.938715953307393
26,68,2546,0.7926945917977308,0.05853658536585366,0.032432432432432434,0.3,0.9374189364461738
26,68,2596,0.7941508255409601,0.06763285024154589,0.03783783783783784,0.3181818181818182,0.9374189364461738
26,68,2646,0.794682229659808,0.07804878048780488,0.043243243243243246,0.4,0.938715953307393
26,68,2696,0.8026178645012726,0.07582938388625593,0.043243243243243246,0.3076923076923077,0.9367704280155642
26,68,2746,0.7954560286398852,0.07692307692307693,0.043243243243243246,0.34782608695652173,0.9377431906614786
26,68,2796,0.7842890838406533,0.06896551724137931,0.03783783783783784,0.3888888888888889,0.938715953307393
26,68,2846,0.7977457277905707,0.06965174129353234,0.03783783783783784,0.4375,0.9393644617380026
26,68,2896,0.7992523050819015,0.07804878048780488,0.043243243243243246,0.4,0.938715953307393
26,68,2946,0.8054557489535067,0.07960199004975124,0.043243243243243246,0.5,0.9400129701686122
26,68,2996,0.8037533911973374,0.06829268292682927,0.03783783783783784,0.35,0.9380674448767834
26,68,3046,0.807111492313286,0.07920792079207921,0.043243243243243246,0.47058823529411764,0.9396887159533074
26,68,3096,0.800669382732163,0.0966183574879227,0.05405405405405406,0.45454545454545453,0.9393644617380026
26,68,3146,0.8102850004195297,0.07804878048780488,0.043243243243243246,0.4,0.938715953307393
26,68,3196,0.8146760765594847,0.07729468599033816,0.043243243243243246,0.36363636363636365,0.9380674448767834
26,68,3246,0.8056291545080781,0.07881773399014778,0.043243243243243246,0.4444444444444444,0.9393644617380026
26,68,3296,0.7999925416965777,0.08823529411764706,0.04864864864864865,0.47368421052631576,0.9396887159533074
26,68,3346,0.8030541752514847,0.08737864077669903,0.04864864864864865,0.42857142857142855,0.9390402075226978
26,68,3396,0.8048217931626004,0.06896551724137931,0.03783783783783784,0.3888888888888889,0.938715953307393
26,68,3446,0.805882736824441,0.08737864077669903,0.04864864864864865,0.42857142857142855,0.9390402075226978
26,68,3496,0.8146592953767843,0.09615384615384616,0.05405405405405406,0.43478260869565216,0.9390402075226978
26,68,3546,0.8142304429299945,0.07766990291262135,0.043243243243243246,0.38095238095238093,0.9383916990920882
26,68,3596,0.8014264005295396,0.07881773399014778,0.043243243243243246,0.4444444444444444,0.9393644617380026
26,68,3646,0.7924354157538014,0.04926108374384237,0.02702702702702703,0.2777777777777778,0.9374189364461738
26,68,3696,0.8039790048758659,0.08780487804878048,0.04864864864864865,0.45,0.9393644617380026
26,68,3746,0.8049001053485358,0.07881773399014778,0.043243243243243246,0.4444444444444444,0.9393644617380026
26,68,3796,0.807154377557965,0.0784313725490196,0.043243243243243246,0.42105263157894735,0.9390402075226978
26,68,3846,0.8099903974343436,0.06965174129353234,0.03783783783783784,0.4375,0.9393644617380026
26,68,3896,0.8085677260565154,0.07960199004975124,0.043243243243243246,0.5,0.9400129701686122
26,68,3946,0.8272470469779887,0.0975609756097561,0.05405405405405406,0.5,0.9400129701686122
26,68,3996,0.8116778385836683,0.0891089108910891,0.04864864864864865,0.5294117647058824,0.940337224383917
26,68,4046,0.8143404529054754,0.06862745098039216,0.03783783783783784,0.3684210526315789,0.9383916990920882
26,68,4096,0.8126213139666054,0.08823529411764706,0.04864864864864865,0.47368421052631576,0.9396887159533074
26,68,4146,0.8207881562141652,0.10837438423645321,0.05945945945945946,0.6111111111111112,0.9413099870298314
26,68,4196,0.8152093452541883,0.09523809523809523,0.05405405405405406,0.4,0.9383916990920882
26,68,4246,0.8169452653757586,0.08571428571428572,0.04864864864864865,0.36,0.9377431906614786
26,68,4296,0.8197943372831265,0.08411214953271028,0.04864864864864865,0.3103448275862069,0.9364461738002594
26,68,4346,0.8198651911656397,0.08653846153846154,0.04864864864864865,0.391304347826087,0.9383916990920882
26,68,4396,0.8200274092650776,0.06930693069306931,0.03783783783783784,0.4117647058823529,0.9390402075226978
26,68,4446,0.8155766666977429,0.08780487804878048,0.04864864864864865,0.45,0.9393644617380026
26,68,4496,0.8205252510185246,0.09569377990430622,0.05405405405405406,0.4166666666666667,0.938715953307393
26,68,4546,0.8171261292337526,0.08695652173913043,0.04864864864864865,0.4090909090909091,0.938715953307393
26,68,4596,0.8193748077156149,0.09803921568627451,0.05405405405405406,0.5263157894736842,0.940337224383917
26,68,4646,0.8170254421375497,0.07920792079207921,0.043243243243243246,0.47058823529411764,0.9396887159533074
26,68,4696,0.8147059097731744,0.0966183574879227,0.05405405405405406,0.45454545454545453,0.9393644617380026
26,68,4746,0.8192461519815781,0.08823529411764706,0.04864864864864865,0.47368421052631576,0.9396887159533074
26,68,4796,0.818420144877544,0.10679611650485436,0.05945945945945946,0.5238095238095238,0.940337224383917
26,68,4846,0.8163206324641302,0.1262135922330097,0.07027027027027027,0.6190476190476191,0.9416342412451362
26,68,4896,0.8219889430651763,0.08823529411764706,0.04864864864864865,0.47368421052631576,0.9396887159533074
26,68,4946,0.8242301632436161,0.08737864077669903,0.04864864864864865,0.42857142857142855,0.9390402075226978
26,68,4996,0.8225744198838368,0.0970873786407767,0.05405405405405406,0.47619047619047616,0.9396887159533074
26,68,5046,0.8207173023316522,0.08695652173913043,0.04864864864864865,0.4090909090909091,0.938715953307393
26,68,5096,0.8241537156335362,0.11764705882352941,0.06486486486486487,0.631578947368421,0.9416342412451362
26,68,5146,0.8241611739369586,0.0966183574879227,0.05405405405405406,0.45454545454545453,0.9393644617380026
26,68,5196,0.8269449856893804,0.10628019323671498,0.05945945945945946,0.5,0.9400129701686122
26,68,5246,0.8266727576144616,0.07920792079207921,0.043243243243243246,0.47058823529411764,0.9396887159533074
26,68,5296,0.8205401676253694,0.11707317073170732,0.06486486486486487,0.6,0.9413099870298314
26,68,5346,0.8242916942468512,0.12264150943396226,0.07027027027027027,0.48148148148148145,0.9396887159533074
26,68,5396,0.8258411567828609,0.0891089108910891,0.04864864864864865,0.5294117647058824,0.940337224383917
26,68,5446,0.8227440962866972,0.08737864077669903,0.04864864864864865,0.42857142857142855,0.9390402075226978
26,68,5496,0.8224047434809765,0.11650485436893204,0.06486486486486487,0.5714285714285714,0.9409857328145266
26,68,5546,0.8223805039948537,0.10576923076923077,0.05945945945945946,0.4782608695652174,0.9396887159533074
26,68,5596,0.8236689259110785,0.11538461538461539,0.06486486486486487,0.5217391304347826,0.940337224383917
26,68,5646,0.8330384195855048,0.11594202898550725,0.06486486486486487,0.5454545454545454,0.9406614785992218
26,68,5696,0.8223077855364851,0.11538461538461539,0.06486486486486487,0.5217391304347826,0.940337224383917
26,68,5746,0.8214239765809271,0.08866995073891626,0.04864864864864865,0.5,0.9400129701686122
26,68,5796,0.8230070014823376,0.10628019323671498,0.05945945945945946,0.5,0.9400129701686122
26,68,5846,0.8245359536839357,0.08823529411764706,0.04864864864864865,0.47368421052631576,0.9396887159533074
26,68,5896,0.8201765753335261,0.06965174129353234,0.03783783783783784,0.4375,0.9393644617380026
26,68,5946,0.81831572862963,0.06862745098039216,0.03783783783783784,0.3684210526315789,0.9383916990920882
26,68,5996,0.8237304569143135,0.10837438423645321,0.05945945945945946,0.6111111111111112,0.9413099870298314
26,68,6046,0.8257050427454015,0.08695652173913043,0.04864864864864865,0.4090909090909091,0.938715953307393
26,68,6096,0.825393658577515,0.08823529411764706,0.04864864864864865,0.47368421052631576,0.9396887159533074
26,68,6146,0.8167271100006527,0.08780487804878048,0.04864864864864865,0.45,0.9393644617380026
26,68,6196,0.8217689231142145,0.08780487804878048,0.04864864864864865,0.45,0.9393644617380026
26,68,6246,0.8192964955296794,0.0861244019138756,0.04864864864864865,0.375,0.9380674448767834
26,68,6296,0.8228746165965897,0.08695652173913043,0.04864864864864865,0.4090909090909091,0.938715953307393
26,68,6346,0.817603460652788,0.08737864077669903,0.04864864864864865,0.42857142857142855,0.9390402075226978
26,68,6396,0.8228205438967771,0.10784313725490197,0.05945945945945946,0.5789473684210527,0.9409857328145266
26,68,6446,0.8210939466544848,0.10526315789473684,0.05945945945945946,0.4583333333333333,0.9393644617380026
26,68,6496,0.8207452709694864,0.0970873786407767,0.05405405405405406,0.47619047619047616,0.9396887159533074
26,68,6546,0.8201336900888471,0.0970873786407767,0.05405405405405406,0.47619047619047616,0.9396887159533074
26,68,6596,0.824097778357868,0.10628019323671498,0.05945945945945946,0.5,0.9400129701686122
26,68,6646,0.8217819751452038,0.08695652173913043,0.04864864864864865,0.4090909090909091,0.938715953307393
26,68,6696,0.8181814791680262,0.0975609756097561,0.05405405405405406,0.5,0.9400129701686122
26,68,6746,0.8180118027651662,0.08866995073891626,0.04864864864864865,0.5,0.9400129701686122
26,68,6796,0.8173442846088587,0.09803921568627451,0.05405405405405406,0.5263157894736842,0.940337224383917
26,68,6846,0.8235962074527097,0.08823529411764706,0.04864864864864865,0.47368421052631576,0.9396887159533074
26,68,6896,0.8178439909381614,0.07729468599033816,0.043243243243243246,0.36363636363636365,0.9380674448767834
26,68,6946,0.8185749046735593,0.08695652173913043,0.04864864864864865,0.4090909090909091,0.938715953307393
26,68,6996,0.8146145455562497,0.08780487804878048,0.04864864864864865,0.45,0.9393644617380026
26,68,7046,0.817551252528831,0.08695652173913043,0.04864864864864865,0.4090909090909091,0.938715953307393
26,68,7096,0.8226657841007616,0.07766990291262135,0.043243243243243246,0.38095238095238093,0.9383916990920882
26,68,7146,0.8218360478450164,0.08571428571428572,0.04864864864864865,0.36,0.9377431906614786
26,68,7196,0.8145287750668917,0.08780487804878048,0.04864864864864865,0.45,0.9393644617380026
26,68,7246,0.8207079794523741,0.10679611650485436,0.05945945945945946,0.5238095238095238,0.940337224383917
26,68,7296,0.8125113039911247,0.06796116504854369,0.03783783783783784,0.3333333333333333,0.9377431906614786
26,68,7346,0.8200572424787673,0.06796116504854369,0.03783783783783784,0.3333333333333333,0.9377431906614786
26,68,7396,0.8139470273999423,0.08823529411764706,0.04864864864864865,0.47368421052631576,0.9396887159533074
26,68,7446,0.8142789219022403,0.08737864077669903,0.04864864864864865,0.42857142857142855,0.9390402075226978
26,68,7496,0.820376084950076,0.08737864077669903,0.04864864864864865,0.42857142857142855,0.9390402075226978
26,68,7546,0.8178383972105945,0.0970873786407767,0.05405405405405406,0.47619047619047616,0.9396887159533074
26,68,7596,0.8214649972497505,0.0975609756097561,0.05405405405405406,0.5,0.9400129701686122
26,68,7646,0.8154983545118074,0.0970873786407767,0.05405405405405406,0.47619047619047616,0.9396887159533074
26,68,7696,0.8095056077118856,0.06965174129353234,0.03783783783783784,0.4375,0.9393644617380026
26,68,7746,0.8169172967379246,0.08653846153846154,0.04864864864864865,0.391304347826087,0.9383916990920882
26,68,7796,0.8108704772381902,0.08737864077669903,0.04864864864864865,0.42857142857142855,0.9390402075226978
26,68,7846,0.8069324930311477,0.07881773399014778,0.043243243243243246,0.4444444444444444,0.9393644617380026
26,68,7896,0.8139656731584982,0.0966183574879227,0.05405405405405406,0.45454545454545453,0.9393644617380026
26,68,7946,0.8126250431183166,0.07881773399014778,0.043243243243243246,0.4444444444444444,0.9393644617380026
26,68,7996,0.8111762676785099,0.06965174129353234,0.03783783783783784,0.4375,0.9393644617380026
27,69,246,0.6143255362986304,0.11228070175438597,0.08648648648648649,0.16,0.9179636835278858
27,69,296,0.6417618377259633,0.08888888888888889,0.06486486486486487,0.1411764705882353,0.9202334630350194
27,69,346,0.6653757586493013,0.08627450980392157,0.05945945945945946,0.15714285714285714,0.9244487678339819
27,69,396,0.6776558552343305,0.0703125,0.04864864864864865,0.1267605633802817,0.9228274967574579
27,69,446,0.6502204860949257,0.047619047619047616,0.02702702702702703,0.2,0.9351491569390402
27,69,496,0.6482309836569926,0.030612244897959183,0.016216216216216217,0.2727272727272727,0.9383916990920882
27,69,546,0.671534452700372,0.010256410256410256,0.005405405405405406,0.1,0.9374189364461738
27,69,596,0.6703597699113395,0.030927835051546393,0.016216216216216217,0.3333333333333333,0.9390402075226978
27,69,646,0.6914369353831238,0.010309278350515464,0.005405405405405406,0.1111111111111111,0.9377431906614786
27,69,696,0.6745382844037553,0.010309278350515464,0.005405405405405406,0.1111111111111111,0.9377431906614786
27,69,746,0.680758509458061,0.020942408376963352,0.010810810810810811,0.3333333333333333,0.9393644617380026
27,69,796,0.6708576116647866,0.05,0.02702702702702703,0.3333333333333333,0.9383916990920882
27,69,846,0.6664777229799651,0.04020100502512563,0.021621621621621623,0.2857142857142857,0.9380674448767834
27,69,896,0.6659985269850741,0.0594059405940594,0.032432432432432434,0.35294117647058826,0.9383916990920882
27,69,946,0.6816926619617203,0.05970149253731343,0.032432432432432434,0.375,0.938715953307393
27,69,996,0.6753027605045543,0.06,0.032432432432432434,0.4,0.9390402075226978
27,69,1046,0.6917184863373205,0.0594059405940594,0.032432432432432434,0.35294117647058826,0.9383916990920882
27,69,1096,0.6707233622031828,0.07,0.03783783783783784,0.4666666666666667,0.9396887159533074
27,69,1146,0.7001892544493442,0.06796116504854369,0.03783783783783784,0.3333333333333333,0.9377431906614786
27,69,1196,0.700769137540438,0.07,0.03783783783783784,0.4666666666666667,0.9396887159533074
27,69,1246,0.7153930059759656,0.07766990291262135,0.043243243243243246,0.38095238095238093,0.9383916990920882
27,69,1296,0.6897737337199221,0.06060606060606061,0.032432432432432434,0.46153846153846156,0.9396887159533074
27,69,1346,0.7058706170813794,0.06060606060606061,0.032432432432432434,0.46153846153846156,0.9396887159533074
27,69,1396,0.7045225287377753,0.05025125628140704,0.02702702702702703,0.35714285714285715,0.938715953307393
27,69,1446,0.708564929192732,0.06,0.032432432432432434,0.4,0.9390402075226978
27,69,1496,0.7181469845146975,0.04975124378109453,0.02702702702702703,0.3125,0.9380674448767834
27,69,1546,0.7164688662446509,0.05025125628140704,0.02702702702702703,0.35714285714285715,0.938715953307393
27,69,1596,0.7345179605269292,0.05,0.02702702702702703,0.3333333333333333,0.9383916990920882
27,69,1646,0.7216896786403513,0.0784313725490196,0.043243243243243246,0.42105263157894735,0.9390402075226978
27,69,1696,0.7361960787969758,0.06862745098039216,0.03783783783783784,0.3684210526315789,0.9383916990920882
27,69,1746,0.7278614247224113,0.06030150753768844,0.032432432432432434,0.42857142857142855,0.9393644617380026
27,69,1796,0.721734428460886,0.057692307692307696,0.032432432432432434,0.2608695652173913,0.9364461738002594
27,69,1846,0.7264890968926844,0.04975124378109453,0.02702702702702703,0.3125,0.9380674448767834
27,69,1896,0.74124535021396,0.07035175879396985,0.03783783783783784,0.5,0.9400129701686122
27,69,1946,0.7301902799660647,0.06965174129353234,0.03783783783783784,0.4375,0.9393644617380026
27,69,1996,0.7528262308531367,0.06763285024154589,0.03783783783783784,0.3181818181818182,0.9374189364461738
27,69,2046,0.7704166394749353,0.06763285024154589,0.03783783783783784,0.3181818181818182,0.9374189364461738
27,69,2096,0.7613361550581281,0.07729468599033816,0.043243243243243246,0.36363636363636365,0.9380674448767834
27,69,2146,0.7727566821737225,0.08571428571428572,0.04864864864864865,0.36,0.9377431906614786
27,69,2196,0.7788724909801144,0.07511737089201878,0.043243243243243246,0.2857142857142857,0.9361219195849546
27,69,2246,0.7722159551755964,0.08737864077669903,0.04864864864864865,0.42857142857142855,0.9390402075226978
27,69,2296,0.7657384186532169,0.06666666666666667,0.03783783783783784,0.28,0.9364461738002594
27,69,2346,0.7735864184294678,0.07920792079207921,0.043243243243243246,0.47058823529411764,0.9396887159533074
27,69,2396,0.7666464670948976,0.07881773399014778,0.043243243243243246,0.4444444444444444,0.9393644617380026
27,69,2446,0.7712762089443704,0.0784313725490196,0.043243243243243246,0.42105263157894735,0.9390402075226978
27,69,2496,0.7747480491875111,0.0970873786407767,0.05405405405405406,0.47619047619047616,0.9396887159533074
27,69,2546,0.7728517755423585,0.08737864077669903,0.04864864864864865,0.42857142857142855,0.9390402075226978
27,69,2596,0.785780744525139,0.06930693069306931,0.03783783783783784,0.4117647058823529,0.9390402075226978
27,69,2646,0.7923216766266094,0.08780487804878048,0.04864864864864865,0.45,0.9393644617380026
27,69,2696,0.7922135312269842,0.07881773399014778,0.043243243243243246,0.4444444444444444,0.9393644617380026
27,69,2746,0.796809710711056,0.09569377990430622,0.05405405405405406,0.4166666666666667,0.938715953307393
27,69,2796,0.7969831162656275,0.09389671361502347,0.05405405405405406,0.35714285714285715,0.9374189364461738
27,69,2846,0.800512758360292,0.0970873786407767,0.05405405405405406,0.47619047619047616,0.9396887159533074
27,69,2896,0.792817653804201,0.08823529411764706,0.04864864864864865,0.47368421052631576,0.9396887159533074
27,69,2946,0.802075272927291,0.0975609756097561,0.05405405405405406,0.5,0.9400129701686122
27,69,2996,0.7958233500834399,0.08866995073891626,0.04864864864864865,0.5,0.9400129701686122
27,69,3046,0.8044693883258905,0.07729468599033816,0.043243243243243246,0.36363636363636365,0.9380674448767834
27,69,3096,0.7995096165499752,0.07920792079207921,0.043243243243243246,0.47058823529411764,0.9396887159533074
27,69,3146,0.8094888265291853,0.0966183574879227,0.05405405405405406,0.45454545454545453,0.9393644617380026
27,69,3196,0.7987470050250319,0.08695652173913043,0.04864864864864865,0.4090909090909091,0.938715953307393
27,69,3246,0.8041263063684588,0.10526315789473684,0.05945945945945946,0.4583333333333333,0.9393644617380026
27,69,3296,0.8076447610079897,0.0966183574879227,0.05405405405405406,0.45454545454545453,0.9393644617380026
27,69,3346,0.80356133988421,0.09569377990430622,0.05405405405405406,0.4166666666666667,0.938715953307393
27,69,3396,0.8064253283984225,0.08737864077669903,0.04864864864864865,0.42857142857142855,0.9390402075226978
27,69,3446,0.8008073613454779,0.09,0.04864864864864865,0.6,0.9409857328145266
27,69,3496,0.8089108080139471,0.0975609756097561,0.05405405405405406,0.5,0.9400129701686122
27,69,3546,0.8059461324035314,0.08,0.043243243243243246,0.5333333333333333,0.940337224383917
27,69,3596,0.8080158116032555,0.09803921568627451,0.05405405405405406,0.5263157894736842,0.940337224383917
27,69,3646,0.8179278968516637,0.08866995073891626,0.04864864864864865,0.5,0.9400129701686122
27,69,3696,0.8077920625005827,0.07,0.03783783783783784,0.4666666666666667,0.9396887159533074
27,69,3746,0.8095056077118857,0.08866995073891626,0.04864864864864865,0.5,0.9400129701686122
27,69,3796,0.8170217129858385,0.08737864077669903,0.04864864864864865,0.42857142857142855,0.9390402075226978
27,69,3846,0.8285746249871812,0.07766990291262135,0.043243243243243246,0.38095238095238093,0.9383916990920882
27,69,3896,0.8137176845697025,0.11538461538461539,0.06486486486486487,0.5217391304347826,0.940337224383917
27,69,3946,0.8161882475783822,0.10050251256281408,0.05405405405405406,0.7142857142857143,0.941958495460441
27,69,3996,0.8222350670781163,0.09045226130653267,0.04864864864864865,0.6428571428571429,0.9413099870298314
27,69,4046,0.8181497813784808,0.10891089108910891,0.05945945945945946,0.6470588235294118,0.9416342412451362
27,69,4096,0.8136636118698899,0.0975609756097561,0.05405405405405406,0.5,0.9400129701686122
27,69,4146,0.8132105199369773,0.10837438423645321,0.05945945945945946,0.6111111111111112,0.9413099870298314
27,69,4196,0.8155897187287322,0.1262135922330097,0.07027027027027027,0.6190476190476191,0.9416342412451362
27,69,4246,0.8153883445363267,0.09900990099009901,0.05405405405405406,0.5882352941176471,0.9409857328145266
27,69,4296,0.8154368235085725,0.10837438423645321,0.05945945945945946,0.6111111111111112,0.9413099870298314
27,69,4346,0.8216384028043221,0.1262135922330097,0.07027027027027027,0.6190476190476191,0.9416342412451362
27,69,4396,0.8191566523405088,0.09045226130653267,0.04864864864864865,0.6428571428571429,0.9413099870298314
27,69,4446,0.8191491940370863,0.11822660098522167,0.06486486486486487,0.6666666666666666,0.941958495460441
27,69,4496,0.8237453735211584,0.125,0.07027027027027027,0.5652173913043478,0.9409857328145266
27,69,4546,0.8191119025199742,0.12440191387559808,0.07027027027027027,0.5416666666666666,0.9406614785992218
27,69,4596,0.820888843310368,0.10576923076923077,0.05945945945945946,0.4782608695652174,0.9396887159533074
27,69,4646,0.8154890316325295,0.12682926829268293,0.07027027027027027,0.65,0.941958495460441
27,69,4696,0.8237491026728696,0.1073170731707317,0.05945945945945946,0.55,0.9406614785992218
27,69,4746,0.8190913921855626,0.125,0.07027027027027027,0.5652173913043478,0.9409857328145266
27,69,4796,0.8233165210743686,0.09900990099009901,0.05405405405405406,0.5882352941176471,0.9409857328145266
27,69,4846,0.82140160167066,0.09803921568627451,0.05405405405405406,0.5263157894736842,0.940337224383917
27,69,4896,0.8183940408155654,0.12560386473429952,0.07027027027027027,0.5909090909090909,0.9413099870298314
27,69,4946,0.8164250487120442,0.11483253588516747,0.06486486486486487,0.5,0.9400129701686122
27,69,4996,0.8232083756747434,0.11594202898550725,0.06486486486486487,0.5454545454545454,0.9406614785992218
27,69,5046,0.8202120022747826,0.08040201005025126,0.043243243243243246,0.5714285714285714,0.9406614785992218
27,69,5096,0.8209186765240577,0.09803921568627451,0.05405405405405406,0.5263157894736842,0.940337224383917
27,69,5146,0.8185711755218482,0.09615384615384616,0.05405405405405406,0.43478260869565216,0.9390402075226978
27,69,5196,0.8248827647930786,0.08737864077669903,0.04864864864864865,0.42857142857142855,0.9390402075226978
27,69,5246,0.8208235831554217,0.0975609756097561,0.05405405405405406,0.5,0.9400129701686122
27,69,5296,0.8260350726718441,0.08695652173913043,0.04864864864864865,0.4090909090909091,0.938715953307393
27,69,5346,0.8223730456914313,0.0594059405940594,0.032432432432432434,0.35294117647058826,0.9383916990920882
27,69,5396,0.8213661747294034,0.10679611650485436,0.05945945945945946,0.5238095238095238,0.940337224383917
27,69,5446,0.8246198595974381,0.0861244019138756,0.04864864864864865,0.375,0.9380674448767834
27,69,5496,0.8152932511676907,0.08823529411764706,0.04864864864864865,0.47368421052631576,0.9396887159533074
27,69,5546,0.8258020006898931,0.10679611650485436,0.05945945945945946,0.5238095238095238,0.940337224383917
27,69,5596,0.819393453474171,0.06862745098039216,0.03783783783783784,0.3684210526315789,0.9383916990920882
27,69,5646,0.8163635177088092,0.10328638497652583,0.05945945945945946,0.39285714285714285,0.9380674448767834
27,69,5696,0.8199994406272434,0.08695652173913043,0.04864864864864865,0.4090909090909091,0.938715953307393
27,69,5746,0.8179931570066099,0.08737864077669903,0.04864864864864865,0.42857142857142855,0.9390402075226978
27,69,5796,0.8236502801525223,0.08780487804878048,0.04864864864864865,0.45,0.9393644617380026
27,69,5846,0.8202362417609054,0.08780487804878048,0.04864864864864865,0.45,0.9393644617380026
27,69,5896,0.8233612708949032,0.06829268292682927,0.03783783783783784,0.35,0.9380674448767834
27,69,5946,0.8250692223786394,0.11428571428571428,0.06486486486486487,0.48,0.9396887159533074
27,69,5996,0.8222984626572071,0.08866995073891626,0.04864864864864865,0.5,0.9400129701686122
27,69,6046,0.8196190671526995,0.0966183574879227,0.05405405405405406,0.45454545454545453,0.9393644617380026
27,69,6096,0.8225333992150137,0.07766990291262135,0.043243243243243246,0.38095238095238093,0.9383916990920882
27,69,6146,0.8206632296318397,0.0970873786407767,0.05405405405405406,0.47619047619047616,0.9396887159533074
27,69,6196,0.8209373222826137,0.07804878048780488,0.043243243243243246,0.4,0.938715953307393
27,69,6246,0.8219031725758184,0.07804878048780488,0.043243243243243246,0.4,0.938715953307393
27,69,6296,0.8196880564593568,0.0784313725490196,0.043243243243243246,0.42105263157894735,0.9390402075226978
27,69,6346,0.81863830025265,0.0673076923076923,0.03783783783783784,0.30434782608695654,0.937094682230869
27,69,6396,0.8159850088101209,0.0784313725490196,0.043243243243243246,0.42105263157894735,0.9390402075226978
27,69,6446,0.8234321247774163,0.06930693069306931,0.03783783783783784,0.4117647058823529,0.9390402075226978
27,69,6496,0.8193114121365243,0.09615384615384616,0.05405405405405406,0.43478260869565216,0.9390402075226978
27,69,6546,0.8266186849146492,0.08737864077669903,0.04864864864864865,0.42857142857142855,0.9390402075226978
27,69,6596,0.8192498811332892,0.10576923076923077,0.05945945945945946,0.4782608695652174,0.9396887159533074
27,69,6646,0.8192219124954551,0.08737864077669903,0.04864864864864865,0.42857142857142855,0.9390402075226978
27,69,6696,0.8191324128543861,0.0784313725490196,0.043243243243243246,0.42105263157894735,0.9390402075226978
27,69,6746,0.8223898268741319,0.06930693069306931,0.03783783783783784,0.4117647058823529,0.9390402075226978
27,69,6796,0.8210044470134157,0.07804878048780488,0.043243243243243246,0.4,0.938715953307393
27,69,6846,0.8180957086786684,0.08780487804878048,0.04864864864864865,0.45,0.9393644617380026
27,69,6896,0.8253041589364459,0.06862745098039216,0.03783783783783784,0.3684210526315789,0.9383916990920882
27,69,6946,0.8248920876723568,0.11594202898550725,0.06486486486486487,0.5454545454545454,0.9406614785992218
27,69,6996,0.8207583230004755,0.0784313725490196,0.043243243243243246,0.42105263157894735,0.9390402075226978
27,69,7046,0.8187184770144411,0.06862745098039216,0.03783783783783784,0.3684210526315789,0.9383916990920882
27,69,7096,0.8150676374891623,0.07766990291262135,0.043243243243243246,0.38095238095238093,0.9383916990920882
27,69,7146,0.8189981633927822,0.08780487804878048,0.04864864864864865,0.45,0.9393644617380026
27,69,7196,0.8162162162162163,0.09615384615384616,0.05405405405405406,0.43478260869565216,0.9390402075226978
27,69,7246,0.8160763730270456,0.05970149253731343,0.032432432432432434,0.375,0.938715953307393
27,69,7296,0.8154107194465939,0.11483253588516747,0.06486486486486487,0.5,0.9400129701686122
27,69,7346,0.8182579267781062,0.09900990099009901,0.05405405405405406,0.5882352941176471,0.9409857328145266
27,69,7396,0.8159551755964313,0.09569377990430622,0.05405405405405406,0.4166666666666667,0.938715953307393
27,69,7446,0.8194307449912832,0.08780487804878048,0.04864864864864865,0.45,0.9393644617380026
27,69,7496,0.8146835348629071,0.08,0.043243243243243246,0.5333333333333333,0.940337224383917
27,69,7546,0.8121178784855915,0.0861244019138756,0.04864864864864865,0.375,0.9380674448767834
27,69,7596,0.8076484901597009,0.0761904761904762,0.043243243243243246,0.32,0.937094682230869
27,69,7646,0.8144299525465445,0.0761904761904762,0.043243243243243246,0.32,0.937094682230869
27,69,7696,0.8112489861368785,0.0673076923076923,0.03783783783783784,0.30434782608695654,0.937094682230869
27,69,7746,0.8148065968693772,0.08695652173913043,0.04864864864864865,0.4090909090909091,0.938715953307393
27,69,7796,0.8157910929211377,0.07766990291262135,0.043243243243243246,0.38095238095238093,0.9383916990920882
27,69,7846,0.8082134566439498,0.06763285024154589,0.03783783783783784,0.3181818181818182,0.9374189364461738
27,69,7896,0.8115696931840429,0.08737864077669903,0.04864864864864865,0.42857142857142855,0.9390402075226978
27,69,7946,0.80997920997921,0.10426540284360189,0.05945945945945946,0.4230769230769231,0.938715953307393
27,69,7996,0.8137642989660927,0.11374407582938388,0.06486486486486487,0.46153846153846156,0.9393644617380026
28,70,246,0.6943111790645424,0.07096774193548387,0.05945945945945946,0.088,0.9066147859922179
28,70,296,0.6934283023969122,0.12371134020618557,0.0972972972972973,0.16981132075471697,0.9173151750972762
28,70,346,0.6944258504796621,0.10101010101010101,0.08108108108108109,0.13392857142857142,0.9134241245136187
28,70,396,0.7173862375656098,0.07272727272727272,0.05405405405405406,0.1111111111111111,0.9173151750972762
28,70,446,0.6879427202297158,0.045454545454545456,0.02702702702702703,0.14285714285714285,0.9319066147859922
28,70,496,0.6606490588553369,0.050505050505050504,0.02702702702702703,0.38461538461538464,0.9390402075226978
28,70,546,0.7171680821905037,0.03,0.016216216216216217,0.2,0.937094682230869
28,70,596,0.6827088558030263,0.04878048780487805,0.02702702702702703,0.25,0.9367704280155642
28,70,646,0.6839879548399728,0.049019607843137254,0.02702702702702703,0.2631578947368421,0.937094682230869
28,70,696,0.6926694200236801,0.06862745098039216,0.03783783783783784,0.3684210526315789,0.9383916990920882
28,70,746,0.7133662120209205,0.07766990291262135,0.043243243243243246,0.38095238095238093,0.9383916990920882
28,70,796,0.6843161201905598,0.0761904761904762,0.043243243243243246,0.32,0.937094682230869
28,70,846,0.7080931915012634,0.07582938388625593,0.043243243243243246,0.3076923076923077,0.9367704280155642
28,70,896,0.6956583351202186,0.07655502392344497,0.043243243243243246,0.3333333333333333,0.9374189364461738
28,70,946,0.7195323643754139,0.06796116504854369,0.03783783783783784,0.3333333333333333,0.9377431906614786
28,70,996,0.7202334448971222,0.07804878048780488,0.043243243243243246,0.4,0.938715953307393
28,70,1046,0.725333059862208,0.05853658536585366,0.032432432432432434,0.3,0.9374189364461738
28,70,1096,0.7315868472819145,0.05853658536585366,0.032432432432432434,0.3,0.9374189364461738
28,70,1146,0.737818259791354,0.06829268292682927,0.03783783783783784,0.35,0.9380674448767834
28,70,1196,0.7504787298509271,0.06862745098039216,0.03783783783783784,0.3684210526315789,0.9383916990920882
28,70,1246,0.7405778320576527,0.05853658536585366,0.032432432432432434,0.3,0.9374189364461738
28,70,1296,0.7292505337348387,0.06796116504854369,0.03783783783783784,0.3333333333333333,0.9377431906614786
28,70,1346,0.7535049364645776,0.06896551724137931,0.03783783783783784,0.3888888888888889,0.938715953307393
28,70,1396,0.7343557424274914,0.06572769953051644,0.03783783783783784,0.25,0.935473411154345
28,70,1446,0.7422932418448115,0.07729468599033816,0.043243243243243246,0.36363636363636365,0.9380674448767834
28,70,1496,0.7427743024155581,0.07655502392344497,0.043243243243243246,0.3333333333333333,0.9374189364461738
28,70,1546,0.7426829381986333,0.06666666666666667,0.03783783783783784,0.28,0.9364461738002594
28,70,1596,0.7518622451357877,0.06635071090047394,0.03783783783783784,0.2692307692307692,0.9361219195849546
28,70,1646,0.7642131956033301,0.07547169811320754,0.043243243243243246,0.2962962962962963,0.9364461738002594
28,70,1696,0.7567157360879335,0.0761904761904762,0.043243243243243246,0.32,0.937094682230869
28,70,1746,0.7659341991180556,0.06635071090047394,0.03783783783783784,0.2692307692307692,0.9361219195849546
28,70,1796,0.7652424414756254,0.08372093023255814,0.04864864864864865,0.3,0.9361219195849546
28,70,1846,0.7692997585374267,0.08490566037735849,0.04864864864864865,0.3333333333333333,0.937094682230869
28,70,1896,0.7622945470479103,0.09302325581395349,0.05405405405405406,0.3333333333333333,0.9367704280155642
28,70,1946,0.7734484398161529,0.0761904761904762,0.043243243243243246,0.32,0.937094682230869
28,70,1996,0.779277103940781,0.08571428571428572,0.04864864864864865,0.36,0.9377431906614786
28,70,2046,0.7728051611459683,0.07766990291262135,0.043243243243243246,0.38095238095238093,0.9383916990920882
28,70,2096,0.7764597298229585,0.07692307692307693,0.043243243243243246,0.34782608695652173,0.9377431906614786
28,70,2146,0.7737542302564724,0.06862745098039216,0.03783783783783784,0.3684210526315789,0.9383916990920882
28,70,2196,0.786532168594949,0.07692307692307693,0.043243243243243246,0.34782608695652173,0.9377431906614786
28,70,2246,0.7689436245490059,0.07729468599033816,0.043243243243243246,0.36363636363636365,0.9380674448767834
28,70,2296,0.7971416052133542,0.06796116504854369,0.03783783783783784,0.3333333333333333,0.9377431906614786
28,70,2346,0.7976897905149026,0.06862745098039216,0.03783783783783784,0.3684210526315789,0.9383916990920882
28,70,2396,0.7995226685809645,0.08823529411764706,0.04864864864864865,0.47368421052631576,0.9396887159533074
28,70,2446,0.7888666175661692,0.07960199004975124,0.043243243243243246,0.5,0.9400129701686122
28,70,2496,0.7991236493478646,0.058823529411764705,0.032432432432432434,0.3157894736842105,0.9377431906614786
28,70,2546,0.8020044190447777,0.09569377990430622,0.05405405405405406,0.4166666666666667,0.938715953307393
28,70,2596,0.7962055881338393,0.0891089108910891,0.04864864864864865,0.5294117647058824,0.940337224383917
28,70,2646,0.8009714440207713,0.07692307692307693,0.043243243243243246,0.34782608695652173,0.9377431906614786
28,70,2696,0.7966381697323401,0.06862745098039216,0.03783783783783784,0.3684210526315789,0.9383916990920882
28,70,2746,0.8017471075767039,0.08040201005025126,0.043243243243243246,0.5714285714285714,0.9406614785992218
28,70,2796,0.798670557414952,0.07881773399014778,0.043243243243243246,0.4444444444444444,0.9393644617380026
28,70,2846,0.8111967780129214,0.05970149253731343,0.032432432432432434,0.375,0.938715953307393
28,70,2896,0.8094571287396399,0.08823529411764706,0.04864864864864865,0.47368421052631576,0.9396887159533074
28,70,2946,0.8056720397527573,0.07729468599033816,0.043243243243243246,0.36363636363636365,0.9380674448767834
28,70,2996,0.8125840224494933,0.08695652173913043,0.04864864864864865,0.4090909090909091,0.938715953307393
28,70,3046,0.8059256220691199,0.0966183574879227,0.05405405405405406,0.45454545454545453,0.9393644617380026
28,70,3096,0.818724070742008,0.09615384615384616,0.05405405405405406,0.43478260869565216,0.9390402075226978
28,70,3146,0.8118792127760738,0.07766990291262135,0.043243243243243246,0.38095238095238093,0.9383916990920882
28,70,3196,0.8211778525679871,0.06896551724137931,0.03783783783783784,0.3888888888888889,0.938715953307393
28,70,3246,0.8263968003878318,0.07804878048780488,0.043243243243243246,0.4,0.938715953307393
28,70,3296,0.818496592487624,0.07692307692307693,0.043243243243243246,0.34782608695652173,0.9377431906614786
28,70,3346,0.8193319224709359,0.08737864077669903,0.04864864864864865,0.42857142857142855,0.9390402075226978
28,70,3396,0.8210436031063835,0.0970873786407767,0.05405405405405406,0.47619047619047616,0.9396887159533074
28,70,3446,0.8180882503752459,0.08695652173913043,0.04864864864864865,0.4090909090909091,0.938715953307393
28,70,3496,0.8164809859877125,0.10576923076923077,0.05945945945945946,0.4782608695652174,0.9396887159533074
28,70,3546,0.8158060095279828,0.10526315789473684,0.05945945945945946,0.4583333333333333,0.9393644617380026
28,70,3596,0.8191380065819527,0.10784313725490197,0.05945945945945946,0.5789473684210527,0.9409857328145266
28,70,3646,0.8218677456345618,0.10576923076923077,0.05945945945945946,0.4782608695652174,0.9396887159533074
28,70,3696,0.8161341748785694,0.10526315789473684,0.05945945945945946,0.4583333333333333,0.9393644617380026
28,70,3746,0.8175736274390983,0.0975609756097561,0.05405405405405406,0.5,0.9400129701686122
28,70,3796,0.8186625397387729,0.12206572769953052,0.07027027027027027,0.4642857142857143,0.9393644617380026
28,70,3846,0.8220914947372348,0.10576923076923077,0.05945945945945946,0.4782608695652174,0.9396887159533074
28,70,3896,0.8151030644304187,0.0966183574879227,0.05405405405405406,0.45454545454545453,0.9393644617380026
28,70,3946,0.822507295153035,0.09569377990430622,0.05405405405405406,0.4166666666666667,0.938715953307393
28,70,3996,0.8251456699887192,0.09803921568627451,0.05405405405405406,0.5263157894736842,0.940337224383917
28,70,4046,0.8135741122288207,0.0975609756097561,0.05405405405405406,0.5,0.9400129701686122
28,70,4096,0.8156009061838659,0.11538461538461539,0.06486486486486487,0.5217391304347826,0.940337224383917
28,70,4146,0.8138258299693277,0.08737864077669903,0.04864864864864865,0.42857142857142855,0.9390402075226978
28,70,4196,0.8231095531543963,0.07960199004975124,0.043243243243243246,0.5,0.9400129701686122
28,70,4246,0.8268648089275893,0.07766990291262135,0.043243243243243246,0.38095238095238093,0.9383916990920882
28,70,4296,0.8255763870113647,0.0784313725490196,0.043243243243243246,0.42105263157894735,0.9390402075226978
28,70,4346,0.8215004241910071,0.08695652173913043,0.04864864864864865,0.4090909090909091,0.938715953307393
28,70,4396,0.8260238852167103,0.0970873786407767,0.05405405405405406,0.47619047619047616,0.9396887159533074
28,70,4446,0.830702106038429,0.0891089108910891,0.04864864864864865,0.5294117647058824,0.940337224383917
28,70,4496,0.8247876714244428,0.10679611650485436,0.05945945945945946,0.5238095238095238,0.940337224383917
28,70,4546,0.8211368318991636,0.0784313725490196,0.043243243243243246,0.42105263157894735,0.9390402075226978
28,70,4596,0.8218453707242945,0.07729468599033816,0.043243243243243246,0.36363636363636365,0.9380674448767834
28,70,4646,0.831295041160512,0.07582938388625593,0.043243243243243246,0.3076923076923077,0.9367704280155642
28,70,4696,0.8259026877860959,0.08737864077669903,0.04864864864864865,0.42857142857142855,0.9390402075226978
28,70,4746,0.8203276059778304,0.11594202898550725,0.06486486486486487,0.5454545454545454,0.9406614785992218
28,70,4796,0.8216645068663007,0.07582938388625593,0.043243243243243246,0.3076923076923077,0.9367704280155642
28,70,4846,0.8259884582754539,0.08695652173913043,0.04864864864864865,0.4090909090909091,0.938715953307393
28,70,4896,0.8224588161807893,0.08653846153846154,0.04864864864864865,0.391304347826087,0.9383916990920882
28,70,4946,0.82200013052031,0.08695652173913043,0.04864864864864865,0.4090909090909091,0.938715953307393
28,70,4996,0.8224476287256556,0.07881773399014778,0.043243243243243246,0.4444444444444444,0.9393644617380026
28,70,5046,0.8181367293474918,0.08653846153846154,0.04864864864864865,0.391304347826087,0.9383916990920882
28,70,5096,0.8183250515089081,0.0861244019138756,0.04864864864864865,0.375,0.9380674448767834
28,70,5146,0.8250282017098161,0.0966183574879227,0.05405405405405406,0.45454545454545453,0.9393644617380026
28,70,5196,0.8224606807566449,0.11483253588516747,0.06486486486486487,0.5,0.9400129701686122
28,70,5246,0.8162348619747721,0.08695652173913043,0.04864864864864865,0.4090909090909091,0.938715953307393
28,70,5296,0.8207788333348872,0.09615384615384616,0.05405405405405406,0.43478260869565216,0.9390402075226978
28,70,5346,0.8192871726504014,0.08653846153846154,0.04864864864864865,0.391304347826087,0.9383916990920882
28,70,5396,0.8224289829670997,0.07804878048780488,0.043243243243243246,0.4,0.938715953307393
28,70,5446,0.8198129830416825,0.09433962264150944,0.05405405405405406,0.37037037037037035,0.9377431906614786
28,70,5496,0.8191305482785304,0.07035175879396985,0.03783783783783784,0.5,0.9400129701686122
28,70,5546,0.8205047406841127,0.0891089108910891,0.04864864864864865,0.5294117647058824,0.940337224383917
28,70,5596,0.8127592925799204,0.07766990291262135,0.043243243243243246,0.38095238095238093,0.9383916990920882
28,70,5646,0.8190298611823276,0.06796116504854369,0.03783783783783784,0.3333333333333333,0.9377431906614786
28,70,5696,0.8207862916383096,0.09615384615384616,0.05405405405405406,0.43478260869565216,0.9390402075226978
28,70,5746,0.8192405582540111,0.08,0.043243243243243246,0.5333333333333333,0.940337224383917
28,70,5796,0.815172053737076,0.08737864077669903,0.04864864864864865,0.42857142857142855,0.9390402075226978
28,70,5846,0.814099922620102,0.0784313725490196,0.043243243243243246,0.42105263157894735,0.9390402075226978
28,70,5896,0.8199304513205858,0.08737864077669903,0.04864864864864865,0.42857142857142855,0.9390402075226978
28,70,5946,0.8149128776931467,0.0891089108910891,0.04864864864864865,0.5294117647058824,0.940337224383917
28,70,5996,0.8216309445008997,0.08,0.043243243243243246,0.5333333333333333,0.940337224383917
28,70,6046,0.8183586138743089,0.06896551724137931,0.03783783783783784,0.3888888888888889,0.938715953307393
28,70,6096,0.8234768745979508,0.08737864077669903,0.04864864864864865,0.42857142857142855,0.9390402075226978
28,70,6146,0.8245173079253796,0.10628019323671498,0.05945945945945946,0.5,0.9400129701686122
28,70,6196,0.8220038596720212,0.08653846153846154,0.04864864864864865,0.391304347826087,0.9383916990920882
28,70,6246,0.8192797143469789,0.08780487804878048,0.04864864864864865,0.45,0.9393644617380026
28,70,6296,0.8189627364515257,0.0970873786407767,0.05405405405405406,0.47619047619047616,0.9396887159533074
28,70,6346,0.8192946309538237,0.0861244019138756,0.04864864864864865,0.375,0.9380674448767834
28,70,6396,0.8179223031240969,0.0861244019138756,0.04864864864864865,0.375,0.9380674448767834
28,70,6446,0.822304056384774,0.07881773399014778,0.043243243243243246,0.4444444444444444,0.9393644617380026
28,70,6496,0.8157183744627691,0.09523809523809523,0.05405405405405406,0.4,0.9383916990920882
28,70,6546,0.8141073809235244,0.09803921568627451,0.05405405405405406,0.5263157894736842,0.940337224383917
28,70,6596,0.8199435033515751,0.07766990291262135,0.043243243243243246,0.38095238095238093,0.9383916990920882
28,70,6646,0.8162628306126064,0.08653846153846154,0.04864864864864865,0.391304347826087,0.9383916990920882
28,70,6696,0.8159626338998536,0.08653846153846154,0.04864864864864865,0.391304347826087,0.9383916990920882
28,70,6746,0.8150378042754725,0.09389671361502347,0.05405405405405406,0.35714285714285715,0.9374189364461738
28,70,6796,0.8180416359788556,0.08737864077669903,0.04864864864864865,0.42857142857142855,0.9390402075226978
28,70,6846,0.8211946337506877,0.07692307692307693,0.043243243243243246,0.34782608695652173,0.9377431906614786
28,70,6896,0.8140775477098348,0.07766990291262135,0.043243243243243246,0.38095238095238093,0.9383916990920882
28,70,6946,0.8165014963221243,0.0970873786407767,0.05405405405405406,0.47619047619047616,0.9396887159533074
28,70,6996,0.820637125569861,0.08737864077669903,0.04864864864864865,0.42857142857142855,0.9390402075226978
28,70,7046,0.8194382032947055,0.10628019323671498,0.05945945945945946,0.5,0.9400129701686122
28,70,7096,0.8233165210743686,0.0970873786407767,0.05405405405405406,0.47619047619047616,0.9396887159533074
28,70,7146,0.8159216132310303,0.08653846153846154,0.04864864864864865,0.391304347826087,0.9383916990920882
28,70,7196,0.8229771682686482,0.0966183574879227,0.05405405405405406,0.45454545454545453,0.9393644617380026
28,70,7246,0.8121197430614471,0.09615384615384616,0.05405405405405406,0.43478260869565216,0.9390402075226978
28,70,7296,0.819089527609707,0.08737864077669903,0.04864864864864865,0.42857142857142855,0.9390402075226978
28,70,7346,0.8211107278371853,0.09523809523809523,0.05405405405405406,0.4,0.9383916990920882
28,70,7396,0.8212897271193235,0.07692307692307693,0.043243243243243246,0.34782608695652173,0.9377431906614786
28,70,7446,0.8212263315402328,0.07920792079207921,0.043243243243243246,0.47058823529411764,0.9396887159533074
28,70,7496,0.8211349673233082,0.08780487804878048,0.04864864864864865,0.45,0.9393644617380026
28,70,7546,0.8138314236968945,0.10628019323671498,0.05945945945945946,0.5,0.9400129701686122
28,70,7596,0.8165537044460812,0.11374407582938388,0.06486486486486487,0.46153846153846156,0.9393644617380026
28,70,7646,0.8171876602369876,0.0966183574879227,0.05405405405405406,0.45454545454545453,0.9393644617380026
28,70,7696,0.8149520337861145,0.0975609756097561,0.05405405405405406,0.5,0.9400129701686122
28,70,7746,0.8131900096025658,0.07692307692307693,0.043243243243243246,0.34782608695652173,0.9377431906614786
28,70,7796,0.8129811771067377,0.08823529411764706,0.04864864864864865,0.47368421052631576,0.9396887159533074
28,70,7846,0.8140011000997548,0.08737864077669903,0.04864864864864865,0.42857142857142855,0.9390402075226978
28,70,7896,0.8114112042363163,0.06930693069306931,0.03783783783783784,0.4117647058823529,0.9390402075226978
28,70,7946,0.816568621052926,0.08866995073891626,0.04864864864864865,0.5,0.9400129701686122
28,70,7996,0.8129382918620587,0.07766990291262135,0.043243243243243246,0.38095238095238093,0.9383916990920882
29,71,246,0.6218798653776232,0.06040268456375839,0.04864864864864865,0.07964601769911504,0.9092088197146563
29,71,296,0.6315346391579576,0.06993006993006994,0.05405405405405406,0.09900990099009901,0.9137483787289234
29,71,346,0.6414802867717666,0.06741573033707865,0.04864864864864865,0.10975609756097561,0.919260700389105
29,71,396,0.6548651445512432,0.08695652173913043,0.06486486486486487,0.13186813186813187,0.9182879377431906
29,71,446,0.6344443097806326,0.0365296803652968,0.021621621621621623,0.11764705882352941,0.9315823605706874
29,71,496,0.5798066434837735,0.010256410256410256,0.005405405405405406,0.1,0.9374189364461738
29,71,546,0.608198540037105,0.010309278350515464,0.005405405405405406,0.1111111111111111,0.9377431906614786
29,71,596,0.6028975508796137,0.010362694300518135,0.005405405405405406,0.125,0.9380674448767834
29,71,646,0.5843077295992094,0.020942408376963352,0.010810810810810811,0.3333333333333333,0.9393644617380026
29,71,696,0.6144150359396996,0.010362694300518135,0.005405405405405406,0.125,0.9380674448767834
29,71,746,0.6378191920792818,0.010050251256281407,0.005405405405405406,0.07142857142857142,0.9361219195849546
29,71,796,0.6217745168417814,0.050761421319796954,0.02702702702702703,0.4166666666666667,0.9393644617380026
29,71,846,0.6605129448178777,0.041025641025641026,0.021621621621621623,0.4,0.9393644617380026
29,71,896,0.6600579883091094,0.050761421319796954,0.02702702702702703,0.4166666666666667,0.9393644617380026
29,71,946,0.6474515909493489,0.05970149253731343,0.032432432432432434,0.375,0.938715953307393
29,71,996,0.6543840839804965,0.07,0.03783783783783784,0.4666666666666667,0.9396887159533074
29,71,1046,0.6406067329834146,0.061224489795918366,0.032432432432432434,0.5454545454545454,0.940337224383917
29,71,1096,0.6544623961664321,0.05128205128205128,0.02702702702702703,0.5,0.9400129701686122
29,71,1146,0.6498755395616382,0.05128205128205128,0.02702702702702703,0.5,0.9400129701686122
29,71,1196,0.6749596785471226,0.06,0.032432432432432434,0.4,0.9390402075226978
29,71,1246,0.7022757148317686,0.04060913705583756,0.021621621621621623,0.3333333333333333,0.938715953307393
29,71,1296,0.6885673531413443,0.06091370558375635,0.032432432432432434,0.5,0.9400129701686122
29,71,1346,0.7002134939354672,0.06060606060606061,0.032432432432432434,0.46153846153846156,0.9396887159533074
29,71,1396,0.6877021899443425,0.050505050505050504,0.02702702702702703,0.38461538461538464,0.9390402075226978
29,71,1446,0.7077445158162647,0.04060913705583756,0.021621621621621623,0.3333333333333333,0.938715953307393
29,71,1496,0.7075804331409712,0.050505050505050504,0.02702702702702703,0.38461538461538464,0.9390402075226978
29,71,1546,0.7117048749335745,0.061224489795918366,0.032432432432432434,0.5454545454545454,0.940337224383917
29,71,1596,0.70344666846909,0.05128205128205128,0.02702702702702703,0.5,0.9400129701686122
29,71,1646,0.738871745149772,0.030927835051546393,0.016216216216216217,0.3333333333333333,0.9390402075226978
29,71,1696,0.7263380662483802,0.030303030303030304,0.016216216216216217,0.23076923076923078,0.9377431906614786
29,71,1746,0.7348237509672487,0.041025641025641026,0.021621621621621623,0.4,0.9393644617380026
29,71,1796,0.723860044936278,0.06060606060606061,0.032432432432432434,0.46153846153846156,0.9396887159533074
29,71,1846,0.7512282893448813,0.06030150753768844,0.032432432432432434,0.42857142857142855,0.9393644617380026
29,71,1896,0.7431677279210911,0.050761421319796954,0.02702702702702703,0.4166666666666667,0.9393644617380026
29,71,1946,0.7580656890073931,0.07106598984771574,0.03783783783783784,0.5833333333333334,0.9406614785992218
29,71,1996,0.7666837586120097,0.06060606060606061,0.032432432432432434,0.46153846153846156,0.9396887159533074
29,71,2046,0.7522221082759201,0.0707070707070707,0.03783783783783784,0.5384615384615384,0.940337224383917
29,71,2096,0.7651268377725777,0.06,0.032432432432432434,0.4,0.9390402075226978
29,71,2146,0.7680076074694908,0.08080808080808081,0.043243243243243246,0.6153846153846154,0.9409857328145266
29,71,2196,0.7651566709862673,0.07035175879396985,0.03783783783783784,0.5,0.9400129701686122
29,71,2246,0.7611627495035568,0.06091370558375635,0.032432432432432434,0.5,0.9400129701686122
29,71,2296,0.7788706264042587,0.06091370558375635,0.032432432432432434,0.5,0.9400129701686122
29,71,2346,0.7883202968404763,0.07881773399014778,0.043243243243243246,0.4444444444444444,0.9393644617380026
29,71,2396,0.7861741700306722,0.05025125628140704,0.02702702702702703,0.35714285714285715,0.938715953307393
29,71,2446,0.7863046903405648,0.050505050505050504,0.02702702702702703,0.38461538461538464,0.9390402075226978
29,71,2496,0.7789191053765044,0.06930693069306931,0.03783783783783784,0.4117647058823529,0.9390402075226978
29,71,2546,0.7934236409572732,0.06930693069306931,0.03783783783783784,0.4117647058823529,0.9390402075226978
29,71,2596,0.7821634673652612,0.08737864077669903,0.04864864864864865,0.42857142857142855,0.9390402075226978
29,71,2646,0.7924466032089351,0.07881773399014778,0.043243243243243246,0.4444444444444444,0.9393644617380026
29,71,2696,0.8036098188564557,0.07692307692307693,0.043243243243243246,0.34782608695652173,0.9377431906614786
29,71,2746,0.7986183492909951,0.09615384615384616,0.05405405405405406,0.43478260869565216,0.9390402075226978
29,71,2796,0.7966885132804417,0.05825242718446602,0.032432432432432434,0.2857142857142857,0.937094682230869
29,71,2846,0.8068709620279128,0.09615384615384616,0.05405405405405406,0.43478260869565216,0.9390402075226978
29,71,2896,0.7993399401471151,0.0975609756097561,0.05405405405405406,0.5,0.9400129701686122
29,71,2946,0.7971117719996643,0.10784313725490197,0.05945945945945946,0.5789473684210527,0.9409857328145266
29,71,2996,0.8018011802765166,0.09900990099009901,0.05405405405405406,0.5882352941176471,0.9409857328145266
29,71,3046,0.8018832216141634,0.08823529411764706,0.04864864864864865,0.47368421052631576,0.9396887159533074
29,71,3096,0.8066919627457745,0.07881773399014778,0.043243243243243246,0.4444444444444444,0.9393644617380026
29,71,3146,0.8092650774265124,0.0975609756097561,0.05405405405405406,0.5,0.9400129701686122
29,71,3196,0.8101936362026048,0.07920792079207921,0.043243243243243246,0.47058823529411764,0.9396887159533074
29,71,3246,0.8106336761045281,0.07766990291262135,0.043243243243243246,0.38095238095238093,0.9383916990920882
29,71,3296,0.8127723446109097,0.09569377990430622,0.05405405405405406,0.4166666666666667,0.938715953307393
29,71,3346,0.8041486812787262,0.09803921568627451,0.05405405405405406,0.5263157894736842,0.940337224383917
29,71,3396,0.8188695076587453,0.08737864077669903,0.04864864864864865,0.42857142857142855,0.9390402075226978
29,71,3446,0.8119985456308325,0.0784313725490196,0.043243243243243246,0.42105263157894735,0.9390402075226978
29,71,3496,0.8156978641283574,0.10377358490566038,0.05945945945945946,0.4074074074074074,0.9383916990920882
29,71,3546,0.8204376159533111,0.07766990291262135,0.043243243243243246,0.38095238095238093,0.9383916990920882
29,71,3596,0.8196880564593568,0.0970873786407767,0.05405405405405406,0.47619047619047616,0.9396887159533074
29,71,3646,0.8132105199369772,0.09569377990430622,0.05405405405405406,0.4166666666666667,0.938715953307393
29,71,3696,0.8178570429691506,0.07766990291262135,0.043243243243243246,0.38095238095238093,0.9383916990920882
29,71,3746,0.8132086553611216,0.10377358490566038,0.05945945945945946,0.4074074074074074,0.9383916990920882
29,71,3796,0.8179987507341768,0.0947867298578199,0.05405405405405406,0.38461538461538464,0.9380674448767834
29,71,3846,0.8208627392483894,0.09523809523809523,0.05405405405405406,0.4,0.9383916990920882
29,71,3896,0.8219535161239198,0.07692307692307693,0.043243243243243246,0.34782608695652173,0.9377431906614786
29,71,3946,0.8229361475998247,0.11374407582938388,0.06486486486486487,0.46153846153846156,0.9393644617380026
29,71,3996,0.8222164213195604,0.08450704225352113,0.04864864864864865,0.32142857142857145,0.9367704280155642
29,71,4046,0.8217223087178244,0.08653846153846154,0.04864864864864865,0.391304347826087,0.9383916990920882
29,71,4096,0.8238740292551953,0.08780487804878048,0.04864864864864865,0.45,0.9393644617380026
29,71,4146,0.8234246664739938,0.08530805687203792,0.04864864864864865,0.34615384615384615,0.9374189364461738
29,71,4196,0.8256267305594659,0.07729468599033816,0.043243243243243246,0.36363636363636365,0.9380674448767834
29,71,4246,0.8244874747116899,0.09615384615384616,0.05405405405405406,0.43478260869565216,0.9390402075226978
29,71,4296,0.827260099008978,0.07729468599033816,0.043243243243243246,0.36363636363636365,0.9380674448767834
29,71,4346,0.8248044526071432,0.11320754716981132,0.06486486486486487,0.4444444444444444,0.9390402075226978
29,71,4396,0.8221548903163253,0.08530805687203792,0.04864864864864865,0.34615384615384615,0.9374189364461738
29,71,4446,0.8232624483745561,0.08737864077669903,0.04864864864864865,0.42857142857142855,0.9390402075226978
29,71,4496,0.8264937583323233,0.07729468599033816,0.043243243243243246,0.36363636363636365,0.9380674448767834
29,71,4546,0.8216160278940549,0.06829268292682927,0.03783783783783784,0.35,0.9380674448767834
29,71,4596,0.8218416415725832,0.08530805687203792,0.04864864864864865,0.34615384615384615,0.9374189364461738
29,71,4646,0.8212431127229334,0.08530805687203792,0.04864864864864865,0.34615384615384615,0.9374189364461738
29,71,4696,0.8213680393052591,0.07655502392344497,0.043243243243243246,0.3333333333333333,0.9374189364461738
29,71,4746,0.8210659780166507,0.08530805687203792,0.04864864864864865,0.34615384615384615,0.9374189364461738
29,71,4796,0.8178812824552736,0.07766990291262135,0.043243243243243246,0.38095238095238093,0.9383916990920882
29,71,4846,0.8238647063759171,0.08530805687203792,0.04864864864864865,0.34615384615384615,0.9374189364461738
29,71,4896,0.8226247634319384,0.0673076923076923,0.03783783783783784,0.30434782608695654,0.937094682230869
29,71,4946,0.8239113207723073,0.0761904761904762,0.043243243243243246,0.32,0.937094682230869
29,71,4996,0.8232773649814008,0.06635071090047394,0.03783783783783784,0.2692307692307692,0.9361219195849546
29,71,5046,0.8196134734251326,0.07766990291262135,0.043243243243243246,0.38095238095238093,0.9383916990920882
29,71,5096,0.8284441046772886,0.06796116504854369,0.03783783783783784,0.3333333333333333,0.9377431906614786
29,71,5146,0.8298238908104378,0.06862745098039216,0.03783783783783784,0.3684210526315789,0.9383916990920882
29,71,5196,0.8298108387794487,0.07511737089201878,0.043243243243243246,0.2857142857142857,0.9361219195849546
29,71,5246,0.8301073063404902,0.08866995073891626,0.04864864864864865,0.5,0.9400129701686122
29,71,5296,0.8266914033730177,0.0660377358490566,0.03783783783783784,0.25925925925925924,0.9357976653696498
29,71,5346,0.8298667760551169,0.07729468599033816,0.043243243243243246,0.36363636363636365,0.9380674448767834
29,71,5396,0.8291619663816973,0.08530805687203792,0.04864864864864865,0.34615384615384615,0.9374189364461738
29,71,5446,0.8290128003132489,0.07692307692307693,0.043243243243243246,0.34782608695652173,0.9377431906614786
29,71,5496,0.8241611739369588,0.10576923076923077,0.05945945945945946,0.4782608695652174,0.9396887159533074
29,71,5546,0.8221064113440797,0.07692307692307693,0.043243243243243246,0.34782608695652173,0.9377431906614786
29,71,5596,0.8292607889020445,0.06862745098039216,0.03783783783783784,0.3684210526315789,0.9383916990920882
29,71,5646,0.8193598911087699,0.0966183574879227,0.05405405405405406,0.45454545454545453,0.9393644617380026
29,71,5696,0.8220747135545342,0.09569377990430622,0.05405405405405406,0.4166666666666667,0.938715953307393
29,71,5746,0.8245844326561815,0.07692307692307693,0.043243243243243246,0.34782608695652173,0.9377431906614786
29,71,5796,0.8247224112694964,0.08737864077669903,0.04864864864864865,0.42857142857142855,0.9390402075226978
29,71,5846,0.8190969859131294,0.07920792079207921,0.043243243243243246,0.47058823529411764,0.9396887159533074
29,71,5896,0.8207191669075078,0.07804878048780488,0.043243243243243246,0.4,0.938715953307393
29,71,5946,0.8238367377380831,0.06896551724137931,0.03783783783783784,0.3888888888888889,0.938715953307393
29,71,5996,0.8216701005938674,0.08823529411764706,0.04864864864864865,0.47368421052631576,0.9396887159533074
29,71,6046,0.8209783429514371,0.07881773399014778,0.043243243243243246,0.4444444444444444,0.9393644617380026
29,71,6096,0.8193412453502139,0.08823529411764706,0.04864864864864865,0.47368421052631576,0.9396887159533074
29,71,6146,0.8206352609940053,0.08955223880597014,0.04864864864864865,0.5625,0.9406614785992218
29,71,6196,0.8208403643381222,0.07766990291262135,0.043243243243243246,0.38095238095238093,0.9383916990920882
29,71,6246,0.8139470273999423,0.06930693069306931,0.03783783783783784,0.4117647058823529,0.9390402075226978
29,71,6296,0.8187688205625425,0.06896551724137931,0.03783783783783784,0.3888888888888889,0.938715953307393
29,71,6346,0.8199099409861741,0.08653846153846154,0.04864864864864865,0.391304347826087,0.9383916990920882
29,71,6396,0.8158992383207629,0.08695652173913043,0.04864864864864865,0.4090909090909091,0.938715953307393
29,71,6446,0.8166898184835406,0.08866995073891626,0.04864864864864865,0.5,0.9400129701686122
29,71,6496,0.8200311384167888,0.08695652173913043,0.04864864864864865,0.4090909090909091,0.938715953307393
29,71,6546,0.8173480137605698,0.07881773399014778,0.043243243243243246,0.4444444444444444,0.9393644617380026
29,71,6596,0.8193598911087699,0.10628019323671498,0.05945945945945946,0.5,0.9400129701686122
29,71,6646,0.8214519452187615,0.08653846153846154,0.04864864864864865,0.391304347826087,0.9383916990920882
29,71,6696,0.8175680337115315,0.06829268292682927,0.03783783783783784,0.35,0.9380674448767834
29,71,6746,0.818828486989922,0.0891089108910891,0.04864864864864865,0.5294117647058824,0.940337224383917
29,71,6796,0.8135666539253984,0.07960199004975124,0.043243243243243246,0.5,0.9400129701686122
29,71,6846,0.8188396744450557,0.06829268292682927,0.03783783783783784,0.35,0.9380674448767834
29,71,6896,0.8164772568360011,0.07881773399014778,0.043243243243243246,0.4444444444444444,0.9393644617380026
29,71,6946,0.8188005183520879,0.0891089108910891,0.04864864864864865,0.5294117647058824,0.940337224383917
29,71,6996,0.8166096417217493,0.06965174129353234,0.03783783783783784,0.4375,0.9393644617380026
29,71,7046,0.8189981633927822,0.09,0.04864864864864865,0.6,0.9409857328145266
29,71,7096,0.8171186709303301,0.07,0.03783783783783784,0.4666666666666667,0.9396887159533074
29,71,7146,0.8169154321620691,0.07881773399014778,0.043243243243243246,0.4444444444444444,0.9393644617380026
29,71,7196,0.8192759851952678,0.07766990291262135,0.043243243243243246,0.38095238095238093,0.9383916990920882
29,71,7246,0.8213493935467031,0.0784313725490196,0.043243243243243246,0.42105263157894735,0.9390402075226978
29,71,7296,0.8170739211097956,0.06965174129353234,0.03783783783783784,0.4375,0.9393644617380026
29,71,7346,0.8186942375283183,0.10679611650485436,0.05945945945945946,0.5238095238095238,0.940337224383917
29,71,7396,0.8186028733113936,0.09615384615384616,0.05405405405405406,0.43478260869565216,0.9390402075226978
29,71,7446,0.8220113179754436,0.07881773399014778,0.043243243243243246,0.4444444444444444,0.9393644617380026
29,71,7496,0.8181833437438818,0.06896551724137931,0.03783783783783784,0.3888888888888889,0.938715953307393
29,71,7546,0.8173722532466927,0.0784313725490196,0.043243243243243246,0.42105263157894735,0.9390402075226978
29,71,7596,0.8158973737449075,0.05853658536585366,0.032432432432432434,0.3,0.9374189364461738
29,71,7646,0.8168389845519891,0.0594059405940594,0.032432432432432434,0.35294117647058826,0.9383916990920882
29,71,7696,0.8171056188993409,0.10576923076923077,0.05945945945945946,0.4782608695652174,0.9396887159533074
29,71,7746,0.8176183772596329,0.06965174129353234,0.03783783783783784,0.4375,0.9393644617380026
29,71,7796,0.8156885412490793,0.06896551724137931,0.03783783783783784,0.3888888888888889,0.938715953307393
29,71,7846,0.812779802914332,0.07655502392344497,0.043243243243243246,0.3333333333333333,0.9374189364461738
29,71,7896,0.8146257330113832,0.07804878048780488,0.043243243243243246,0.4,0.938715953307393
29,71,7946,0.8139190587621082,0.05970149253731343,0.032432432432432434,0.375,0.938715953307393
29,71,7996,0.8131284785993306,0.06930693069306931,0.03783783783783784,0.4117647058823529,0.9390402075226978
