,AccidentArea,Sex,Fault,PoliceReportFiled,WitnessPresent,AgentType,Make,MaritalStatus,PolicyType,VehiclePrice,Days_Policy_Accident,PastNumberOfClaims,AgeOfVehicle,NumberOfSuppliments,AddressChange_Claim,NumberOfCars,DriverRating,Deductible,Age,delay_weeks,FraudFound_P
11282,0.0,1.0,0.0,0.0,0.0,0.0,5.0,1.0,0.2649977300732862,3.0,4.0,1.0,7.0,3.0,0.0,0.0,4.0,400.0,1.8010523602053972,0.5611646959685037,0
12633,1.0,0.0,1.0,0.0,0.0,0.0,2.0,2.0,0.3234321291912575,2.0,4.0,0.0,5.0,0.0,0.0,0.0,3.0,400.0,-0.4896894788856461,0.5611646959685037,0
8045,1.0,0.0,1.0,0.0,0.0,0.0,6.0,2.0,0.36215059342369804,1.0,4.0,1.0,5.0,3.0,0.0,0.0,1.0,400.0,-0.9636360662837931,-1.8153824604852427,0
8628,1.0,1.0,1.0,0.0,0.0,0.0,2.0,1.0,0.36215059342369804,2.0,4.0,3.0,7.0,3.0,0.0,0.0,3.0,400.0,2.1170167518041616,0.6021396469418442,1
5890,1.0,0.0,1.0,0.0,0.0,0.0,2.0,1.0,0.3234321291912575,5.0,4.0,3.0,7.0,2.0,0.0,0.0,4.0,400.0,0.6161858917100299,0.5611646959685037,0
4679,1.0,1.0,1.0,0.0,0.0,0.0,17.0,2.0,0.3234321291912575,1.0,4.0,0.0,4.0,1.0,0.0,0.0,2.0,400.0,-1.516573751581631,0.5611646959685037,0
7715,1.0,0.0,1.0,0.0,0.0,0.0,6.0,2.0,0.3234321291912575,1.0,4.0,3.0,7.0,3.0,0.0,0.0,2.0,400.0,1.722061262305706,0.5611646959685037,0
5300,0.0,1.0,1.0,0.0,0.0,0.0,2.0,1.0,0.2649977300732862,2.0,4.0,1.0,7.0,2.0,0.0,0.0,2.0,700.0,1.169123577007868,0.6021396469418442,0
5419,1.0,0.0,1.0,0.0,0.0,0.0,13.0,2.0,0.36215059342369804,1.0,4.0,0.0,7.0,0.0,0.0,0.0,4.0,400.0,0.6161858917100299,-1.8153824604852427,0
3731,1.0,1.0,0.0,0.0,0.0,0.0,13.0,1.0,0.2649977300732862,1.0,4.0,1.0,5.0,3.0,0.0,0.0,2.0,400.0,1.169123577007868,0.6021396469418442,0
7915,1.0,1.0,0.0,0.0,0.0,0.0,13.0,1.0,0.2649977300732862,0.0,4.0,0.0,7.0,2.0,0.0,0.0,2.0,400.0,0.30022150011126536,-0.7910086861517314,0
14745,1.0,1.0,1.0,0.0,0.0,0.0,16.0,2.0,0.2649977300732862,3.0,4.0,0.0,5.0,2.0,0.0,0.0,3.0,400.0,-1.0426271641834841,0.6021396469418442,0
4890,1.0,0.0,1.0,0.0,0.0,0.0,6.0,1.0,0.36215059342369804,0.0,4.0,0.0,6.0,1.0,0.0,0.0,3.0,400.0,-0.7266627725847196,-1.8153824604852427,0
7312,1.0,1.0,1.0,0.0,0.0,0.0,17.0,1.0,0.2649977300732862,1.0,4.0,0.0,7.0,3.0,0.0,0.0,3.0,400.0,0.8531591854091034,0.6021396469418442,0
7160,1.0,1.0,1.0,0.0,0.0,0.0,17.0,2.0,0.3234321291912575,1.0,4.0,1.0,6.0,3.0,4.0,1.0,4.0,700.0,-1.0426271641834841,-1.5285578036718594,0
1887,1.0,0.0,1.0,0.0,0.0,0.0,2.0,1.0,0.36215059342369804,5.0,4.0,2.0,7.0,0.0,0.0,0.0,3.0,400.0,0.5371947938103387,0.5611646959685037,1
1855,1.0,1.0,0.0,0.0,0.0,0.0,13.0,2.0,0.2649977300732862,2.0,4.0,0.0,6.0,3.0,0.0,0.0,1.0,400.0,-0.8056538704844107,-1.8563574114585832,0
2572,1.0,1.0,1.0,0.0,0.0,0.0,2.0,2.0,0.2649977300732862,1.0,4.0,2.0,4.0,3.0,0.0,0.0,3.0,400.0,-0.7266627725847196,-1.4466079017251785,0
13626,1.0,1.0,1.0,1.0,0.0,0.0,5.0,1.0,0.2649977300732862,1.0,4.0,2.0,5.0,0.0,0.0,0.0,2.0,400.0,1.4850879686066325,0.6431145979151847,0
4493,1.0,1.0,1.0,0.0,0.0,0.0,6.0,1.0,0.3234321291912575,1.0,4.0,1.0,5.0,0.0,4.0,1.0,4.0,400.0,-0.410698380985955,-1.7744075095119023,0
6047,1.0,1.0,1.0,0.0,0.0,0.0,17.0,2.0,0.3234321291912575,2.0,4.0,1.0,5.0,0.0,4.0,1.0,3.0,400.0,-0.7266627725847196,0.5611646959685037,0
7254,1.0,0.0,1.0,0.0,0.0,1.0,9.0,2.0,0.3234321291912575,3.0,4.0,2.0,6.0,3.0,0.0,0.0,4.0,400.0,0.30022150011126536,-1.487582852698519,0
12657,1.0,0.0,1.0,0.0,0.0,0.0,17.0,1.0,0.36215059342369804,1.0,4.0,0.0,5.0,2.0,0.0,0.0,4.0,400.0,-1.1216182620831754,0.5611646959685037,0
461,1.0,0.0,0.0,0.0,0.0,0.0,17.0,1.0,0.36215059342369804,1.0,4.0,0.0,1.0,3.0,0.0,0.0,4.0,400.0,-1.2006093599828664,0.6021396469418442,0
9945,1.0,0.0,1.0,0.0,0.0,0.0,6.0,1.0,0.36215059342369804,1.0,4.0,3.0,6.0,3.0,0.0,0.0,1.0,400.0,-0.4896894788856461,-1.5285578036718594,1
12932,0.0,1.0,1.0,0.0,0.0,0.0,17.0,1.0,0.2649977300732862,1.0,4.0,2.0,7.0,3.0,0.0,0.0,2.0,400.0,0.7741680875094122,0.6021396469418442,0
8239,1.0,1.0,1.0,0.0,0.0,0.0,17.0,1.0,0.36215059342369804,2.0,4.0,1.0,7.0,0.0,0.0,0.0,3.0,400.0,0.9321502833087946,0.6021396469418442,0
679,1.0,1.0,1.0,0.0,0.0,0.0,17.0,1.0,0.2649977300732862,1.0,4.0,1.0,7.0,0.0,0.0,0.0,1.0,400.0,1.2481146749075591,0.5611646959685037,0
10390,1.0,1.0,1.0,0.0,0.0,0.0,6.0,1.0,0.36215059342369804,1.0,4.0,2.0,7.0,3.0,0.0,0.0,1.0,400.0,0.6161858917100299,0.5611646959685037,0
12188,0.0,1.0,1.0,0.0,0.0,0.0,13.0,2.0,0.36215059342369804,5.0,4.0,0.0,4.0,0.0,3.0,0.0,4.0,400.0,-1.516573751581631,0.6021396469418442,0
6312,1.0,0.0,1.0,0.0,0.0,0.0,6.0,2.0,0.3234321291912575,1.0,4.0,3.0,5.0,0.0,0.0,0.0,2.0,400.0,-0.9636360662837931,0.5611646959685037,0
9862,1.0,1.0,0.0,0.0,0.0,0.0,5.0,1.0,0.3234321291912575,2.0,4.0,2.0,7.0,2.0,0.0,0.0,3.0,400.0,1.6430701644060148,0.6021396469418442,0
8941,1.0,1.0,1.0,0.0,0.0,0.0,2.0,1.0,0.022050716648291068,5.0,4.0,2.0,6.0,1.0,0.0,0.0,2.0,400.0,-0.7266627725847196,-1.8563574114585832,0
8862,1.0,1.0,1.0,0.0,0.0,0.0,0.0,1.0,0.022050716648291068,5.0,4.0,0.0,6.0,1.0,0.0,0.0,3.0,400.0,-0.17372508728688155,0.6021396469418442,0
1969,1.0,1.0,1.0,0.0,0.0,0.0,13.0,1.0,0.3234321291912575,2.0,4.0,3.0,7.0,2.0,0.0,0.0,3.0,400.0,0.6161858917100299,0.6021396469418442,0
7421,0.0,1.0,1.0,0.0,0.0,0.0,17.0,2.0,0.2649977300732862,1.0,4.0,0.0,6.0,3.0,0.0,0.0,1.0,400.0,0.6951769896097211,0.6021396469418442,1
7014,1.0,1.0,1.0,0.0,0.0,0.0,3.0,1.0,0.36215059342369804,2.0,4.0,2.0,6.0,0.0,0.0,0.0,3.0,400.0,-0.8056538704844107,-1.8563574114585832,0
12098,1.0,1.0,1.0,0.0,0.0,0.0,2.0,1.0,0.36215059342369804,1.0,4.0,1.0,3.0,0.0,0.0,0.0,2.0,400.0,-1.2006093599828664,-1.1597832449117955,0
7876,1.0,1.0,1.0,0.0,0.0,0.0,17.0,1.0,0.2649977300732862,1.0,4.0,1.0,5.0,0.0,0.0,0.0,4.0,400.0,-0.9636360662837931,-1.118808293938455,0
6083,1.0,1.0,0.0,0.0,0.0,0.0,6.0,2.0,0.36215059342369804,1.0,4.0,2.0,5.0,0.0,0.0,0.0,3.0,400.0,-1.0426271641834841,0.6021396469418442,0
7517,1.0,1.0,1.0,0.0,0.0,0.0,6.0,2.0,0.3234321291912575,2.0,4.0,3.0,5.0,0.0,4.0,1.0,1.0,400.0,-0.8846449683841019,0.6021396469418442,0
12072,1.0,1.0,0.0,0.0,0.0,0.0,13.0,2.0,0.2649977300732862,1.0,4.0,0.0,4.0,0.0,0.0,0.0,2.0,400.0,-1.43758265368194,0.6021396469418442,0
2105,1.0,1.0,1.0,0.0,0.0,0.0,2.0,2.0,0.3234321291912575,1.0,4.0,2.0,5.0,2.0,0.0,0.0,1.0,400.0,-1.516573751581631,-1.8563574114585832,0
9824,1.0,1.0,1.0,0.0,0.0,0.0,17.0,1.0,0.3234321291912575,1.0,4.0,3.0,6.0,0.0,0.0,0.0,2.0,400.0,-0.7266627725847196,0.6021396469418442,0
10526,1.0,1.0,1.0,0.0,0.0,0.0,6.0,2.0,0.36215059342369804,1.0,4.0,0.0,5.0,0.0,0.0,0.0,3.0,400.0,-0.8056538704844107,-1.8563574114585832,0
15241,1.0,1.0,1.0,0.0,0.0,0.0,2.0,2.0,0.2649977300732862,1.0,4.0,3.0,3.0,3.0,0.0,0.0,4.0,400.0,-1.7535470452807045,-1.8563574114585832,0
2581,1.0,1.0,1.0,0.0,0.0,0.0,17.0,1.0,0.2649977300732862,1.0,4.0,0.0,6.0,3.0,0.0,0.0,3.0,400.0,-0.015742891487499255,-1.8153824604852427,0
1500,1.0,1.0,1.0,0.0,0.0,0.0,9.0,1.0,0.36215059342369804,1.0,4.0,1.0,4.0,2.0,0.0,0.0,1.0,400.0,-1.2006093599828664,-1.8153824604852427,0
7982,1.0,1.0,0.0,0.0,0.0,0.0,17.0,1.0,0.36215059342369804,1.0,4.0,2.0,4.0,0.0,0.0,0.0,3.0,400.0,-0.4896894788856461,0.5611646959685037,0
13231,1.0,1.0,0.0,0.0,0.0,0.0,6.0,2.0,0.2649977300732862,2.0,4.0,1.0,6.0,3.0,0.0,0.0,1.0,400.0,-0.4896894788856461,0.6431145979151847,0
12521,1.0,1.0,1.0,0.0,0.0,0.0,6.0,1.0,0.36215059342369804,2.0,4.0,0.0,6.0,0.0,0.0,0.0,1.0,400.0,-0.33170728308626385,0.5611646959685037,0
6185,1.0,1.0,1.0,0.0,0.0,0.0,13.0,1.0,0.36215059342369804,1.0,4.0,0.0,6.0,0.0,0.0,0.0,3.0,400.0,-0.09473398938719041,0.5611646959685037,0
8667,1.0,1.0,1.0,0.0,0.0,0.0,13.0,1.0,0.3234321291912575,2.0,4.0,1.0,7.0,0.0,0.0,0.0,1.0,400.0,0.6161858917100299,-1.7744075095119023,0
1731,1.0,1.0,0.0,0.0,0.0,0.0,6.0,1.0,0.022569557040015564,5.0,4.0,0.0,7.0,0.0,0.0,0.0,3.0,400.0,1.0901324791081768,0.6021396469418442,0
6955,1.0,1.0,1.0,0.0,0.0,0.0,6.0,1.0,0.36215059342369804,1.0,4.0,1.0,5.0,3.0,0.0,0.0,1.0,400.0,-0.09473398938719041,-1.8153824604852427,0
1104,1.0,1.0,0.0,0.0,0.0,0.0,6.0,1.0,0.2649977300732862,1.0,4.0,0.0,6.0,3.0,0.0,0.0,3.0,400.0,0.14223930431188306,0.6021396469418442,0
3599,0.0,1.0,1.0,0.0,0.0,0.0,2.0,2.0,0.3234321291912575,1.0,4.0,1.0,5.0,3.0,0.0,0.0,2.0,400.0,-1.0426271641834841,-1.6924576075652213,0
8252,0.0,0.0,1.0,0.0,0.0,0.0,13.0,1.0,0.3234321291912575,1.0,4.0,3.0,7.0,0.0,4.0,1.0,1.0,400.0,1.0111413812084857,0.5611646959685037,0
7951,1.0,1.0,1.0,0.0,0.0,0.0,9.0,1.0,0.3234321291912575,5.0,4.0,2.0,6.0,3.0,0.0,0.0,2.0,400.0,-0.17372508728688155,-1.6924576075652213,0
10268,0.0,1.0,1.0,0.0,0.0,0.0,2.0,2.0,0.36215059342369804,1.0,4.0,2.0,4.0,1.0,4.0,1.0,1.0,400.0,-1.2796004578825577,0.6021396469418442,0
2689,1.0,1.0,0.0,0.0,0.0,0.0,6.0,1.0,0.2649977300732862,1.0,4.0,1.0,7.0,3.0,0.0,0.0,3.0,400.0,0.5371947938103387,0.5611646959685037,0
8894,1.0,1.0,1.0,0.0,0.0,0.0,5.0,1.0,0.2649977300732862,3.0,4.0,0.0,7.0,2.0,0.0,0.0,2.0,400.0,3.0649099266004556,0.5611646959685037,0
3049,1.0,1.0,1.0,0.0,0.0,0.0,6.0,1.0,0.36215059342369804,1.0,4.0,2.0,7.0,0.0,0.0,0.0,1.0,400.0,0.30022150011126536,0.5611646959685037,0
923,1.0,0.0,0.0,0.0,0.0,0.0,6.0,1.0,0.022569557040015564,5.0,4.0,1.0,4.0,0.0,0.0,0.0,4.0,400.0,0.37921259801095647,-1.7744075095119023,0
10202,0.0,1.0,1.0,0.0,0.0,0.0,17.0,1.0,0.2649977300732862,0.0,4.0,1.0,7.0,3.0,0.0,0.0,3.0,400.0,2.9859188287007643,0.5611646959685037,0
9591,1.0,1.0,1.0,0.0,0.0,0.0,17.0,1.0,0.2649977300732862,1.0,4.0,2.0,6.0,3.0,0.0,0.0,3.0,400.0,0.2212304022115742,-1.2007581958851359,0
1119,1.0,1.0,1.0,0.0,0.0,0.0,18.0,2.0,0.2649977300732862,5.0,4.0,2.0,7.0,2.0,0.0,0.0,3.0,400.0,1.0901324791081768,0.6021396469418442,0
6555,1.0,1.0,1.0,0.0,0.0,0.0,6.0,2.0,0.36215059342369804,1.0,4.0,0.0,4.0,0.0,0.0,0.0,2.0,400.0,-0.410698380985955,0.5611646959685037,0
10912,1.0,0.0,1.0,0.0,0.0,0.0,13.0,2.0,0.3234321291912575,2.0,4.0,2.0,5.0,0.0,0.0,0.0,2.0,400.0,0.2212304022115742,0.5611646959685037,0
9066,1.0,0.0,1.0,0.0,0.0,0.0,6.0,1.0,0.2649977300732862,1.0,4.0,0.0,4.0,3.0,0.0,0.0,2.0,400.0,-0.410698380985955,0.5611646959685037,0
11516,1.0,0.0,1.0,0.0,0.0,0.0,18.0,1.0,0.3234321291912575,1.0,4.0,1.0,5.0,3.0,0.0,0.0,3.0,400.0,-0.7266627725847196,0.5611646959685037,0
10579,1.0,1.0,0.0,0.0,0.0,1.0,13.0,1.0,0.36215059342369804,2.0,4.0,0.0,5.0,2.0,0.0,0.0,4.0,400.0,0.14223930431188306,-1.7334325585385617,0
3565,1.0,1.0,1.0,0.0,0.0,0.0,17.0,1.0,0.2649977300732862,1.0,4.0,0.0,6.0,0.0,0.0,0.0,1.0,400.0,-0.33170728308626385,0.5611646959685037,0
10538,1.0,1.0,1.0,0.0,0.0,0.0,6.0,2.0,0.3234321291912575,5.0,4.0,2.0,0.0,0.0,0.0,0.0,1.0,400.0,-1.8325381431803958,0.5611646959685037,0
9855,1.0,1.0,1.0,0.0,0.0,0.0,0.0,1.0,0.2649977300732862,2.0,4.0,2.0,6.0,3.0,0.0,0.0,3.0,400.0,1.0901324791081768,0.5611646959685037,0
1193,1.0,0.0,1.0,0.0,0.0,0.0,9.0,1.0,0.3234321291912575,1.0,4.0,3.0,5.0,0.0,0.0,0.0,4.0,400.0,-0.09473398938719041,0.6840895488885251,0
372,0.0,1.0,1.0,0.0,0.0,0.0,2.0,1.0,0.36215059342369804,2.0,4.0,0.0,6.0,1.0,0.0,0.0,2.0,700.0,0.14223930431188306,0.6021396469418442,0
7908,1.0,1.0,0.0,0.0,0.0,0.0,9.0,2.0,0.36215059342369804,1.0,4.0,2.0,3.0,0.0,0.0,0.0,3.0,400.0,-1.5955648494813222,-1.5695327546452,0
5408,1.0,1.0,1.0,0.0,0.0,0.0,13.0,1.0,0.36215059342369804,1.0,4.0,0.0,7.0,1.0,0.0,0.0,2.0,400.0,0.7741680875094122,0.6021396469418442,0
398,1.0,1.0,0.0,0.0,0.0,0.0,6.0,1.0,0.2649977300732862,1.0,4.0,1.0,7.0,3.0,0.0,0.0,3.0,400.0,1.4850879686066325,0.5611646959685037,0
15416,0.0,1.0,1.0,0.0,0.0,0.0,17.0,2.0,0.36215059342369804,1.0,4.0,3.0,4.0,1.0,0.0,0.0,4.0,400.0,-1.2796004578825577,-1.8563574114585832,1
10236,1.0,1.0,0.0,0.0,1.0,0.0,13.0,1.0,0.2649977300732862,1.0,4.0,1.0,5.0,0.0,0.0,0.0,4.0,400.0,-0.2527161851865727,-1.8563574114585832,0
12250,1.0,1.0,1.0,0.0,0.0,0.0,6.0,2.0,0.2649977300732862,5.0,4.0,0.0,0.0,0.0,0.0,0.0,1.0,400.0,-1.9115292410800868,-1.7334325585385617,0
12025,1.0,1.0,1.0,0.0,0.0,0.0,17.0,1.0,0.3234321291912575,1.0,4.0,1.0,7.0,3.0,0.0,0.0,4.0,400.0,1.2481146749075591,0.6021396469418442,0
11562,1.0,0.0,1.0,0.0,0.0,0.0,2.0,2.0,0.3234321291912575,2.0,4.0,2.0,6.0,3.0,0.0,0.0,3.0,700.0,-0.015742891487499255,0.6021396469418442,0
836,1.0,0.0,1.0,0.0,0.0,1.0,17.0,1.0,0.36215059342369804,1.0,4.0,1.0,3.0,0.0,0.0,0.0,4.0,400.0,-0.8056538704844107,0.5611646959685037,0
12558,1.0,1.0,0.0,0.0,0.0,0.0,13.0,1.0,0.2649977300732862,0.0,4.0,2.0,6.0,1.0,0.0,0.0,3.0,400.0,2.4329811434029263,0.5611646959685037,0
6362,0.0,1.0,1.0,0.0,0.0,0.0,13.0,2.0,0.3234321291912575,1.0,4.0,3.0,5.0,0.0,4.0,1.0,4.0,400.0,-0.9636360662837931,0.5611646959685037,0
2396,1.0,1.0,1.0,0.0,0.0,0.0,17.0,1.0,0.3234321291912575,5.0,4.0,2.0,7.0,3.0,3.0,0.0,3.0,500.0,1.0111413812084857,0.5611646959685037,0
14150,1.0,1.0,1.0,0.0,0.0,0.0,13.0,2.0,0.36215059342369804,1.0,4.0,0.0,6.0,0.0,0.0,0.0,1.0,400.0,-1.1216182620831754,0.5611646959685037,0
438,1.0,1.0,1.0,0.0,0.0,0.0,6.0,1.0,0.3234321291912575,1.0,4.0,3.0,6.0,1.0,0.0,0.0,1.0,400.0,-0.9636360662837931,0.5611646959685037,0
13332,1.0,1.0,0.0,0.0,0.0,0.0,13.0,1.0,0.2649977300732862,1.0,4.0,0.0,7.0,1.0,0.0,0.0,4.0,400.0,1.722061262305706,0.5611646959685037,0
10982,1.0,1.0,1.0,0.0,0.0,0.0,5.0,2.0,0.2649977300732862,0.0,4.0,2.0,2.0,0.0,4.0,1.0,4.0,400.0,-1.6745559473810134,0.5611646959685037,0
3223,1.0,1.0,1.0,0.0,0.0,0.0,18.0,1.0,0.3234321291912575,5.0,4.0,2.0,6.0,3.0,0.0,0.0,1.0,700.0,-0.17372508728688155,0.5611646959685037,0
9069,1.0,1.0,1.0,0.0,0.0,0.0,17.0,2.0,0.36215059342369804,1.0,4.0,0.0,7.0,0.0,0.0,0.0,1.0,400.0,0.5371947938103387,0.6021396469418442,1
1680,0.0,1.0,1.0,0.0,0.0,0.0,13.0,1.0,0.3234321291912575,2.0,4.0,1.0,7.0,0.0,0.0,2.0,1.0,400.0,1.9590345560047795,-1.2007581958851359,0
11864,1.0,1.0,1.0,0.0,0.0,0.0,17.0,1.0,0.36215059342369804,1.0,4.0,2.0,4.0,2.0,4.0,1.0,4.0,400.0,-0.6476716746850284,0.5611646959685037,0
2698,1.0,1.0,1.0,0.0,0.0,0.0,17.0,1.0,0.2649977300732862,1.0,4.0,2.0,6.0,1.0,0.0,0.0,2.0,400.0,-1.0426271641834841,-1.8563574114585832,0
12978,0.0,1.0,1.0,0.0,0.0,0.0,17.0,1.0,0.2649977300732862,0.0,4.0,0.0,7.0,0.0,0.0,0.0,2.0,400.0,1.169123577007868,0.6021396469418442,0
56,1.0,1.0,1.0,0.0,0.0,0.0,6.0,2.0,0.2649977300732862,1.0,4.0,2.0,5.0,0.0,0.0,0.0,4.0,400.0,-0.8056538704844107,0.6021396469418442,0
5420,1.0,0.0,1.0,0.0,0.0,0.0,2.0,2.0,0.3234321291912575,1.0,4.0,0.0,6.0,3.0,0.0,0.0,1.0,400.0,-0.33170728308626385,0.5611646959685037,0
13656,1.0,1.0,0.0,0.0,0.0,0.0,9.0,2.0,0.36215059342369804,5.0,4.0,0.0,6.0,0.0,0.0,0.0,1.0,400.0,-0.8846449683841019,0.6021396469418442,0
499,1.0,1.0,1.0,0.0,0.0,0.0,9.0,1.0,0.36215059342369804,1.0,4.0,0.0,7.0,0.0,0.0,0.0,1.0,400.0,0.37921259801095647,0.5611646959685037,0
13379,0.0,1.0,1.0,0.0,0.0,0.0,6.0,1.0,0.36215059342369804,5.0,4.0,1.0,7.0,3.0,0.0,0.0,3.0,400.0,2.196007849703853,0.6840895488885251,0
9409,0.0,1.0,0.0,0.0,0.0,0.0,13.0,1.0,0.36215059342369804,1.0,4.0,2.0,6.0,3.0,0.0,0.0,3.0,400.0,-0.7266627725847196,0.6021396469418442,0
5446,1.0,1.0,0.0,0.0,0.0,0.0,13.0,1.0,0.2649977300732862,1.0,4.0,1.0,5.0,3.0,0.0,0.0,1.0,400.0,-0.8056538704844107,0.5611646959685037,0
8846,1.0,1.0,0.0,0.0,0.0,0.0,18.0,2.0,0.3234321291912575,2.0,4.0,3.0,5.0,3.0,0.0,0.0,1.0,400.0,-0.9636360662837931,0.5611646959685037,0
2639,1.0,1.0,1.0,0.0,0.0,0.0,13.0,1.0,0.3234321291912575,1.0,4.0,2.0,7.0,3.0,0.0,0.0,1.0,400.0,1.722061262305706,-1.6924576075652213,0
9741,0.0,1.0,1.0,0.0,0.0,1.0,13.0,2.0,0.3234321291912575,1.0,4.0,2.0,5.0,3.0,0.0,0.0,2.0,400.0,-1.0426271641834841,0.5611646959685037,0
6896,1.0,1.0,1.0,0.0,0.0,0.0,13.0,1.0,0.022050716648291068,3.0,4.0,3.0,6.0,0.0,0.0,0.0,4.0,400.0,-0.410698380985955,-1.8153824604852427,0
8692,1.0,0.0,1.0,0.0,0.0,0.0,17.0,1.0,0.36215059342369804,2.0,4.0,2.0,4.0,3.0,0.0,0.0,2.0,400.0,-1.1216182620831754,0.5611646959685037,1
3690,1.0,1.0,1.0,0.0,0.0,0.0,6.0,2.0,0.36215059342369804,2.0,4.0,1.0,6.0,0.0,0.0,0.0,4.0,400.0,-0.410698380985955,0.6021396469418442,0
13135,1.0,1.0,0.0,0.0,0.0,0.0,9.0,2.0,0.36215059342369804,1.0,4.0,1.0,4.0,0.0,0.0,0.0,3.0,400.0,-0.6476716746850284,-1.6924576075652213,0
12443,0.0,1.0,1.0,0.0,0.0,0.0,6.0,1.0,0.3234321291912575,1.0,4.0,2.0,6.0,3.0,3.0,0.0,1.0,500.0,0.8531591854091034,-1.8563574114585832,0
10219,1.0,1.0,1.0,0.0,0.0,0.0,17.0,2.0,0.3234321291912575,1.0,4.0,3.0,6.0,0.0,0.0,0.0,1.0,400.0,0.6951769896097211,0.6840895488885251,0
10525,1.0,1.0,1.0,0.0,0.0,0.0,13.0,1.0,0.36215059342369804,1.0,4.0,2.0,6.0,0.0,0.0,0.0,2.0,400.0,-0.4896894788856461,0.5611646959685037,0
7101,1.0,1.0,1.0,0.0,0.0,0.0,6.0,1.0,0.36215059342369804,1.0,4.0,2.0,6.0,0.0,0.0,0.0,3.0,400.0,0.7741680875094122,0.6021396469418442,0
11322,1.0,0.0,1.0,0.0,0.0,0.0,17.0,1.0,0.3234321291912575,2.0,4.0,3.0,6.0,3.0,0.0,0.0,2.0,400.0,-0.09473398938719041,0.5611646959685037,0
15250,1.0,1.0,0.0,0.0,0.0,0.0,13.0,0.0,0.2649977300732862,2.0,4.0,1.0,6.0,1.0,0.0,0.0,1.0,400.0,-0.2527161851865727,-1.7334325585385617,0
1493,1.0,0.0,1.0,0.0,0.0,0.0,17.0,2.0,0.36215059342369804,1.0,4.0,0.0,4.0,0.0,0.0,0.0,1.0,400.0,-1.1216182620831754,0.5611646959685037,0
14522,1.0,1.0,1.0,0.0,0.0,0.0,6.0,1.0,0.36215059342369804,1.0,4.0,2.0,6.0,0.0,0.0,0.0,4.0,400.0,-0.6476716746850284,0.5611646959685037,1
13586,1.0,1.0,0.0,0.0,0.0,0.0,17.0,1.0,0.36215059342369804,1.0,4.0,2.0,6.0,0.0,4.0,1.0,3.0,400.0,-0.8056538704844107,0.6431145979151847,0
10328,1.0,1.0,1.0,0.0,0.0,0.0,17.0,1.0,0.36215059342369804,1.0,4.0,2.0,7.0,1.0,0.0,0.0,2.0,400.0,1.8800434581050884,0.5611646959685037,0
2814,1.0,0.0,0.0,0.0,1.0,0.0,6.0,2.0,0.022569557040015564,5.0,4.0,0.0,4.0,0.0,0.0,0.0,2.0,400.0,-0.9636360662837931,-1.7744075095119023,0
1082,1.0,1.0,1.0,0.0,0.0,0.0,9.0,1.0,0.3234321291912575,1.0,4.0,2.0,6.0,1.0,0.0,0.0,2.0,400.0,-0.8846449683841019,0.5611646959685037,0
12877,1.0,1.0,0.0,0.0,0.0,0.0,2.0,1.0,0.2649977300732862,2.0,4.0,0.0,7.0,3.0,0.0,0.0,2.0,400.0,0.8531591854091034,-1.8563574114585832,0
5894,1.0,1.0,1.0,0.0,0.0,0.0,18.0,1.0,0.3234321291912575,5.0,4.0,3.0,7.0,0.0,0.0,0.0,2.0,400.0,1.8010523602053972,-1.8563574114585832,0
4887,1.0,1.0,1.0,0.0,0.0,0.0,13.0,2.0,0.3234321291912575,1.0,4.0,3.0,5.0,0.0,0.0,0.0,1.0,400.0,-0.8846449683841019,0.5611646959685037,0
7995,1.0,1.0,1.0,0.0,0.0,0.0,13.0,2.0,0.2649977300732862,2.0,4.0,1.0,7.0,0.0,0.0,0.0,3.0,400.0,1.9590345560047795,0.5611646959685037,0
8497,1.0,0.0,1.0,0.0,0.0,0.0,13.0,0.0,0.3234321291912575,5.0,4.0,1.0,6.0,3.0,0.0,0.0,2.0,400.0,-1.0426271641834841,0.5611646959685037,0
4250,1.0,1.0,1.0,0.0,0.0,0.0,13.0,1.0,0.3234321291912575,5.0,4.0,3.0,7.0,1.0,0.0,0.0,1.0,400.0,1.0901324791081768,0.6431145979151847,0
12872,1.0,1.0,0.0,0.0,0.0,0.0,9.0,1.0,0.2649977300732862,1.0,4.0,1.0,7.0,3.0,4.0,1.0,1.0,400.0,2.6699544371019996,-1.8153824604852427,0
6254,1.0,1.0,0.0,0.0,0.0,0.0,9.0,2.0,0.022569557040015564,5.0,4.0,2.0,4.0,2.0,0.0,0.0,2.0,400.0,-0.8056538704844107,-1.8153824604852427,0
14040,1.0,1.0,0.0,0.0,0.0,0.0,13.0,2.0,0.2649977300732862,1.0,4.0,0.0,4.0,0.0,0.0,0.0,1.0,400.0,-1.516573751581631,0.6021396469418442,0
9797,1.0,0.0,1.0,0.0,0.0,0.0,17.0,1.0,0.3234321291912575,2.0,4.0,2.0,6.0,0.0,0.0,0.0,1.0,400.0,-0.4896894788856461,0.6021396469418442,0
2736,1.0,1.0,1.0,0.0,0.0,0.0,9.0,1.0,0.36215059342369804,1.0,4.0,2.0,6.0,3.0,0.0,0.0,1.0,400.0,-0.2527161851865727,0.5611646959685037,0
1946,1.0,1.0,0.0,0.0,0.0,0.0,9.0,1.0,0.022569557040015564,5.0,4.0,0.0,6.0,1.0,0.0,0.0,3.0,400.0,0.37921259801095647,0.6021396469418442,0
2400,1.0,1.0,1.0,0.0,0.0,0.0,13.0,2.0,0.36215059342369804,1.0,4.0,2.0,5.0,3.0,0.0,0.0,4.0,400.0,-0.9636360662837931,0.5611646959685037,0
9278,1.0,0.0,0.0,0.0,0.0,0.0,2.0,2.0,0.3234321291912575,5.0,4.0,2.0,3.0,0.0,0.0,0.0,2.0,400.0,-1.0426271641834841,0.5611646959685037,0
7096,1.0,1.0,0.0,0.0,0.0,0.0,17.0,1.0,0.36215059342369804,2.0,4.0,0.0,6.0,3.0,0.0,0.0,1.0,400.0,-1.1216182620831754,0.5611646959685037,0
4797,1.0,1.0,1.0,0.0,0.0,0.0,17.0,1.0,0.36215059342369804,1.0,4.0,0.0,5.0,0.0,0.0,0.0,3.0,400.0,0.2212304022115742,-1.8563574114585832,0
11849,1.0,0.0,1.0,0.0,0.0,0.0,13.0,2.0,0.36215059342369804,1.0,4.0,1.0,5.0,0.0,0.0,0.0,1.0,400.0,-0.4896894788856461,0.6021396469418442,0
3745,1.0,1.0,0.0,0.0,0.0,0.0,2.0,2.0,0.2649977300732862,5.0,4.0,0.0,6.0,0.0,0.0,0.0,4.0,400.0,0.7741680875094122,0.5611646959685037,0
6931,1.0,1.0,1.0,0.0,0.0,0.0,13.0,1.0,0.36215059342369804,1.0,4.0,2.0,7.0,3.0,0.0,0.0,2.0,400.0,0.37921259801095647,0.5611646959685037,0
7784,1.0,1.0,0.0,0.0,0.0,0.0,17.0,1.0,0.36215059342369804,1.0,4.0,2.0,7.0,1.0,0.0,0.0,4.0,400.0,0.37921259801095647,0.5611646959685037,0
10750,1.0,0.0,0.0,0.0,0.0,0.0,9.0,2.0,0.3234321291912575,1.0,4.0,2.0,5.0,0.0,0.0,0.0,1.0,400.0,-0.8056538704844107,0.6021396469418442,0
7742,1.0,0.0,0.0,0.0,0.0,0.0,17.0,2.0,0.2649977300732862,0.0,4.0,2.0,3.0,1.0,0.0,0.0,4.0,400.0,-1.1216182620831754,0.6021396469418442,0
8516,1.0,1.0,1.0,0.0,0.0,0.0,2.0,1.0,0.36215059342369804,2.0,3.0,1.0,6.0,1.0,3.0,0.0,1.0,500.0,-0.015742891487499255,0.5611646959685037,0
8925,1.0,1.0,1.0,0.0,0.0,0.0,13.0,2.0,0.3234321291912575,1.0,4.0,2.0,6.0,1.0,0.0,0.0,4.0,400.0,-0.5686805767853373,0.5611646959685037,0
9883,1.0,1.0,0.0,0.0,0.0,0.0,13.0,1.0,0.36215059342369804,1.0,4.0,0.0,5.0,1.0,0.0,0.0,4.0,400.0,-1.1216182620831754,-1.8153824604852427,0
6065,1.0,1.0,0.0,0.0,0.0,0.0,17.0,1.0,0.36215059342369804,1.0,4.0,0.0,7.0,3.0,0.0,0.0,3.0,400.0,1.9590345560047795,0.6021396469418442,0
2541,0.0,1.0,1.0,0.0,0.0,0.0,13.0,1.0,0.3234321291912575,1.0,4.0,1.0,6.0,1.0,0.0,2.0,4.0,700.0,-0.015742891487499255,0.6021396469418442,0
8957,1.0,1.0,1.0,0.0,0.0,0.0,2.0,1.0,0.3234321291912575,2.0,4.0,2.0,6.0,0.0,0.0,0.0,1.0,400.0,-0.33170728308626385,-1.7744075095119023,0
480,0.0,1.0,1.0,0.0,0.0,0.0,13.0,1.0,0.36215059342369804,2.0,4.0,2.0,7.0,0.0,0.0,0.0,1.0,400.0,1.169123577007868,-1.8153824604852427,0
11295,0.0,1.0,1.0,0.0,0.0,0.0,2.0,1.0,0.36215059342369804,5.0,4.0,1.0,7.0,1.0,0.0,0.0,2.0,400.0,1.0901324791081768,-1.6924576075652213,1
7090,1.0,1.0,1.0,0.0,0.0,0.0,17.0,1.0,0.36215059342369804,2.0,4.0,2.0,7.0,3.0,0.0,0.0,2.0,400.0,-0.33170728308626385,0.6840895488885251,0
5495,0.0,0.0,0.0,0.0,0.0,0.0,9.0,2.0,0.2649977300732862,1.0,4.0,2.0,6.0,2.0,0.0,0.0,1.0,400.0,1.0901324791081768,0.6021396469418442,0
11486,1.0,1.0,1.0,0.0,0.0,0.0,18.0,1.0,0.3234321291912575,5.0,4.0,0.0,7.0,3.0,4.0,1.0,2.0,400.0,0.5371947938103387,0.5611646959685037,0
12202,1.0,1.0,1.0,0.0,0.0,0.0,6.0,2.0,0.3234321291912575,1.0,4.0,2.0,5.0,3.0,0.0,0.0,2.0,400.0,-0.4896894788856461,0.5611646959685037,0
14504,1.0,1.0,1.0,0.0,0.0,0.0,13.0,1.0,0.022050716648291068,3.0,4.0,1.0,7.0,2.0,0.0,0.0,4.0,400.0,0.8531591854091034,-1.4466079017251785,0
13526,1.0,1.0,0.0,0.0,0.0,0.0,17.0,1.0,0.2649977300732862,1.0,4.0,0.0,6.0,0.0,0.0,0.0,1.0,400.0,0.6161858917100299,0.6021396469418442,0
1960,0.0,1.0,1.0,0.0,0.0,0.0,6.0,1.0,0.3234321291912575,1.0,4.0,2.0,5.0,0.0,0.0,0.0,2.0,400.0,-0.8846449683841019,0.6021396469418442,0
9642,1.0,1.0,0.0,1.0,1.0,0.0,13.0,1.0,0.36215059342369804,1.0,4.0,2.0,5.0,3.0,0.0,0.0,3.0,400.0,0.5371947938103387,0.6021396469418442,0
12162,1.0,0.0,1.0,0.0,0.0,0.0,17.0,1.0,0.36215059342369804,1.0,4.0,2.0,7.0,0.0,0.0,0.0,3.0,400.0,0.6161858917100299,-1.651482656591881,0
367,1.0,1.0,0.0,0.0,0.0,0.0,6.0,1.0,0.36215059342369804,1.0,4.0,1.0,7.0,1.0,0.0,0.0,1.0,400.0,0.5371947938103387,-1.7744075095119023,0
1092,1.0,1.0,1.0,0.0,0.0,0.0,17.0,2.0,0.3234321291912575,1.0,4.0,2.0,6.0,0.0,2.0,1.0,2.0,400.0,-0.5686805767853373,0.6021396469418442,0
5807,1.0,1.0,1.0,0.0,0.0,0.0,17.0,2.0,0.3234321291912575,2.0,4.0,2.0,5.0,0.0,0.0,0.0,4.0,400.0,-1.0426271641834841,0.5611646959685037,0
14485,1.0,1.0,1.0,0.0,0.0,0.0,6.0,1.0,0.3234321291912575,1.0,4.0,0.0,5.0,0.0,0.0,0.0,3.0,400.0,-1.1216182620831754,0.6021396469418442,0
12597,1.0,1.0,1.0,0.0,0.0,0.0,17.0,2.0,0.36215059342369804,2.0,4.0,0.0,6.0,0.0,0.0,0.0,1.0,400.0,-1.0426271641834841,-1.7744075095119023,0
12664,1.0,1.0,1.0,0.0,0.0,0.0,6.0,1.0,0.36215059342369804,1.0,4.0,0.0,6.0,0.0,0.0,0.0,4.0,400.0,1.722061262305706,0.5611646959685037,0
9226,1.0,1.0,0.0,0.0,0.0,0.0,13.0,2.0,0.2649977300732862,1.0,4.0,1.0,7.0,2.0,0.0,0.0,1.0,400.0,0.6951769896097211,0.6021396469418442,0
773,1.0,1.0,1.0,0.0,0.0,0.0,13.0,1.0,0.3234321291912575,1.0,4.0,2.0,7.0,0.0,0.0,0.0,4.0,400.0,1.6430701644060148,0.5611646959685037,0
1900,1.0,1.0,0.0,0.0,0.0,0.0,13.0,1.0,0.2649977300732862,2.0,4.0,0.0,4.0,3.0,0.0,0.0,3.0,400.0,-0.9636360662837931,-1.7334325585385617,0
6742,1.0,0.0,1.0,0.0,0.0,0.0,6.0,2.0,0.3234321291912575,1.0,4.0,3.0,4.0,1.0,0.0,0.0,4.0,400.0,-0.8846449683841019,-1.8153824604852427,0
10952,0.0,1.0,1.0,0.0,0.0,0.0,13.0,1.0,0.2649977300732862,1.0,4.0,2.0,5.0,0.0,0.0,0.0,3.0,400.0,-0.7266627725847196,0.6431145979151847,0
11891,1.0,1.0,1.0,0.0,0.0,0.0,6.0,1.0,0.3234321291912575,1.0,4.0,3.0,6.0,0.0,0.0,0.0,4.0,400.0,1.8010523602053972,0.5611646959685037,0
2000,1.0,0.0,0.0,0.0,0.0,0.0,13.0,1.0,0.3234321291912575,1.0,4.0,3.0,6.0,0.0,0.0,0.0,4.0,400.0,-0.6476716746850284,-1.7744075095119023,0
12370,1.0,0.0,0.0,0.0,0.0,0.0,13.0,1.0,0.2649977300732862,0.0,4.0,0.0,7.0,0.0,0.0,0.0,1.0,400.0,0.14223930431188306,0.5611646959685037,0
2680,0.0,1.0,1.0,0.0,0.0,0.0,17.0,1.0,0.2649977300732862,0.0,4.0,2.0,5.0,3.0,0.0,0.0,4.0,400.0,0.14223930431188306,0.5611646959685037,0
6541,1.0,0.0,0.0,0.0,0.0,0.0,13.0,1.0,0.36215059342369804,1.0,4.0,2.0,6.0,0.0,0.0,0.0,1.0,400.0,0.37921259801095647,-1.7334325585385617,0
810,1.0,1.0,1.0,0.0,0.0,0.0,17.0,1.0,0.3234321291912575,1.0,4.0,2.0,6.0,0.0,0.0,0.0,1.0,400.0,-0.7266627725847196,0.6021396469418442,0
7584,1.0,1.0,0.0,0.0,0.0,0.0,0.0,1.0,0.2649977300732862,1.0,4.0,0.0,7.0,3.0,0.0,2.0,3.0,400.0,0.7741680875094122,-1.8563574114585832,0
2755,1.0,0.0,1.0,0.0,0.0,0.0,2.0,0.0,0.2649977300732862,1.0,4.0,0.0,6.0,3.0,0.0,0.0,2.0,400.0,-0.015742891487499255,0.5611646959685037,1
1709,1.0,1.0,1.0,0.0,0.0,0.0,0.0,1.0,0.2649977300732862,5.0,4.0,2.0,5.0,0.0,0.0,0.0,3.0,400.0,-0.5686805767853373,0.6840895488885251,0
13141,0.0,1.0,1.0,0.0,0.0,0.0,13.0,1.0,0.2649977300732862,0.0,4.0,1.0,5.0,0.0,0.0,0.0,1.0,400.0,1.0111413812084857,-1.8153824604852427,1
6361,1.0,1.0,1.0,0.0,0.0,0.0,13.0,2.0,0.36215059342369804,1.0,4.0,0.0,1.0,2.0,0.0,0.0,2.0,400.0,-1.7535470452807045,0.5611646959685037,0
8702,1.0,1.0,1.0,0.0,0.0,0.0,15.0,2.0,0.2649977300732862,2.0,4.0,2.0,5.0,3.0,0.0,0.0,2.0,400.0,-0.4896894788856461,0.6431145979151847,1
12047,1.0,1.0,1.0,0.0,0.0,0.0,13.0,1.0,0.36215059342369804,1.0,4.0,2.0,7.0,0.0,0.0,0.0,3.0,400.0,1.0901324791081768,0.6431145979151847,0
8156,0.0,1.0,1.0,0.0,0.0,0.0,18.0,1.0,0.3234321291912575,5.0,4.0,1.0,7.0,0.0,0.0,0.0,4.0,400.0,0.6161858917100299,0.6021396469418442,0
5835,0.0,1.0,1.0,0.0,0.0,0.0,17.0,1.0,0.36215059342369804,1.0,4.0,1.0,7.0,0.0,0.0,0.0,4.0,400.0,2.9069277308010735,0.5611646959685037,0
8261,1.0,1.0,1.0,0.0,0.0,0.0,17.0,2.0,0.36215059342369804,1.0,4.0,1.0,1.0,0.0,3.0,0.0,3.0,400.0,-1.6745559473810134,0.6431145979151847,0
11362,1.0,1.0,0.0,0.0,0.0,0.0,9.0,1.0,0.36215059342369804,2.0,4.0,0.0,7.0,0.0,0.0,0.0,3.0,400.0,-0.33170728308626385,0.5611646959685037,0
3278,1.0,0.0,0.0,0.0,0.0,0.0,9.0,1.0,0.3234321291912575,1.0,4.0,2.0,7.0,3.0,0.0,0.0,1.0,400.0,1.0901324791081768,0.6431145979151847,0
9320,1.0,1.0,0.0,0.0,0.0,0.0,6.0,2.0,0.36215059342369804,5.0,4.0,0.0,5.0,2.0,0.0,0.0,2.0,400.0,0.30022150011126536,-1.8153824604852427,0
6368,1.0,0.0,1.0,0.0,0.0,0.0,2.0,2.0,0.3234321291912575,1.0,4.0,3.0,5.0,0.0,0.0,0.0,3.0,400.0,-0.7266627725847196,0.5611646959685037,0
9193,1.0,1.0,1.0,0.0,0.0,0.0,0.0,1.0,0.2649977300732862,1.0,4.0,1.0,6.0,0.0,0.0,0.0,3.0,400.0,-0.015742891487499255,-1.8153824604852427,0
7811,1.0,1.0,1.0,0.0,0.0,0.0,13.0,2.0,0.3234321291912575,1.0,4.0,1.0,7.0,1.0,4.0,1.0,1.0,700.0,0.5371947938103387,0.6021396469418442,0
4291,1.0,1.0,0.0,0.0,0.0,0.0,17.0,1.0,0.36215059342369804,1.0,4.0,2.0,7.0,0.0,0.0,0.0,2.0,400.0,1.5640790665063238,-1.5695327546452,0
4473,0.0,1.0,1.0,0.0,0.0,0.0,13.0,1.0,0.36215059342369804,2.0,4.0,1.0,7.0,3.0,0.0,0.0,2.0,400.0,0.2212304022115742,0.6021396469418442,0
7896,1.0,1.0,1.0,0.0,0.0,0.0,17.0,2.0,0.3234321291912575,1.0,4.0,3.0,5.0,0.0,0.0,0.0,2.0,400.0,-1.1216182620831754,0.5611646959685037,0
8348,0.0,1.0,1.0,0.0,0.0,0.0,13.0,1.0,0.2649977300732862,1.0,4.0,1.0,7.0,0.0,0.0,0.0,1.0,400.0,2.3539900455032354,0.6021396469418442,0
4509,1.0,1.0,0.0,0.0,0.0,0.0,13.0,1.0,0.36215059342369804,1.0,4.0,2.0,6.0,3.0,0.0,2.0,4.0,400.0,-0.9636360662837931,0.5611646959685037,0
8852,1.0,0.0,1.0,0.0,0.0,0.0,2.0,0.0,0.36215059342369804,1.0,4.0,1.0,6.0,0.0,0.0,0.0,3.0,400.0,-0.6476716746850284,0.6021396469418442,0
15332,1.0,1.0,1.0,0.0,0.0,0.0,17.0,1.0,0.2649977300732862,1.0,4.0,0.0,7.0,3.0,0.0,0.0,3.0,400.0,2.4329811434029263,0.6021396469418442,0
5872,1.0,1.0,1.0,0.0,0.0,0.0,13.0,1.0,0.3234321291912575,2.0,4.0,1.0,7.0,1.0,0.0,0.0,3.0,400.0,0.7741680875094122,0.6021396469418442,0
938,1.0,0.0,1.0,0.0,0.0,0.0,2.0,1.0,0.36215059342369804,1.0,4.0,0.0,7.0,0.0,0.0,0.0,3.0,400.0,-0.09473398938719041,0.6431145979151847,0
3545,1.0,1.0,0.0,0.0,0.0,0.0,0.0,2.0,0.36215059342369804,5.0,4.0,2.0,2.0,3.0,0.0,0.0,3.0,400.0,-0.015742891487499255,0.6431145979151847,0
9154,0.0,0.0,1.0,0.0,0.0,0.0,17.0,2.0,0.36215059342369804,1.0,4.0,1.0,6.0,1.0,0.0,0.0,1.0,400.0,0.06324820641219189,0.5611646959685037,0
8757,1.0,0.0,1.0,0.0,0.0,0.0,9.0,2.0,0.36215059342369804,1.0,4.0,3.0,7.0,3.0,0.0,0.0,3.0,400.0,0.9321502833087946,0.6021396469418442,0
4675,1.0,1.0,1.0,0.0,0.0,0.0,5.0,1.0,0.3234321291912575,2.0,4.0,3.0,7.0,1.0,0.0,0.0,4.0,400.0,1.6430701644060148,0.5611646959685037,0
4432,1.0,1.0,0.0,0.0,0.0,0.0,6.0,1.0,0.36215059342369804,2.0,4.0,2.0,6.0,2.0,0.0,0.0,1.0,700.0,0.06324820641219189,0.6021396469418442,0
14425,1.0,0.0,1.0,0.0,0.0,0.0,6.0,1.0,0.3234321291912575,1.0,4.0,3.0,6.0,3.0,0.0,0.0,1.0,400.0,0.30022150011126536,0.5611646959685037,0
10307,1.0,1.0,1.0,0.0,0.0,0.0,2.0,1.0,0.3234321291912575,1.0,4.0,3.0,6.0,0.0,0.0,0.0,4.0,400.0,0.06324820641219189,0.5611646959685037,0
14779,1.0,1.0,1.0,0.0,0.0,0.0,13.0,1.0,0.2649977300732862,1.0,4.0,0.0,7.0,1.0,0.0,0.0,3.0,400.0,1.169123577007868,0.5611646959685037,0
3785,1.0,1.0,1.0,0.0,0.0,0.0,2.0,2.0,0.3234321291912575,2.0,4.0,3.0,5.0,2.0,0.0,0.0,2.0,400.0,-0.410698380985955,0.6021396469418442,0
9373,1.0,1.0,0.0,0.0,0.0,0.0,17.0,1.0,0.3234321291912575,1.0,4.0,2.0,6.0,2.0,0.0,0.0,2.0,400.0,1.4060968707069414,0.5611646959685037,0
490,1.0,1.0,1.0,0.0,0.0,0.0,6.0,2.0,0.36215059342369804,1.0,4.0,2.0,3.0,0.0,0.0,0.0,4.0,400.0,-1.2796004578825577,0.6021396469418442,0
14950,1.0,1.0,1.0,1.0,0.0,0.0,17.0,1.0,0.36215059342369804,3.0,4.0,2.0,5.0,0.0,0.0,0.0,3.0,400.0,-0.6476716746850284,0.6021396469418442,0
5319,1.0,1.0,0.0,0.0,0.0,0.0,17.0,2.0,0.36215059342369804,1.0,4.0,3.0,3.0,1.0,0.0,0.0,1.0,400.0,-1.3585915557822488,0.6021396469418442,0
5292,1.0,0.0,1.0,0.0,0.0,0.0,9.0,1.0,0.3234321291912575,1.0,4.0,2.0,6.0,0.0,0.0,0.0,1.0,400.0,0.7741680875094122,0.5611646959685037,0
1684,1.0,1.0,1.0,0.0,0.0,0.0,13.0,2.0,0.3234321291912575,1.0,4.0,3.0,5.0,3.0,0.0,0.0,1.0,400.0,-0.5686805767853373,0.5611646959685037,0
8039,1.0,1.0,1.0,1.0,0.0,0.0,13.0,2.0,0.2649977300732862,5.0,4.0,0.0,4.0,2.0,0.0,0.0,2.0,400.0,-1.43758265368194,-1.6105077056185404,0
10325,1.0,0.0,0.0,0.0,0.0,0.0,2.0,2.0,0.36215059342369804,1.0,4.0,2.0,4.0,3.0,0.0,0.0,2.0,400.0,-1.516573751581631,0.6431145979151847,0
7935,1.0,1.0,1.0,0.0,0.0,0.0,17.0,1.0,0.3234321291912575,1.0,4.0,3.0,7.0,3.0,0.0,0.0,3.0,700.0,2.748945535001691,0.5611646959685037,0
396,1.0,1.0,0.0,0.0,0.0,0.0,13.0,1.0,0.3234321291912575,1.0,4.0,2.0,5.0,3.0,0.0,0.0,4.0,400.0,-0.4896894788856461,0.5611646959685037,0
11437,1.0,1.0,0.0,0.0,0.0,0.0,5.0,1.0,0.36215059342369804,1.0,4.0,1.0,6.0,3.0,0.0,0.0,2.0,400.0,0.30022150011126536,0.5611646959685037,0
4757,1.0,1.0,1.0,0.0,0.0,0.0,6.0,1.0,0.2649977300732862,1.0,4.0,1.0,7.0,3.0,0.0,0.0,1.0,400.0,0.9321502833087946,-1.8563574114585832,0
7446,1.0,1.0,1.0,0.0,0.0,0.0,17.0,2.0,0.3234321291912575,2.0,4.0,3.0,6.0,1.0,0.0,0.0,4.0,400.0,-0.2527161851865727,-1.6924576075652213,0
44,1.0,1.0,0.0,0.0,0.0,0.0,17.0,1.0,0.36215059342369804,1.0,4.0,0.0,7.0,0.0,0.0,0.0,1.0,400.0,2.5119722413026175,0.6021396469418442,0
5281,1.0,1.0,0.0,0.0,0.0,0.0,6.0,2.0,0.2649977300732862,5.0,4.0,1.0,0.0,0.0,0.0,0.0,3.0,400.0,-1.9115292410800868,0.6021396469418442,0
7670,1.0,1.0,0.0,0.0,0.0,0.0,13.0,1.0,0.36215059342369804,1.0,4.0,1.0,7.0,2.0,0.0,0.0,1.0,400.0,0.7741680875094122,0.5611646959685037,0
14215,1.0,1.0,1.0,0.0,0.0,0.0,17.0,1.0,0.36215059342369804,1.0,4.0,2.0,6.0,1.0,0.0,0.0,2.0,400.0,-0.410698380985955,0.5611646959685037,0
9544,1.0,0.0,0.0,0.0,0.0,0.0,13.0,1.0,0.36215059342369804,1.0,4.0,0.0,5.0,3.0,0.0,0.0,3.0,400.0,-0.5686805767853373,0.6021396469418442,0
768,1.0,1.0,1.0,0.0,0.0,0.0,6.0,2.0,0.3234321291912575,5.0,4.0,0.0,0.0,0.0,0.0,0.0,4.0,400.0,-1.9115292410800868,0.5611646959685037,0
5610,1.0,1.0,1.0,0.0,0.0,0.0,17.0,2.0,0.36215059342369804,1.0,4.0,2.0,5.0,2.0,0.0,0.0,3.0,400.0,-0.410698380985955,-1.8563574114585832,0
1067,1.0,1.0,1.0,0.0,0.0,0.0,13.0,1.0,0.3234321291912575,2.0,4.0,2.0,7.0,0.0,0.0,0.0,3.0,400.0,-0.09473398938719041,-1.8563574114585832,0
4309,1.0,1.0,1.0,0.0,0.0,0.0,13.0,1.0,0.36215059342369804,1.0,4.0,3.0,6.0,2.0,0.0,0.0,3.0,400.0,-0.410698380985955,0.5611646959685037,0
11603,1.0,1.0,1.0,0.0,0.0,0.0,6.0,2.0,0.3234321291912575,1.0,4.0,2.0,4.0,0.0,0.0,0.0,3.0,400.0,-0.8056538704844107,0.5611646959685037,0
4293,1.0,1.0,1.0,0.0,0.0,0.0,13.0,2.0,0.36215059342369804,1.0,4.0,3.0,6.0,0.0,0.0,0.0,2.0,400.0,-0.33170728308626385,0.5611646959685037,0
15095,1.0,1.0,0.0,0.0,0.0,0.0,17.0,1.0,0.3234321291912575,2.0,4.0,3.0,7.0,3.0,3.0,0.0,1.0,500.0,1.9590345560047795,0.5611646959685037,0
2388,1.0,1.0,1.0,0.0,0.0,0.0,17.0,2.0,0.2649977300732862,1.0,4.0,0.0,5.0,0.0,0.0,0.0,1.0,400.0,-0.9636360662837931,0.5611646959685037,0
5577,1.0,1.0,1.0,0.0,0.0,0.0,6.0,2.0,0.36215059342369804,5.0,4.0,1.0,0.0,0.0,0.0,0.0,3.0,400.0,-1.9115292410800868,0.5611646959685037,0
14034,1.0,1.0,0.0,0.0,0.0,0.0,2.0,1.0,0.2649977300732862,2.0,4.0,0.0,5.0,0.0,0.0,0.0,1.0,400.0,-0.4896894788856461,0.5611646959685037,0
6893,1.0,1.0,1.0,0.0,0.0,0.0,6.0,2.0,0.3234321291912575,5.0,4.0,1.0,0.0,0.0,0.0,0.0,2.0,400.0,-1.8325381431803958,0.5611646959685037,0
12240,1.0,1.0,1.0,1.0,0.0,0.0,17.0,2.0,0.36215059342369804,1.0,4.0,0.0,4.0,2.0,0.0,0.0,1.0,400.0,-1.2796004578825577,0.5611646959685037,0
1085,1.0,1.0,0.0,0.0,0.0,0.0,17.0,2.0,0.36215059342369804,5.0,4.0,1.0,4.0,0.0,0.0,0.0,4.0,400.0,-1.2006093599828664,0.6840895488885251,0
13524,1.0,1.0,1.0,0.0,0.0,0.0,2.0,1.0,0.2649977300732862,2.0,4.0,2.0,6.0,3.0,0.0,0.0,4.0,400.0,-1.1216182620831754,0.5611646959685037,0
4069,0.0,1.0,1.0,0.0,0.0,0.0,13.0,2.0,0.3234321291912575,1.0,4.0,0.0,5.0,0.0,0.0,0.0,4.0,400.0,-0.410698380985955,0.5611646959685037,0
4324,1.0,1.0,1.0,0.0,0.0,0.0,13.0,1.0,0.2649977300732862,0.0,4.0,2.0,7.0,0.0,0.0,0.0,4.0,400.0,1.3271057728072504,0.5611646959685037,0
7476,0.0,1.0,1.0,0.0,0.0,0.0,6.0,1.0,0.2649977300732862,1.0,4.0,0.0,7.0,1.0,0.0,0.0,3.0,400.0,0.5371947938103387,0.5611646959685037,0
5250,1.0,1.0,1.0,0.0,0.0,0.0,9.0,2.0,0.3234321291912575,2.0,4.0,1.0,6.0,3.0,0.0,0.0,1.0,400.0,-1.1216182620831754,0.5611646959685037,0
3981,1.0,1.0,1.0,0.0,0.0,0.0,6.0,2.0,0.0014268110772423634,5.0,4.0,3.0,0.0,0.0,0.0,0.0,2.0,400.0,-1.8325381431803958,0.6021396469418442,0
15098,0.0,1.0,1.0,0.0,0.0,0.0,9.0,1.0,0.2649977300732862,1.0,4.0,0.0,6.0,1.0,4.0,1.0,3.0,400.0,0.8531591854091034,0.5611646959685037,0
4241,1.0,0.0,1.0,0.0,0.0,0.0,9.0,2.0,0.3234321291912575,1.0,4.0,2.0,5.0,1.0,4.0,1.0,3.0,400.0,-0.410698380985955,-1.2417331468584762,0
10249,1.0,1.0,1.0,0.0,0.0,0.0,13.0,1.0,0.3234321291912575,3.0,4.0,2.0,7.0,0.0,0.0,2.0,4.0,400.0,0.6951769896097211,0.5611646959685037,0
4374,1.0,0.0,1.0,0.0,0.0,0.0,13.0,1.0,0.2649977300732862,1.0,4.0,1.0,7.0,1.0,0.0,0.0,1.0,400.0,0.37921259801095647,-1.7334325585385617,1
320,1.0,1.0,0.0,0.0,0.0,0.0,5.0,1.0,0.36215059342369804,5.0,4.0,3.0,7.0,3.0,0.0,0.0,4.0,400.0,0.6951769896097211,0.5611646959685037,0
13975,0.0,1.0,1.0,0.0,0.0,0.0,17.0,1.0,0.36215059342369804,1.0,4.0,2.0,5.0,0.0,0.0,0.0,3.0,400.0,0.14223930431188306,0.5611646959685037,0
13665,1.0,1.0,1.0,0.0,0.0,0.0,17.0,2.0,0.36215059342369804,0.0,4.0,0.0,4.0,2.0,0.0,0.0,3.0,400.0,-1.43758265368194,0.5611646959685037,0
14407,1.0,1.0,0.0,0.0,0.0,0.0,6.0,1.0,0.2649977300732862,5.0,4.0,0.0,4.0,0.0,0.0,0.0,1.0,400.0,2.6699544371019996,0.5611646959685037,0
10145,1.0,1.0,0.0,0.0,0.0,0.0,17.0,1.0,0.2649977300732862,5.0,4.0,2.0,7.0,1.0,0.0,0.0,3.0,400.0,0.45820369591064763,0.5611646959685037,0
14072,0.0,0.0,1.0,0.0,0.0,0.0,2.0,2.0,0.3234321291912575,1.0,4.0,2.0,4.0,2.0,0.0,0.0,1.0,400.0,-0.4896894788856461,0.5611646959685037,0
4217,1.0,1.0,1.0,0.0,0.0,0.0,18.0,1.0,0.3234321291912575,5.0,4.0,2.0,7.0,1.0,0.0,0.0,2.0,400.0,0.5371947938103387,0.5611646959685037,0
10992,1.0,1.0,0.0,0.0,0.0,0.0,13.0,1.0,0.2649977300732862,1.0,4.0,0.0,6.0,2.0,0.0,0.0,4.0,400.0,0.14223930431188306,0.6021396469418442,0
15402,1.0,1.0,0.0,0.0,0.0,0.0,13.0,2.0,0.36215059342369804,1.0,4.0,1.0,5.0,1.0,0.0,0.0,2.0,400.0,-0.8056538704844107,0.6021396469418442,0
7664,1.0,0.0,1.0,0.0,0.0,0.0,2.0,2.0,0.36215059342369804,1.0,4.0,0.0,4.0,1.0,4.0,1.0,2.0,400.0,-0.7266627725847196,0.5611646959685037,1
12792,1.0,1.0,1.0,0.0,0.0,0.0,6.0,1.0,0.3234321291912575,1.0,4.0,3.0,5.0,2.0,0.0,0.0,4.0,400.0,-0.8846449683841019,0.5611646959685037,0
6269,1.0,1.0,1.0,1.0,1.0,0.0,13.0,1.0,0.2649977300732862,1.0,4.0,0.0,6.0,3.0,0.0,0.0,4.0,400.0,0.9321502833087946,-1.7744075095119023,0
13955,1.0,1.0,1.0,0.0,0.0,0.0,13.0,1.0,0.36215059342369804,2.0,4.0,2.0,6.0,1.0,0.0,0.0,1.0,400.0,1.8800434581050884,-1.7744075095119023,0
7589,0.0,1.0,0.0,0.0,0.0,0.0,2.0,1.0,0.36215059342369804,5.0,4.0,0.0,7.0,0.0,0.0,0.0,1.0,400.0,1.0901324791081768,-1.8153824604852427,0
11675,1.0,1.0,0.0,0.0,0.0,0.0,17.0,1.0,0.2649977300732862,1.0,3.0,0.0,4.0,0.0,4.0,1.0,1.0,400.0,0.6951769896097211,0.6021396469418442,0
13433,1.0,0.0,1.0,0.0,0.0,0.0,2.0,1.0,0.3234321291912575,1.0,4.0,2.0,6.0,1.0,0.0,0.0,2.0,400.0,-0.2527161851865727,0.6431145979151847,0
1219,1.0,1.0,1.0,0.0,0.0,0.0,13.0,2.0,0.36215059342369804,1.0,4.0,1.0,4.0,3.0,0.0,0.0,3.0,400.0,-0.9636360662837931,0.5611646959685037,0
485,0.0,1.0,0.0,0.0,0.0,0.0,2.0,1.0,0.2649977300732862,3.0,4.0,2.0,7.0,1.0,0.0,0.0,4.0,400.0,-0.2527161851865727,-1.8563574114585832,0
4497,1.0,1.0,0.0,0.0,0.0,0.0,17.0,2.0,0.2649977300732862,1.0,4.0,0.0,6.0,0.0,0.0,0.0,3.0,400.0,-0.4896894788856461,0.6021396469418442,0
9493,1.0,1.0,0.0,0.0,0.0,0.0,17.0,1.0,0.36215059342369804,1.0,4.0,1.0,4.0,3.0,0.0,0.0,4.0,400.0,-0.33170728308626385,-1.8153824604852427,0
13432,1.0,1.0,1.0,0.0,0.0,0.0,0.0,1.0,0.36215059342369804,1.0,4.0,2.0,7.0,0.0,0.0,0.0,1.0,400.0,1.5640790665063238,0.5611646959685037,0
6567,1.0,0.0,1.0,0.0,0.0,0.0,13.0,1.0,0.2649977300732862,1.0,4.0,2.0,6.0,3.0,0.0,0.0,1.0,400.0,-0.17372508728688155,0.5611646959685037,0
741,1.0,1.0,0.0,0.0,0.0,0.0,2.0,1.0,0.36215059342369804,2.0,4.0,0.0,7.0,2.0,0.0,0.0,1.0,400.0,0.5371947938103387,0.6021396469418442,0
1794,0.0,1.0,0.0,0.0,0.0,0.0,13.0,2.0,0.36215059342369804,1.0,4.0,2.0,6.0,1.0,0.0,0.0,2.0,400.0,-0.8846449683841019,0.5611646959685037,0
7111,1.0,1.0,1.0,0.0,0.0,0.0,13.0,1.0,0.3234321291912575,2.0,4.0,2.0,6.0,3.0,0.0,0.0,1.0,400.0,-0.9636360662837931,0.6021396469418442,0
3093,1.0,1.0,1.0,0.0,0.0,0.0,13.0,1.0,0.2649977300732862,1.0,4.0,1.0,7.0,1.0,2.0,0.0,1.0,400.0,-0.2527161851865727,-1.7334325585385617,0
13945,1.0,1.0,1.0,0.0,0.0,0.0,6.0,1.0,0.36215059342369804,2.0,4.0,1.0,7.0,3.0,0.0,0.0,1.0,400.0,0.45820369591064763,0.6021396469418442,1
13790,1.0,1.0,1.0,0.0,0.0,0.0,15.0,1.0,0.3234321291912575,2.0,4.0,3.0,5.0,3.0,0.0,0.0,1.0,400.0,-1.3585915557822488,0.5611646959685037,0
9408,1.0,1.0,0.0,1.0,0.0,0.0,3.0,2.0,0.36215059342369804,2.0,4.0,2.0,4.0,3.0,0.0,0.0,3.0,400.0,-1.2796004578825577,0.5611646959685037,0
14084,0.0,1.0,1.0,0.0,0.0,0.0,6.0,1.0,0.36215059342369804,5.0,4.0,2.0,5.0,0.0,0.0,0.0,2.0,400.0,-1.1216182620831754,0.5611646959685037,0
4821,1.0,1.0,0.0,0.0,0.0,0.0,13.0,2.0,0.36215059342369804,5.0,4.0,1.0,4.0,0.0,0.0,0.0,4.0,400.0,-1.516573751581631,0.6021396469418442,0
817,1.0,1.0,1.0,0.0,0.0,0.0,6.0,2.0,0.2649977300732862,1.0,4.0,0.0,6.0,2.0,0.0,0.0,1.0,400.0,-0.015742891487499255,0.6021396469418442,0
3929,0.0,1.0,0.0,0.0,0.0,0.0,0.0,1.0,0.36215059342369804,2.0,4.0,0.0,6.0,2.0,0.0,0.0,2.0,400.0,0.06324820641219189,-1.8563574114585832,0
13046,1.0,1.0,1.0,0.0,0.0,0.0,2.0,1.0,0.3234321291912575,1.0,4.0,2.0,6.0,2.0,0.0,0.0,1.0,400.0,0.30022150011126536,0.5611646959685037,0
9662,1.0,1.0,1.0,0.0,0.0,0.0,13.0,1.0,0.36215059342369804,1.0,4.0,1.0,7.0,1.0,0.0,0.0,4.0,400.0,1.5640790665063238,-1.6924576075652213,0
7761,0.0,0.0,0.0,0.0,0.0,0.0,2.0,2.0,0.2649977300732862,1.0,4.0,0.0,5.0,1.0,0.0,0.0,1.0,400.0,0.45820369591064763,0.6021396469418442,0
9243,0.0,1.0,1.0,0.0,0.0,0.0,13.0,1.0,0.36215059342369804,5.0,4.0,1.0,7.0,0.0,0.0,0.0,4.0,400.0,1.3271057728072504,0.6021396469418442,0
12158,1.0,1.0,1.0,0.0,0.0,0.0,2.0,2.0,0.36215059342369804,1.0,4.0,0.0,6.0,1.0,4.0,1.0,3.0,400.0,-0.9636360662837931,0.5611646959685037,0
10602,1.0,1.0,1.0,0.0,0.0,0.0,6.0,1.0,0.022569557040015564,5.0,4.0,0.0,7.0,0.0,0.0,0.0,1.0,400.0,1.4060968707069414,0.5611646959685037,0
5585,1.0,1.0,1.0,0.0,0.0,0.0,2.0,1.0,0.36215059342369804,2.0,4.0,0.0,6.0,0.0,4.0,1.0,2.0,400.0,1.8800434581050884,0.6431145979151847,0
6162,1.0,1.0,0.0,0.0,0.0,0.0,9.0,1.0,0.2649977300732862,1.0,4.0,2.0,6.0,0.0,0.0,0.0,1.0,400.0,-0.2527161851865727,-1.7744075095119023,0
6046,1.0,0.0,0.0,0.0,0.0,0.0,6.0,2.0,0.3234321291912575,5.0,4.0,2.0,4.0,0.0,0.0,0.0,3.0,400.0,-1.2796004578825577,0.5611646959685037,0
3281,1.0,0.0,1.0,0.0,0.0,0.0,2.0,2.0,0.36215059342369804,1.0,4.0,2.0,4.0,1.0,0.0,0.0,1.0,400.0,-0.7266627725847196,0.5611646959685037,0
7231,1.0,1.0,0.0,0.0,0.0,0.0,13.0,2.0,0.36215059342369804,1.0,4.0,1.0,3.0,0.0,0.0,0.0,3.0,400.0,-1.3585915557822488,0.5611646959685037,0
8345,1.0,1.0,1.0,0.0,0.0,0.0,17.0,1.0,0.2649977300732862,5.0,4.0,1.0,7.0,3.0,0.0,0.0,4.0,400.0,1.5640790665063238,0.5611646959685037,0
7649,1.0,1.0,0.0,0.0,0.0,0.0,18.0,2.0,0.2649977300732862,5.0,4.0,0.0,6.0,3.0,3.0,0.0,4.0,500.0,0.37921259801095647,-1.6924576075652213,1
5731,1.0,1.0,0.0,0.0,0.0,0.0,6.0,2.0,0.3234321291912575,2.0,4.0,2.0,5.0,0.0,0.0,0.0,3.0,400.0,-1.1216182620831754,0.5611646959685037,0
2025,1.0,0.0,1.0,0.0,0.0,0.0,0.0,1.0,0.3234321291912575,1.0,4.0,2.0,6.0,0.0,0.0,0.0,1.0,400.0,1.169123577007868,0.6021396469418442,0
5078,0.0,1.0,1.0,0.0,0.0,0.0,17.0,1.0,0.36215059342369804,1.0,4.0,0.0,6.0,0.0,0.0,0.0,4.0,400.0,0.6161858917100299,0.5611646959685037,1
11758,1.0,1.0,1.0,0.0,0.0,0.0,13.0,1.0,0.2649977300732862,0.0,4.0,1.0,5.0,1.0,0.0,0.0,3.0,400.0,-0.8846449683841019,0.5611646959685037,0
6007,1.0,1.0,1.0,0.0,0.0,0.0,6.0,1.0,0.36215059342369804,2.0,4.0,2.0,6.0,3.0,0.0,0.0,1.0,400.0,0.9321502833087946,0.6021396469418442,0
112,1.0,1.0,0.0,0.0,0.0,0.0,6.0,1.0,0.2649977300732862,1.0,4.0,0.0,5.0,0.0,0.0,0.0,1.0,400.0,-0.410698380985955,-1.651482656591881,0
7159,1.0,1.0,1.0,0.0,0.0,0.0,13.0,2.0,0.36215059342369804,1.0,4.0,2.0,5.0,3.0,0.0,0.0,1.0,400.0,-0.5686805767853373,-1.651482656591881,0
3374,1.0,1.0,1.0,1.0,0.0,0.0,9.0,1.0,0.36215059342369804,1.0,4.0,1.0,6.0,3.0,0.0,0.0,1.0,400.0,-0.9636360662837931,0.6021396469418442,0
12190,1.0,1.0,0.0,0.0,0.0,0.0,2.0,1.0,0.3234321291912575,1.0,4.0,1.0,6.0,0.0,0.0,0.0,1.0,400.0,0.9321502833087946,0.6021396469418442,0
12608,1.0,1.0,0.0,0.0,0.0,0.0,13.0,2.0,0.2649977300732862,3.0,4.0,1.0,5.0,0.0,0.0,0.0,1.0,400.0,-0.7266627725847196,-1.8563574114585832,0
6764,1.0,1.0,1.0,0.0,0.0,0.0,6.0,2.0,0.2649977300732862,5.0,4.0,2.0,6.0,2.0,0.0,2.0,3.0,400.0,0.9321502833087946,0.6431145979151847,0
9636,1.0,1.0,1.0,0.0,0.0,0.0,0.0,2.0,0.2649977300732862,2.0,4.0,1.0,6.0,3.0,0.0,0.0,3.0,400.0,0.9321502833087946,0.6021396469418442,0
14123,1.0,1.0,1.0,0.0,0.0,0.0,6.0,1.0,0.36215059342369804,5.0,4.0,0.0,6.0,3.0,0.0,0.0,3.0,400.0,0.14223930431188306,0.5611646959685037,0
14338,1.0,1.0,1.0,0.0,0.0,0.0,9.0,1.0,0.3234321291912575,1.0,4.0,2.0,7.0,1.0,0.0,0.0,1.0,400.0,0.6161858917100299,0.43823984304848235,0
11323,1.0,1.0,1.0,0.0,0.0,0.0,17.0,1.0,0.2649977300732862,0.0,4.0,0.0,7.0,0.0,0.0,0.0,2.0,400.0,2.6699544371019996,0.6021396469418442,0
11087,1.0,0.0,1.0,0.0,0.0,0.0,6.0,1.0,0.36215059342369804,1.0,4.0,0.0,6.0,0.0,4.0,1.0,2.0,400.0,-0.015742891487499255,0.5611646959685037,0
8446,1.0,1.0,1.0,0.0,0.0,0.0,17.0,1.0,0.36215059342369804,1.0,4.0,2.0,7.0,3.0,0.0,0.0,3.0,400.0,0.45820369591064763,0.5611646959685037,0
2508,1.0,1.0,1.0,0.0,0.0,0.0,17.0,2.0,0.2649977300732862,1.0,4.0,0.0,5.0,3.0,0.0,0.0,1.0,400.0,-0.7266627725847196,0.6021396469418442,0
2690,1.0,1.0,0.0,0.0,0.0,0.0,17.0,1.0,0.36215059342369804,1.0,4.0,0.0,6.0,0.0,0.0,0.0,1.0,400.0,1.0901324791081768,0.6021396469418442,0
14404,1.0,1.0,1.0,0.0,0.0,0.0,13.0,2.0,0.36215059342369804,2.0,4.0,3.0,4.0,3.0,0.0,0.0,3.0,400.0,-0.4896894788856461,0.6021396469418442,1
4068,1.0,0.0,1.0,0.0,0.0,0.0,17.0,2.0,0.3234321291912575,1.0,4.0,2.0,4.0,1.0,0.0,0.0,4.0,400.0,-0.7266627725847196,0.6431145979151847,0
3958,1.0,1.0,0.0,0.0,0.0,0.0,13.0,1.0,0.2649977300732862,1.0,4.0,2.0,7.0,3.0,0.0,0.0,2.0,400.0,1.2481146749075591,-1.8153824604852427,0
3175,1.0,1.0,1.0,0.0,0.0,0.0,17.0,1.0,0.3234321291912575,2.0,4.0,2.0,7.0,3.0,0.0,0.0,1.0,400.0,3.0649099266004556,0.5611646959685037,0
12965,1.0,1.0,1.0,0.0,0.0,0.0,6.0,1.0,0.3234321291912575,2.0,4.0,2.0,6.0,0.0,0.0,0.0,3.0,400.0,0.2212304022115742,0.6431145979151847,0
13535,1.0,1.0,1.0,0.0,0.0,0.0,6.0,1.0,0.2649977300732862,1.0,4.0,0.0,7.0,2.0,0.0,0.0,4.0,400.0,0.9321502833087946,-1.8563574114585832,0
4089,1.0,1.0,1.0,1.0,0.0,0.0,9.0,1.0,0.36215059342369804,2.0,4.0,2.0,6.0,3.0,0.0,0.0,3.0,400.0,-0.2527161851865727,0.6021396469418442,0
14777,0.0,1.0,1.0,0.0,0.0,0.0,13.0,1.0,0.3234321291912575,1.0,4.0,2.0,7.0,3.0,0.0,0.0,2.0,400.0,1.2481146749075591,0.5611646959685037,0
7217,1.0,0.0,1.0,0.0,0.0,0.0,6.0,2.0,0.3234321291912575,5.0,4.0,2.0,5.0,0.0,0.0,0.0,1.0,400.0,-0.8056538704844107,0.5611646959685037,0
3347,1.0,1.0,1.0,0.0,0.0,0.0,6.0,2.0,0.3234321291912575,5.0,4.0,2.0,0.0,0.0,0.0,0.0,2.0,400.0,-1.9115292410800868,0.5611646959685037,0
9431,1.0,1.0,1.0,0.0,0.0,0.0,6.0,1.0,0.022569557040015564,5.0,4.0,0.0,6.0,0.0,0.0,0.0,2.0,400.0,1.4850879686066325,0.5611646959685037,0
5594,1.0,1.0,1.0,0.0,0.0,0.0,17.0,2.0,0.36215059342369804,1.0,4.0,1.0,4.0,0.0,0.0,0.0,1.0,400.0,-1.516573751581631,0.6021396469418442,0
11099,1.0,1.0,0.0,0.0,0.0,0.0,17.0,1.0,0.3234321291912575,1.0,4.0,0.0,7.0,3.0,0.0,0.0,2.0,400.0,0.2212304022115742,0.5611646959685037,0
9107,1.0,1.0,1.0,0.0,0.0,0.0,17.0,1.0,0.3234321291912575,2.0,4.0,0.0,7.0,2.0,0.0,0.0,4.0,400.0,1.0901324791081768,0.6021396469418442,0
3569,1.0,1.0,0.0,0.0,0.0,0.0,2.0,2.0,0.3234321291912575,1.0,4.0,0.0,6.0,2.0,3.0,1.0,2.0,500.0,-1.1216182620831754,-1.8153824604852427,0
12266,1.0,0.0,1.0,0.0,0.0,0.0,2.0,1.0,0.3234321291912575,5.0,4.0,2.0,6.0,0.0,0.0,0.0,3.0,400.0,-0.09473398938719041,0.5611646959685037,0
13021,1.0,0.0,0.0,0.0,0.0,0.0,17.0,1.0,0.2649977300732862,1.0,4.0,2.0,6.0,3.0,0.0,0.0,1.0,400.0,-0.015742891487499255,0.5611646959685037,0
5575,1.0,1.0,1.0,0.0,0.0,0.0,17.0,2.0,0.36215059342369804,1.0,4.0,2.0,5.0,0.0,0.0,2.0,4.0,400.0,-0.9636360662837931,-1.8153824604852427,0
10608,1.0,1.0,1.0,0.0,0.0,0.0,17.0,1.0,0.3234321291912575,1.0,4.0,0.0,7.0,3.0,0.0,0.0,3.0,400.0,-0.09473398938719041,0.5611646959685037,0
2064,1.0,1.0,1.0,0.0,0.0,0.0,17.0,1.0,0.36215059342369804,2.0,4.0,2.0,5.0,0.0,0.0,0.0,2.0,400.0,-0.6476716746850284,0.6021396469418442,1
1163,1.0,1.0,1.0,0.0,0.0,0.0,9.0,1.0,0.3234321291912575,1.0,2.0,1.0,6.0,0.0,0.0,0.0,2.0,400.0,-0.17372508728688155,0.5611646959685037,0
3384,1.0,1.0,0.0,0.0,0.0,0.0,6.0,2.0,0.022569557040015564,5.0,4.0,2.0,5.0,0.0,0.0,0.0,4.0,400.0,-1.43758265368194,-1.7334325585385617,0
498,1.0,1.0,1.0,0.0,0.0,0.0,13.0,1.0,0.36215059342369804,0.0,4.0,1.0,6.0,0.0,0.0,0.0,3.0,400.0,0.37921259801095647,0.5611646959685037,0
11306,1.0,1.0,1.0,0.0,0.0,0.0,2.0,1.0,0.3234321291912575,2.0,4.0,3.0,5.0,0.0,0.0,0.0,4.0,400.0,-0.410698380985955,0.5611646959685037,0
1449,0.0,1.0,1.0,0.0,0.0,0.0,17.0,1.0,0.2649977300732862,5.0,4.0,0.0,7.0,2.0,4.0,1.0,3.0,400.0,-0.09473398938719041,0.5611646959685037,0
13296,1.0,1.0,1.0,0.0,0.0,0.0,17.0,1.0,0.2649977300732862,1.0,4.0,1.0,6.0,0.0,0.0,0.0,3.0,400.0,0.14223930431188306,0.6021396469418442,0
12916,1.0,1.0,1.0,0.0,0.0,0.0,17.0,1.0,0.3234321291912575,1.0,4.0,0.0,6.0,0.0,0.0,0.0,4.0,400.0,0.06324820641219189,0.5611646959685037,0
8241,1.0,1.0,1.0,0.0,0.0,0.0,13.0,1.0,0.2649977300732862,1.0,4.0,0.0,4.0,0.0,0.0,0.0,4.0,400.0,-0.09473398938719041,0.6840895488885251,0
2608,1.0,1.0,0.0,0.0,0.0,0.0,17.0,1.0,0.3234321291912575,1.0,4.0,3.0,6.0,2.0,0.0,0.0,4.0,400.0,0.2212304022115742,0.6021396469418442,0
1609,1.0,1.0,1.0,0.0,0.0,0.0,9.0,1.0,0.2649977300732862,2.0,4.0,2.0,7.0,0.0,0.0,0.0,4.0,400.0,1.0901324791081768,-1.6924576075652213,0
7586,1.0,0.0,1.0,0.0,0.0,0.0,17.0,1.0,0.2649977300732862,1.0,4.0,0.0,5.0,0.0,0.0,0.0,1.0,400.0,0.37921259801095647,-1.5695327546452,0
10863,1.0,0.0,1.0,0.0,0.0,0.0,13.0,1.0,0.3234321291912575,1.0,4.0,2.0,6.0,0.0,0.0,0.0,4.0,400.0,-0.17372508728688155,0.5611646959685037,0
8305,1.0,0.0,1.0,0.0,0.0,0.0,13.0,2.0,0.3234321291912575,1.0,4.0,0.0,4.0,0.0,0.0,0.0,4.0,400.0,-0.6476716746850284,0.6021396469418442,0
6069,1.0,1.0,1.0,0.0,0.0,0.0,12.0,1.0,0.2649977300732862,5.0,4.0,3.0,7.0,1.0,0.0,0.0,3.0,400.0,0.5371947938103387,0.6021396469418442,0
7609,1.0,1.0,0.0,0.0,0.0,0.0,2.0,1.0,0.3234321291912575,2.0,4.0,3.0,7.0,3.0,0.0,0.0,2.0,400.0,1.169123577007868,0.5611646959685037,0
15011,0.0,1.0,1.0,0.0,0.0,0.0,13.0,1.0,0.3234321291912575,2.0,4.0,2.0,7.0,0.0,0.0,0.0,1.0,400.0,1.6430701644060148,0.5611646959685037,0
4461,1.0,1.0,1.0,0.0,0.0,0.0,17.0,1.0,0.36215059342369804,1.0,4.0,1.0,6.0,2.0,0.0,0.0,1.0,400.0,1.0901324791081768,0.6431145979151847,1
373,1.0,1.0,0.0,0.0,0.0,0.0,9.0,1.0,0.3234321291912575,1.0,4.0,1.0,6.0,2.0,0.0,0.0,4.0,400.0,-0.2527161851865727,0.5611646959685037,0
1122,1.0,1.0,0.0,0.0,0.0,0.0,2.0,1.0,0.36215059342369804,3.0,4.0,3.0,6.0,3.0,3.0,0.0,2.0,500.0,0.45820369591064763,0.6021396469418442,0
7777,1.0,1.0,1.0,0.0,0.0,0.0,17.0,1.0,0.3234321291912575,1.0,4.0,3.0,6.0,0.0,0.0,0.0,3.0,400.0,0.06324820641219189,0.5611646959685037,0
12314,1.0,1.0,0.0,0.0,0.0,0.0,9.0,1.0,0.2649977300732862,1.0,4.0,2.0,7.0,2.0,0.0,0.0,4.0,400.0,0.45820369591064763,0.6021396469418442,0
9517,1.0,1.0,1.0,0.0,0.0,0.0,17.0,1.0,0.36215059342369804,1.0,4.0,1.0,5.0,1.0,0.0,0.0,2.0,400.0,-0.6476716746850284,-1.7744075095119023,1
1777,0.0,1.0,0.0,0.0,0.0,0.0,18.0,2.0,0.36215059342369804,1.0,4.0,2.0,5.0,3.0,0.0,0.0,4.0,400.0,-0.6476716746850284,0.5611646959685037,0
9043,1.0,1.0,1.0,0.0,0.0,0.0,17.0,2.0,0.36215059342369804,1.0,4.0,2.0,4.0,0.0,0.0,0.0,4.0,400.0,-0.6476716746850284,0.5611646959685037,0
15293,1.0,1.0,1.0,0.0,0.0,0.0,9.0,1.0,0.3234321291912575,1.0,4.0,2.0,6.0,1.0,0.0,0.0,3.0,400.0,0.30022150011126536,0.5611646959685037,0
5412,1.0,1.0,1.0,0.0,0.0,0.0,13.0,1.0,0.2649977300732862,1.0,4.0,0.0,7.0,1.0,0.0,0.0,3.0,400.0,0.6951769896097211,0.5611646959685037,0
5671,1.0,1.0,1.0,0.0,0.0,0.0,13.0,1.0,0.2649977300732862,1.0,4.0,2.0,7.0,2.0,0.0,0.0,1.0,400.0,0.5371947938103387,0.6021396469418442,0
12002,1.0,1.0,1.0,0.0,0.0,0.0,9.0,1.0,0.36215059342369804,2.0,4.0,0.0,6.0,0.0,0.0,0.0,4.0,400.0,-0.2527161851865727,0.6021396469418442,1
12640,1.0,1.0,1.0,0.0,0.0,0.0,2.0,1.0,0.36215059342369804,5.0,4.0,1.0,3.0,0.0,0.0,0.0,2.0,400.0,0.6161858917100299,0.5611646959685037,0
7270,1.0,1.0,1.0,0.0,0.0,0.0,6.0,1.0,0.2649977300732862,5.0,4.0,1.0,0.0,0.0,0.0,0.0,4.0,400.0,1.6430701644060148,0.5611646959685037,0
4242,1.0,1.0,1.0,1.0,0.0,0.0,17.0,1.0,0.36215059342369804,1.0,4.0,0.0,5.0,0.0,0.0,0.0,4.0,400.0,-1.1216182620831754,0.5611646959685037,0
9324,0.0,0.0,1.0,0.0,0.0,0.0,13.0,2.0,0.2649977300732862,1.0,4.0,1.0,5.0,2.0,0.0,0.0,3.0,400.0,-0.6476716746850284,-1.8563574114585832,0
7301,0.0,1.0,1.0,0.0,0.0,0.0,17.0,1.0,0.36215059342369804,2.0,4.0,1.0,6.0,3.0,0.0,0.0,1.0,400.0,-0.17372508728688155,0.6021396469418442,0
14487,1.0,1.0,1.0,0.0,0.0,1.0,6.0,1.0,0.36215059342369804,5.0,4.0,2.0,6.0,0.0,0.0,0.0,4.0,400.0,0.6951769896097211,0.5611646959685037,0
6684,1.0,1.0,0.0,0.0,0.0,0.0,2.0,1.0,0.36215059342369804,5.0,4.0,3.0,7.0,3.0,0.0,0.0,3.0,400.0,-0.17372508728688155,0.5611646959685037,0
8040,1.0,1.0,1.0,0.0,0.0,0.0,13.0,1.0,0.3234321291912575,2.0,4.0,1.0,4.0,1.0,0.0,0.0,4.0,400.0,-0.4896894788856461,0.5611646959685037,0
14257,1.0,0.0,1.0,0.0,0.0,0.0,9.0,1.0,0.36215059342369804,1.0,4.0,0.0,5.0,3.0,0.0,0.0,3.0,400.0,-0.8846449683841019,0.5611646959685037,0
95,1.0,1.0,0.0,0.0,0.0,0.0,6.0,1.0,0.36215059342369804,2.0,4.0,0.0,7.0,3.0,0.0,0.0,4.0,400.0,1.6430701644060148,0.5611646959685037,0
10734,1.0,1.0,1.0,0.0,0.0,0.0,17.0,2.0,0.2649977300732862,5.0,4.0,0.0,6.0,3.0,0.0,0.0,1.0,400.0,-0.6476716746850284,-1.8563574114585832,0
8471,1.0,1.0,1.0,0.0,0.0,0.0,2.0,1.0,0.2649977300732862,1.0,4.0,0.0,5.0,0.0,0.0,0.0,1.0,400.0,-0.6476716746850284,0.6021396469418442,0
13874,1.0,1.0,1.0,0.0,0.0,0.0,6.0,2.0,0.3234321291912575,5.0,4.0,3.0,0.0,0.0,0.0,0.0,1.0,400.0,-1.8325381431803958,0.5611646959685037,0
7956,0.0,1.0,1.0,0.0,0.0,0.0,17.0,1.0,0.36215059342369804,1.0,4.0,0.0,6.0,1.0,0.0,0.0,3.0,400.0,1.0111413812084857,0.5611646959685037,0
6581,0.0,1.0,1.0,0.0,0.0,0.0,13.0,2.0,0.36215059342369804,2.0,4.0,0.0,6.0,2.0,0.0,0.0,3.0,400.0,-0.8056538704844107,0.6021396469418442,0
3203,1.0,1.0,1.0,0.0,0.0,0.0,17.0,1.0,0.36215059342369804,1.0,4.0,2.0,6.0,3.0,0.0,0.0,3.0,400.0,-0.8056538704844107,0.5611646959685037,0
151,1.0,1.0,1.0,0.0,0.0,0.0,13.0,2.0,0.3234321291912575,2.0,4.0,3.0,4.0,2.0,0.0,0.0,4.0,400.0,-1.3585915557822488,0.5611646959685037,0
12989,1.0,1.0,1.0,0.0,0.0,0.0,17.0,2.0,0.3234321291912575,1.0,4.0,2.0,5.0,1.0,0.0,0.0,2.0,400.0,-0.9636360662837931,0.5611646959685037,0
13778,1.0,1.0,1.0,0.0,0.0,0.0,6.0,2.0,0.36215059342369804,1.0,4.0,0.0,5.0,0.0,0.0,0.0,4.0,400.0,-0.6476716746850284,0.5611646959685037,0
5800,1.0,1.0,1.0,0.0,0.0,0.0,13.0,1.0,0.022050716648291068,5.0,4.0,2.0,7.0,1.0,0.0,0.0,1.0,400.0,1.169123577007868,0.5611646959685037,0
3805,1.0,1.0,1.0,0.0,0.0,0.0,13.0,1.0,0.3234321291912575,1.0,4.0,2.0,6.0,0.0,0.0,0.0,3.0,400.0,-0.33170728308626385,0.5611646959685037,0
13655,1.0,1.0,0.0,0.0,0.0,0.0,2.0,1.0,0.022050716648291068,5.0,4.0,2.0,6.0,0.0,0.0,0.0,2.0,400.0,-0.17372508728688155,-1.7744075095119023,0
13572,1.0,1.0,0.0,0.0,0.0,0.0,17.0,1.0,0.2649977300732862,1.0,4.0,0.0,7.0,3.0,0.0,0.0,4.0,400.0,1.4850879686066325,0.6021396469418442,0
2140,1.0,1.0,1.0,0.0,0.0,0.0,2.0,2.0,0.2649977300732862,1.0,4.0,2.0,5.0,0.0,0.0,0.0,2.0,400.0,-0.410698380985955,-1.7744075095119023,1
6324,1.0,1.0,1.0,0.0,0.0,0.0,13.0,2.0,0.36215059342369804,2.0,4.0,0.0,5.0,0.0,0.0,0.0,2.0,400.0,-0.8846449683841019,0.6021396469418442,0
11384,1.0,1.0,1.0,0.0,0.0,0.0,6.0,2.0,0.3234321291912575,1.0,4.0,2.0,6.0,1.0,0.0,0.0,1.0,400.0,0.2212304022115742,0.5611646959685037,0
7534,1.0,1.0,1.0,0.0,0.0,0.0,6.0,1.0,0.3234321291912575,1.0,4.0,1.0,6.0,1.0,0.0,0.0,1.0,400.0,-0.015742891487499255,0.5611646959685037,0
7755,1.0,1.0,0.0,0.0,0.0,0.0,6.0,1.0,0.2649977300732862,1.0,4.0,2.0,7.0,3.0,0.0,0.0,2.0,400.0,1.6430701644060148,0.5611646959685037,0
2992,0.0,1.0,1.0,0.0,0.0,0.0,9.0,1.0,0.36215059342369804,2.0,4.0,0.0,6.0,0.0,0.0,2.0,4.0,400.0,0.30022150011126536,-1.7744075095119023,0
84,1.0,1.0,1.0,0.0,0.0,0.0,6.0,2.0,0.3234321291912575,5.0,4.0,3.0,0.0,0.0,4.0,1.0,2.0,400.0,-1.8325381431803958,-1.6924576075652213,0
6507,1.0,1.0,0.0,0.0,0.0,0.0,13.0,1.0,0.36215059342369804,1.0,4.0,0.0,7.0,0.0,0.0,0.0,2.0,400.0,1.2481146749075591,0.6021396469418442,0
2510,1.0,1.0,1.0,0.0,0.0,0.0,13.0,1.0,0.022050716648291068,3.0,4.0,1.0,7.0,0.0,0.0,0.0,3.0,700.0,0.6951769896097211,0.5611646959685037,0
14051,1.0,1.0,0.0,0.0,0.0,1.0,2.0,1.0,0.36215059342369804,2.0,4.0,1.0,7.0,3.0,0.0,0.0,1.0,400.0,0.06324820641219189,0.6021396469418442,0
11815,1.0,1.0,1.0,0.0,0.0,0.0,17.0,1.0,0.3234321291912575,2.0,4.0,3.0,6.0,2.0,0.0,0.0,3.0,400.0,0.37921259801095647,0.5611646959685037,0
2549,1.0,1.0,1.0,0.0,0.0,0.0,6.0,1.0,0.36215059342369804,1.0,4.0,2.0,6.0,0.0,3.0,0.0,1.0,500.0,0.30022150011126536,-0.586133931285029,0
6563,1.0,1.0,1.0,0.0,0.0,0.0,13.0,1.0,0.2649977300732862,2.0,4.0,0.0,6.0,0.0,0.0,0.0,2.0,400.0,-0.8056538704844107,-1.7744075095119023,0
2248,1.0,1.0,1.0,0.0,0.0,0.0,17.0,2.0,0.36215059342369804,1.0,4.0,0.0,5.0,2.0,0.0,0.0,3.0,400.0,-0.8846449683841019,0.6021396469418442,0
7318,1.0,1.0,0.0,0.0,0.0,0.0,6.0,1.0,0.3234321291912575,5.0,4.0,3.0,7.0,3.0,0.0,0.0,1.0,400.0,0.9321502833087946,-1.8563574114585832,0
13429,0.0,1.0,0.0,0.0,0.0,0.0,2.0,1.0,0.0013619560282768014,5.0,4.0,2.0,6.0,3.0,0.0,0.0,1.0,400.0,-0.2527161851865727,0.6021396469418442,0
5833,1.0,1.0,1.0,0.0,0.0,0.0,18.0,1.0,0.3234321291912575,1.0,4.0,2.0,6.0,0.0,0.0,0.0,3.0,400.0,1.4060968707069414,0.5611646959685037,0
6184,1.0,1.0,0.0,0.0,0.0,0.0,13.0,1.0,0.2649977300732862,2.0,4.0,0.0,7.0,0.0,0.0,0.0,4.0,400.0,0.37921259801095647,0.5611646959685037,0
8221,1.0,1.0,0.0,0.0,0.0,0.0,0.0,1.0,0.36215059342369804,1.0,4.0,1.0,6.0,2.0,0.0,0.0,3.0,400.0,-0.2527161851865727,0.5611646959685037,0
5507,1.0,0.0,1.0,0.0,0.0,0.0,17.0,1.0,0.36215059342369804,1.0,4.0,1.0,6.0,0.0,3.0,0.0,4.0,500.0,0.5371947938103387,0.5611646959685037,0
4577,1.0,0.0,1.0,0.0,0.0,0.0,9.0,1.0,0.36215059342369804,1.0,4.0,2.0,3.0,2.0,4.0,1.0,2.0,400.0,-0.9636360662837931,0.5611646959685037,1
14539,1.0,1.0,1.0,0.0,0.0,0.0,13.0,1.0,0.2649977300732862,1.0,4.0,1.0,7.0,0.0,0.0,0.0,4.0,400.0,1.0901324791081768,0.6021396469418442,0
1148,1.0,1.0,1.0,0.0,0.0,0.0,17.0,1.0,0.36215059342369804,1.0,4.0,0.0,6.0,1.0,0.0,2.0,1.0,400.0,-0.7266627725847196,0.6021396469418442,0
3562,1.0,1.0,1.0,0.0,0.0,0.0,17.0,1.0,0.36215059342369804,0.0,4.0,0.0,7.0,0.0,0.0,0.0,2.0,400.0,2.196007849703853,-1.6924576075652213,0
11395,1.0,0.0,1.0,0.0,0.0,0.0,17.0,1.0,0.3234321291912575,5.0,4.0,1.0,6.0,2.0,0.0,0.0,1.0,400.0,-0.4896894788856461,0.5611646959685037,0
5555,1.0,1.0,1.0,0.0,0.0,0.0,6.0,2.0,0.36215059342369804,5.0,4.0,2.0,6.0,3.0,0.0,0.0,3.0,400.0,-0.2527161851865727,-1.7334325585385617,0
9088,1.0,1.0,1.0,0.0,0.0,0.0,6.0,1.0,0.3234321291912575,1.0,4.0,2.0,5.0,1.0,0.0,0.0,1.0,400.0,-0.8846449683841019,0.6021396469418442,0
5471,1.0,1.0,1.0,0.0,0.0,0.0,9.0,2.0,0.36215059342369804,1.0,4.0,0.0,7.0,2.0,0.0,0.0,3.0,400.0,0.6161858917100299,0.6021396469418442,0
11404,1.0,1.0,1.0,0.0,0.0,0.0,6.0,1.0,0.36215059342369804,1.0,4.0,2.0,7.0,2.0,0.0,0.0,2.0,400.0,2.274998947603544,0.6431145979151847,0
2750,1.0,1.0,0.0,0.0,0.0,0.0,17.0,2.0,0.36215059342369804,1.0,4.0,1.0,4.0,0.0,4.0,1.0,3.0,400.0,-1.1216182620831754,0.6021396469418442,0
10383,1.0,1.0,1.0,0.0,0.0,0.0,6.0,2.0,0.022569557040015564,5.0,4.0,2.0,4.0,0.0,0.0,0.0,2.0,400.0,-1.7535470452807045,-1.8153824604852427,1
5498,0.0,1.0,1.0,0.0,0.0,0.0,13.0,1.0,0.36215059342369804,1.0,4.0,2.0,5.0,2.0,0.0,0.0,1.0,400.0,-0.015742891487499255,0.5611646959685037,0
3462,1.0,1.0,1.0,0.0,0.0,0.0,17.0,2.0,0.3234321291912575,1.0,4.0,0.0,6.0,0.0,0.0,0.0,4.0,400.0,-0.33170728308626385,0.5611646959685037,0
14232,1.0,1.0,1.0,0.0,0.0,0.0,0.0,1.0,0.3234321291912575,2.0,4.0,1.0,6.0,2.0,0.0,0.0,4.0,400.0,0.14223930431188306,-1.6924576075652213,0
13916,1.0,1.0,1.0,0.0,0.0,0.0,2.0,1.0,0.3234321291912575,3.0,4.0,2.0,7.0,0.0,0.0,0.0,2.0,400.0,-0.17372508728688155,0.5611646959685037,0
13598,1.0,1.0,1.0,0.0,0.0,0.0,17.0,1.0,0.3234321291912575,1.0,4.0,1.0,5.0,2.0,0.0,0.0,1.0,400.0,0.6161858917100299,0.6021396469418442,0
2844,1.0,1.0,0.0,0.0,0.0,0.0,2.0,2.0,0.36215059342369804,5.0,4.0,2.0,4.0,3.0,0.0,0.0,3.0,400.0,-0.8056538704844107,0.5611646959685037,0
10543,1.0,1.0,1.0,0.0,0.0,0.0,17.0,1.0,0.2649977300732862,0.0,4.0,0.0,7.0,0.0,0.0,0.0,2.0,400.0,1.8800434581050884,0.6021396469418442,0
572,1.0,1.0,1.0,0.0,0.0,0.0,9.0,1.0,0.2649977300732862,2.0,4.0,0.0,5.0,0.0,0.0,0.0,4.0,400.0,-0.5686805767853373,0.6021396469418442,0
8350,1.0,1.0,1.0,0.0,0.0,0.0,6.0,1.0,0.36215059342369804,1.0,4.0,3.0,4.0,2.0,0.0,0.0,2.0,400.0,-0.6476716746850284,0.6431145979151847,0
7118,1.0,1.0,1.0,0.0,0.0,1.0,13.0,2.0,0.3234321291912575,2.0,4.0,2.0,5.0,0.0,0.0,0.0,3.0,400.0,-0.410698380985955,-1.6105077056185404,0
10670,1.0,1.0,1.0,0.0,0.0,0.0,16.0,1.0,0.36215059342369804,3.0,4.0,2.0,6.0,3.0,0.0,0.0,2.0,400.0,-0.2527161851865727,0.6431145979151847,0
11563,1.0,1.0,0.0,0.0,0.0,0.0,9.0,1.0,0.36215059342369804,5.0,4.0,2.0,6.0,1.0,0.0,0.0,3.0,400.0,-0.5686805767853373,0.6021396469418442,0
5384,1.0,1.0,0.0,0.0,0.0,0.0,17.0,2.0,0.3234321291912575,1.0,4.0,2.0,6.0,0.0,0.0,0.0,2.0,400.0,-0.410698380985955,0.5611646959685037,0
7941,1.0,0.0,1.0,0.0,0.0,0.0,2.0,2.0,0.36215059342369804,1.0,4.0,2.0,6.0,2.0,0.0,0.0,1.0,400.0,-0.6476716746850284,0.6021396469418442,0
7660,0.0,1.0,1.0,0.0,0.0,1.0,2.0,2.0,0.36215059342369804,2.0,4.0,2.0,4.0,2.0,0.0,0.0,3.0,400.0,-1.2796004578825577,0.5611646959685037,0
813,1.0,1.0,1.0,1.0,0.0,0.0,9.0,1.0,0.36215059342369804,1.0,4.0,2.0,6.0,0.0,0.0,0.0,1.0,400.0,0.2212304022115742,-1.6924576075652213,1
5830,1.0,1.0,0.0,0.0,0.0,0.0,13.0,2.0,0.2649977300732862,1.0,4.0,2.0,6.0,1.0,0.0,0.0,3.0,400.0,0.2212304022115742,-1.8153824604852427,0
6763,1.0,1.0,1.0,0.0,0.0,1.0,0.0,1.0,0.36215059342369804,2.0,4.0,1.0,6.0,1.0,0.0,0.0,3.0,400.0,-0.8846449683841019,0.6021396469418442,0
3396,0.0,1.0,1.0,0.0,0.0,0.0,13.0,1.0,0.36215059342369804,1.0,4.0,1.0,7.0,0.0,0.0,0.0,1.0,400.0,1.6430701644060148,0.5611646959685037,0
10188,1.0,1.0,0.0,0.0,0.0,0.0,13.0,1.0,0.36215059342369804,1.0,4.0,0.0,7.0,3.0,0.0,0.0,2.0,400.0,1.9590345560047795,-1.8153824604852427,0
7056,1.0,1.0,1.0,0.0,0.0,0.0,5.0,1.0,0.36215059342369804,3.0,4.0,3.0,6.0,2.0,0.0,0.0,3.0,400.0,-1.0426271641834841,0.5611646959685037,0
9831,1.0,1.0,1.0,0.0,0.0,0.0,9.0,2.0,0.3234321291912575,2.0,4.0,2.0,5.0,2.0,0.0,0.0,2.0,400.0,-1.0426271641834841,0.7250644998618656,0
6864,1.0,1.0,0.0,0.0,0.0,0.0,17.0,2.0,0.36215059342369804,1.0,4.0,0.0,5.0,3.0,0.0,0.0,3.0,400.0,-0.6476716746850284,0.5611646959685037,0
14671,1.0,1.0,0.0,0.0,0.0,0.0,2.0,1.0,0.2649977300732862,4.0,4.0,1.0,6.0,0.0,0.0,0.0,4.0,400.0,-0.6476716746850284,0.6021396469418442,0
15242,1.0,1.0,1.0,0.0,0.0,0.0,6.0,2.0,0.3234321291912575,5.0,4.0,0.0,0.0,0.0,0.0,0.0,3.0,400.0,-1.8325381431803958,0.6021396469418442,0
2056,1.0,1.0,1.0,0.0,0.0,0.0,18.0,1.0,0.36215059342369804,1.0,4.0,1.0,7.0,3.0,0.0,0.0,4.0,400.0,0.2212304022115742,0.5611646959685037,0
10440,1.0,0.0,1.0,0.0,0.0,0.0,9.0,2.0,0.36215059342369804,1.0,4.0,0.0,5.0,1.0,0.0,0.0,2.0,400.0,-0.8056538704844107,0.5611646959685037,1
10898,1.0,1.0,1.0,0.0,0.0,0.0,0.0,1.0,0.022050716648291068,5.0,4.0,0.0,6.0,0.0,4.0,1.0,3.0,400.0,-1.1216182620831754,0.5611646959685037,1
588,1.0,1.0,0.0,0.0,0.0,0.0,9.0,2.0,0.36215059342369804,1.0,4.0,0.0,6.0,1.0,4.0,1.0,2.0,400.0,-0.410698380985955,0.6021396469418442,0
3749,1.0,1.0,1.0,0.0,0.0,0.0,2.0,2.0,0.2649977300732862,1.0,4.0,2.0,6.0,3.0,0.0,0.0,2.0,400.0,-0.015742891487499255,-1.8563574114585832,0
10899,1.0,0.0,1.0,0.0,0.0,0.0,3.0,2.0,0.3234321291912575,2.0,4.0,1.0,6.0,1.0,0.0,0.0,1.0,400.0,-0.6476716746850284,0.5611646959685037,0
15107,1.0,1.0,1.0,0.0,0.0,1.0,17.0,2.0,0.36215059342369804,1.0,4.0,1.0,6.0,1.0,0.0,0.0,3.0,400.0,-0.4896894788856461,0.5611646959685037,0
1060,0.0,0.0,1.0,0.0,0.0,0.0,17.0,1.0,0.2649977300732862,0.0,4.0,0.0,4.0,2.0,0.0,0.0,1.0,400.0,-0.410698380985955,0.6021396469418442,0
898,1.0,1.0,0.0,0.0,0.0,0.0,18.0,1.0,0.36215059342369804,3.0,4.0,2.0,7.0,0.0,0.0,0.0,1.0,400.0,0.7741680875094122,0.6021396469418442,0
4002,1.0,1.0,0.0,0.0,0.0,0.0,9.0,2.0,0.3234321291912575,1.0,4.0,3.0,5.0,3.0,0.0,0.0,1.0,400.0,-1.0426271641834841,-1.8563574114585832,0
3452,1.0,1.0,1.0,0.0,0.0,0.0,2.0,1.0,0.36215059342369804,5.0,4.0,2.0,6.0,2.0,0.0,0.0,4.0,400.0,0.14223930431188306,-1.8153824604852427,0
5750,1.0,0.0,1.0,0.0,0.0,0.0,17.0,1.0,0.36215059342369804,1.0,4.0,2.0,4.0,2.0,0.0,0.0,4.0,400.0,-0.17372508728688155,-1.7744075095119023,0
8398,1.0,1.0,0.0,1.0,0.0,0.0,13.0,1.0,0.36215059342369804,1.0,4.0,1.0,5.0,1.0,0.0,0.0,2.0,400.0,1.4850879686066325,0.5611646959685037,0
6266,1.0,1.0,1.0,0.0,0.0,0.0,9.0,1.0,0.36215059342369804,1.0,4.0,2.0,6.0,0.0,0.0,0.0,1.0,400.0,1.3271057728072504,-1.6924576075652213,0
4127,1.0,1.0,1.0,0.0,0.0,0.0,13.0,1.0,0.3234321291912575,2.0,4.0,2.0,7.0,0.0,0.0,0.0,1.0,400.0,1.2481146749075591,-1.7334325585385617,0
13935,1.0,1.0,1.0,0.0,0.0,0.0,0.0,1.0,0.2649977300732862,2.0,4.0,0.0,7.0,0.0,0.0,0.0,3.0,400.0,0.7741680875094122,0.6021396469418442,0
13032,1.0,1.0,1.0,0.0,0.0,0.0,9.0,1.0,0.36215059342369804,1.0,4.0,3.0,7.0,0.0,0.0,0.0,2.0,400.0,1.8800434581050884,0.5611646959685037,0
10995,1.0,1.0,1.0,1.0,0.0,0.0,9.0,1.0,0.36215059342369804,2.0,4.0,0.0,6.0,1.0,0.0,0.0,3.0,400.0,-0.8846449683841019,0.5611646959685037,0
10714,1.0,1.0,1.0,0.0,0.0,0.0,9.0,1.0,0.3234321291912575,2.0,4.0,2.0,5.0,0.0,0.0,0.0,1.0,400.0,0.7741680875094122,0.6021396469418442,0
2268,1.0,1.0,1.0,0.0,0.0,0.0,17.0,1.0,0.3234321291912575,2.0,4.0,2.0,6.0,0.0,0.0,0.0,2.0,400.0,-0.2527161851865727,0.5611646959685037,0
8935,1.0,1.0,1.0,0.0,0.0,0.0,6.0,1.0,0.2649977300732862,0.0,4.0,0.0,6.0,0.0,0.0,0.0,4.0,400.0,0.6951769896097211,0.6021396469418442,0
15339,1.0,1.0,0.0,0.0,0.0,0.0,0.0,2.0,0.2649977300732862,5.0,4.0,2.0,7.0,3.0,0.0,0.0,2.0,400.0,1.2481146749075591,0.6021396469418442,0
11360,1.0,1.0,1.0,0.0,0.0,0.0,2.0,1.0,0.3234321291912575,5.0,4.0,2.0,7.0,0.0,4.0,1.0,1.0,400.0,1.8010523602053972,-1.8153824604852427,0
8646,0.0,1.0,0.0,0.0,0.0,0.0,6.0,2.0,0.3234321291912575,5.0,4.0,2.0,0.0,0.0,0.0,0.0,3.0,400.0,-1.8325381431803958,0.6021396469418442,0
9989,1.0,1.0,1.0,0.0,0.0,0.0,6.0,2.0,0.3234321291912575,1.0,4.0,0.0,5.0,0.0,0.0,0.0,2.0,400.0,-1.0426271641834841,0.5611646959685037,0
1285,1.0,0.0,1.0,1.0,0.0,0.0,5.0,2.0,0.3234321291912575,2.0,4.0,2.0,5.0,0.0,0.0,0.0,1.0,400.0,-0.33170728308626385,0.6431145979151847,0
7520,1.0,1.0,1.0,0.0,0.0,0.0,13.0,1.0,0.2649977300732862,1.0,4.0,1.0,5.0,0.0,0.0,0.0,2.0,400.0,-0.8846449683841019,-1.8153824604852427,1
13694,1.0,1.0,1.0,0.0,0.0,0.0,17.0,1.0,0.2649977300732862,2.0,4.0,2.0,4.0,0.0,0.0,0.0,1.0,400.0,-0.410698380985955,0.5611646959685037,0
0,1.0,0.0,1.0,0.0,0.0,0.0,6.0,2.0,6.485504896556197e-05,5.0,4.0,0.0,2.0,0.0,2.0,2.0,1.0,300.0,-1.516573751581631,-1.8563574114585832,0
725,1.0,1.0,0.0,0.0,0.0,0.0,6.0,2.0,0.36215059342369804,1.0,4.0,0.0,3.0,0.0,0.0,0.0,1.0,400.0,-1.7535470452807045,0.6021396469418442,0
7564,1.0,1.0,1.0,0.0,0.0,0.0,13.0,1.0,0.2649977300732862,0.0,4.0,0.0,7.0,3.0,0.0,0.0,1.0,400.0,2.4329811434029263,0.5611646959685037,0
8240,1.0,1.0,1.0,0.0,0.0,0.0,5.0,1.0,0.3234321291912575,2.0,4.0,3.0,7.0,3.0,0.0,2.0,4.0,400.0,0.5371947938103387,0.5611646959685037,0
2901,1.0,1.0,1.0,0.0,0.0,0.0,13.0,1.0,0.3234321291912575,1.0,4.0,1.0,6.0,3.0,0.0,0.0,2.0,400.0,-0.17372508728688155,0.6021396469418442,0
5607,1.0,1.0,1.0,0.0,0.0,0.0,17.0,1.0,0.3234321291912575,1.0,4.0,2.0,6.0,0.0,0.0,0.0,4.0,400.0,0.7741680875094122,0.5611646959685037,0
3216,0.0,1.0,0.0,0.0,0.0,0.0,13.0,1.0,0.3234321291912575,1.0,4.0,3.0,7.0,3.0,0.0,0.0,4.0,400.0,0.5371947938103387,0.5611646959685037,0
8754,1.0,1.0,1.0,0.0,0.0,0.0,6.0,1.0,0.2649977300732862,1.0,4.0,2.0,6.0,0.0,0.0,0.0,3.0,400.0,-0.17372508728688155,0.6021396469418442,0
4813,1.0,1.0,1.0,0.0,0.0,0.0,9.0,1.0,0.3234321291912575,5.0,4.0,2.0,5.0,0.0,0.0,0.0,2.0,400.0,-0.8056538704844107,-1.8153824604852427,0
6221,0.0,1.0,1.0,0.0,0.0,0.0,6.0,1.0,0.3234321291912575,2.0,4.0,3.0,6.0,0.0,3.0,0.0,2.0,500.0,-0.09473398938719041,-1.3646579997784978,0
12644,0.0,1.0,1.0,0.0,0.0,0.0,6.0,1.0,0.2649977300732862,0.0,4.0,1.0,5.0,0.0,0.0,0.0,2.0,400.0,0.14223930431188306,-1.651482656591881,0
11514,1.0,1.0,1.0,0.0,0.0,0.0,13.0,2.0,0.2649977300732862,2.0,4.0,2.0,4.0,3.0,0.0,0.0,1.0,400.0,-0.7266627725847196,0.6021396469418442,0
5218,1.0,1.0,1.0,0.0,0.0,0.0,0.0,1.0,0.022050716648291068,5.0,4.0,0.0,7.0,0.0,0.0,0.0,2.0,400.0,-0.33170728308626385,-1.7744075095119023,1
8961,1.0,1.0,1.0,0.0,0.0,0.0,17.0,1.0,0.3234321291912575,1.0,4.0,2.0,5.0,2.0,0.0,0.0,2.0,400.0,-0.8056538704844107,0.6021396469418442,0
4112,1.0,1.0,1.0,0.0,0.0,0.0,13.0,1.0,0.3234321291912575,1.0,4.0,1.0,5.0,3.0,0.0,0.0,3.0,400.0,-1.1216182620831754,0.5611646959685037,0
6829,1.0,0.0,1.0,0.0,0.0,0.0,17.0,1.0,0.3234321291912575,1.0,4.0,2.0,5.0,0.0,0.0,0.0,4.0,400.0,-0.4896894788856461,0.5611646959685037,0
8268,1.0,1.0,1.0,1.0,0.0,1.0,17.0,1.0,0.36215059342369804,5.0,4.0,2.0,6.0,0.0,0.0,0.0,4.0,400.0,-0.410698380985955,0.6840895488885251,0
5791,1.0,1.0,1.0,0.0,0.0,0.0,6.0,1.0,0.3234321291912575,1.0,4.0,3.0,6.0,0.0,0.0,0.0,2.0,400.0,0.14223930431188306,0.6021396469418442,0
8441,1.0,1.0,0.0,0.0,0.0,0.0,13.0,1.0,0.2649977300732862,1.0,4.0,2.0,5.0,2.0,4.0,1.0,4.0,400.0,0.2212304022115742,0.6021396469418442,0
7023,1.0,1.0,1.0,0.0,0.0,0.0,15.0,1.0,0.2649977300732862,2.0,4.0,1.0,4.0,0.0,0.0,0.0,2.0,400.0,-0.7266627725847196,-1.8563574114585832,0
14902,1.0,1.0,1.0,0.0,0.0,0.0,5.0,1.0,0.36215059342369804,3.0,4.0,3.0,7.0,0.0,0.0,0.0,2.0,400.0,0.06324820641219189,0.5611646959685037,0
8526,1.0,1.0,1.0,0.0,0.0,0.0,9.0,1.0,0.3234321291912575,2.0,4.0,2.0,7.0,0.0,0.0,0.0,4.0,400.0,0.2212304022115742,-1.8563574114585832,0
14443,1.0,1.0,0.0,0.0,0.0,0.0,17.0,2.0,0.36215059342369804,1.0,4.0,0.0,6.0,0.0,0.0,0.0,2.0,400.0,-0.4896894788856461,0.5611646959685037,0
10235,1.0,1.0,0.0,0.0,0.0,0.0,17.0,1.0,0.2649977300732862,1.0,4.0,2.0,7.0,0.0,0.0,0.0,2.0,400.0,0.8531591854091034,-1.3236830488051572,0
4585,1.0,1.0,0.0,0.0,0.0,0.0,17.0,1.0,0.3234321291912575,1.0,4.0,2.0,6.0,3.0,0.0,0.0,2.0,400.0,-1.1216182620831754,0.5611646959685037,0
10999,1.0,1.0,1.0,0.0,0.0,0.0,6.0,2.0,0.022569557040015564,5.0,4.0,1.0,4.0,0.0,0.0,0.0,3.0,400.0,-1.2006093599828664,0.6021396469418442,1
12194,1.0,1.0,1.0,0.0,0.0,0.0,13.0,1.0,0.2649977300732862,0.0,4.0,0.0,6.0,0.0,0.0,0.0,3.0,400.0,0.30022150011126536,0.6021396469418442,0
13506,1.0,1.0,0.0,0.0,0.0,0.0,17.0,1.0,0.36215059342369804,1.0,4.0,1.0,7.0,0.0,0.0,0.0,1.0,400.0,1.0901324791081768,0.6431145979151847,0
14298,0.0,0.0,0.0,0.0,0.0,0.0,5.0,1.0,0.2649977300732862,2.0,4.0,1.0,6.0,1.0,0.0,0.0,1.0,400.0,-0.17372508728688155,0.6021396469418442,0
6839,1.0,1.0,1.0,0.0,0.0,0.0,13.0,1.0,0.36215059342369804,2.0,4.0,0.0,6.0,0.0,0.0,0.0,2.0,400.0,-0.9636360662837931,0.5611646959685037,0
11108,1.0,1.0,1.0,0.0,0.0,0.0,6.0,1.0,0.2649977300732862,2.0,4.0,1.0,7.0,0.0,4.0,1.0,2.0,400.0,1.0111413812084857,0.6021396469418442,0
14496,1.0,1.0,1.0,0.0,0.0,0.0,2.0,1.0,0.36215059342369804,2.0,4.0,2.0,7.0,0.0,0.0,0.0,1.0,400.0,0.45820369591064763,0.5611646959685037,0
9860,1.0,1.0,1.0,0.0,0.0,0.0,9.0,2.0,0.36215059342369804,1.0,4.0,1.0,4.0,1.0,0.0,0.0,2.0,400.0,-1.516573751581631,0.5611646959685037,0
13204,1.0,1.0,1.0,0.0,0.0,0.0,17.0,1.0,0.3234321291912575,1.0,4.0,1.0,6.0,0.0,0.0,0.0,3.0,400.0,-0.17372508728688155,0.6021396469418442,0
12042,1.0,1.0,1.0,0.0,0.0,0.0,6.0,1.0,0.2649977300732862,5.0,4.0,2.0,0.0,0.0,0.0,0.0,2.0,400.0,-0.9636360662837931,0.5611646959685037,0
10377,1.0,1.0,0.0,0.0,0.0,0.0,9.0,1.0,0.36215059342369804,1.0,4.0,3.0,5.0,0.0,0.0,0.0,2.0,400.0,-1.1216182620831754,0.6021396469418442,0
1865,1.0,1.0,0.0,0.0,0.0,0.0,6.0,1.0,0.36215059342369804,1.0,4.0,2.0,6.0,0.0,0.0,0.0,4.0,400.0,-1.0426271641834841,0.5611646959685037,0
1559,1.0,1.0,0.0,0.0,0.0,0.0,6.0,1.0,0.36215059342369804,5.0,4.0,2.0,5.0,0.0,0.0,0.0,2.0,400.0,0.30022150011126536,0.6021396469418442,0
2190,1.0,1.0,1.0,0.0,0.0,0.0,9.0,1.0,0.3234321291912575,2.0,4.0,1.0,5.0,1.0,0.0,0.0,3.0,400.0,-1.1216182620831754,0.5611646959685037,0
15270,1.0,1.0,0.0,0.0,0.0,0.0,13.0,1.0,0.3234321291912575,5.0,4.0,3.0,6.0,3.0,0.0,0.0,3.0,400.0,-1.1216182620831754,0.6431145979151847,0
10316,1.0,1.0,1.0,0.0,0.0,0.0,17.0,1.0,0.36215059342369804,0.0,4.0,1.0,7.0,0.0,0.0,0.0,2.0,400.0,1.5640790665063238,-1.6924576075652213,0
10433,1.0,0.0,1.0,0.0,0.0,0.0,6.0,1.0,0.3234321291912575,1.0,4.0,2.0,4.0,3.0,0.0,0.0,1.0,400.0,-1.1216182620831754,-1.8153824604852427,0
722,1.0,1.0,1.0,0.0,0.0,0.0,6.0,2.0,0.3234321291912575,1.0,4.0,3.0,5.0,0.0,0.0,0.0,2.0,400.0,-0.9636360662837931,-1.7744075095119023,0
3293,1.0,1.0,1.0,0.0,0.0,0.0,9.0,1.0,0.3234321291912575,1.0,4.0,2.0,6.0,0.0,0.0,0.0,1.0,400.0,-0.7266627725847196,0.6021396469418442,0
9959,1.0,1.0,0.0,0.0,0.0,0.0,2.0,2.0,0.2649977300732862,5.0,4.0,1.0,7.0,2.0,0.0,0.0,1.0,400.0,1.4060968707069414,0.5611646959685037,0
7131,1.0,1.0,0.0,0.0,0.0,0.0,6.0,1.0,0.36215059342369804,1.0,4.0,1.0,6.0,0.0,0.0,0.0,1.0,400.0,-0.015742891487499255,0.6021396469418442,0
14510,1.0,1.0,1.0,0.0,0.0,1.0,9.0,1.0,0.3234321291912575,1.0,4.0,2.0,6.0,0.0,0.0,0.0,1.0,400.0,0.06324820641219189,-1.5285578036718594,0
8684,1.0,1.0,0.0,0.0,0.0,0.0,17.0,1.0,0.36215059342369804,1.0,4.0,1.0,5.0,0.0,0.0,0.0,3.0,400.0,-0.4896894788856461,0.5611646959685037,0
6761,1.0,1.0,1.0,1.0,0.0,0.0,9.0,1.0,0.36215059342369804,1.0,4.0,2.0,6.0,3.0,4.0,1.0,2.0,400.0,-0.410698380985955,-1.7334325585385617,0
3263,1.0,1.0,0.0,0.0,0.0,0.0,9.0,1.0,0.36215059342369804,2.0,4.0,0.0,6.0,0.0,3.0,0.0,1.0,500.0,-0.015742891487499255,0.6021396469418442,1
13385,0.0,1.0,1.0,0.0,0.0,0.0,6.0,2.0,0.36215059342369804,2.0,4.0,2.0,5.0,0.0,0.0,0.0,4.0,400.0,-0.410698380985955,0.6021396469418442,0
4860,1.0,0.0,0.0,0.0,0.0,0.0,13.0,1.0,0.3234321291912575,2.0,4.0,0.0,6.0,2.0,0.0,0.0,4.0,400.0,-0.33170728308626385,-1.651482656591881,0
4812,1.0,0.0,1.0,0.0,0.0,0.0,17.0,1.0,0.36215059342369804,1.0,4.0,2.0,4.0,0.0,0.0,0.0,2.0,400.0,-0.4896894788856461,0.5611646959685037,0
9503,1.0,0.0,0.0,0.0,0.0,0.0,13.0,2.0,0.2649977300732862,1.0,4.0,1.0,6.0,1.0,0.0,0.0,1.0,400.0,-1.0426271641834841,0.5611646959685037,0
1660,1.0,1.0,1.0,0.0,0.0,0.0,2.0,1.0,0.022050716648291068,5.0,4.0,2.0,7.0,1.0,0.0,0.0,3.0,400.0,1.5640790665063238,0.6021396469418442,0
4123,1.0,1.0,1.0,0.0,0.0,0.0,17.0,2.0,0.3234321291912575,1.0,4.0,2.0,4.0,2.0,0.0,0.0,2.0,400.0,-0.8846449683841019,0.5611646959685037,0
6236,1.0,1.0,1.0,0.0,0.0,0.0,13.0,1.0,0.2649977300732862,5.0,4.0,1.0,5.0,2.0,4.0,1.0,3.0,400.0,3.0649099266004556,-1.8563574114585832,0
9312,1.0,1.0,1.0,0.0,0.0,0.0,17.0,1.0,0.36215059342369804,1.0,4.0,1.0,5.0,0.0,0.0,0.0,1.0,400.0,-0.8056538704844107,-1.118808293938455,0
1819,1.0,0.0,1.0,0.0,0.0,0.0,13.0,2.0,0.36215059342369804,1.0,4.0,0.0,5.0,2.0,2.0,0.0,3.0,400.0,-0.4896894788856461,0.5611646959685037,0
5296,1.0,1.0,1.0,0.0,0.0,0.0,17.0,1.0,0.3234321291912575,1.0,4.0,3.0,4.0,2.0,0.0,0.0,1.0,400.0,0.8531591854091034,0.6021396469418442,0
14582,0.0,1.0,1.0,0.0,0.0,0.0,6.0,2.0,0.3234321291912575,5.0,4.0,0.0,0.0,0.0,0.0,0.0,3.0,400.0,-1.9115292410800868,-1.8153824604852427,0
7403,1.0,1.0,1.0,0.0,0.0,0.0,2.0,1.0,0.3234321291912575,1.0,4.0,2.0,6.0,1.0,0.0,0.0,4.0,400.0,0.14223930431188306,0.6431145979151847,0
170,1.0,1.0,1.0,0.0,0.0,0.0,13.0,2.0,0.2649977300732862,1.0,4.0,0.0,6.0,3.0,0.0,0.0,3.0,400.0,-0.6476716746850284,0.6021396469418442,0
3826,1.0,0.0,1.0,0.0,0.0,0.0,13.0,1.0,0.36215059342369804,1.0,4.0,3.0,6.0,1.0,0.0,0.0,3.0,400.0,-0.7266627725847196,-1.8153824604852427,0
8054,1.0,1.0,0.0,0.0,0.0,0.0,9.0,1.0,0.3234321291912575,1.0,4.0,2.0,6.0,3.0,0.0,0.0,1.0,400.0,-0.9636360662837931,0.6021396469418442,0
8175,0.0,1.0,1.0,0.0,0.0,0.0,13.0,1.0,0.3234321291912575,1.0,4.0,2.0,4.0,0.0,0.0,0.0,3.0,400.0,-0.8846449683841019,0.5611646959685037,0
8329,1.0,1.0,0.0,0.0,0.0,0.0,6.0,1.0,0.3234321291912575,1.0,4.0,1.0,7.0,0.0,0.0,0.0,2.0,400.0,0.9321502833087946,0.6021396469418442,0
7481,1.0,0.0,1.0,0.0,0.0,0.0,17.0,2.0,0.3234321291912575,1.0,4.0,3.0,4.0,1.0,0.0,0.0,3.0,400.0,0.14223930431188306,-1.7744075095119023,0
3738,1.0,1.0,1.0,0.0,0.0,0.0,13.0,1.0,0.2649977300732862,2.0,4.0,1.0,7.0,0.0,0.0,0.0,1.0,400.0,3.143901024500147,0.6021396469418442,0
13852,1.0,0.0,1.0,0.0,0.0,0.0,6.0,1.0,0.2649977300732862,1.0,4.0,2.0,6.0,3.0,0.0,0.0,1.0,400.0,-0.8846449683841019,0.5611646959685037,0
7685,1.0,1.0,1.0,0.0,0.0,0.0,2.0,2.0,0.36215059342369804,1.0,4.0,2.0,5.0,3.0,4.0,1.0,4.0,400.0,-1.1216182620831754,0.5611646959685037,0
3064,0.0,1.0,1.0,0.0,0.0,0.0,0.0,1.0,0.2649977300732862,2.0,4.0,0.0,6.0,0.0,0.0,0.0,1.0,400.0,-0.410698380985955,-1.8153824604852427,0
12871,0.0,1.0,0.0,0.0,0.0,0.0,6.0,2.0,0.2649977300732862,5.0,4.0,3.0,0.0,0.0,0.0,0.0,1.0,400.0,-1.9115292410800868,0.5611646959685037,0
6979,1.0,0.0,0.0,0.0,0.0,0.0,13.0,1.0,0.3234321291912575,1.0,4.0,2.0,4.0,1.0,0.0,0.0,1.0,400.0,-1.0426271641834841,0.5611646959685037,0
3475,1.0,1.0,0.0,0.0,0.0,0.0,5.0,1.0,0.36215059342369804,2.0,4.0,0.0,7.0,0.0,0.0,0.0,2.0,400.0,0.9321502833087946,0.6021396469418442,0
14722,1.0,1.0,0.0,1.0,0.0,0.0,2.0,1.0,0.36215059342369804,2.0,4.0,2.0,6.0,0.0,0.0,0.0,3.0,400.0,0.2212304022115742,-1.8153824604852427,0
3702,1.0,0.0,0.0,0.0,0.0,0.0,6.0,2.0,0.2649977300732862,0.0,4.0,2.0,6.0,2.0,0.0,0.0,1.0,400.0,-1.1216182620831754,0.5611646959685037,0
648,1.0,1.0,0.0,0.0,0.0,0.0,13.0,1.0,0.36215059342369804,1.0,4.0,3.0,7.0,3.0,0.0,0.0,2.0,400.0,1.169123577007868,0.5611646959685037,0
5891,1.0,0.0,1.0,0.0,0.0,0.0,2.0,2.0,0.3234321291912575,5.0,4.0,2.0,2.0,1.0,0.0,0.0,2.0,400.0,-0.410698380985955,0.6021396469418442,0
6350,1.0,1.0,0.0,0.0,0.0,0.0,6.0,1.0,0.3234321291912575,1.0,4.0,1.0,7.0,3.0,0.0,0.0,3.0,400.0,0.7741680875094122,0.5611646959685037,0
12277,1.0,1.0,1.0,0.0,0.0,0.0,17.0,1.0,0.36215059342369804,1.0,4.0,0.0,6.0,1.0,0.0,0.0,3.0,400.0,-1.0426271641834841,0.6021396469418442,1
2301,1.0,1.0,1.0,0.0,0.0,0.0,2.0,1.0,0.3234321291912575,3.0,4.0,2.0,7.0,0.0,0.0,0.0,1.0,400.0,0.8531591854091034,0.5611646959685037,0
12704,1.0,1.0,1.0,0.0,0.0,0.0,6.0,2.0,0.3234321291912575,5.0,4.0,2.0,0.0,0.0,4.0,1.0,3.0,400.0,-1.8325381431803958,0.5611646959685037,0
11264,1.0,1.0,1.0,0.0,0.0,0.0,17.0,1.0,0.36215059342369804,1.0,4.0,0.0,7.0,0.0,0.0,0.0,4.0,400.0,2.748945535001691,0.5611646959685037,0
6347,1.0,1.0,1.0,0.0,0.0,0.0,13.0,1.0,0.36215059342369804,1.0,4.0,0.0,6.0,3.0,0.0,0.0,2.0,400.0,0.5371947938103387,0.5611646959685037,0
7839,1.0,0.0,1.0,0.0,0.0,0.0,13.0,1.0,0.36215059342369804,2.0,4.0,2.0,6.0,0.0,0.0,0.0,4.0,400.0,-0.09473398938719041,-1.8153824604852427,0
14207,1.0,1.0,0.0,0.0,0.0,0.0,13.0,1.0,0.2649977300732862,1.0,4.0,1.0,7.0,0.0,0.0,0.0,4.0,400.0,2.0380256539044708,0.6021396469418442,0
14735,1.0,1.0,0.0,0.0,0.0,0.0,6.0,1.0,0.36215059342369804,1.0,4.0,2.0,1.0,3.0,0.0,0.0,4.0,400.0,-1.3585915557822488,0.5611646959685037,0
2672,1.0,1.0,1.0,0.0,0.0,0.0,9.0,2.0,0.36215059342369804,1.0,4.0,0.0,5.0,0.0,0.0,0.0,1.0,400.0,-0.8056538704844107,0.5611646959685037,0
13937,1.0,1.0,1.0,0.0,0.0,0.0,13.0,1.0,0.022050716648291068,3.0,4.0,1.0,7.0,3.0,0.0,0.0,1.0,400.0,2.196007849703853,-1.7744075095119023,0
1582,1.0,1.0,0.0,0.0,0.0,0.0,0.0,1.0,0.3234321291912575,2.0,4.0,2.0,6.0,2.0,0.0,0.0,2.0,400.0,-0.17372508728688155,-1.8563574114585832,0
10470,1.0,0.0,1.0,0.0,0.0,0.0,17.0,1.0,0.36215059342369804,1.0,4.0,0.0,6.0,3.0,0.0,0.0,1.0,400.0,1.169123577007868,0.5611646959685037,0
7243,1.0,1.0,1.0,0.0,0.0,0.0,6.0,2.0,0.36215059342369804,1.0,4.0,0.0,5.0,0.0,0.0,0.0,1.0,400.0,-0.6476716746850284,0.5611646959685037,0
6988,1.0,1.0,0.0,0.0,0.0,0.0,3.0,1.0,0.36215059342369804,1.0,1.0,1.0,6.0,0.0,0.0,0.0,3.0,400.0,0.7741680875094122,-0.9549084900450932,0
14757,1.0,1.0,1.0,0.0,0.0,0.0,0.0,2.0,0.022050716648291068,5.0,4.0,0.0,7.0,1.0,0.0,0.0,2.0,400.0,1.8010523602053972,0.6021396469418442,0
3272,1.0,1.0,1.0,0.0,0.0,0.0,13.0,1.0,0.3234321291912575,2.0,4.0,3.0,7.0,3.0,0.0,0.0,1.0,400.0,0.45820369591064763,-1.7744075095119023,0
2228,1.0,0.0,1.0,1.0,0.0,0.0,17.0,2.0,0.2649977300732862,0.0,4.0,2.0,6.0,1.0,0.0,0.0,3.0,400.0,-0.2527161851865727,-1.8563574114585832,0
4238,0.0,1.0,1.0,0.0,0.0,0.0,5.0,1.0,0.3234321291912575,2.0,4.0,0.0,7.0,3.0,0.0,0.0,2.0,400.0,0.37921259801095647,0.6021396469418442,0
11463,1.0,1.0,1.0,0.0,0.0,0.0,13.0,2.0,0.3234321291912575,1.0,4.0,2.0,4.0,3.0,0.0,0.0,1.0,400.0,-0.8056538704844107,0.5611646959685037,0
7643,1.0,0.0,1.0,0.0,0.0,0.0,6.0,2.0,0.2649977300732862,0.0,4.0,1.0,5.0,0.0,2.0,1.0,2.0,400.0,-0.6476716746850284,0.6021396469418442,0
434,1.0,1.0,1.0,0.0,0.0,0.0,6.0,2.0,0.3234321291912575,5.0,4.0,2.0,0.0,0.0,0.0,0.0,2.0,400.0,-1.9115292410800868,0.5611646959685037,0
9267,1.0,1.0,1.0,0.0,0.0,0.0,5.0,1.0,0.2649977300732862,0.0,4.0,2.0,7.0,0.0,0.0,0.0,2.0,400.0,0.7741680875094122,0.6431145979151847,1
3728,1.0,1.0,0.0,0.0,0.0,0.0,9.0,2.0,0.36215059342369804,1.0,4.0,1.0,5.0,0.0,0.0,0.0,4.0,400.0,-1.0426271641834841,0.5611646959685037,0
5684,1.0,1.0,1.0,0.0,0.0,0.0,13.0,1.0,0.36215059342369804,2.0,4.0,2.0,5.0,3.0,0.0,0.0,3.0,400.0,-0.5686805767853373,0.6021396469418442,0
977,0.0,1.0,1.0,0.0,0.0,0.0,6.0,1.0,0.3234321291912575,2.0,4.0,2.0,7.0,2.0,0.0,0.0,1.0,400.0,1.0111413812084857,0.6021396469418442,0
11080,1.0,1.0,0.0,0.0,0.0,0.0,13.0,1.0,0.36215059342369804,1.0,4.0,0.0,7.0,3.0,0.0,0.0,3.0,400.0,1.8010523602053972,0.6021396469418442,0
8623,1.0,1.0,1.0,0.0,0.0,0.0,2.0,1.0,0.3234321291912575,2.0,4.0,3.0,5.0,3.0,0.0,0.0,3.0,400.0,-0.9636360662837931,0.5611646959685037,0
2986,1.0,1.0,1.0,0.0,0.0,0.0,13.0,1.0,0.2649977300732862,0.0,4.0,2.0,5.0,1.0,0.0,0.0,3.0,400.0,-0.17372508728688155,0.6840895488885251,0
10375,0.0,1.0,1.0,0.0,0.0,0.0,9.0,1.0,0.2649977300732862,1.0,4.0,0.0,6.0,2.0,0.0,0.0,4.0,400.0,0.6161858917100299,-1.8153824604852427,0
4621,0.0,1.0,1.0,0.0,0.0,0.0,5.0,1.0,0.36215059342369804,4.0,4.0,0.0,5.0,0.0,0.0,0.0,2.0,400.0,1.169123577007868,-1.7744075095119023,0
14299,1.0,1.0,0.0,0.0,0.0,0.0,2.0,1.0,0.36215059342369804,5.0,4.0,1.0,6.0,0.0,0.0,0.0,4.0,400.0,0.30022150011126536,0.6021396469418442,0
9357,0.0,1.0,1.0,0.0,0.0,0.0,17.0,1.0,0.3234321291912575,2.0,4.0,3.0,6.0,3.0,0.0,0.0,3.0,400.0,-0.8846449683841019,0.5611646959685037,0
2630,1.0,1.0,0.0,0.0,0.0,0.0,13.0,1.0,0.2649977300732862,1.0,4.0,0.0,7.0,0.0,0.0,0.0,2.0,400.0,1.8010523602053972,0.5611646959685037,0
4874,1.0,1.0,1.0,0.0,0.0,0.0,9.0,2.0,0.36215059342369804,2.0,4.0,3.0,5.0,0.0,0.0,0.0,1.0,400.0,-0.4896894788856461,0.6021396469418442,0
578,0.0,1.0,1.0,0.0,0.0,0.0,9.0,1.0,0.36215059342369804,1.0,4.0,1.0,7.0,3.0,0.0,0.0,3.0,400.0,0.9321502833087946,0.6021396469418442,0
7201,1.0,1.0,1.0,0.0,0.0,0.0,17.0,1.0,0.36215059342369804,2.0,4.0,1.0,6.0,0.0,0.0,0.0,4.0,400.0,-1.1216182620831754,0.5611646959685037,0
633,1.0,1.0,1.0,0.0,0.0,0.0,9.0,2.0,0.3234321291912575,2.0,4.0,2.0,5.0,2.0,0.0,0.0,1.0,400.0,-0.8846449683841019,0.5611646959685037,0
5164,1.0,1.0,0.0,0.0,0.0,0.0,9.0,2.0,0.2649977300732862,1.0,4.0,2.0,5.0,0.0,0.0,0.0,3.0,400.0,0.14223930431188306,0.6021396469418442,0
11281,1.0,1.0,1.0,0.0,0.0,0.0,2.0,1.0,0.022050716648291068,5.0,4.0,2.0,7.0,0.0,0.0,0.0,4.0,400.0,1.722061262305706,0.6021396469418442,0
348,1.0,1.0,1.0,0.0,0.0,0.0,6.0,2.0,0.2649977300732862,5.0,4.0,1.0,0.0,0.0,0.0,0.0,2.0,400.0,-1.8325381431803958,0.6021396469418442,0
5916,1.0,1.0,1.0,0.0,0.0,0.0,2.0,1.0,0.36215059342369804,2.0,4.0,0.0,7.0,2.0,0.0,0.0,2.0,400.0,1.5640790665063238,0.5611646959685037,0
14004,1.0,1.0,1.0,0.0,0.0,0.0,13.0,1.0,0.2649977300732862,1.0,4.0,1.0,7.0,0.0,0.0,0.0,1.0,400.0,1.0901324791081768,0.5611646959685037,0
1694,1.0,1.0,1.0,0.0,0.0,1.0,13.0,1.0,0.3234321291912575,2.0,4.0,2.0,5.0,1.0,0.0,0.0,1.0,400.0,-0.33170728308626385,-1.8563574114585832,0
11785,1.0,0.0,1.0,0.0,0.0,0.0,17.0,1.0,0.36215059342369804,1.0,4.0,2.0,7.0,3.0,0.0,0.0,3.0,400.0,1.2481146749075591,0.6021396469418442,0
7961,1.0,1.0,0.0,0.0,0.0,0.0,9.0,2.0,0.36215059342369804,1.0,4.0,0.0,7.0,0.0,0.0,0.0,1.0,400.0,1.0901324791081768,0.6021396469418442,0
10627,1.0,1.0,1.0,0.0,0.0,0.0,2.0,2.0,0.3234321291912575,2.0,4.0,3.0,5.0,1.0,0.0,0.0,3.0,400.0,-0.4896894788856461,-1.651482656591881,0
8270,0.0,1.0,1.0,0.0,0.0,0.0,2.0,2.0,0.0019456514689668591,5.0,4.0,2.0,7.0,0.0,0.0,0.0,4.0,400.0,1.2481146749075591,0.6431145979151847,0
516,1.0,1.0,1.0,0.0,0.0,0.0,13.0,2.0,0.36215059342369804,2.0,4.0,2.0,5.0,0.0,0.0,0.0,1.0,400.0,0.14223930431188306,0.5611646959685037,0
101,1.0,0.0,0.0,0.0,0.0,0.0,13.0,1.0,0.2649977300732862,1.0,4.0,1.0,5.0,0.0,0.0,0.0,4.0,400.0,-0.410698380985955,0.5611646959685037,0
6881,1.0,1.0,1.0,0.0,0.0,0.0,2.0,1.0,0.3234321291912575,2.0,4.0,2.0,7.0,0.0,0.0,0.0,1.0,700.0,0.9321502833087946,0.5611646959685037,0
4298,1.0,0.0,1.0,0.0,0.0,0.0,17.0,1.0,0.3234321291912575,1.0,4.0,2.0,6.0,0.0,0.0,0.0,2.0,400.0,-0.33170728308626385,0.6021396469418442,0
15086,1.0,1.0,1.0,0.0,0.0,0.0,6.0,1.0,0.36215059342369804,1.0,4.0,0.0,6.0,1.0,0.0,0.0,2.0,400.0,-0.17372508728688155,0.6021396469418442,1
13845,1.0,0.0,1.0,0.0,0.0,0.0,2.0,0.0,0.3234321291912575,1.0,4.0,2.0,6.0,0.0,0.0,0.0,4.0,400.0,0.2212304022115742,0.6021396469418442,0
7563,1.0,1.0,0.0,0.0,0.0,0.0,9.0,2.0,0.3234321291912575,1.0,4.0,1.0,4.0,0.0,0.0,0.0,2.0,400.0,-0.6476716746850284,0.5611646959685037,0
4389,1.0,1.0,1.0,0.0,0.0,0.0,13.0,1.0,0.3234321291912575,1.0,4.0,0.0,7.0,0.0,0.0,0.0,4.0,400.0,1.0111413812084857,0.5611646959685037,0
2051,1.0,1.0,1.0,0.0,0.0,0.0,3.0,2.0,0.36215059342369804,2.0,4.0,3.0,5.0,3.0,0.0,0.0,1.0,400.0,-0.9636360662837931,0.5611646959685037,0
12840,1.0,1.0,1.0,0.0,0.0,0.0,9.0,2.0,0.3234321291912575,1.0,4.0,1.0,5.0,1.0,0.0,0.0,2.0,400.0,-1.1216182620831754,0.5611646959685037,0
13673,1.0,1.0,1.0,0.0,0.0,0.0,13.0,1.0,0.36215059342369804,2.0,4.0,2.0,7.0,1.0,0.0,0.0,3.0,400.0,0.6951769896097211,-0.21735937252496493,0
9369,1.0,1.0,0.0,0.0,0.0,0.0,17.0,1.0,0.2649977300732862,1.0,4.0,2.0,6.0,0.0,0.0,0.0,4.0,400.0,-0.8846449683841019,0.5611646959685037,0
10739,1.0,1.0,1.0,0.0,0.0,0.0,9.0,1.0,0.36215059342369804,1.0,4.0,2.0,6.0,1.0,0.0,0.0,4.0,400.0,-0.5686805767853373,0.5611646959685037,0
7650,1.0,1.0,1.0,0.0,0.0,0.0,17.0,2.0,0.3234321291912575,1.0,4.0,2.0,5.0,0.0,0.0,0.0,3.0,400.0,-0.7266627725847196,-1.6924576075652213,0
9609,1.0,1.0,0.0,0.0,0.0,0.0,9.0,2.0,0.2649977300732862,5.0,4.0,2.0,7.0,3.0,0.0,0.0,4.0,700.0,-0.09473398938719041,0.5611646959685037,0
920,1.0,1.0,1.0,0.0,0.0,0.0,13.0,1.0,0.2649977300732862,1.0,4.0,2.0,7.0,2.0,0.0,0.0,2.0,400.0,1.5640790665063238,0.5611646959685037,0
11976,1.0,1.0,1.0,0.0,0.0,0.0,13.0,1.0,0.36215059342369804,1.0,4.0,0.0,7.0,2.0,0.0,0.0,1.0,400.0,-0.17372508728688155,0.6021396469418442,0
3276,1.0,1.0,0.0,0.0,0.0,0.0,9.0,1.0,0.2649977300732862,2.0,4.0,0.0,5.0,0.0,0.0,0.0,3.0,400.0,0.9321502833087946,0.5611646959685037,0
1550,1.0,1.0,1.0,0.0,0.0,0.0,5.0,1.0,0.022050716648291068,5.0,4.0,2.0,6.0,3.0,0.0,0.0,4.0,400.0,0.2212304022115742,0.5611646959685037,0
14156,1.0,1.0,1.0,0.0,0.0,0.0,13.0,2.0,0.2649977300732862,0.0,4.0,0.0,5.0,0.0,0.0,0.0,4.0,400.0,-1.1216182620831754,0.5611646959685037,0
12170,1.0,1.0,1.0,0.0,0.0,0.0,13.0,1.0,0.2649977300732862,0.0,4.0,1.0,6.0,0.0,0.0,0.0,2.0,400.0,1.8010523602053972,0.5611646959685037,0
5841,1.0,1.0,1.0,0.0,0.0,0.0,13.0,1.0,0.022050716648291068,3.0,4.0,3.0,5.0,0.0,0.0,0.0,3.0,400.0,-0.33170728308626385,-1.7334325585385617,0
2030,1.0,1.0,0.0,0.0,0.0,0.0,6.0,2.0,0.2649977300732862,1.0,4.0,1.0,5.0,1.0,0.0,0.0,3.0,400.0,-0.7266627725847196,0.6021396469418442,0
14790,1.0,1.0,0.0,0.0,0.0,0.0,13.0,1.0,0.2649977300732862,1.0,4.0,2.0,2.0,0.0,0.0,0.0,1.0,400.0,-0.4896894788856461,0.6021396469418442,0
10549,1.0,1.0,0.0,0.0,0.0,0.0,9.0,2.0,0.3234321291912575,2.0,4.0,1.0,4.0,2.0,0.0,0.0,2.0,400.0,-1.3585915557822488,-1.8153824604852427,0
11127,1.0,1.0,0.0,0.0,0.0,0.0,13.0,1.0,0.3234321291912575,2.0,4.0,1.0,7.0,1.0,0.0,0.0,2.0,400.0,1.169123577007868,0.5611646959685037,0
10527,1.0,1.0,1.0,0.0,0.0,0.0,0.0,1.0,0.2649977300732862,2.0,4.0,0.0,6.0,1.0,0.0,0.0,4.0,400.0,-0.9636360662837931,-1.7744075095119023,0
5050,1.0,1.0,1.0,0.0,0.0,0.0,2.0,1.0,0.3234321291912575,5.0,4.0,3.0,7.0,2.0,0.0,0.0,3.0,400.0,1.2481146749075591,0.5611646959685037,0
6256,1.0,0.0,1.0,0.0,0.0,0.0,6.0,1.0,0.3234321291912575,1.0,4.0,3.0,4.0,0.0,0.0,0.0,4.0,400.0,-0.17372508728688155,0.5611646959685037,0
11444,1.0,1.0,1.0,0.0,0.0,0.0,2.0,1.0,0.3234321291912575,2.0,4.0,2.0,7.0,3.0,4.0,1.0,3.0,400.0,0.14223930431188306,-1.6105077056185404,0
12226,1.0,1.0,1.0,0.0,0.0,0.0,9.0,1.0,0.3234321291912575,1.0,4.0,1.0,5.0,0.0,0.0,0.0,4.0,400.0,-0.015742891487499255,0.5611646959685037,0
4386,1.0,0.0,1.0,0.0,0.0,0.0,3.0,1.0,0.2649977300732862,1.0,4.0,0.0,5.0,0.0,0.0,2.0,2.0,400.0,-0.8846449683841019,0.6021396469418442,0
13314,0.0,1.0,1.0,0.0,0.0,0.0,13.0,1.0,0.2649977300732862,0.0,4.0,2.0,7.0,0.0,0.0,0.0,2.0,400.0,0.45820369591064763,0.6021396469418442,0
14713,1.0,1.0,1.0,0.0,0.0,0.0,9.0,1.0,0.3234321291912575,1.0,4.0,2.0,7.0,0.0,0.0,0.0,3.0,400.0,2.9859188287007643,0.6021396469418442,0
6757,1.0,1.0,0.0,0.0,0.0,0.0,2.0,2.0,0.36215059342369804,1.0,4.0,1.0,5.0,0.0,0.0,0.0,2.0,400.0,-0.6476716746850284,-1.6924576075652213,0
477,1.0,1.0,0.0,0.0,0.0,0.0,5.0,1.0,0.2649977300732862,3.0,4.0,2.0,6.0,0.0,0.0,0.0,3.0,400.0,-0.2527161851865727,-1.7334325585385617,0
11171,1.0,1.0,1.0,0.0,0.0,0.0,9.0,1.0,0.36215059342369804,1.0,4.0,0.0,6.0,0.0,4.0,1.0,4.0,400.0,-0.7266627725847196,0.6021396469418442,0
11844,1.0,1.0,0.0,0.0,0.0,0.0,13.0,1.0,0.36215059342369804,1.0,4.0,0.0,6.0,0.0,0.0,0.0,2.0,400.0,-0.17372508728688155,0.6021396469418442,0
2204,0.0,1.0,1.0,0.0,0.0,0.0,6.0,2.0,0.36215059342369804,1.0,4.0,1.0,5.0,2.0,4.0,1.0,1.0,400.0,-0.8846449683841019,0.6021396469418442,0
4003,1.0,1.0,0.0,0.0,0.0,0.0,6.0,1.0,0.2649977300732862,2.0,4.0,1.0,6.0,3.0,2.0,0.0,1.0,400.0,0.14223930431188306,0.5611646959685037,0
10332,1.0,1.0,1.0,0.0,0.0,0.0,17.0,1.0,0.3234321291912575,2.0,4.0,3.0,6.0,1.0,0.0,0.0,2.0,400.0,1.0901324791081768,0.6021396469418442,0
7345,1.0,1.0,1.0,0.0,0.0,0.0,17.0,1.0,0.3234321291912575,1.0,4.0,3.0,6.0,0.0,0.0,0.0,2.0,400.0,1.4060968707069414,-1.8563574114585832,0
10591,1.0,0.0,1.0,0.0,0.0,0.0,2.0,1.0,0.3234321291912575,1.0,4.0,2.0,7.0,3.0,0.0,0.0,4.0,400.0,2.4329811434029263,0.6021396469418442,0
3307,1.0,1.0,0.0,0.0,0.0,1.0,17.0,1.0,0.36215059342369804,1.0,4.0,1.0,5.0,0.0,0.0,0.0,3.0,400.0,-1.1216182620831754,0.5611646959685037,0
2386,1.0,1.0,1.0,0.0,0.0,0.0,5.0,1.0,0.2649977300732862,1.0,4.0,0.0,7.0,2.0,0.0,0.0,2.0,700.0,0.7741680875094122,-1.8563574114585832,1
1697,1.0,1.0,1.0,0.0,0.0,0.0,17.0,1.0,0.36215059342369804,1.0,4.0,2.0,7.0,3.0,0.0,0.0,3.0,400.0,1.0901324791081768,0.5611646959685037,0
10397,1.0,0.0,1.0,0.0,0.0,0.0,2.0,1.0,0.36215059342369804,1.0,4.0,0.0,7.0,1.0,0.0,0.0,3.0,400.0,1.4060968707069414,0.5611646959685037,0
12851,1.0,0.0,0.0,0.0,0.0,0.0,13.0,2.0,0.2649977300732862,0.0,4.0,1.0,7.0,3.0,3.0,1.0,1.0,500.0,0.5371947938103387,0.5611646959685037,0
7391,1.0,1.0,1.0,0.0,0.0,0.0,13.0,1.0,0.36215059342369804,1.0,4.0,1.0,5.0,3.0,4.0,1.0,2.0,400.0,-0.410698380985955,0.5611646959685037,0
9765,1.0,1.0,0.0,0.0,0.0,0.0,9.0,1.0,0.3234321291912575,1.0,4.0,3.0,7.0,1.0,0.0,0.0,3.0,400.0,0.6161858917100299,-1.8153824604852427,0
10923,1.0,0.0,1.0,0.0,0.0,0.0,17.0,1.0,0.36215059342369804,2.0,4.0,2.0,5.0,0.0,0.0,0.0,3.0,400.0,-0.410698380985955,0.6021396469418442,0
3149,0.0,1.0,1.0,0.0,0.0,0.0,18.0,1.0,0.3234321291912575,5.0,4.0,2.0,7.0,1.0,4.0,1.0,1.0,400.0,1.0111413812084857,0.5611646959685037,0
13580,1.0,1.0,0.0,0.0,0.0,0.0,2.0,1.0,0.36215059342369804,4.0,4.0,2.0,7.0,2.0,0.0,0.0,1.0,400.0,1.0111413812084857,0.6021396469418442,0
8993,1.0,1.0,1.0,0.0,0.0,0.0,9.0,1.0,0.36215059342369804,2.0,4.0,0.0,5.0,0.0,0.0,0.0,3.0,400.0,-0.6476716746850284,-1.8153824604852427,0
4368,1.0,1.0,1.0,0.0,0.0,0.0,17.0,1.0,0.3234321291912575,1.0,4.0,3.0,6.0,3.0,0.0,0.0,2.0,400.0,-0.7266627725847196,0.6021396469418442,0
2274,1.0,1.0,1.0,0.0,0.0,0.0,6.0,1.0,0.3234321291912575,1.0,4.0,0.0,5.0,0.0,2.0,0.0,2.0,400.0,-0.8056538704844107,-1.6924576075652213,0
8044,1.0,1.0,0.0,0.0,0.0,0.0,13.0,1.0,0.36215059342369804,1.0,4.0,0.0,6.0,2.0,0.0,0.0,2.0,400.0,-0.4896894788856461,0.6021396469418442,0
13228,1.0,0.0,1.0,0.0,0.0,0.0,2.0,2.0,0.36215059342369804,1.0,4.0,3.0,7.0,1.0,0.0,0.0,2.0,400.0,1.8800434581050884,-1.8563574114585832,1
14043,1.0,1.0,1.0,0.0,0.0,1.0,2.0,2.0,0.36215059342369804,2.0,4.0,1.0,4.0,2.0,0.0,0.0,2.0,400.0,-0.7266627725847196,0.5611646959685037,0
1830,1.0,1.0,1.0,0.0,0.0,0.0,9.0,1.0,0.3234321291912575,1.0,4.0,3.0,6.0,3.0,0.0,0.0,2.0,400.0,-0.9636360662837931,0.6021396469418442,0
4994,1.0,1.0,1.0,0.0,0.0,0.0,2.0,2.0,0.36215059342369804,1.0,4.0,0.0,6.0,0.0,0.0,0.0,4.0,400.0,0.06324820641219189,-1.7744075095119023,0
2909,1.0,1.0,1.0,0.0,0.0,0.0,13.0,1.0,0.2649977300732862,1.0,4.0,0.0,7.0,0.0,0.0,0.0,3.0,400.0,1.9590345560047795,0.5611646959685037,0
5578,1.0,1.0,1.0,0.0,0.0,0.0,2.0,1.0,0.2649977300732862,5.0,4.0,3.0,4.0,0.0,0.0,0.0,4.0,400.0,-0.17372508728688155,0.5611646959685037,0
3248,1.0,0.0,1.0,0.0,0.0,0.0,6.0,2.0,0.3234321291912575,1.0,4.0,3.0,5.0,0.0,0.0,0.0,1.0,400.0,-0.9636360662837931,-1.8153824604852427,0
5674,1.0,0.0,1.0,0.0,0.0,0.0,6.0,2.0,0.3234321291912575,1.0,4.0,1.0,5.0,0.0,0.0,0.0,3.0,400.0,-1.1216182620831754,0.5611646959685037,0
2097,0.0,1.0,1.0,0.0,0.0,0.0,17.0,1.0,0.3234321291912575,2.0,4.0,3.0,6.0,0.0,0.0,0.0,4.0,400.0,0.2212304022115742,0.5611646959685037,0
10830,1.0,1.0,1.0,0.0,0.0,0.0,18.0,1.0,0.3234321291912575,3.0,4.0,2.0,6.0,3.0,0.0,0.0,4.0,400.0,-0.09473398938719041,0.5611646959685037,0
14623,1.0,1.0,0.0,0.0,0.0,0.0,9.0,1.0,0.2649977300732862,1.0,4.0,0.0,6.0,3.0,0.0,0.0,3.0,400.0,0.14223930431188306,-1.8153824604852427,0
8738,1.0,1.0,0.0,0.0,0.0,0.0,13.0,1.0,0.2649977300732862,2.0,4.0,2.0,5.0,0.0,0.0,0.0,1.0,400.0,0.8531591854091034,0.6021396469418442,0
13205,1.0,1.0,0.0,0.0,0.0,0.0,9.0,2.0,0.36215059342369804,1.0,4.0,1.0,5.0,0.0,0.0,0.0,4.0,400.0,-0.410698380985955,0.5611646959685037,0
1817,1.0,1.0,0.0,0.0,0.0,0.0,18.0,1.0,0.36215059342369804,2.0,4.0,1.0,7.0,3.0,0.0,0.0,1.0,400.0,0.06324820641219189,0.6021396469418442,0
4385,1.0,1.0,1.0,0.0,0.0,0.0,9.0,1.0,0.3234321291912575,2.0,4.0,1.0,6.0,0.0,3.0,0.0,2.0,500.0,-0.8846449683841019,0.5611646959685037,0
14780,1.0,1.0,1.0,0.0,0.0,0.0,13.0,2.0,0.36215059342369804,1.0,4.0,3.0,6.0,1.0,0.0,0.0,2.0,400.0,0.7741680875094122,-1.7334325585385617,0
1428,1.0,1.0,1.0,0.0,0.0,0.0,17.0,2.0,0.2649977300732862,1.0,4.0,0.0,5.0,0.0,3.0,1.0,2.0,500.0,-0.7266627725847196,-1.6924576075652213,1
9082,1.0,1.0,0.0,0.0,0.0,0.0,13.0,1.0,0.2649977300732862,1.0,4.0,2.0,7.0,3.0,0.0,0.0,1.0,700.0,1.6430701644060148,0.5611646959685037,0
6414,1.0,1.0,1.0,0.0,0.0,0.0,17.0,1.0,0.3234321291912575,1.0,4.0,2.0,4.0,0.0,0.0,0.0,1.0,400.0,-0.6476716746850284,-1.7744075095119023,0
14402,1.0,1.0,1.0,0.0,0.0,0.0,11.0,2.0,0.3234321291912575,1.0,4.0,3.0,5.0,0.0,0.0,0.0,1.0,400.0,0.2212304022115742,0.5611646959685037,0
8625,0.0,1.0,1.0,0.0,0.0,0.0,2.0,1.0,0.36215059342369804,1.0,4.0,0.0,6.0,0.0,0.0,0.0,3.0,400.0,-0.09473398938719041,0.5611646959685037,0
13450,1.0,1.0,1.0,0.0,0.0,0.0,13.0,1.0,0.3234321291912575,1.0,4.0,2.0,6.0,1.0,0.0,0.0,1.0,400.0,0.2212304022115742,0.5611646959685037,0
12340,1.0,1.0,0.0,0.0,0.0,0.0,6.0,2.0,0.36215059342369804,1.0,4.0,0.0,6.0,0.0,0.0,2.0,1.0,400.0,-0.8056538704844107,0.5611646959685037,0
12123,1.0,0.0,1.0,0.0,0.0,0.0,18.0,2.0,0.2649977300732862,5.0,4.0,1.0,6.0,2.0,0.0,0.0,4.0,400.0,0.5371947938103387,-1.8153824604852427,0
1691,1.0,1.0,1.0,0.0,0.0,0.0,17.0,2.0,0.36215059342369804,2.0,4.0,2.0,6.0,3.0,0.0,0.0,2.0,400.0,-0.5686805767853373,-1.8153824604852427,0
8016,1.0,1.0,1.0,0.0,0.0,0.0,2.0,2.0,0.3234321291912575,2.0,4.0,2.0,5.0,3.0,0.0,0.0,3.0,400.0,-0.4896894788856461,-1.8153824604852427,0
10051,1.0,1.0,0.0,0.0,0.0,0.0,9.0,2.0,0.36215059342369804,1.0,4.0,2.0,5.0,0.0,0.0,0.0,1.0,400.0,-0.5686805767853373,-1.7744075095119023,0
11057,1.0,1.0,0.0,0.0,0.0,0.0,17.0,1.0,0.2649977300732862,1.0,4.0,2.0,7.0,2.0,0.0,0.0,2.0,400.0,1.6430701644060148,-1.8153824604852427,0
13393,1.0,1.0,0.0,0.0,0.0,0.0,2.0,1.0,0.2649977300732862,1.0,4.0,2.0,7.0,3.0,0.0,0.0,4.0,400.0,1.722061262305706,0.5611646959685037,0
13978,1.0,1.0,0.0,0.0,0.0,0.0,6.0,1.0,0.36215059342369804,1.0,4.0,2.0,7.0,0.0,0.0,0.0,2.0,400.0,1.0111413812084857,0.6021396469418442,0
13863,1.0,1.0,0.0,0.0,0.0,0.0,9.0,1.0,0.2649977300732862,1.0,4.0,0.0,7.0,1.0,0.0,0.0,4.0,400.0,2.9069277308010735,0.5611646959685037,0
5604,1.0,1.0,1.0,0.0,0.0,0.0,9.0,1.0,0.3234321291912575,1.0,4.0,2.0,5.0,2.0,0.0,0.0,4.0,400.0,-1.0426271641834841,-1.7334325585385617,0
1973,1.0,1.0,0.0,0.0,0.0,0.0,17.0,2.0,0.3234321291912575,2.0,4.0,2.0,5.0,3.0,4.0,1.0,3.0,400.0,-1.1216182620831754,0.5611646959685037,0
13958,1.0,1.0,1.0,0.0,0.0,0.0,13.0,1.0,0.36215059342369804,1.0,4.0,2.0,7.0,1.0,0.0,0.0,1.0,400.0,0.14223930431188306,0.6021396469418442,0
10352,1.0,1.0,1.0,0.0,0.0,0.0,13.0,1.0,0.3234321291912575,1.0,4.0,2.0,7.0,1.0,3.0,1.0,3.0,500.0,0.14223930431188306,0.5611646959685037,0
6307,1.0,0.0,1.0,0.0,0.0,0.0,2.0,2.0,0.3234321291912575,1.0,4.0,3.0,4.0,0.0,0.0,0.0,2.0,400.0,-1.0426271641834841,0.6021396469418442,0
10592,1.0,1.0,1.0,0.0,0.0,0.0,6.0,1.0,0.36215059342369804,1.0,4.0,2.0,6.0,3.0,0.0,0.0,3.0,400.0,-0.8846449683841019,0.6021396469418442,0
5275,1.0,1.0,1.0,0.0,0.0,0.0,6.0,1.0,0.3234321291912575,1.0,4.0,3.0,6.0,0.0,0.0,0.0,2.0,400.0,0.06324820641219189,0.5611646959685037,0
9363,1.0,1.0,1.0,0.0,0.0,0.0,13.0,1.0,0.3234321291912575,1.0,4.0,3.0,7.0,0.0,0.0,0.0,2.0,400.0,1.169123577007868,-1.4056329507518381,0
7547,1.0,0.0,1.0,0.0,0.0,0.0,17.0,1.0,0.36215059342369804,0.0,4.0,2.0,6.0,2.0,3.0,0.0,3.0,500.0,0.7741680875094122,0.5611646959685037,0
12464,1.0,0.0,1.0,0.0,0.0,0.0,13.0,1.0,0.36215059342369804,2.0,4.0,1.0,7.0,3.0,0.0,0.0,3.0,400.0,1.0111413812084857,0.6840895488885251,0
14837,1.0,1.0,0.0,0.0,0.0,0.0,6.0,1.0,0.3234321291912575,1.0,4.0,3.0,6.0,0.0,0.0,0.0,1.0,400.0,0.5371947938103387,0.6021396469418442,0
11007,0.0,0.0,0.0,0.0,0.0,0.0,13.0,2.0,0.2649977300732862,1.0,4.0,0.0,4.0,2.0,0.0,0.0,1.0,400.0,-1.3585915557822488,0.6021396469418442,0
1650,1.0,0.0,0.0,0.0,0.0,0.0,9.0,1.0,0.2649977300732862,1.0,4.0,1.0,6.0,2.0,0.0,0.0,4.0,400.0,-0.2527161851865727,0.6021396469418442,0
1568,1.0,1.0,0.0,0.0,0.0,0.0,9.0,1.0,0.2649977300732862,1.0,4.0,1.0,7.0,0.0,0.0,0.0,3.0,400.0,1.5640790665063238,0.5611646959685037,0
6655,1.0,1.0,1.0,0.0,0.0,0.0,6.0,1.0,0.3234321291912575,1.0,4.0,2.0,6.0,0.0,0.0,0.0,3.0,400.0,0.2212304022115742,0.6021396469418442,0
7513,1.0,1.0,1.0,0.0,0.0,0.0,17.0,1.0,0.3234321291912575,2.0,3.0,0.0,7.0,0.0,0.0,0.0,4.0,400.0,2.590963339202309,0.5611646959685037,0
393,1.0,1.0,0.0,0.0,0.0,0.0,2.0,2.0,0.2649977300732862,1.0,4.0,2.0,3.0,0.0,0.0,0.0,2.0,400.0,-1.43758265368194,0.5611646959685037,0
7369,1.0,1.0,1.0,0.0,0.0,0.0,17.0,1.0,0.2649977300732862,1.0,4.0,1.0,6.0,0.0,0.0,0.0,4.0,400.0,0.06324820641219189,0.6021396469418442,0
335,1.0,0.0,1.0,0.0,0.0,0.0,17.0,1.0,0.36215059342369804,1.0,4.0,0.0,6.0,2.0,0.0,0.0,2.0,400.0,-0.8846449683841019,0.6021396469418442,0
13843,1.0,1.0,0.0,1.0,0.0,0.0,13.0,2.0,0.3234321291912575,2.0,4.0,2.0,6.0,1.0,0.0,0.0,3.0,400.0,-0.8056538704844107,0.5611646959685037,0
9428,1.0,1.0,1.0,0.0,0.0,0.0,17.0,2.0,0.3234321291912575,1.0,4.0,2.0,5.0,0.0,4.0,1.0,4.0,400.0,-0.8056538704844107,0.6431145979151847,0
6082,1.0,1.0,0.0,0.0,0.0,0.0,9.0,1.0,0.2649977300732862,1.0,4.0,2.0,7.0,0.0,0.0,0.0,2.0,400.0,2.827936632901382,-1.7744075095119023,0
8182,1.0,1.0,1.0,0.0,0.0,0.0,3.0,1.0,0.36215059342369804,2.0,4.0,2.0,6.0,1.0,0.0,0.0,2.0,400.0,-0.2527161851865727,-1.8153824604852427,0
12628,1.0,1.0,1.0,0.0,0.0,0.0,9.0,2.0,0.3234321291912575,1.0,4.0,1.0,5.0,0.0,0.0,0.0,1.0,400.0,-0.5686805767853373,0.5611646959685037,0
8633,0.0,1.0,1.0,0.0,0.0,0.0,13.0,1.0,0.36215059342369804,0.0,4.0,0.0,7.0,2.0,0.0,0.0,1.0,400.0,0.2212304022115742,0.5611646959685037,1
13284,1.0,1.0,1.0,0.0,0.0,0.0,11.0,1.0,0.0019456514689668591,1.0,4.0,3.0,7.0,0.0,0.0,0.0,4.0,400.0,0.5371947938103387,0.5611646959685037,0
14258,0.0,1.0,1.0,0.0,0.0,0.0,16.0,1.0,0.36215059342369804,3.0,4.0,1.0,7.0,3.0,4.0,1.0,1.0,400.0,0.37921259801095647,0.5611646959685037,0
4281,1.0,1.0,0.0,0.0,0.0,0.0,6.0,2.0,0.022569557040015564,5.0,4.0,0.0,2.0,0.0,0.0,0.0,2.0,400.0,-1.9115292410800868,-1.7744075095119023,0
7143,1.0,0.0,1.0,0.0,0.0,0.0,13.0,2.0,0.3234321291912575,1.0,4.0,2.0,5.0,0.0,0.0,0.0,3.0,400.0,-1.1216182620831754,0.5611646959685037,0
1518,1.0,1.0,1.0,0.0,0.0,0.0,6.0,1.0,0.3234321291912575,1.0,4.0,3.0,5.0,1.0,0.0,0.0,1.0,400.0,-1.1216182620831754,0.6021396469418442,0
3349,1.0,0.0,1.0,0.0,0.0,0.0,13.0,2.0,0.36215059342369804,1.0,4.0,1.0,5.0,0.0,0.0,0.0,4.0,400.0,-0.7266627725847196,0.5611646959685037,0
854,1.0,1.0,0.0,0.0,0.0,0.0,5.0,1.0,0.2649977300732862,3.0,4.0,3.0,4.0,3.0,0.0,0.0,4.0,400.0,0.6951769896097211,0.6021396469418442,0
12213,1.0,1.0,0.0,0.0,0.0,0.0,13.0,1.0,0.2649977300732862,1.0,4.0,0.0,7.0,0.0,0.0,0.0,3.0,700.0,1.0901324791081768,0.5611646959685037,0
10573,1.0,1.0,0.0,0.0,0.0,0.0,17.0,1.0,0.2649977300732862,1.0,4.0,0.0,6.0,0.0,0.0,0.0,3.0,400.0,0.14223930431188306,0.5611646959685037,0
2498,1.0,1.0,1.0,0.0,0.0,0.0,2.0,1.0,0.3234321291912575,2.0,4.0,2.0,6.0,1.0,3.0,1.0,3.0,500.0,1.0111413812084857,0.5611646959685037,0
13739,1.0,1.0,1.0,0.0,0.0,0.0,2.0,1.0,0.0014268110772423634,2.0,4.0,0.0,7.0,3.0,0.0,0.0,4.0,400.0,1.8800434581050884,0.6021396469418442,0
10085,1.0,1.0,1.0,0.0,0.0,0.0,2.0,1.0,0.36215059342369804,2.0,4.0,2.0,6.0,3.0,0.0,2.0,2.0,400.0,0.2212304022115742,0.5611646959685037,0
12084,1.0,1.0,1.0,0.0,0.0,0.0,13.0,1.0,0.3234321291912575,0.0,4.0,2.0,6.0,1.0,0.0,0.0,4.0,400.0,3.143901024500147,0.6021396469418442,0
506,1.0,1.0,0.0,0.0,0.0,0.0,17.0,2.0,0.3234321291912575,2.0,4.0,2.0,5.0,3.0,0.0,0.0,1.0,400.0,-0.8056538704844107,0.5611646959685037,0
6841,1.0,1.0,0.0,0.0,0.0,0.0,2.0,1.0,0.3234321291912575,1.0,4.0,1.0,6.0,0.0,0.0,0.0,4.0,400.0,1.4850879686066325,-1.651482656591881,0
9706,1.0,1.0,1.0,0.0,0.0,0.0,2.0,1.0,0.3234321291912575,2.0,4.0,0.0,6.0,3.0,0.0,0.0,4.0,400.0,-0.17372508728688155,0.5611646959685037,0
5394,1.0,1.0,1.0,0.0,0.0,0.0,13.0,1.0,0.2649977300732862,1.0,4.0,2.0,7.0,3.0,0.0,0.0,1.0,400.0,0.6951769896097211,0.6021396469418442,0
9092,1.0,1.0,1.0,0.0,0.0,0.0,6.0,1.0,0.2649977300732862,0.0,4.0,0.0,7.0,0.0,4.0,1.0,1.0,400.0,-0.2527161851865727,0.6431145979151847,0
8484,1.0,1.0,0.0,0.0,0.0,0.0,6.0,1.0,0.2649977300732862,1.0,4.0,0.0,7.0,1.0,0.0,0.0,4.0,400.0,2.6699544371019996,0.5611646959685037,0
590,1.0,1.0,0.0,0.0,0.0,0.0,2.0,1.0,0.36215059342369804,1.0,4.0,2.0,5.0,3.0,0.0,0.0,4.0,400.0,-0.9636360662837931,0.6021396469418442,0
4027,1.0,1.0,0.0,0.0,0.0,0.0,17.0,1.0,0.2649977300732862,1.0,0.0,0.0,7.0,0.0,0.0,0.0,3.0,400.0,0.6951769896097211,0.6431145979151847,0
12638,1.0,1.0,1.0,0.0,0.0,0.0,5.0,2.0,0.36215059342369804,3.0,4.0,3.0,5.0,1.0,0.0,0.0,3.0,400.0,-1.1216182620831754,0.6021396469418442,0
4684,1.0,1.0,1.0,0.0,0.0,0.0,6.0,1.0,0.3234321291912575,1.0,4.0,2.0,5.0,0.0,0.0,0.0,1.0,400.0,-0.9636360662837931,0.5611646959685037,0
12419,1.0,1.0,1.0,0.0,0.0,0.0,0.0,1.0,0.36215059342369804,2.0,4.0,0.0,7.0,3.0,0.0,0.0,2.0,400.0,-0.2527161851865727,0.5611646959685037,0
14868,1.0,1.0,1.0,0.0,0.0,0.0,9.0,2.0,0.36215059342369804,5.0,4.0,1.0,6.0,0.0,0.0,0.0,4.0,400.0,-0.4896894788856461,0.6021396469418442,0
12362,1.0,1.0,1.0,0.0,0.0,0.0,13.0,1.0,0.36215059342369804,2.0,4.0,2.0,5.0,3.0,0.0,0.0,1.0,400.0,-0.410698380985955,0.5611646959685037,0
4379,1.0,1.0,1.0,0.0,0.0,0.0,6.0,2.0,0.3234321291912575,5.0,4.0,2.0,0.0,0.0,0.0,0.0,3.0,400.0,-1.8325381431803958,0.6431145979151847,0
5907,1.0,1.0,1.0,0.0,0.0,0.0,2.0,1.0,0.2649977300732862,1.0,4.0,1.0,6.0,0.0,0.0,0.0,2.0,400.0,-0.6476716746850284,-1.6924576075652213,1
14452,1.0,1.0,0.0,0.0,0.0,0.0,2.0,1.0,0.3234321291912575,3.0,4.0,2.0,6.0,3.0,0.0,0.0,1.0,400.0,-0.015742891487499255,0.6021396469418442,0
8900,1.0,1.0,0.0,0.0,0.0,0.0,13.0,1.0,0.2649977300732862,2.0,4.0,1.0,7.0,0.0,0.0,0.0,2.0,400.0,1.2481146749075591,-1.8153824604852427,0
2984,1.0,0.0,1.0,0.0,0.0,0.0,2.0,1.0,0.3234321291912575,3.0,4.0,3.0,7.0,1.0,0.0,0.0,2.0,400.0,0.45820369591064763,0.5611646959685037,0
6344,1.0,1.0,1.0,0.0,0.0,0.0,2.0,1.0,0.36215059342369804,2.0,4.0,3.0,5.0,3.0,0.0,0.0,1.0,400.0,-0.9636360662837931,0.5611646959685037,0
6831,1.0,1.0,1.0,0.0,0.0,0.0,9.0,1.0,0.2649977300732862,1.0,4.0,0.0,4.0,0.0,0.0,0.0,1.0,400.0,-0.015742891487499255,0.5611646959685037,0
8046,1.0,1.0,1.0,0.0,0.0,0.0,2.0,1.0,0.3234321291912575,2.0,4.0,3.0,6.0,3.0,0.0,0.0,4.0,400.0,0.14223930431188306,-1.7744075095119023,0
2165,0.0,1.0,1.0,0.0,0.0,0.0,2.0,1.0,0.2649977300732862,2.0,4.0,0.0,7.0,0.0,0.0,0.0,3.0,400.0,2.590963339202309,-1.7334325585385617,0
12508,1.0,1.0,1.0,0.0,0.0,0.0,13.0,1.0,0.022050716648291068,5.0,4.0,3.0,6.0,1.0,0.0,0.0,1.0,400.0,-0.09473398938719041,0.6021396469418442,0
3306,1.0,1.0,1.0,0.0,0.0,0.0,13.0,2.0,0.3234321291912575,2.0,4.0,1.0,6.0,1.0,0.0,0.0,2.0,400.0,0.7741680875094122,0.5611646959685037,0
3601,1.0,1.0,0.0,0.0,0.0,0.0,6.0,1.0,0.2649977300732862,1.0,4.0,0.0,7.0,0.0,0.0,0.0,1.0,400.0,1.0111413812084857,0.5611646959685037,0
10460,1.0,1.0,1.0,0.0,0.0,0.0,17.0,1.0,0.3234321291912575,2.0,4.0,0.0,5.0,1.0,0.0,0.0,4.0,400.0,-0.8056538704844107,0.5611646959685037,0
14942,1.0,1.0,1.0,0.0,0.0,0.0,3.0,2.0,0.36215059342369804,2.0,4.0,3.0,4.0,0.0,3.0,0.0,4.0,300.0,-1.43758265368194,0.5611646959685037,0
2650,1.0,1.0,1.0,1.0,0.0,0.0,13.0,1.0,0.3234321291912575,2.0,4.0,3.0,6.0,2.0,0.0,0.0,1.0,400.0,-0.5686805767853373,0.6021396469418442,0
10643,1.0,0.0,1.0,0.0,0.0,0.0,6.0,2.0,0.3234321291912575,1.0,4.0,3.0,5.0,3.0,0.0,0.0,3.0,400.0,-0.410698380985955,0.5611646959685037,0
8855,1.0,1.0,1.0,0.0,0.0,0.0,13.0,1.0,0.36215059342369804,2.0,4.0,0.0,5.0,0.0,0.0,2.0,1.0,400.0,1.4850879686066325,-1.7744075095119023,0
15251,1.0,1.0,1.0,0.0,0.0,0.0,13.0,1.0,0.36215059342369804,1.0,4.0,0.0,5.0,0.0,0.0,2.0,4.0,400.0,-1.1216182620831754,-1.8563574114585832,0
1845,1.0,0.0,0.0,0.0,0.0,0.0,6.0,0.0,0.2649977300732862,1.0,4.0,1.0,6.0,0.0,0.0,3.0,2.0,400.0,-0.17372508728688155,-1.8153824604852427,0
4173,1.0,1.0,0.0,0.0,0.0,0.0,13.0,1.0,0.2649977300732862,1.0,4.0,0.0,6.0,0.0,0.0,0.0,1.0,400.0,-1.0426271641834841,0.5611646959685037,0
10626,1.0,1.0,0.0,0.0,0.0,0.0,13.0,1.0,0.3234321291912575,1.0,4.0,3.0,6.0,0.0,0.0,0.0,3.0,400.0,-0.2527161851865727,0.5611646959685037,0
12416,1.0,1.0,0.0,0.0,0.0,0.0,0.0,1.0,0.36215059342369804,2.0,4.0,2.0,6.0,3.0,0.0,0.0,4.0,400.0,-0.5686805767853373,0.6021396469418442,0
10673,1.0,0.0,1.0,0.0,0.0,0.0,9.0,2.0,0.3234321291912575,1.0,4.0,2.0,3.0,2.0,0.0,0.0,2.0,400.0,-0.6476716746850284,0.6021396469418442,0
9398,1.0,1.0,1.0,0.0,0.0,0.0,6.0,1.0,0.3234321291912575,1.0,4.0,3.0,7.0,0.0,0.0,0.0,1.0,400.0,0.5371947938103387,-1.8153824604852427,0
15245,1.0,1.0,0.0,0.0,0.0,0.0,2.0,1.0,0.2649977300732862,2.0,4.0,2.0,4.0,0.0,4.0,1.0,1.0,400.0,-0.33170728308626385,0.5611646959685037,0
13082,1.0,1.0,1.0,0.0,0.0,0.0,6.0,2.0,0.3234321291912575,1.0,4.0,2.0,4.0,0.0,4.0,1.0,1.0,400.0,-1.2796004578825577,-1.6105077056185404,0
5521,1.0,1.0,1.0,0.0,0.0,0.0,0.0,1.0,0.36215059342369804,1.0,4.0,3.0,6.0,3.0,0.0,0.0,1.0,400.0,0.45820369591064763,0.5611646959685037,0
2884,1.0,0.0,1.0,0.0,0.0,0.0,13.0,2.0,0.2649977300732862,1.0,4.0,2.0,6.0,0.0,0.0,0.0,1.0,400.0,-0.9636360662837931,0.5611646959685037,1
13256,1.0,1.0,1.0,0.0,0.0,0.0,13.0,2.0,0.3234321291912575,1.0,4.0,2.0,5.0,3.0,0.0,0.0,2.0,400.0,-1.0426271641834841,0.5611646959685037,0
8219,1.0,1.0,0.0,0.0,0.0,0.0,18.0,2.0,0.36215059342369804,2.0,4.0,2.0,5.0,2.0,0.0,0.0,4.0,400.0,-0.6476716746850284,0.5611646959685037,0
14941,1.0,1.0,1.0,0.0,0.0,0.0,17.0,2.0,0.36215059342369804,1.0,2.0,0.0,3.0,0.0,0.0,0.0,1.0,400.0,-1.1216182620831754,0.6431145979151847,1
10206,0.0,1.0,1.0,0.0,0.0,0.0,9.0,1.0,0.36215059342369804,1.0,4.0,2.0,6.0,0.0,0.0,0.0,4.0,400.0,0.6951769896097211,0.5611646959685037,0
371,1.0,1.0,1.0,0.0,0.0,0.0,17.0,1.0,0.36215059342369804,1.0,4.0,2.0,7.0,3.0,0.0,0.0,2.0,400.0,0.8531591854091034,-1.7744075095119023,0
6780,1.0,1.0,1.0,0.0,0.0,0.0,18.0,1.0,0.2649977300732862,3.0,4.0,0.0,6.0,0.0,0.0,0.0,3.0,400.0,0.7741680875094122,-0.5041840293383482,0
8152,1.0,1.0,1.0,0.0,0.0,0.0,17.0,1.0,0.3234321291912575,1.0,4.0,2.0,6.0,2.0,0.0,0.0,1.0,700.0,-0.2527161851865727,0.5611646959685037,0
6771,1.0,1.0,0.0,0.0,0.0,0.0,17.0,2.0,0.3234321291912575,1.0,4.0,1.0,6.0,3.0,0.0,0.0,4.0,400.0,-0.5686805767853373,0.6021396469418442,0
7057,1.0,1.0,1.0,0.0,0.0,0.0,17.0,1.0,0.2649977300732862,5.0,4.0,0.0,7.0,3.0,0.0,0.0,2.0,400.0,1.0901324791081768,0.6021396469418442,0
5701,1.0,1.0,1.0,0.0,0.0,0.0,6.0,2.0,0.3234321291912575,2.0,4.0,0.0,5.0,1.0,0.0,0.0,3.0,400.0,-0.9636360662837931,0.5611646959685037,0
957,1.0,1.0,0.0,0.0,0.0,0.0,5.0,1.0,0.36215059342369804,4.0,4.0,2.0,7.0,3.0,0.0,0.0,4.0,400.0,0.6951769896097211,0.6021396469418442,0
7235,1.0,1.0,0.0,0.0,0.0,0.0,6.0,1.0,0.36215059342369804,3.0,4.0,0.0,7.0,2.0,0.0,0.0,4.0,400.0,2.3539900455032354,0.6021396469418442,0
11050,1.0,1.0,1.0,0.0,0.0,0.0,2.0,2.0,0.3234321291912575,3.0,4.0,1.0,6.0,3.0,0.0,0.0,4.0,400.0,-0.410698380985955,0.5611646959685037,0
9884,1.0,1.0,0.0,0.0,0.0,0.0,17.0,1.0,0.2649977300732862,0.0,4.0,0.0,6.0,0.0,0.0,0.0,1.0,400.0,0.37921259801095647,-1.8563574114585832,0
7807,1.0,1.0,0.0,0.0,0.0,0.0,6.0,1.0,0.36215059342369804,1.0,4.0,1.0,6.0,3.0,0.0,0.0,1.0,400.0,0.45820369591064763,0.6021396469418442,0
294,1.0,1.0,1.0,0.0,0.0,0.0,6.0,2.0,0.3234321291912575,5.0,4.0,2.0,0.0,0.0,4.0,1.0,1.0,400.0,-1.8325381431803958,0.5611646959685037,0
13872,1.0,1.0,1.0,0.0,0.0,0.0,6.0,2.0,0.3234321291912575,5.0,4.0,3.0,0.0,0.0,0.0,0.0,2.0,400.0,-1.9115292410800868,0.5611646959685037,0
1539,1.0,1.0,0.0,0.0,0.0,0.0,6.0,2.0,0.022569557040015564,5.0,4.0,3.0,4.0,2.0,0.0,0.0,3.0,400.0,-1.43758265368194,0.6021396469418442,0
8574,1.0,0.0,1.0,0.0,0.0,0.0,13.0,0.0,0.36215059342369804,1.0,4.0,2.0,6.0,2.0,0.0,0.0,3.0,400.0,-0.4896894788856461,0.6021396469418442,0
8736,1.0,1.0,1.0,0.0,0.0,0.0,2.0,1.0,0.3234321291912575,2.0,4.0,2.0,7.0,3.0,0.0,0.0,2.0,400.0,1.0111413812084857,0.6021396469418442,0
4654,1.0,1.0,1.0,0.0,0.0,0.0,6.0,2.0,0.36215059342369804,5.0,4.0,0.0,0.0,0.0,0.0,0.0,4.0,400.0,-1.9115292410800868,0.5611646959685037,1
14646,1.0,1.0,1.0,0.0,0.0,0.0,9.0,1.0,0.36215059342369804,1.0,4.0,2.0,5.0,0.0,0.0,0.0,4.0,400.0,-0.8056538704844107,0.5611646959685037,0
10004,1.0,1.0,1.0,0.0,0.0,0.0,13.0,1.0,0.3234321291912575,2.0,4.0,3.0,7.0,2.0,0.0,0.0,4.0,400.0,0.14223930431188306,0.5611646959685037,0
10611,1.0,0.0,1.0,0.0,0.0,1.0,6.0,2.0,0.3234321291912575,1.0,4.0,2.0,5.0,0.0,0.0,0.0,3.0,400.0,-0.2527161851865727,-1.7334325585385617,0
9527,0.0,1.0,1.0,0.0,0.0,0.0,6.0,2.0,0.3234321291912575,5.0,4.0,2.0,0.0,0.0,0.0,0.0,2.0,400.0,-1.9115292410800868,0.5611646959685037,0
14758,1.0,1.0,1.0,0.0,0.0,0.0,2.0,1.0,0.3234321291912575,1.0,4.0,2.0,6.0,1.0,0.0,0.0,1.0,400.0,-0.2527161851865727,0.5611646959685037,0
9436,1.0,1.0,1.0,0.0,0.0,0.0,5.0,2.0,0.3234321291912575,1.0,4.0,2.0,6.0,1.0,0.0,0.0,2.0,400.0,0.14223930431188306,0.5611646959685037,0
14063,1.0,1.0,1.0,0.0,0.0,0.0,13.0,1.0,0.36215059342369804,1.0,4.0,0.0,6.0,0.0,0.0,0.0,1.0,400.0,1.2481146749075591,-1.8563574114585832,0
6678,1.0,1.0,1.0,0.0,0.0,0.0,0.0,2.0,0.2649977300732862,1.0,4.0,1.0,5.0,0.0,0.0,0.0,4.0,400.0,-0.9636360662837931,-0.5041840293383482,0
13439,1.0,1.0,1.0,0.0,0.0,0.0,0.0,2.0,0.2649977300732862,5.0,4.0,1.0,6.0,3.0,4.0,1.0,1.0,400.0,-0.17372508728688155,-1.4466079017251785,0
10031,1.0,0.0,1.0,0.0,0.0,0.0,9.0,1.0,0.3234321291912575,1.0,4.0,3.0,5.0,3.0,0.0,0.0,1.0,400.0,-0.410698380985955,0.6840895488885251,0
14773,1.0,1.0,1.0,0.0,0.0,0.0,17.0,1.0,0.3234321291912575,1.0,4.0,3.0,6.0,3.0,0.0,0.0,1.0,400.0,0.30022150011126536,0.5611646959685037,0
14948,1.0,1.0,1.0,0.0,0.0,0.0,9.0,1.0,0.3234321291912575,1.0,4.0,2.0,6.0,3.0,0.0,0.0,3.0,400.0,1.8800434581050884,0.5611646959685037,0
6426,1.0,1.0,0.0,0.0,0.0,0.0,0.0,1.0,0.2649977300732862,5.0,4.0,3.0,7.0,3.0,0.0,0.0,1.0,400.0,2.6699544371019996,0.6021396469418442,0
14845,1.0,1.0,1.0,0.0,0.0,0.0,17.0,1.0,0.2649977300732862,0.0,4.0,2.0,6.0,0.0,0.0,0.0,4.0,400.0,1.4060968707069414,0.5611646959685037,0
12830,1.0,1.0,0.0,0.0,0.0,0.0,9.0,1.0,0.2649977300732862,1.0,4.0,3.0,5.0,1.0,2.0,1.0,4.0,400.0,-0.8056538704844107,0.5611646959685037,0
7053,1.0,1.0,1.0,0.0,0.0,0.0,13.0,2.0,0.3234321291912575,1.0,4.0,0.0,5.0,3.0,0.0,0.0,2.0,400.0,-0.8846449683841019,0.6021396469418442,0
15404,1.0,1.0,1.0,0.0,0.0,0.0,13.0,2.0,0.36215059342369804,1.0,4.0,0.0,5.0,2.0,0.0,0.0,1.0,400.0,-1.0426271641834841,-1.7334325585385617,1
8487,0.0,1.0,1.0,0.0,0.0,0.0,2.0,1.0,0.36215059342369804,1.0,4.0,0.0,7.0,1.0,0.0,0.0,1.0,400.0,0.6161858917100299,0.5611646959685037,0
2577,0.0,0.0,1.0,0.0,0.0,0.0,9.0,1.0,0.3234321291912575,1.0,4.0,2.0,5.0,0.0,0.0,0.0,1.0,400.0,0.06324820641219189,0.6021396469418442,0
11904,1.0,1.0,1.0,0.0,0.0,0.0,3.0,1.0,0.3234321291912575,2.0,4.0,2.0,6.0,0.0,0.0,0.0,4.0,400.0,-0.2527161851865727,-1.8563574114585832,0
12261,1.0,1.0,1.0,0.0,0.0,1.0,16.0,1.0,0.3234321291912575,3.0,4.0,0.0,5.0,2.0,0.0,0.0,1.0,400.0,-0.8056538704844107,-1.8563574114585832,0
160,1.0,1.0,1.0,0.0,0.0,0.0,2.0,1.0,0.2649977300732862,5.0,4.0,0.0,5.0,0.0,0.0,0.0,3.0,400.0,-0.5686805767853373,-1.6924576075652213,1
14649,1.0,1.0,0.0,0.0,0.0,0.0,13.0,1.0,0.36215059342369804,1.0,4.0,2.0,5.0,0.0,0.0,0.0,2.0,400.0,-1.1216182620831754,0.5611646959685037,0
12923,1.0,1.0,1.0,0.0,0.0,0.0,0.0,1.0,0.2649977300732862,2.0,4.0,1.0,7.0,3.0,0.0,0.0,2.0,400.0,2.827936632901382,0.5611646959685037,0
13625,1.0,1.0,1.0,0.0,0.0,0.0,9.0,1.0,0.3234321291912575,2.0,4.0,1.0,6.0,0.0,0.0,0.0,4.0,400.0,1.0901324791081768,0.5611646959685037,0
3348,1.0,1.0,1.0,0.0,0.0,0.0,0.0,1.0,0.022050716648291068,5.0,4.0,1.0,5.0,0.0,0.0,0.0,4.0,400.0,-0.7266627725847196,0.6021396469418442,0
314,0.0,0.0,0.0,0.0,0.0,0.0,13.0,1.0,0.3234321291912575,1.0,4.0,1.0,6.0,0.0,0.0,0.0,2.0,400.0,0.37921259801095647,-1.8563574114585832,0
11243,1.0,1.0,1.0,0.0,0.0,0.0,6.0,1.0,0.3234321291912575,5.0,4.0,2.0,7.0,3.0,0.0,0.0,1.0,400.0,1.169123577007868,-1.8563574114585832,0
298,1.0,1.0,0.0,0.0,0.0,0.0,6.0,1.0,0.36215059342369804,2.0,4.0,1.0,5.0,0.0,0.0,0.0,4.0,400.0,-0.5686805767853373,0.6021396469418442,0
2177,0.0,1.0,0.0,0.0,0.0,0.0,17.0,1.0,0.36215059342369804,1.0,4.0,1.0,5.0,1.0,0.0,0.0,2.0,400.0,0.06324820641219189,0.6021396469418442,0
15183,1.0,1.0,1.0,0.0,0.0,0.0,2.0,1.0,0.3234321291912575,3.0,4.0,3.0,6.0,1.0,0.0,0.0,2.0,400.0,-0.2527161851865727,0.5611646959685037,0
3752,1.0,1.0,1.0,0.0,0.0,0.0,2.0,1.0,0.2649977300732862,5.0,4.0,2.0,6.0,0.0,0.0,0.0,1.0,400.0,0.06324820641219189,-1.7744075095119023,0
4533,1.0,1.0,1.0,0.0,0.0,0.0,13.0,1.0,0.3234321291912575,1.0,4.0,1.0,5.0,3.0,0.0,0.0,2.0,400.0,-0.8056538704844107,0.5611646959685037,0
15087,1.0,0.0,1.0,0.0,0.0,0.0,6.0,1.0,0.3234321291912575,1.0,4.0,3.0,6.0,1.0,0.0,2.0,4.0,400.0,0.7741680875094122,0.6021396469418442,0
7189,1.0,1.0,1.0,0.0,0.0,0.0,2.0,2.0,0.2649977300732862,1.0,4.0,2.0,5.0,1.0,0.0,0.0,1.0,400.0,-0.4896894788856461,0.6021396469418442,0
959,1.0,0.0,1.0,0.0,0.0,0.0,6.0,3.0,0.3234321291912575,1.0,4.0,0.0,6.0,0.0,0.0,0.0,1.0,400.0,0.30022150011126536,-1.7334325585385617,0
7402,1.0,1.0,1.0,0.0,0.0,0.0,17.0,1.0,0.2649977300732862,0.0,4.0,1.0,5.0,0.0,0.0,0.0,3.0,400.0,-0.9636360662837931,0.6021396469418442,0
14685,1.0,0.0,0.0,0.0,0.0,0.0,17.0,2.0,0.36215059342369804,0.0,4.0,3.0,6.0,0.0,0.0,0.0,1.0,400.0,0.8531591854091034,0.5611646959685037,0
10196,1.0,1.0,1.0,0.0,0.0,0.0,2.0,1.0,0.3234321291912575,1.0,4.0,0.0,6.0,0.0,0.0,0.0,3.0,400.0,1.2481146749075591,0.5611646959685037,0
13182,1.0,1.0,0.0,0.0,0.0,0.0,6.0,2.0,0.2649977300732862,5.0,4.0,2.0,0.0,0.0,0.0,0.0,4.0,400.0,-1.8325381431803958,0.6431145979151847,0
8767,1.0,1.0,1.0,0.0,0.0,0.0,13.0,2.0,0.3234321291912575,1.0,4.0,2.0,5.0,1.0,0.0,0.0,3.0,400.0,-0.7266627725847196,0.6021396469418442,0
2212,1.0,1.0,0.0,0.0,0.0,0.0,13.0,1.0,0.3234321291912575,2.0,4.0,2.0,5.0,0.0,0.0,0.0,3.0,400.0,-0.8056538704844107,0.6021396469418442,0
7781,1.0,0.0,1.0,0.0,0.0,0.0,13.0,2.0,0.3234321291912575,1.0,4.0,2.0,4.0,0.0,0.0,0.0,4.0,400.0,-0.6476716746850284,0.5611646959685037,0
10335,1.0,1.0,0.0,0.0,0.0,0.0,17.0,2.0,0.2649977300732862,1.0,4.0,2.0,7.0,0.0,0.0,0.0,3.0,400.0,1.0901324791081768,0.6021396469418442,0
11237,1.0,1.0,1.0,0.0,0.0,0.0,2.0,1.0,0.3234321291912575,2.0,4.0,0.0,7.0,3.0,0.0,0.0,4.0,400.0,1.722061262305706,0.6021396469418442,0
2915,1.0,1.0,1.0,0.0,0.0,0.0,9.0,1.0,0.36215059342369804,1.0,4.0,1.0,6.0,3.0,0.0,0.0,3.0,400.0,0.2212304022115742,0.6021396469418442,0
10511,1.0,1.0,1.0,0.0,0.0,0.0,2.0,1.0,0.2649977300732862,2.0,4.0,1.0,7.0,0.0,0.0,0.0,2.0,400.0,0.9321502833087946,0.5611646959685037,0
9651,1.0,1.0,0.0,0.0,0.0,0.0,6.0,2.0,0.2649977300732862,2.0,4.0,2.0,2.0,3.0,0.0,0.0,3.0,400.0,-1.5955648494813222,0.5611646959685037,0
2799,1.0,1.0,1.0,0.0,0.0,0.0,13.0,2.0,0.3234321291912575,1.0,4.0,3.0,6.0,2.0,0.0,0.0,1.0,400.0,-0.6476716746850284,0.5611646959685037,0
4922,1.0,1.0,1.0,0.0,0.0,0.0,13.0,2.0,0.2649977300732862,2.0,4.0,0.0,6.0,1.0,0.0,0.0,3.0,400.0,-1.1216182620831754,0.5611646959685037,0
13267,1.0,1.0,1.0,0.0,0.0,0.0,9.0,1.0,0.3234321291912575,1.0,4.0,2.0,6.0,3.0,0.0,0.0,3.0,700.0,0.8531591854091034,0.5611646959685037,0
14024,1.0,1.0,1.0,0.0,0.0,0.0,13.0,1.0,0.3234321291912575,3.0,4.0,1.0,7.0,3.0,3.0,0.0,4.0,500.0,-0.17372508728688155,-1.6924576075652213,0
701,1.0,0.0,0.0,0.0,0.0,0.0,6.0,1.0,0.3234321291912575,1.0,4.0,2.0,6.0,3.0,0.0,0.0,2.0,400.0,0.14223930431188306,0.5611646959685037,0
4159,1.0,1.0,0.0,0.0,0.0,0.0,13.0,1.0,0.3234321291912575,2.0,4.0,0.0,6.0,0.0,0.0,0.0,2.0,400.0,-0.7266627725847196,-1.8563574114585832,0
5240,1.0,1.0,1.0,0.0,0.0,0.0,2.0,1.0,0.36215059342369804,4.0,4.0,2.0,6.0,0.0,0.0,0.0,4.0,400.0,-0.5686805767853373,0.6021396469418442,0
10997,0.0,1.0,1.0,0.0,0.0,0.0,15.0,2.0,0.36215059342369804,2.0,4.0,0.0,5.0,0.0,0.0,0.0,1.0,400.0,-0.4896894788856461,-1.8563574114585832,0
3416,1.0,1.0,1.0,0.0,0.0,0.0,9.0,1.0,0.2649977300732862,1.0,4.0,0.0,3.0,2.0,3.0,0.0,4.0,400.0,-0.5686805767853373,0.6021396469418442,0
12149,1.0,0.0,1.0,0.0,0.0,0.0,17.0,1.0,0.36215059342369804,2.0,4.0,1.0,5.0,3.0,0.0,0.0,2.0,400.0,-0.7266627725847196,0.5611646959685037,0
1747,1.0,1.0,1.0,0.0,0.0,0.0,17.0,2.0,0.3234321291912575,2.0,4.0,3.0,6.0,0.0,0.0,0.0,2.0,400.0,-0.2527161851865727,0.5611646959685037,0
8469,1.0,1.0,0.0,0.0,0.0,0.0,0.0,1.0,0.3234321291912575,5.0,4.0,3.0,6.0,2.0,0.0,0.0,1.0,400.0,-0.7266627725847196,0.6431145979151847,0
12140,0.0,0.0,1.0,0.0,0.0,0.0,17.0,1.0,0.2649977300732862,5.0,4.0,1.0,5.0,0.0,0.0,0.0,1.0,400.0,0.6951769896097211,0.5611646959685037,0
763,1.0,1.0,0.0,0.0,0.0,0.0,9.0,1.0,0.2649977300732862,0.0,4.0,0.0,7.0,2.0,0.0,0.0,2.0,400.0,-0.33170728308626385,0.5611646959685037,0
7256,1.0,0.0,1.0,0.0,0.0,0.0,9.0,2.0,0.3234321291912575,1.0,4.0,2.0,3.0,0.0,0.0,2.0,1.0,400.0,-0.8056538704844107,0.6021396469418442,0
2466,1.0,1.0,0.0,0.0,0.0,0.0,13.0,1.0,0.3234321291912575,1.0,4.0,0.0,5.0,1.0,0.0,0.0,3.0,400.0,1.0901324791081768,0.5611646959685037,0
2389,0.0,1.0,1.0,0.0,0.0,0.0,3.0,1.0,0.36215059342369804,2.0,4.0,1.0,5.0,3.0,0.0,0.0,4.0,400.0,-0.4896894788856461,0.5611646959685037,0
8427,1.0,1.0,1.0,0.0,0.0,0.0,17.0,1.0,0.3234321291912575,2.0,4.0,3.0,7.0,3.0,0.0,0.0,2.0,400.0,0.6161858917100299,0.6021396469418442,0
11706,1.0,1.0,1.0,0.0,0.0,0.0,13.0,0.0,0.36215059342369804,1.0,4.0,1.0,7.0,0.0,0.0,0.0,1.0,400.0,1.2481146749075591,0.5611646959685037,0
5488,1.0,1.0,1.0,0.0,0.0,0.0,13.0,1.0,0.3234321291912575,2.0,4.0,3.0,6.0,1.0,0.0,0.0,1.0,400.0,-0.2527161851865727,0.5611646959685037,0
1207,1.0,0.0,1.0,0.0,0.0,0.0,13.0,2.0,0.2649977300732862,0.0,4.0,0.0,5.0,0.0,0.0,0.0,3.0,400.0,-0.9636360662837931,0.6021396469418442,0
5935,1.0,1.0,1.0,0.0,0.0,0.0,9.0,1.0,0.3234321291912575,2.0,4.0,2.0,5.0,1.0,0.0,0.0,3.0,400.0,0.37921259801095647,0.6021396469418442,0
5512,1.0,1.0,1.0,0.0,0.0,0.0,17.0,1.0,0.2649977300732862,1.0,4.0,1.0,7.0,2.0,0.0,0.0,4.0,400.0,0.6161858917100299,-1.6924576075652213,0
2486,1.0,1.0,1.0,0.0,0.0,0.0,6.0,1.0,0.022569557040015564,5.0,4.0,0.0,6.0,0.0,0.0,0.0,1.0,400.0,0.8531591854091034,-1.8563574114585832,0
13157,1.0,1.0,0.0,0.0,0.0,0.0,17.0,1.0,0.2649977300732862,1.0,4.0,2.0,6.0,0.0,3.0,0.0,4.0,500.0,-0.17372508728688155,-1.8153824604852427,1
13660,1.0,1.0,1.0,0.0,0.0,0.0,17.0,2.0,0.3234321291912575,1.0,4.0,2.0,2.0,0.0,0.0,0.0,3.0,400.0,-1.2006093599828664,0.5611646959685037,0
4543,1.0,1.0,0.0,0.0,0.0,0.0,6.0,1.0,0.3234321291912575,1.0,4.0,3.0,6.0,0.0,0.0,0.0,3.0,400.0,2.6699544371019996,0.6021396469418442,0
3772,1.0,1.0,1.0,0.0,0.0,0.0,2.0,1.0,0.2649977300732862,2.0,4.0,1.0,6.0,0.0,0.0,0.0,4.0,400.0,0.14223930431188306,0.6431145979151847,0
9282,1.0,1.0,1.0,0.0,0.0,0.0,9.0,2.0,0.022569557040015564,5.0,4.0,1.0,4.0,3.0,0.0,0.0,4.0,400.0,-1.516573751581631,-0.7910086861517314,0
9975,1.0,0.0,1.0,0.0,0.0,0.0,17.0,2.0,0.3234321291912575,1.0,4.0,0.0,4.0,3.0,0.0,0.0,2.0,400.0,-1.43758265368194,0.5611646959685037,0
8275,1.0,1.0,1.0,0.0,0.0,0.0,6.0,1.0,0.36215059342369804,1.0,4.0,1.0,7.0,0.0,0.0,0.0,1.0,400.0,1.169123577007868,0.5611646959685037,0
4709,1.0,1.0,1.0,0.0,0.0,0.0,2.0,1.0,0.3234321291912575,2.0,4.0,3.0,6.0,0.0,0.0,0.0,2.0,400.0,0.8531591854091034,0.5611646959685037,0
1538,1.0,1.0,1.0,0.0,0.0,0.0,17.0,2.0,0.3234321291912575,1.0,4.0,3.0,4.0,1.0,0.0,0.0,4.0,400.0,-1.2006093599828664,-1.8153824604852427,0
2740,1.0,1.0,1.0,0.0,0.0,0.0,17.0,2.0,0.36215059342369804,2.0,4.0,0.0,7.0,0.0,0.0,0.0,2.0,400.0,0.6161858917100299,0.5611646959685037,0
10353,1.0,1.0,0.0,0.0,0.0,0.0,2.0,1.0,0.36215059342369804,2.0,4.0,2.0,6.0,0.0,0.0,0.0,3.0,700.0,-0.9636360662837931,0.5611646959685037,0
12165,1.0,1.0,0.0,0.0,0.0,0.0,18.0,2.0,0.36215059342369804,2.0,4.0,0.0,6.0,1.0,0.0,0.0,3.0,400.0,-0.5686805767853373,0.6431145979151847,0
1549,1.0,0.0,1.0,0.0,0.0,0.0,17.0,2.0,0.2649977300732862,0.0,4.0,2.0,4.0,0.0,0.0,0.0,1.0,400.0,-0.8056538704844107,0.5611646959685037,0
8859,1.0,1.0,1.0,0.0,0.0,0.0,2.0,1.0,0.3234321291912575,1.0,4.0,3.0,7.0,3.0,0.0,0.0,4.0,400.0,0.45820369591064763,0.5611646959685037,0
2973,1.0,1.0,0.0,0.0,0.0,0.0,17.0,1.0,0.36215059342369804,2.0,4.0,2.0,6.0,3.0,0.0,0.0,4.0,400.0,-0.33170728308626385,0.6021396469418442,0
6518,1.0,0.0,1.0,0.0,0.0,0.0,13.0,1.0,0.2649977300732862,5.0,4.0,1.0,5.0,0.0,0.0,2.0,1.0,400.0,1.0901324791081768,-1.6105077056185404,0
11285,1.0,1.0,0.0,0.0,0.0,0.0,17.0,1.0,0.3234321291912575,2.0,4.0,2.0,7.0,0.0,0.0,0.0,3.0,400.0,0.5371947938103387,0.6431145979151847,0
1205,1.0,1.0,0.0,0.0,0.0,0.0,13.0,1.0,0.3234321291912575,1.0,4.0,2.0,7.0,0.0,0.0,0.0,1.0,400.0,0.6161858917100299,0.6021396469418442,0
12827,1.0,1.0,1.0,0.0,0.0,0.0,13.0,1.0,0.36215059342369804,1.0,4.0,1.0,7.0,3.0,0.0,0.0,2.0,400.0,3.0649099266004556,0.5611646959685037,0
12690,1.0,0.0,0.0,0.0,0.0,0.0,9.0,2.0,0.2649977300732862,1.0,4.0,1.0,6.0,2.0,0.0,0.0,2.0,400.0,-0.09473398938719041,0.5611646959685037,0
13969,0.0,1.0,1.0,0.0,0.0,0.0,6.0,1.0,0.3234321291912575,1.0,4.0,2.0,6.0,3.0,0.0,0.0,3.0,400.0,0.14223930431188306,0.5611646959685037,0
15156,1.0,1.0,0.0,0.0,0.0,0.0,17.0,1.0,0.2649977300732862,0.0,4.0,1.0,7.0,0.0,0.0,0.0,1.0,400.0,0.37921259801095647,-1.5285578036718594,0
388,1.0,1.0,1.0,0.0,0.0,0.0,6.0,2.0,0.3234321291912575,5.0,4.0,2.0,0.0,0.0,0.0,0.0,3.0,400.0,-1.8325381431803958,0.5611646959685037,0
14675,1.0,0.0,1.0,0.0,0.0,0.0,2.0,1.0,0.3234321291912575,1.0,4.0,2.0,6.0,0.0,0.0,0.0,3.0,400.0,1.8010523602053972,0.5611646959685037,0
15222,1.0,1.0,0.0,0.0,0.0,0.0,6.0,1.0,0.2649977300732862,1.0,4.0,2.0,6.0,3.0,0.0,0.0,3.0,400.0,1.722061262305706,-1.7744075095119023,0
1623,0.0,1.0,1.0,0.0,0.0,0.0,9.0,1.0,0.36215059342369804,1.0,4.0,2.0,6.0,0.0,0.0,0.0,2.0,400.0,-0.9636360662837931,0.5611646959685037,0
8017,1.0,1.0,0.0,0.0,0.0,0.0,2.0,2.0,0.36215059342369804,2.0,0.0,0.0,6.0,0.0,0.0,0.0,2.0,400.0,-0.9636360662837931,-1.6105077056185404,0
7180,1.0,1.0,1.0,0.0,0.0,0.0,17.0,1.0,0.2649977300732862,0.0,4.0,0.0,7.0,0.0,0.0,0.0,1.0,400.0,0.45820369591064763,-1.8563574114585832,0
3168,1.0,1.0,0.0,0.0,0.0,0.0,18.0,1.0,0.3234321291912575,3.0,4.0,0.0,6.0,0.0,0.0,0.0,2.0,400.0,0.5371947938103387,-1.7334325585385617,0
11505,1.0,1.0,1.0,0.0,0.0,0.0,6.0,1.0,0.36215059342369804,1.0,4.0,1.0,6.0,0.0,0.0,0.0,3.0,400.0,1.169123577007868,-1.8153824604852427,0
13562,1.0,1.0,1.0,0.0,0.0,0.0,13.0,1.0,0.2649977300732862,1.0,4.0,1.0,6.0,0.0,0.0,0.0,2.0,400.0,2.1170167518041616,0.5611646959685037,0
1809,1.0,1.0,1.0,0.0,0.0,0.0,17.0,1.0,0.3234321291912575,5.0,4.0,3.0,5.0,0.0,0.0,0.0,4.0,400.0,-1.0426271641834841,0.5611646959685037,0
34,1.0,1.0,1.0,0.0,0.0,0.0,5.0,1.0,0.022050716648291068,5.0,4.0,2.0,6.0,0.0,0.0,0.0,1.0,400.0,0.14223930431188306,0.5611646959685037,0
12862,1.0,1.0,1.0,0.0,0.0,0.0,6.0,2.0,0.36215059342369804,2.0,4.0,2.0,6.0,0.0,0.0,0.0,1.0,400.0,-0.5686805767853373,0.6021396469418442,0
9850,0.0,1.0,1.0,0.0,0.0,0.0,9.0,1.0,0.3234321291912575,1.0,4.0,2.0,5.0,2.0,0.0,0.0,4.0,400.0,-0.8846449683841019,0.5611646959685037,0
2668,1.0,1.0,1.0,0.0,0.0,0.0,6.0,1.0,0.2649977300732862,5.0,4.0,3.0,5.0,1.0,0.0,0.0,4.0,400.0,0.8531591854091034,-0.586133931285029,0
14255,1.0,1.0,1.0,0.0,0.0,0.0,2.0,1.0,0.3234321291912575,1.0,4.0,2.0,6.0,3.0,0.0,0.0,4.0,400.0,0.30022150011126536,-1.5695327546452,0
9083,1.0,0.0,0.0,0.0,0.0,0.0,6.0,2.0,0.022569557040015564,5.0,4.0,0.0,4.0,0.0,0.0,0.0,3.0,400.0,-0.7266627725847196,0.6431145979151847,0
2506,1.0,1.0,1.0,0.0,0.0,1.0,17.0,2.0,0.36215059342369804,1.0,4.0,0.0,5.0,0.0,0.0,0.0,2.0,400.0,-0.9636360662837931,0.5611646959685037,0
7769,1.0,1.0,1.0,0.0,0.0,0.0,18.0,2.0,0.022050716648291068,5.0,4.0,3.0,7.0,1.0,4.0,1.0,4.0,400.0,2.5119722413026175,-1.7744075095119023,0
10471,1.0,1.0,1.0,0.0,0.0,0.0,6.0,2.0,0.3234321291912575,5.0,4.0,2.0,5.0,2.0,0.0,0.0,2.0,400.0,-0.7266627725847196,0.5611646959685037,0
3848,1.0,0.0,1.0,0.0,0.0,0.0,13.0,1.0,0.3234321291912575,1.0,4.0,3.0,5.0,1.0,0.0,0.0,3.0,400.0,-0.33170728308626385,0.5611646959685037,0
1524,1.0,1.0,0.0,0.0,0.0,0.0,13.0,1.0,0.2649977300732862,1.0,4.0,2.0,7.0,3.0,0.0,0.0,1.0,400.0,0.8531591854091034,0.5611646959685037,0
3643,1.0,1.0,1.0,0.0,0.0,0.0,13.0,1.0,0.2649977300732862,1.0,4.0,2.0,7.0,1.0,0.0,0.0,3.0,400.0,0.7741680875094122,-1.7744075095119023,0
481,1.0,0.0,1.0,0.0,0.0,0.0,18.0,1.0,0.36215059342369804,3.0,4.0,1.0,7.0,0.0,0.0,0.0,1.0,400.0,0.8531591854091034,0.5611646959685037,0
14489,1.0,0.0,1.0,0.0,0.0,0.0,6.0,2.0,0.36215059342369804,1.0,4.0,0.0,4.0,0.0,4.0,1.0,1.0,400.0,-1.0426271641834841,0.5611646959685037,0
1412,1.0,0.0,1.0,0.0,0.0,0.0,13.0,2.0,0.36215059342369804,1.0,4.0,1.0,6.0,3.0,0.0,0.0,3.0,400.0,1.6430701644060148,0.5611646959685037,0
7110,1.0,1.0,0.0,0.0,0.0,0.0,13.0,1.0,0.3234321291912575,1.0,4.0,2.0,7.0,3.0,0.0,0.0,4.0,400.0,0.9321502833087946,0.5611646959685037,0
14377,1.0,1.0,1.0,0.0,0.0,0.0,13.0,1.0,0.3234321291912575,2.0,4.0,2.0,6.0,0.0,2.0,0.0,1.0,400.0,0.06324820641219189,-1.7334325585385617,0
10662,1.0,0.0,1.0,0.0,0.0,0.0,17.0,1.0,0.3234321291912575,1.0,4.0,2.0,5.0,0.0,0.0,0.0,2.0,400.0,-1.0426271641834841,-1.7744075095119023,0
7623,1.0,1.0,0.0,0.0,0.0,0.0,6.0,2.0,0.022569557040015564,5.0,4.0,0.0,2.0,0.0,0.0,0.0,1.0,400.0,-1.6745559473810134,-1.7744075095119023,0
13485,1.0,0.0,1.0,0.0,0.0,0.0,3.0,1.0,0.36215059342369804,1.0,4.0,0.0,5.0,0.0,0.0,0.0,1.0,400.0,-1.0426271641834841,0.5611646959685037,0
3404,1.0,1.0,0.0,0.0,0.0,0.0,2.0,1.0,0.022050716648291068,5.0,4.0,3.0,7.0,3.0,0.0,0.0,3.0,400.0,-0.33170728308626385,0.6021396469418442,0
9164,1.0,1.0,0.0,0.0,0.0,0.0,17.0,1.0,0.36215059342369804,1.0,4.0,2.0,7.0,0.0,0.0,0.0,2.0,400.0,1.0111413812084857,0.5611646959685037,0
10039,1.0,1.0,1.0,0.0,0.0,0.0,2.0,1.0,0.022050716648291068,5.0,4.0,0.0,7.0,0.0,0.0,0.0,4.0,400.0,-0.33170728308626385,-1.5285578036718594,0
13209,0.0,1.0,1.0,0.0,0.0,0.0,5.0,1.0,0.2649977300732862,3.0,4.0,3.0,5.0,3.0,0.0,0.0,2.0,400.0,-0.8056538704844107,-1.487582852698519,1
14354,1.0,1.0,1.0,0.0,0.0,0.0,13.0,2.0,0.3234321291912575,2.0,4.0,3.0,6.0,3.0,0.0,0.0,3.0,400.0,-1.0426271641834841,0.6021396469418442,0
3104,1.0,1.0,1.0,0.0,0.0,0.0,17.0,2.0,0.36215059342369804,2.0,4.0,2.0,4.0,3.0,0.0,0.0,4.0,400.0,-1.516573751581631,0.5611646959685037,0
5869,1.0,1.0,1.0,0.0,0.0,0.0,9.0,2.0,0.36215059342369804,1.0,4.0,3.0,5.0,0.0,0.0,0.0,1.0,400.0,-0.9636360662837931,0.5611646959685037,0
1955,1.0,1.0,1.0,0.0,0.0,0.0,2.0,1.0,0.022050716648291068,5.0,4.0,2.0,6.0,0.0,0.0,0.0,3.0,400.0,-0.09473398938719041,-1.8563574114585832,0
1584,1.0,1.0,0.0,0.0,0.0,0.0,9.0,1.0,0.2649977300732862,2.0,4.0,0.0,4.0,0.0,0.0,0.0,2.0,400.0,-0.5686805767853373,-1.7744075095119023,0
13125,1.0,1.0,0.0,0.0,0.0,0.0,17.0,1.0,0.2649977300732862,0.0,4.0,0.0,7.0,3.0,0.0,0.0,3.0,400.0,0.7741680875094122,0.5611646959685037,0
378,1.0,1.0,1.0,0.0,0.0,0.0,2.0,1.0,0.3234321291912575,3.0,4.0,2.0,6.0,0.0,4.0,1.0,3.0,400.0,-1.1216182620831754,0.5611646959685037,0
8450,1.0,1.0,0.0,0.0,0.0,0.0,2.0,1.0,0.36215059342369804,2.0,4.0,2.0,5.0,1.0,0.0,0.0,1.0,400.0,-0.5686805767853373,0.6021396469418442,0
11493,1.0,1.0,0.0,0.0,0.0,0.0,17.0,1.0,0.2649977300732862,1.0,4.0,0.0,6.0,2.0,0.0,0.0,1.0,400.0,-0.5686805767853373,0.6021396469418442,0
2793,1.0,1.0,1.0,0.0,0.0,0.0,13.0,1.0,0.3234321291912575,1.0,4.0,2.0,7.0,0.0,0.0,0.0,3.0,400.0,2.196007849703853,0.5611646959685037,0
9541,1.0,0.0,1.0,0.0,0.0,0.0,13.0,2.0,0.3234321291912575,1.0,4.0,2.0,4.0,1.0,0.0,0.0,4.0,400.0,-0.7266627725847196,0.6021396469418442,0
4596,1.0,0.0,1.0,0.0,0.0,0.0,6.0,1.0,0.3234321291912575,1.0,4.0,3.0,6.0,3.0,0.0,0.0,4.0,400.0,0.30022150011126536,0.5611646959685037,0
1820,1.0,0.0,1.0,0.0,0.0,0.0,13.0,3.0,0.36215059342369804,1.0,4.0,2.0,5.0,0.0,0.0,0.0,4.0,400.0,0.14223930431188306,0.5611646959685037,0
10989,1.0,1.0,1.0,0.0,0.0,0.0,13.0,2.0,0.3234321291912575,1.0,4.0,2.0,5.0,1.0,0.0,0.0,1.0,400.0,-0.7266627725847196,0.6021396469418442,0
4043,1.0,1.0,1.0,0.0,0.0,0.0,13.0,1.0,0.2649977300732862,2.0,4.0,0.0,7.0,0.0,0.0,0.0,1.0,400.0,0.37921259801095647,0.6431145979151847,0
9158,1.0,1.0,0.0,0.0,0.0,0.0,2.0,1.0,0.3234321291912575,2.0,4.0,3.0,5.0,0.0,0.0,0.0,2.0,400.0,-1.1216182620831754,-1.8563574114585832,0
11854,1.0,0.0,1.0,0.0,0.0,0.0,17.0,2.0,0.2649977300732862,1.0,4.0,1.0,4.0,0.0,0.0,0.0,4.0,400.0,-1.0426271641834841,-1.8563574114585832,0
843,0.0,1.0,1.0,0.0,0.0,0.0,15.0,1.0,0.36215059342369804,2.0,4.0,2.0,5.0,0.0,0.0,0.0,4.0,400.0,-0.5686805767853373,-0.66808383323171,0
1127,1.0,1.0,0.0,1.0,0.0,0.0,9.0,1.0,0.2649977300732862,1.0,4.0,1.0,6.0,0.0,0.0,0.0,1.0,400.0,-0.2527161851865727,0.5611646959685037,0
1862,1.0,0.0,1.0,0.0,0.0,0.0,17.0,1.0,0.3234321291912575,0.0,4.0,1.0,7.0,0.0,0.0,0.0,1.0,400.0,1.6430701644060148,0.5611646959685037,0
7782,1.0,1.0,1.0,0.0,0.0,0.0,5.0,2.0,0.2649977300732862,1.0,4.0,2.0,4.0,3.0,0.0,0.0,4.0,400.0,-1.2796004578825577,0.6021396469418442,0
2341,1.0,1.0,1.0,0.0,0.0,0.0,11.0,1.0,0.36215059342369804,5.0,4.0,0.0,7.0,3.0,0.0,0.0,2.0,400.0,2.5119722413026175,0.5611646959685037,0
9600,1.0,1.0,1.0,0.0,0.0,0.0,6.0,1.0,0.36215059342369804,1.0,4.0,2.0,7.0,3.0,0.0,0.0,4.0,400.0,1.5640790665063238,-1.5285578036718594,0
8483,1.0,0.0,1.0,0.0,0.0,0.0,2.0,1.0,0.3234321291912575,1.0,4.0,2.0,5.0,3.0,4.0,1.0,4.0,400.0,-0.2527161851865727,0.6431145979151847,0
1531,1.0,0.0,1.0,0.0,0.0,0.0,2.0,2.0,0.3234321291912575,3.0,4.0,3.0,6.0,3.0,0.0,0.0,2.0,400.0,-1.0426271641834841,0.5611646959685037,0
5415,1.0,1.0,1.0,0.0,0.0,0.0,6.0,2.0,0.36215059342369804,5.0,4.0,0.0,0.0,0.0,0.0,0.0,1.0,400.0,-1.8325381431803958,0.5611646959685037,0
10269,1.0,1.0,0.0,0.0,0.0,0.0,6.0,1.0,0.2649977300732862,2.0,4.0,2.0,6.0,3.0,0.0,0.0,4.0,400.0,-0.410698380985955,0.6021396469418442,0
13315,1.0,1.0,0.0,0.0,0.0,0.0,9.0,1.0,0.3234321291912575,0.0,4.0,2.0,7.0,3.0,0.0,0.0,2.0,400.0,1.8010523602053972,-1.8153824604852427,0
11861,1.0,1.0,0.0,0.0,0.0,0.0,13.0,1.0,0.36215059342369804,0.0,4.0,0.0,5.0,0.0,0.0,0.0,3.0,400.0,-0.8846449683841019,0.5611646959685037,0
14145,1.0,1.0,1.0,0.0,0.0,0.0,17.0,1.0,0.3234321291912575,5.0,4.0,2.0,7.0,3.0,0.0,0.0,3.0,400.0,0.8531591854091034,0.6021396469418442,0
8120,1.0,1.0,1.0,0.0,0.0,0.0,17.0,1.0,0.3234321291912575,5.0,4.0,1.0,6.0,1.0,0.0,0.0,2.0,400.0,-0.17372508728688155,0.6021396469418442,0
10177,1.0,1.0,1.0,0.0,0.0,0.0,17.0,1.0,0.36215059342369804,1.0,4.0,2.0,7.0,0.0,0.0,0.0,1.0,400.0,1.8800434581050884,0.5611646959685037,0
6589,0.0,1.0,1.0,0.0,0.0,0.0,6.0,1.0,0.3234321291912575,1.0,4.0,3.0,6.0,2.0,0.0,0.0,4.0,400.0,0.6161858917100299,0.6840895488885251,0
14700,0.0,1.0,1.0,0.0,0.0,0.0,17.0,1.0,0.3234321291912575,1.0,4.0,2.0,6.0,3.0,0.0,0.0,1.0,400.0,1.6430701644060148,0.5611646959685037,0
3080,1.0,1.0,0.0,0.0,0.0,0.0,6.0,2.0,0.36215059342369804,1.0,4.0,1.0,5.0,3.0,0.0,0.0,3.0,400.0,-0.8056538704844107,0.6021396469418442,0
5481,1.0,1.0,1.0,0.0,0.0,0.0,17.0,1.0,0.2649977300732862,0.0,4.0,0.0,6.0,2.0,0.0,0.0,3.0,400.0,-0.09473398938719041,0.5611646959685037,0
4696,1.0,1.0,1.0,0.0,0.0,0.0,13.0,2.0,0.36215059342369804,1.0,4.0,2.0,7.0,3.0,0.0,0.0,2.0,400.0,0.9321502833087946,0.6021396469418442,0
8777,1.0,1.0,1.0,0.0,0.0,0.0,3.0,2.0,0.36215059342369804,1.0,4.0,0.0,5.0,0.0,4.0,1.0,2.0,400.0,-0.7266627725847196,0.6021396469418442,0
2327,1.0,0.0,1.0,0.0,0.0,0.0,2.0,2.0,0.3234321291912575,3.0,4.0,3.0,6.0,3.0,0.0,0.0,3.0,400.0,-0.410698380985955,-1.4466079017251785,0
7092,1.0,1.0,1.0,0.0,0.0,0.0,6.0,1.0,0.3234321291912575,5.0,4.0,3.0,0.0,0.0,0.0,2.0,1.0,400.0,1.0901324791081768,-1.7334325585385617,0
15320,1.0,1.0,0.0,0.0,0.0,0.0,13.0,1.0,0.36215059342369804,2.0,4.0,1.0,6.0,1.0,0.0,0.0,1.0,400.0,-0.7266627725847196,-1.7744075095119023,0
1869,1.0,1.0,0.0,0.0,0.0,0.0,17.0,1.0,0.36215059342369804,2.0,4.0,2.0,6.0,3.0,0.0,0.0,3.0,400.0,-0.015742891487499255,0.6021396469418442,0
11004,1.0,1.0,1.0,1.0,0.0,0.0,17.0,2.0,0.3234321291912575,1.0,4.0,3.0,6.0,0.0,0.0,0.0,4.0,700.0,-1.0426271641834841,0.6431145979151847,0
9716,1.0,1.0,1.0,0.0,0.0,0.0,6.0,2.0,0.36215059342369804,1.0,4.0,1.0,5.0,2.0,0.0,2.0,3.0,400.0,-1.0426271641834841,0.5611646959685037,0
8927,1.0,0.0,1.0,0.0,0.0,0.0,5.0,2.0,0.36215059342369804,2.0,4.0,0.0,5.0,0.0,0.0,0.0,1.0,400.0,-1.1216182620831754,0.6021396469418442,0
785,1.0,1.0,0.0,0.0,0.0,0.0,13.0,1.0,0.2649977300732862,2.0,4.0,0.0,7.0,1.0,0.0,0.0,2.0,400.0,1.0901324791081768,0.5611646959685037,0
6579,1.0,1.0,1.0,0.0,0.0,0.0,6.0,1.0,0.2649977300732862,2.0,4.0,2.0,7.0,1.0,0.0,0.0,3.0,400.0,0.6161858917100299,0.5611646959685037,1
8994,1.0,0.0,1.0,0.0,0.0,0.0,2.0,1.0,0.36215059342369804,2.0,4.0,2.0,6.0,3.0,0.0,0.0,4.0,400.0,-0.17372508728688155,-1.8563574114585832,0
7707,1.0,1.0,0.0,0.0,0.0,0.0,17.0,1.0,0.2649977300732862,0.0,4.0,0.0,7.0,1.0,0.0,2.0,4.0,400.0,1.0111413812084857,-1.6105077056185404,0
11877,1.0,1.0,1.0,0.0,0.0,0.0,6.0,2.0,0.3234321291912575,5.0,4.0,3.0,0.0,0.0,0.0,0.0,4.0,400.0,-1.8325381431803958,0.5611646959685037,0
7532,1.0,0.0,1.0,0.0,0.0,0.0,13.0,2.0,0.3234321291912575,0.0,4.0,2.0,6.0,3.0,0.0,0.0,2.0,700.0,0.2212304022115742,0.5611646959685037,0
4563,1.0,1.0,1.0,0.0,0.0,0.0,13.0,1.0,0.36215059342369804,2.0,4.0,1.0,7.0,0.0,0.0,0.0,1.0,400.0,-0.17372508728688155,0.5611646959685037,0
3480,1.0,1.0,0.0,0.0,0.0,0.0,9.0,1.0,0.2649977300732862,2.0,4.0,2.0,7.0,2.0,0.0,0.0,1.0,400.0,0.6951769896097211,-1.8153824604852427,0
9523,1.0,1.0,1.0,0.0,0.0,0.0,0.0,1.0,0.022050716648291068,5.0,4.0,1.0,6.0,0.0,0.0,0.0,1.0,400.0,-0.9636360662837931,-1.6924576075652213,0
881,1.0,0.0,1.0,0.0,0.0,0.0,9.0,2.0,0.36215059342369804,1.0,4.0,1.0,6.0,0.0,0.0,0.0,4.0,400.0,-0.17372508728688155,-1.8153824604852427,1
12699,0.0,1.0,1.0,0.0,0.0,0.0,13.0,2.0,0.36215059342369804,2.0,4.0,1.0,6.0,2.0,0.0,0.0,1.0,400.0,-0.410698380985955,0.5611646959685037,0
15193,1.0,1.0,1.0,0.0,0.0,0.0,9.0,1.0,0.3234321291912575,1.0,4.0,3.0,6.0,0.0,0.0,0.0,3.0,400.0,0.14223930431188306,0.6021396469418442,0
3553,1.0,1.0,1.0,0.0,0.0,0.0,6.0,1.0,0.3234321291912575,1.0,4.0,2.0,7.0,0.0,0.0,0.0,2.0,400.0,0.7741680875094122,0.5611646959685037,0
5727,1.0,0.0,0.0,0.0,0.0,0.0,13.0,1.0,0.36215059342369804,0.0,4.0,0.0,7.0,0.0,0.0,0.0,1.0,400.0,0.7741680875094122,0.6021396469418442,0
5106,1.0,1.0,1.0,0.0,0.0,0.0,16.0,1.0,0.2649977300732862,1.0,4.0,1.0,5.0,0.0,0.0,0.0,4.0,400.0,-1.0426271641834841,0.5611646959685037,0
11134,1.0,1.0,1.0,0.0,0.0,0.0,13.0,1.0,0.2649977300732862,2.0,4.0,3.0,5.0,3.0,0.0,0.0,1.0,400.0,0.8531591854091034,0.6021396469418442,0
2116,1.0,0.0,1.0,0.0,0.0,0.0,13.0,2.0,0.36215059342369804,1.0,4.0,3.0,5.0,0.0,0.0,0.0,2.0,400.0,-0.17372508728688155,0.5611646959685037,0
9536,1.0,1.0,1.0,0.0,0.0,0.0,9.0,1.0,0.3234321291912575,1.0,4.0,3.0,7.0,0.0,3.0,0.0,2.0,500.0,0.5371947938103387,-1.8563574114585832,0
1374,1.0,1.0,1.0,1.0,0.0,0.0,17.0,1.0,0.3234321291912575,2.0,4.0,2.0,7.0,0.0,0.0,0.0,4.0,400.0,0.5371947938103387,-1.8563574114585832,0
8465,1.0,1.0,1.0,0.0,0.0,0.0,5.0,1.0,0.36215059342369804,3.0,4.0,1.0,7.0,2.0,3.0,0.0,2.0,500.0,1.2481146749075591,0.5611646959685037,0
803,1.0,1.0,1.0,0.0,0.0,0.0,6.0,1.0,0.3234321291912575,1.0,4.0,2.0,6.0,3.0,0.0,0.0,1.0,400.0,-0.6476716746850284,0.5611646959685037,0
13544,1.0,1.0,1.0,0.0,0.0,0.0,13.0,2.0,0.2649977300732862,1.0,4.0,2.0,7.0,3.0,4.0,1.0,4.0,400.0,0.5371947938103387,0.6021396469418442,0
245,1.0,1.0,0.0,0.0,0.0,0.0,6.0,2.0,0.36215059342369804,5.0,4.0,0.0,0.0,0.0,0.0,0.0,4.0,400.0,-1.9115292410800868,-1.8153824604852427,0
3235,1.0,1.0,1.0,0.0,0.0,0.0,9.0,1.0,0.36215059342369804,1.0,4.0,2.0,6.0,1.0,0.0,0.0,3.0,400.0,-0.5686805767853373,0.5611646959685037,0
3014,1.0,0.0,1.0,0.0,0.0,0.0,13.0,2.0,0.36215059342369804,1.0,4.0,2.0,6.0,3.0,0.0,0.0,3.0,400.0,-0.33170728308626385,0.5611646959685037,0
7574,1.0,1.0,1.0,0.0,0.0,0.0,6.0,1.0,0.3234321291912575,1.0,4.0,3.0,3.0,0.0,0.0,0.0,1.0,400.0,-0.8846449683841019,0.5611646959685037,0
4032,1.0,1.0,1.0,0.0,0.0,0.0,5.0,1.0,0.3234321291912575,5.0,4.0,2.0,5.0,3.0,0.0,0.0,2.0,400.0,-1.1216182620831754,0.5611646959685037,0
15204,1.0,1.0,0.0,0.0,0.0,0.0,5.0,1.0,0.36215059342369804,3.0,4.0,1.0,6.0,0.0,0.0,0.0,1.0,400.0,-0.17372508728688155,-1.8153824604852427,0
9112,1.0,1.0,0.0,0.0,0.0,0.0,2.0,1.0,0.36215059342369804,1.0,4.0,2.0,6.0,0.0,0.0,0.0,2.0,400.0,0.5371947938103387,0.5611646959685037,0
6354,1.0,1.0,0.0,0.0,0.0,0.0,2.0,2.0,0.36215059342369804,2.0,4.0,0.0,6.0,3.0,0.0,2.0,3.0,700.0,0.14223930431188306,0.5611646959685037,0
2682,1.0,1.0,1.0,0.0,0.0,0.0,13.0,1.0,0.2649977300732862,1.0,4.0,1.0,5.0,0.0,0.0,0.0,3.0,400.0,1.0901324791081768,0.6021396469418442,0
9653,1.0,1.0,0.0,0.0,0.0,0.0,17.0,2.0,0.2649977300732862,0.0,4.0,0.0,7.0,2.0,0.0,0.0,1.0,400.0,2.9069277308010735,0.5611646959685037,0
6639,1.0,1.0,1.0,0.0,0.0,0.0,9.0,1.0,0.022569557040015564,5.0,4.0,2.0,6.0,3.0,0.0,0.0,4.0,400.0,0.2212304022115742,0.5611646959685037,0
7716,1.0,0.0,1.0,0.0,0.0,0.0,2.0,1.0,0.3234321291912575,1.0,4.0,2.0,4.0,3.0,0.0,0.0,4.0,400.0,-0.8056538704844107,0.5611646959685037,0
9878,1.0,1.0,1.0,0.0,0.0,0.0,6.0,1.0,0.36215059342369804,2.0,4.0,0.0,6.0,0.0,0.0,0.0,3.0,400.0,-0.9636360662837931,0.6021396469418442,1
15355,1.0,1.0,0.0,0.0,0.0,0.0,6.0,1.0,0.3234321291912575,2.0,4.0,2.0,6.0,0.0,0.0,0.0,4.0,400.0,-0.09473398938719041,0.6021396469418442,0
1642,1.0,1.0,0.0,0.0,0.0,0.0,9.0,1.0,0.36215059342369804,1.0,4.0,0.0,6.0,3.0,0.0,0.0,3.0,700.0,0.2212304022115742,0.5611646959685037,0
11316,1.0,1.0,1.0,0.0,0.0,0.0,6.0,1.0,0.3234321291912575,1.0,4.0,3.0,6.0,0.0,0.0,0.0,2.0,400.0,-0.09473398938719041,0.5611646959685037,0
2531,1.0,1.0,1.0,0.0,0.0,0.0,17.0,2.0,0.3234321291912575,1.0,4.0,2.0,5.0,0.0,0.0,0.0,1.0,400.0,-0.7266627725847196,0.5611646959685037,0
4531,1.0,1.0,1.0,0.0,0.0,0.0,9.0,2.0,0.3234321291912575,1.0,4.0,3.0,6.0,1.0,0.0,0.0,4.0,400.0,-0.410698380985955,0.6021396469418442,0
7459,1.0,0.0,1.0,0.0,0.0,0.0,9.0,1.0,0.36215059342369804,1.0,4.0,2.0,5.0,3.0,0.0,0.0,1.0,400.0,-0.7266627725847196,0.5611646959685037,1
13726,1.0,1.0,1.0,0.0,0.0,0.0,13.0,1.0,0.022050716648291068,5.0,4.0,2.0,6.0,0.0,0.0,0.0,4.0,400.0,0.06324820641219189,-1.8153824604852427,0
14752,0.0,1.0,0.0,0.0,0.0,0.0,6.0,2.0,0.36215059342369804,1.0,4.0,1.0,5.0,2.0,0.0,0.0,2.0,400.0,-0.8056538704844107,0.6021396469418442,0
13271,1.0,0.0,1.0,0.0,0.0,0.0,9.0,2.0,0.3234321291912575,1.0,4.0,2.0,5.0,1.0,4.0,1.0,4.0,400.0,-1.0426271641834841,0.6021396469418442,0
12306,1.0,1.0,1.0,0.0,0.0,0.0,2.0,1.0,0.36215059342369804,5.0,4.0,3.0,3.0,3.0,0.0,0.0,1.0,400.0,-0.5686805767853373,0.6021396469418442,0
4932,1.0,1.0,1.0,0.0,0.0,0.0,11.0,1.0,0.3234321291912575,5.0,4.0,2.0,6.0,0.0,0.0,0.0,1.0,400.0,0.7741680875094122,0.5611646959685037,0
7651,1.0,1.0,0.0,0.0,0.0,0.0,2.0,1.0,0.2649977300732862,2.0,4.0,1.0,7.0,0.0,0.0,0.0,3.0,400.0,0.8531591854091034,0.6021396469418442,0
5934,1.0,1.0,1.0,0.0,0.0,0.0,2.0,2.0,0.3234321291912575,2.0,4.0,1.0,5.0,0.0,0.0,0.0,2.0,400.0,-0.410698380985955,0.5611646959685037,0
265,1.0,1.0,0.0,0.0,0.0,0.0,18.0,1.0,0.36215059342369804,5.0,4.0,1.0,4.0,0.0,0.0,0.0,2.0,400.0,-1.1216182620831754,-1.8153824604852427,0
4158,1.0,1.0,1.0,0.0,0.0,0.0,2.0,1.0,0.3234321291912575,1.0,4.0,1.0,5.0,0.0,0.0,0.0,1.0,400.0,-1.0426271641834841,0.6021396469418442,0
13437,1.0,1.0,1.0,0.0,0.0,0.0,13.0,1.0,0.2649977300732862,1.0,4.0,0.0,6.0,0.0,0.0,0.0,3.0,400.0,-0.09473398938719041,0.5611646959685037,0
6005,1.0,1.0,0.0,0.0,0.0,0.0,9.0,2.0,0.36215059342369804,2.0,4.0,2.0,4.0,3.0,2.0,1.0,3.0,400.0,-1.2796004578825577,-1.8563574114585832,0
14115,1.0,1.0,0.0,0.0,0.0,0.0,9.0,1.0,0.3234321291912575,2.0,4.0,1.0,3.0,3.0,0.0,0.0,2.0,400.0,-0.8846449683841019,0.6021396469418442,0
4793,1.0,1.0,0.0,0.0,0.0,0.0,2.0,1.0,0.36215059342369804,1.0,4.0,2.0,5.0,0.0,3.0,0.0,4.0,500.0,-0.6476716746850284,0.6021396469418442,1
9321,1.0,0.0,0.0,0.0,0.0,0.0,6.0,2.0,0.022569557040015564,5.0,0.0,0.0,5.0,0.0,0.0,0.0,1.0,400.0,-0.8846449683841019,-1.5285578036718594,0
14238,1.0,1.0,1.0,0.0,0.0,0.0,9.0,1.0,0.3234321291912575,2.0,4.0,2.0,6.0,3.0,0.0,0.0,3.0,400.0,-0.015742891487499255,0.6021396469418442,0
6318,1.0,0.0,1.0,0.0,0.0,0.0,17.0,1.0,0.3234321291912575,1.0,4.0,0.0,4.0,2.0,0.0,0.0,3.0,400.0,-1.516573751581631,0.5611646959685037,0
8263,1.0,1.0,1.0,0.0,0.0,0.0,6.0,2.0,0.2649977300732862,1.0,4.0,2.0,4.0,1.0,0.0,0.0,3.0,400.0,-0.4896894788856461,0.6021396469418442,0
15153,1.0,1.0,1.0,0.0,0.0,0.0,6.0,1.0,0.2649977300732862,1.0,4.0,2.0,6.0,0.0,0.0,0.0,4.0,400.0,-0.4896894788856461,-1.0778333429651146,0
5652,1.0,1.0,1.0,0.0,0.0,0.0,2.0,2.0,0.2649977300732862,5.0,4.0,1.0,7.0,3.0,0.0,0.0,3.0,400.0,0.6951769896097211,-1.7744075095119023,0
2916,0.0,1.0,0.0,0.0,0.0,0.0,17.0,1.0,0.2649977300732862,1.0,4.0,1.0,4.0,0.0,0.0,0.0,3.0,400.0,-0.2527161851865727,0.5611646959685037,0
13771,1.0,0.0,1.0,0.0,0.0,1.0,17.0,1.0,0.36215059342369804,2.0,4.0,1.0,6.0,0.0,0.0,0.0,2.0,400.0,-0.09473398938719041,0.5611646959685037,0
12070,1.0,1.0,0.0,0.0,0.0,0.0,6.0,1.0,0.3234321291912575,1.0,4.0,2.0,7.0,2.0,0.0,0.0,1.0,400.0,1.169123577007868,0.5611646959685037,0
12890,1.0,1.0,0.0,0.0,0.0,0.0,13.0,2.0,0.2649977300732862,0.0,4.0,2.0,1.0,3.0,0.0,0.0,1.0,400.0,-1.6745559473810134,0.5611646959685037,0
4082,1.0,0.0,1.0,0.0,0.0,0.0,17.0,2.0,0.36215059342369804,0.0,4.0,2.0,3.0,0.0,0.0,0.0,3.0,400.0,-0.410698380985955,0.5611646959685037,0
10023,1.0,1.0,1.0,0.0,0.0,0.0,2.0,1.0,0.2649977300732862,2.0,4.0,2.0,7.0,3.0,0.0,0.0,4.0,400.0,1.0901324791081768,0.6021396469418442,0
5680,0.0,1.0,1.0,0.0,0.0,0.0,9.0,1.0,0.36215059342369804,2.0,4.0,0.0,6.0,0.0,0.0,0.0,2.0,400.0,0.45820369591064763,0.6021396469418442,1
1118,1.0,1.0,1.0,0.0,0.0,0.0,15.0,1.0,0.36215059342369804,2.0,4.0,0.0,7.0,0.0,0.0,0.0,4.0,400.0,0.37921259801095647,-1.7334325585385617,0
27,1.0,1.0,1.0,0.0,0.0,0.0,0.0,1.0,0.2649977300732862,2.0,4.0,2.0,6.0,1.0,0.0,0.0,3.0,400.0,0.14223930431188306,0.6021396469418442,0
231,1.0,1.0,1.0,0.0,0.0,0.0,9.0,1.0,0.2649977300732862,1.0,4.0,2.0,5.0,0.0,4.0,1.0,2.0,400.0,0.30022150011126536,0.5611646959685037,0
5523,0.0,1.0,1.0,0.0,0.0,0.0,9.0,1.0,0.36215059342369804,3.0,4.0,3.0,6.0,3.0,0.0,0.0,2.0,400.0,0.7741680875094122,-1.8153824604852427,0
9167,1.0,1.0,0.0,0.0,0.0,0.0,15.0,1.0,0.3234321291912575,1.0,4.0,3.0,5.0,3.0,0.0,0.0,3.0,400.0,-0.410698380985955,0.6021396469418442,0
10465,1.0,1.0,1.0,0.0,0.0,0.0,17.0,1.0,0.2649977300732862,0.0,4.0,0.0,6.0,1.0,0.0,0.0,3.0,400.0,2.827936632901382,0.5611646959685037,0
13426,1.0,0.0,1.0,0.0,0.0,0.0,13.0,1.0,0.36215059342369804,1.0,4.0,1.0,5.0,3.0,0.0,0.0,3.0,400.0,-0.5686805767853373,0.5611646959685037,0
4773,1.0,1.0,1.0,0.0,0.0,0.0,6.0,2.0,0.3234321291912575,2.0,4.0,3.0,4.0,2.0,0.0,0.0,3.0,400.0,-1.0426271641834841,0.5611646959685037,0
15114,1.0,1.0,1.0,0.0,0.0,0.0,6.0,2.0,0.36215059342369804,1.0,4.0,2.0,2.0,0.0,0.0,0.0,2.0,400.0,-0.9636360662837931,0.6021396469418442,1
6611,1.0,1.0,0.0,0.0,0.0,0.0,13.0,2.0,0.36215059342369804,1.0,4.0,2.0,5.0,3.0,0.0,0.0,1.0,400.0,-1.0426271641834841,-1.8153824604852427,0
2876,1.0,1.0,0.0,0.0,0.0,0.0,6.0,1.0,0.2649977300732862,1.0,4.0,0.0,4.0,0.0,4.0,1.0,4.0,400.0,-0.8056538704844107,-1.5285578036718594,0
1964,1.0,1.0,1.0,0.0,0.0,0.0,17.0,1.0,0.3234321291912575,1.0,4.0,2.0,6.0,0.0,0.0,0.0,3.0,400.0,0.37921259801095647,0.5611646959685037,0
8476,1.0,1.0,0.0,1.0,0.0,0.0,17.0,2.0,0.2649977300732862,1.0,4.0,1.0,4.0,1.0,0.0,0.0,3.0,400.0,-1.0426271641834841,0.6021396469418442,0
8917,1.0,1.0,0.0,0.0,0.0,0.0,13.0,1.0,0.36215059342369804,1.0,4.0,0.0,5.0,0.0,2.0,0.0,3.0,400.0,-0.9636360662837931,0.6021396469418442,0
10274,1.0,1.0,0.0,0.0,0.0,0.0,2.0,1.0,0.3234321291912575,3.0,4.0,0.0,5.0,3.0,0.0,0.0,1.0,400.0,1.169123577007868,0.5611646959685037,0
12104,1.0,1.0,1.0,0.0,0.0,0.0,2.0,2.0,0.36215059342369804,1.0,4.0,2.0,4.0,0.0,0.0,0.0,2.0,400.0,-0.410698380985955,-1.3236830488051572,0
10319,1.0,0.0,1.0,0.0,0.0,0.0,6.0,1.0,0.36215059342369804,1.0,4.0,2.0,6.0,2.0,0.0,0.0,1.0,400.0,1.0901324791081768,0.5611646959685037,0
8854,1.0,0.0,0.0,0.0,0.0,0.0,13.0,1.0,0.36215059342369804,1.0,4.0,2.0,6.0,0.0,0.0,0.0,3.0,400.0,-0.17372508728688155,-1.5695327546452,0
3808,1.0,1.0,0.0,0.0,0.0,0.0,9.0,1.0,0.3234321291912575,4.0,4.0,0.0,7.0,0.0,0.0,0.0,2.0,400.0,1.0111413812084857,0.6021396469418442,0
8524,1.0,1.0,1.0,0.0,0.0,0.0,13.0,1.0,0.36215059342369804,1.0,4.0,0.0,4.0,3.0,0.0,0.0,2.0,400.0,1.0901324791081768,0.6021396469418442,0
9441,1.0,1.0,1.0,0.0,0.0,0.0,0.0,1.0,0.3234321291912575,2.0,4.0,2.0,6.0,2.0,0.0,0.0,1.0,400.0,-0.410698380985955,0.5611646959685037,0
9050,1.0,1.0,1.0,0.0,0.0,0.0,9.0,1.0,0.3234321291912575,1.0,4.0,0.0,7.0,0.0,4.0,1.0,4.0,400.0,0.5371947938103387,0.5611646959685037,0
11159,1.0,1.0,1.0,0.0,0.0,0.0,6.0,1.0,0.3234321291912575,2.0,4.0,2.0,6.0,1.0,0.0,0.0,3.0,700.0,-1.1216182620831754,-1.8153824604852427,0
1618,1.0,1.0,1.0,0.0,0.0,0.0,17.0,1.0,0.3234321291912575,0.0,4.0,3.0,7.0,0.0,0.0,0.0,1.0,400.0,0.5371947938103387,0.5611646959685037,0
2491,1.0,1.0,0.0,0.0,0.0,0.0,17.0,1.0,0.2649977300732862,1.0,4.0,1.0,5.0,3.0,0.0,0.0,3.0,400.0,-0.7266627725847196,0.6021396469418442,0
2397,1.0,1.0,1.0,0.0,0.0,0.0,9.0,1.0,0.3234321291912575,1.0,4.0,3.0,7.0,2.0,0.0,0.0,3.0,400.0,1.8800434581050884,0.6021396469418442,0
1511,1.0,0.0,0.0,0.0,0.0,0.0,13.0,2.0,0.2649977300732862,1.0,4.0,0.0,5.0,0.0,0.0,0.0,4.0,400.0,-0.4896894788856461,0.6021396469418442,0
12186,1.0,1.0,0.0,0.0,0.0,0.0,0.0,1.0,0.2649977300732862,2.0,3.0,0.0,7.0,0.0,0.0,0.0,1.0,400.0,0.5371947938103387,0.5611646959685037,0
1707,1.0,1.0,1.0,0.0,0.0,0.0,3.0,2.0,0.3234321291912575,1.0,4.0,2.0,5.0,1.0,0.0,0.0,1.0,400.0,-1.0426271641834841,0.5611646959685037,0
3451,1.0,1.0,0.0,0.0,0.0,0.0,6.0,1.0,0.022569557040015564,5.0,4.0,0.0,5.0,0.0,0.0,0.0,2.0,400.0,-0.7266627725847196,0.5611646959685037,0
1463,1.0,1.0,1.0,0.0,0.0,0.0,13.0,1.0,0.2649977300732862,1.0,4.0,0.0,7.0,3.0,0.0,0.0,2.0,400.0,0.6951769896097211,0.6431145979151847,0
6553,1.0,0.0,0.0,0.0,0.0,0.0,17.0,2.0,0.3234321291912575,1.0,4.0,0.0,5.0,0.0,0.0,0.0,1.0,400.0,-0.5686805767853373,0.5611646959685037,0
4096,1.0,1.0,0.0,0.0,0.0,0.0,6.0,2.0,0.2649977300732862,0.0,4.0,0.0,5.0,0.0,0.0,0.0,1.0,400.0,-1.1216182620831754,0.6021396469418442,0
14693,1.0,1.0,1.0,0.0,0.0,0.0,17.0,1.0,0.36215059342369804,0.0,4.0,1.0,5.0,2.0,0.0,0.0,4.0,400.0,1.722061262305706,0.5611646959685037,0
14953,1.0,1.0,1.0,0.0,0.0,0.0,13.0,2.0,0.36215059342369804,1.0,4.0,0.0,4.0,0.0,0.0,0.0,3.0,400.0,-1.43758265368194,-1.8153824604852427,0
14339,0.0,0.0,1.0,0.0,0.0,0.0,2.0,1.0,0.2649977300732862,1.0,4.0,1.0,6.0,1.0,0.0,0.0,2.0,400.0,0.37921259801095647,-1.6105077056185404,0
9899,1.0,1.0,1.0,0.0,0.0,0.0,6.0,1.0,0.3234321291912575,1.0,4.0,2.0,6.0,1.0,0.0,0.0,1.0,400.0,0.06324820641219189,0.5611646959685037,0
7652,1.0,1.0,1.0,0.0,0.0,0.0,6.0,1.0,0.36215059342369804,2.0,4.0,0.0,5.0,1.0,0.0,0.0,4.0,400.0,-0.7266627725847196,0.5611646959685037,0
4100,1.0,1.0,0.0,0.0,0.0,0.0,2.0,1.0,0.36215059342369804,2.0,4.0,0.0,7.0,3.0,0.0,0.0,1.0,400.0,1.0901324791081768,-1.8153824604852427,0
3031,1.0,1.0,1.0,0.0,0.0,0.0,2.0,1.0,0.2649977300732862,2.0,4.0,3.0,6.0,0.0,0.0,0.0,1.0,400.0,-0.8846449683841019,-1.4056329507518381,1
2792,1.0,1.0,1.0,0.0,0.0,0.0,5.0,2.0,0.022050716648291068,5.0,4.0,1.0,5.0,3.0,4.0,1.0,1.0,400.0,-0.4896894788856461,-1.8563574114585832,0
15214,0.0,1.0,1.0,0.0,0.0,0.0,9.0,1.0,0.36215059342369804,1.0,4.0,0.0,5.0,0.0,0.0,0.0,4.0,400.0,-0.8056538704844107,0.6021396469418442,0
6059,0.0,1.0,1.0,0.0,0.0,0.0,2.0,2.0,0.36215059342369804,2.0,4.0,2.0,3.0,0.0,0.0,0.0,1.0,400.0,-0.8056538704844107,-1.5695327546452,0
5349,1.0,1.0,1.0,0.0,0.0,0.0,9.0,1.0,0.3234321291912575,2.0,4.0,1.0,6.0,2.0,0.0,0.0,3.0,400.0,-1.1216182620831754,-1.8563574114585832,0
10057,1.0,1.0,0.0,0.0,0.0,0.0,17.0,1.0,0.2649977300732862,5.0,4.0,1.0,7.0,3.0,0.0,0.0,1.0,400.0,1.8010523602053972,-1.8563574114585832,0
9462,1.0,1.0,0.0,0.0,0.0,0.0,13.0,1.0,0.2649977300732862,1.0,4.0,3.0,7.0,0.0,0.0,0.0,3.0,400.0,0.5371947938103387,-1.8153824604852427,0
9543,1.0,0.0,1.0,0.0,0.0,0.0,6.0,1.0,0.3234321291912575,1.0,4.0,2.0,6.0,0.0,0.0,0.0,4.0,400.0,-0.17372508728688155,0.5611646959685037,0
54,1.0,1.0,1.0,0.0,0.0,0.0,13.0,2.0,0.36215059342369804,2.0,4.0,1.0,6.0,1.0,0.0,0.0,1.0,400.0,0.37921259801095647,0.5611646959685037,0
9911,1.0,1.0,1.0,0.0,0.0,0.0,9.0,1.0,0.3234321291912575,1.0,4.0,3.0,6.0,3.0,4.0,1.0,2.0,400.0,0.2212304022115742,0.6021396469418442,0
13155,1.0,1.0,1.0,0.0,0.0,0.0,17.0,2.0,0.36215059342369804,1.0,4.0,1.0,5.0,2.0,0.0,0.0,4.0,400.0,-0.5686805767853373,0.5611646959685037,0
6577,1.0,1.0,1.0,0.0,0.0,0.0,18.0,1.0,0.3234321291912575,3.0,4.0,3.0,6.0,3.0,0.0,0.0,3.0,400.0,-0.8846449683841019,0.5611646959685037,0
7047,1.0,1.0,1.0,0.0,0.0,0.0,6.0,1.0,0.3234321291912575,2.0,1.0,2.0,7.0,0.0,0.0,0.0,3.0,400.0,0.45820369591064763,0.5611646959685037,0
10703,1.0,1.0,1.0,0.0,0.0,0.0,9.0,1.0,0.36215059342369804,1.0,4.0,2.0,6.0,2.0,0.0,0.0,2.0,400.0,-0.33170728308626385,0.5611646959685037,0
538,1.0,1.0,1.0,0.0,0.0,0.0,6.0,1.0,0.2649977300732862,1.0,4.0,0.0,6.0,0.0,0.0,0.0,2.0,400.0,-0.2527161851865727,0.5611646959685037,1
7728,1.0,1.0,1.0,0.0,0.0,0.0,13.0,1.0,0.2649977300732862,2.0,4.0,1.0,5.0,3.0,0.0,0.0,1.0,400.0,-0.9636360662837931,0.6021396469418442,1
11063,1.0,1.0,0.0,0.0,0.0,0.0,17.0,1.0,0.36215059342369804,2.0,4.0,0.0,6.0,0.0,0.0,0.0,2.0,400.0,-0.09473398938719041,-1.6105077056185404,0
811,1.0,1.0,1.0,0.0,0.0,0.0,6.0,2.0,0.36215059342369804,1.0,4.0,0.0,5.0,1.0,0.0,0.0,2.0,400.0,-1.0426271641834841,0.6021396469418442,0
554,1.0,1.0,1.0,0.0,0.0,0.0,9.0,1.0,0.36215059342369804,1.0,4.0,0.0,6.0,0.0,0.0,0.0,3.0,400.0,0.5371947938103387,0.6021396469418442,0
13911,1.0,1.0,1.0,0.0,0.0,0.0,9.0,1.0,0.022050716648291068,5.0,4.0,2.0,6.0,3.0,0.0,0.0,1.0,400.0,0.37921259801095647,0.6021396469418442,0
6051,1.0,1.0,0.0,0.0,0.0,0.0,6.0,2.0,0.36215059342369804,1.0,4.0,0.0,6.0,0.0,0.0,0.0,4.0,400.0,-0.9636360662837931,0.6021396469418442,0
4354,1.0,1.0,1.0,0.0,0.0,0.0,6.0,1.0,0.36215059342369804,2.0,4.0,2.0,6.0,3.0,0.0,0.0,3.0,400.0,-0.8056538704844107,0.6431145979151847,1
4999,1.0,1.0,0.0,0.0,0.0,0.0,9.0,1.0,0.3234321291912575,2.0,4.0,0.0,7.0,0.0,0.0,0.0,2.0,400.0,1.6430701644060148,0.5611646959685037,0
9474,1.0,1.0,1.0,0.0,0.0,0.0,13.0,1.0,0.36215059342369804,1.0,4.0,0.0,4.0,1.0,0.0,0.0,3.0,400.0,0.9321502833087946,0.5611646959685037,0
13965,0.0,1.0,0.0,0.0,0.0,0.0,6.0,2.0,0.36215059342369804,1.0,2.0,1.0,4.0,0.0,0.0,0.0,3.0,400.0,-1.2796004578825577,0.5611646959685037,0
1922,1.0,1.0,1.0,0.0,0.0,0.0,0.0,1.0,0.2649977300732862,5.0,4.0,3.0,6.0,0.0,0.0,0.0,2.0,400.0,-0.17372508728688155,0.5611646959685037,0
8629,1.0,1.0,1.0,1.0,0.0,0.0,13.0,2.0,0.36215059342369804,1.0,4.0,0.0,6.0,0.0,0.0,0.0,2.0,400.0,-0.09473398938719041,0.6021396469418442,0
4400,1.0,1.0,0.0,0.0,0.0,0.0,17.0,1.0,0.2649977300732862,2.0,4.0,1.0,7.0,0.0,0.0,0.0,2.0,400.0,0.2212304022115742,0.6021396469418442,0
2231,1.0,1.0,1.0,1.0,0.0,0.0,2.0,1.0,0.36215059342369804,5.0,4.0,2.0,6.0,2.0,0.0,0.0,2.0,700.0,-0.33170728308626385,0.5611646959685037,0
4983,1.0,1.0,1.0,0.0,0.0,0.0,15.0,1.0,0.3234321291912575,2.0,4.0,3.0,6.0,0.0,0.0,0.0,2.0,400.0,-0.2527161851865727,0.5611646959685037,0
5131,1.0,1.0,0.0,0.0,0.0,0.0,6.0,1.0,0.2649977300732862,1.0,4.0,0.0,4.0,0.0,0.0,0.0,3.0,400.0,-0.410698380985955,0.6021396469418442,0
5328,1.0,1.0,1.0,0.0,0.0,0.0,17.0,0.0,0.36215059342369804,1.0,4.0,1.0,6.0,0.0,0.0,0.0,2.0,400.0,-0.33170728308626385,-1.8563574114585832,0
11541,1.0,0.0,1.0,0.0,0.0,0.0,9.0,1.0,0.3234321291912575,1.0,4.0,1.0,6.0,2.0,0.0,0.0,3.0,400.0,-0.7266627725847196,0.6021396469418442,0
10284,1.0,1.0,0.0,0.0,0.0,0.0,0.0,1.0,0.36215059342369804,3.0,4.0,2.0,7.0,3.0,0.0,0.0,2.0,400.0,0.7741680875094122,-1.8153824604852427,0
6125,1.0,1.0,1.0,0.0,0.0,0.0,17.0,1.0,0.36215059342369804,1.0,4.0,2.0,6.0,1.0,0.0,0.0,4.0,400.0,-0.9636360662837931,0.6431145979151847,0
14358,1.0,1.0,0.0,0.0,0.0,0.0,17.0,2.0,0.36215059342369804,1.0,4.0,0.0,5.0,0.0,0.0,0.0,4.0,400.0,-0.4896894788856461,0.5611646959685037,0
3465,0.0,1.0,0.0,0.0,0.0,0.0,17.0,1.0,0.2649977300732862,1.0,4.0,0.0,7.0,1.0,0.0,0.0,3.0,400.0,2.4329811434029263,0.6021396469418442,0
13552,1.0,1.0,1.0,0.0,0.0,0.0,6.0,2.0,0.2649977300732862,5.0,4.0,0.0,0.0,0.0,0.0,0.0,4.0,400.0,-1.9115292410800868,0.6021396469418442,0
4588,1.0,1.0,1.0,0.0,0.0,0.0,13.0,1.0,0.2649977300732862,1.0,4.0,2.0,7.0,1.0,0.0,0.0,3.0,400.0,-0.015742891487499255,-1.7744075095119023,1
13458,1.0,1.0,1.0,0.0,0.0,0.0,13.0,1.0,0.36215059342369804,1.0,4.0,3.0,5.0,0.0,0.0,0.0,2.0,400.0,-0.4896894788856461,-1.8563574114585832,0
9262,1.0,1.0,1.0,0.0,0.0,0.0,9.0,1.0,0.3234321291912575,1.0,4.0,2.0,6.0,3.0,0.0,0.0,2.0,400.0,2.827936632901382,0.6021396469418442,0
5715,1.0,1.0,1.0,0.0,0.0,0.0,6.0,1.0,0.36215059342369804,5.0,4.0,1.0,7.0,1.0,0.0,0.0,3.0,400.0,1.5640790665063238,0.6021396469418442,0
4300,1.0,0.0,1.0,0.0,0.0,0.0,13.0,2.0,0.3234321291912575,1.0,4.0,2.0,4.0,2.0,0.0,0.0,1.0,400.0,-0.410698380985955,0.6021396469418442,0
12389,1.0,1.0,0.0,0.0,0.0,0.0,6.0,2.0,0.3234321291912575,1.0,4.0,2.0,5.0,3.0,4.0,1.0,2.0,400.0,-1.0426271641834841,0.5611646959685037,0
2434,1.0,0.0,1.0,1.0,0.0,0.0,17.0,1.0,0.36215059342369804,5.0,4.0,0.0,5.0,1.0,0.0,0.0,2.0,400.0,-0.6476716746850284,0.5611646959685037,0
5155,1.0,1.0,0.0,0.0,0.0,0.0,2.0,2.0,0.2649977300732862,3.0,4.0,1.0,7.0,2.0,0.0,0.0,1.0,400.0,0.5371947938103387,0.6021396469418442,0
13635,0.0,0.0,1.0,0.0,0.0,0.0,13.0,2.0,0.3234321291912575,2.0,4.0,2.0,5.0,0.0,0.0,0.0,4.0,400.0,-1.0426271641834841,0.5611646959685037,0
3845,1.0,1.0,0.0,0.0,0.0,0.0,6.0,2.0,0.2649977300732862,0.0,4.0,0.0,6.0,1.0,0.0,0.0,2.0,400.0,-0.015742891487499255,0.5611646959685037,0
11729,1.0,1.0,1.0,0.0,0.0,0.0,2.0,1.0,0.3234321291912575,1.0,4.0,0.0,7.0,0.0,3.0,0.0,3.0,500.0,1.4060968707069414,0.5611646959685037,0
8576,1.0,0.0,1.0,0.0,0.0,0.0,9.0,1.0,0.3234321291912575,1.0,4.0,2.0,4.0,2.0,0.0,0.0,4.0,400.0,0.06324820641219189,0.5611646959685037,0
4606,1.0,1.0,1.0,0.0,0.0,0.0,17.0,1.0,0.3234321291912575,2.0,4.0,2.0,6.0,0.0,0.0,0.0,2.0,400.0,-0.17372508728688155,0.6021396469418442,0
7629,1.0,0.0,1.0,0.0,0.0,0.0,6.0,2.0,0.36215059342369804,1.0,4.0,2.0,4.0,3.0,0.0,0.0,4.0,400.0,-0.9636360662837931,0.5611646959685037,0
4880,1.0,1.0,1.0,0.0,0.0,0.0,13.0,1.0,0.36215059342369804,1.0,4.0,0.0,6.0,3.0,0.0,0.0,4.0,400.0,-0.09473398938719041,0.5611646959685037,0
6558,1.0,1.0,0.0,0.0,0.0,0.0,6.0,1.0,0.36215059342369804,1.0,4.0,2.0,7.0,2.0,0.0,0.0,4.0,400.0,1.169123577007868,0.5611646959685037,0
2833,1.0,0.0,0.0,0.0,0.0,0.0,6.0,1.0,0.36215059342369804,1.0,4.0,1.0,4.0,0.0,0.0,0.0,3.0,400.0,-0.9636360662837931,0.6021396469418442,0
14137,0.0,0.0,1.0,0.0,0.0,0.0,13.0,1.0,0.3234321291912575,3.0,4.0,2.0,5.0,1.0,0.0,0.0,3.0,400.0,-0.2527161851865727,0.6021396469418442,0
4837,1.0,1.0,1.0,0.0,0.0,0.0,0.0,1.0,0.2649977300732862,2.0,4.0,2.0,6.0,1.0,0.0,2.0,4.0,400.0,-0.6476716746850284,0.6021396469418442,0
7606,1.0,1.0,1.0,0.0,0.0,0.0,13.0,2.0,0.022050716648291068,3.0,4.0,3.0,6.0,1.0,0.0,0.0,1.0,400.0,0.14223930431188306,0.6021396469418442,0
6899,1.0,0.0,0.0,0.0,0.0,0.0,6.0,1.0,0.3234321291912575,1.0,4.0,0.0,5.0,1.0,0.0,0.0,4.0,400.0,-1.1216182620831754,0.5611646959685037,0
7906,1.0,1.0,1.0,0.0,0.0,0.0,6.0,1.0,0.2649977300732862,1.0,4.0,2.0,6.0,0.0,0.0,0.0,1.0,400.0,0.5371947938103387,-1.7334325585385617,0
537,1.0,1.0,1.0,0.0,0.0,0.0,15.0,2.0,0.36215059342369804,2.0,4.0,0.0,6.0,1.0,0.0,0.0,4.0,400.0,-0.7266627725847196,0.5611646959685037,0
234,1.0,1.0,1.0,0.0,0.0,0.0,11.0,1.0,0.2649977300732862,0.0,4.0,0.0,5.0,0.0,0.0,0.0,3.0,400.0,-0.8846449683841019,0.5611646959685037,0
6710,1.0,1.0,1.0,0.0,0.0,0.0,2.0,1.0,0.3234321291912575,3.0,4.0,3.0,7.0,0.0,0.0,0.0,1.0,400.0,1.4850879686066325,0.6431145979151847,0
3488,1.0,1.0,1.0,0.0,0.0,0.0,17.0,1.0,0.36215059342369804,1.0,4.0,2.0,5.0,3.0,0.0,0.0,1.0,400.0,-1.1216182620831754,0.5611646959685037,0
2089,1.0,1.0,1.0,0.0,0.0,0.0,18.0,1.0,0.36215059342369804,2.0,4.0,2.0,7.0,1.0,0.0,0.0,3.0,400.0,0.6161858917100299,0.5611646959685037,0
9972,1.0,1.0,0.0,0.0,0.0,0.0,17.0,0.0,0.2649977300732862,1.0,4.0,0.0,7.0,0.0,0.0,0.0,3.0,400.0,0.6951769896097211,0.5611646959685037,0
8192,1.0,1.0,1.0,0.0,0.0,0.0,18.0,2.0,0.2649977300732862,5.0,4.0,1.0,6.0,2.0,0.0,0.0,1.0,400.0,0.2212304022115742,-1.8153824604852427,0
236,0.0,0.0,1.0,0.0,1.0,0.0,13.0,2.0,0.36215059342369804,1.0,4.0,2.0,6.0,3.0,0.0,0.0,4.0,400.0,-0.2527161851865727,0.5611646959685037,0
12504,1.0,1.0,0.0,0.0,0.0,0.0,9.0,1.0,0.3234321291912575,2.0,4.0,2.0,6.0,0.0,0.0,2.0,4.0,400.0,0.6951769896097211,0.6021396469418442,0
5026,1.0,1.0,0.0,0.0,0.0,0.0,9.0,1.0,0.36215059342369804,1.0,4.0,3.0,6.0,2.0,0.0,0.0,4.0,400.0,-0.6476716746850284,0.6021396469418442,0
4798,1.0,1.0,1.0,0.0,0.0,0.0,13.0,1.0,0.36215059342369804,1.0,4.0,0.0,5.0,0.0,0.0,0.0,3.0,400.0,0.6951769896097211,0.5611646959685037,0
9704,1.0,1.0,0.0,0.0,0.0,0.0,9.0,2.0,0.022569557040015564,5.0,4.0,0.0,7.0,3.0,0.0,0.0,2.0,400.0,0.45820369591064763,0.6021396469418442,0
12759,1.0,1.0,1.0,0.0,0.0,0.0,13.0,1.0,0.3234321291912575,1.0,4.0,3.0,5.0,0.0,0.0,0.0,4.0,400.0,0.06324820641219189,0.5611646959685037,0
11124,0.0,1.0,1.0,0.0,0.0,0.0,6.0,2.0,0.36215059342369804,5.0,4.0,0.0,0.0,0.0,0.0,0.0,3.0,400.0,-1.9115292410800868,-0.66808383323171,0
8967,0.0,0.0,1.0,0.0,0.0,0.0,13.0,2.0,0.36215059342369804,1.0,4.0,1.0,6.0,0.0,0.0,0.0,4.0,400.0,0.06324820641219189,0.6021396469418442,0
4305,1.0,1.0,1.0,0.0,0.0,0.0,13.0,1.0,0.3234321291912575,1.0,4.0,1.0,6.0,3.0,0.0,0.0,2.0,400.0,-0.17372508728688155,0.6021396469418442,0
8812,1.0,1.0,1.0,0.0,0.0,0.0,6.0,1.0,0.3234321291912575,1.0,4.0,2.0,5.0,2.0,0.0,0.0,2.0,400.0,-0.9636360662837931,-1.7744075095119023,0
291,1.0,0.0,1.0,0.0,0.0,0.0,17.0,1.0,0.2649977300732862,0.0,4.0,2.0,7.0,2.0,0.0,0.0,1.0,400.0,1.5640790665063238,0.5611646959685037,0
14702,1.0,0.0,1.0,0.0,0.0,0.0,13.0,1.0,0.3234321291912575,2.0,4.0,3.0,7.0,2.0,0.0,0.0,1.0,400.0,2.0380256539044708,0.5611646959685037,0
1239,0.0,1.0,1.0,0.0,0.0,0.0,13.0,2.0,0.2649977300732862,0.0,4.0,0.0,5.0,2.0,4.0,1.0,4.0,400.0,-1.0426271641834841,-1.7744075095119023,0
486,1.0,1.0,1.0,0.0,0.0,0.0,13.0,1.0,0.2649977300732862,0.0,4.0,1.0,7.0,0.0,0.0,0.0,3.0,400.0,1.0111413812084857,-1.7334325585385617,0
10045,1.0,1.0,1.0,0.0,0.0,0.0,17.0,1.0,0.3234321291912575,1.0,4.0,3.0,7.0,1.0,0.0,0.0,4.0,400.0,2.6699544371019996,0.5611646959685037,0
7289,1.0,1.0,1.0,0.0,0.0,0.0,17.0,1.0,0.2649977300732862,1.0,4.0,2.0,7.0,3.0,0.0,0.0,2.0,400.0,-0.2527161851865727,0.6431145979151847,0
9017,1.0,1.0,1.0,0.0,0.0,0.0,9.0,1.0,0.36215059342369804,3.0,4.0,2.0,5.0,2.0,0.0,0.0,4.0,400.0,-0.9636360662837931,0.6021396469418442,0
6861,1.0,1.0,1.0,0.0,0.0,0.0,17.0,2.0,0.2649977300732862,1.0,4.0,1.0,4.0,2.0,0.0,0.0,4.0,400.0,-0.6476716746850284,0.6021396469418442,0
4458,1.0,1.0,0.0,0.0,0.0,0.0,17.0,2.0,0.3234321291912575,2.0,4.0,3.0,6.0,2.0,2.0,0.0,3.0,400.0,-0.8056538704844107,0.6021396469418442,0
14162,1.0,0.0,0.0,0.0,0.0,0.0,6.0,2.0,0.3234321291912575,1.0,4.0,2.0,6.0,2.0,0.0,0.0,4.0,400.0,0.14223930431188306,0.5611646959685037,0
3245,1.0,1.0,1.0,0.0,0.0,0.0,6.0,1.0,0.36215059342369804,1.0,4.0,2.0,6.0,3.0,0.0,0.0,4.0,400.0,-0.17372508728688155,0.5611646959685037,0
1673,1.0,1.0,1.0,0.0,0.0,0.0,6.0,1.0,0.3234321291912575,1.0,4.0,3.0,6.0,3.0,0.0,0.0,1.0,700.0,0.30022150011126536,0.5611646959685037,0
14437,1.0,1.0,1.0,0.0,0.0,0.0,13.0,1.0,0.3234321291912575,1.0,4.0,2.0,6.0,3.0,0.0,0.0,1.0,400.0,-0.410698380985955,0.6021396469418442,0
6156,0.0,1.0,0.0,0.0,0.0,0.0,13.0,1.0,0.2649977300732862,1.0,4.0,1.0,7.0,0.0,0.0,0.0,1.0,400.0,2.0380256539044708,-1.8563574114585832,0
15003,1.0,1.0,1.0,0.0,0.0,0.0,13.0,1.0,0.3234321291912575,0.0,4.0,2.0,6.0,0.0,0.0,0.0,3.0,700.0,0.30022150011126536,0.5611646959685037,0
5766,1.0,1.0,1.0,0.0,0.0,0.0,13.0,1.0,0.3234321291912575,5.0,4.0,3.0,6.0,3.0,0.0,0.0,2.0,400.0,-0.410698380985955,0.6021396469418442,0
4981,1.0,1.0,1.0,0.0,0.0,0.0,17.0,1.0,0.36215059342369804,1.0,4.0,1.0,7.0,0.0,0.0,0.0,1.0,400.0,1.722061262305706,0.5611646959685037,0
7397,1.0,1.0,1.0,0.0,0.0,0.0,6.0,1.0,0.2649977300732862,0.0,4.0,0.0,6.0,0.0,0.0,0.0,1.0,400.0,-0.5686805767853373,0.6431145979151847,0
4814,1.0,0.0,0.0,0.0,0.0,0.0,9.0,2.0,0.022569557040015564,5.0,4.0,2.0,5.0,2.0,0.0,0.0,1.0,400.0,-0.8056538704844107,0.5611646959685037,0
439,1.0,1.0,1.0,0.0,0.0,0.0,6.0,1.0,0.36215059342369804,1.0,4.0,0.0,7.0,0.0,0.0,0.0,4.0,400.0,2.1170167518041616,-1.7334325585385617,0
140,1.0,1.0,1.0,0.0,0.0,0.0,6.0,1.0,0.022569557040015564,5.0,4.0,1.0,7.0,2.0,0.0,0.0,4.0,400.0,0.8531591854091034,0.5611646959685037,0
1598,1.0,1.0,1.0,0.0,0.0,0.0,13.0,1.0,0.2649977300732862,2.0,4.0,2.0,7.0,3.0,0.0,2.0,4.0,400.0,1.4060968707069414,-1.7744075095119023,1
8473,1.0,1.0,1.0,0.0,0.0,0.0,17.0,1.0,0.3234321291912575,2.0,4.0,2.0,4.0,3.0,0.0,0.0,1.0,400.0,-0.4896894788856461,-1.5695327546452,0
2128,1.0,1.0,1.0,0.0,0.0,0.0,6.0,1.0,0.022569557040015564,5.0,4.0,1.0,2.0,0.0,0.0,0.0,4.0,400.0,-0.33170728308626385,0.6021396469418442,0
7448,1.0,1.0,0.0,0.0,0.0,0.0,13.0,2.0,0.2649977300732862,0.0,4.0,0.0,4.0,0.0,0.0,0.0,2.0,400.0,-0.9636360662837931,0.6021396469418442,0
8836,1.0,0.0,1.0,0.0,0.0,0.0,18.0,2.0,0.3234321291912575,4.0,4.0,3.0,5.0,0.0,0.0,0.0,1.0,400.0,-0.8056538704844107,-1.6105077056185404,0
14194,1.0,1.0,1.0,0.0,0.0,0.0,18.0,1.0,0.36215059342369804,5.0,4.0,0.0,7.0,3.0,0.0,0.0,4.0,400.0,1.722061262305706,0.5611646959685037,0
9405,1.0,1.0,1.0,0.0,0.0,0.0,13.0,1.0,0.36215059342369804,0.0,4.0,0.0,7.0,0.0,0.0,0.0,1.0,400.0,0.7741680875094122,0.6021396469418442,0
10489,1.0,1.0,0.0,0.0,0.0,0.0,17.0,1.0,0.36215059342369804,1.0,4.0,2.0,6.0,0.0,0.0,0.0,2.0,400.0,-0.2527161851865727,0.5611646959685037,0
13503,0.0,0.0,0.0,0.0,1.0,0.0,13.0,2.0,0.36215059342369804,1.0,4.0,1.0,3.0,1.0,0.0,0.0,4.0,400.0,-0.8846449683841019,0.6021396469418442,0
14385,1.0,0.0,0.0,0.0,0.0,0.0,13.0,1.0,0.3234321291912575,1.0,4.0,0.0,4.0,0.0,0.0,0.0,1.0,400.0,-0.015742891487499255,0.6021396469418442,0
4232,1.0,1.0,1.0,0.0,0.0,0.0,13.0,1.0,0.36215059342369804,1.0,4.0,2.0,4.0,1.0,3.0,0.0,2.0,400.0,-1.1216182620831754,-0.6271088822583695,0
3172,1.0,1.0,1.0,0.0,0.0,0.0,9.0,2.0,0.3234321291912575,1.0,4.0,2.0,5.0,0.0,0.0,0.0,1.0,400.0,-0.8056538704844107,0.5611646959685037,0
9582,1.0,1.0,1.0,0.0,0.0,0.0,13.0,1.0,0.36215059342369804,1.0,4.0,3.0,7.0,3.0,0.0,0.0,4.0,400.0,0.14223930431188306,0.5611646959685037,0
4673,1.0,1.0,1.0,0.0,0.0,0.0,6.0,2.0,0.36215059342369804,5.0,4.0,2.0,0.0,0.0,0.0,2.0,3.0,400.0,-1.8325381431803958,0.6021396469418442,0
13461,1.0,1.0,1.0,0.0,0.0,0.0,17.0,1.0,0.2649977300732862,1.0,4.0,2.0,6.0,0.0,0.0,0.0,2.0,400.0,0.2212304022115742,0.6431145979151847,0
3596,1.0,1.0,1.0,0.0,0.0,0.0,6.0,1.0,0.3234321291912575,5.0,4.0,3.0,5.0,0.0,0.0,0.0,3.0,400.0,-0.015742891487499255,0.5611646959685037,0
10312,0.0,0.0,1.0,0.0,0.0,0.0,6.0,1.0,0.36215059342369804,0.0,4.0,0.0,6.0,0.0,0.0,0.0,1.0,400.0,-0.2527161851865727,0.5611646959685037,0
1028,1.0,0.0,1.0,0.0,0.0,0.0,17.0,1.0,0.3234321291912575,1.0,4.0,3.0,6.0,0.0,0.0,0.0,3.0,400.0,-0.09473398938719041,0.6021396469418442,0
9506,1.0,1.0,0.0,0.0,0.0,0.0,13.0,1.0,0.2649977300732862,1.0,4.0,0.0,6.0,0.0,0.0,0.0,4.0,400.0,1.3271057728072504,0.6021396469418442,0
9378,1.0,1.0,1.0,0.0,0.0,0.0,2.0,2.0,0.2649977300732862,2.0,4.0,1.0,6.0,0.0,0.0,0.0,2.0,400.0,-0.4896894788856461,0.5611646959685037,0
10435,1.0,1.0,1.0,0.0,0.0,0.0,13.0,1.0,0.36215059342369804,1.0,4.0,0.0,6.0,3.0,0.0,0.0,1.0,400.0,-0.9636360662837931,0.6021396469418442,0
12192,1.0,1.0,0.0,0.0,0.0,1.0,6.0,1.0,0.36215059342369804,2.0,4.0,2.0,6.0,0.0,0.0,0.0,1.0,400.0,-0.015742891487499255,0.6021396469418442,0
8593,0.0,1.0,0.0,0.0,0.0,0.0,2.0,1.0,0.2649977300732862,1.0,4.0,0.0,6.0,0.0,0.0,0.0,1.0,400.0,0.30022150011126536,0.5611646959685037,0
10462,1.0,1.0,0.0,0.0,0.0,0.0,2.0,1.0,0.36215059342369804,2.0,4.0,2.0,7.0,0.0,0.0,0.0,4.0,400.0,0.9321502833087946,-1.8153824604852427,0
11445,1.0,1.0,1.0,0.0,0.0,0.0,6.0,2.0,0.3234321291912575,1.0,4.0,2.0,4.0,3.0,0.0,0.0,3.0,400.0,-0.8846449683841019,-1.8563574114585832,0
8801,1.0,1.0,1.0,0.0,0.0,0.0,6.0,2.0,0.3234321291912575,5.0,4.0,2.0,0.0,0.0,0.0,0.0,1.0,400.0,-1.8325381431803958,0.5611646959685037,0
11094,1.0,1.0,1.0,0.0,0.0,0.0,17.0,1.0,0.36215059342369804,2.0,4.0,1.0,6.0,3.0,0.0,0.0,1.0,400.0,-1.0426271641834841,0.5611646959685037,0
13020,1.0,0.0,1.0,0.0,0.0,0.0,17.0,2.0,0.3234321291912575,1.0,4.0,3.0,5.0,0.0,0.0,0.0,2.0,400.0,-0.7266627725847196,0.5611646959685037,0
7185,1.0,1.0,0.0,1.0,0.0,0.0,13.0,1.0,0.2649977300732862,1.0,4.0,0.0,6.0,1.0,0.0,0.0,4.0,400.0,0.14223930431188306,0.6431145979151847,0
4818,1.0,1.0,1.0,0.0,0.0,0.0,17.0,1.0,0.3234321291912575,5.0,4.0,3.0,4.0,0.0,0.0,0.0,2.0,400.0,-0.8056538704844107,0.5611646959685037,0
9943,1.0,1.0,0.0,0.0,0.0,0.0,17.0,2.0,0.2649977300732862,1.0,4.0,2.0,5.0,3.0,0.0,0.0,1.0,400.0,-0.5686805767853373,0.6021396469418442,0
9134,1.0,1.0,1.0,0.0,0.0,0.0,13.0,1.0,0.36215059342369804,1.0,4.0,2.0,7.0,0.0,4.0,1.0,2.0,400.0,2.748945535001691,0.5611646959685037,0
11591,1.0,1.0,1.0,0.0,0.0,0.0,6.0,1.0,0.36215059342369804,1.0,4.0,0.0,5.0,0.0,4.0,1.0,1.0,400.0,-0.8056538704844107,-1.8153824604852427,0
2226,1.0,1.0,1.0,0.0,0.0,0.0,13.0,1.0,0.36215059342369804,2.0,4.0,3.0,6.0,0.0,0.0,0.0,4.0,400.0,-0.4896894788856461,0.6021396469418442,0
6160,1.0,1.0,1.0,0.0,0.0,0.0,17.0,1.0,0.2649977300732862,0.0,4.0,0.0,5.0,0.0,0.0,0.0,2.0,400.0,1.8010523602053972,0.5611646959685037,0
8966,0.0,1.0,0.0,0.0,0.0,0.0,9.0,1.0,0.36215059342369804,1.0,4.0,1.0,6.0,3.0,4.0,1.0,4.0,400.0,-0.015742891487499255,-1.8563574114585832,0
2101,1.0,1.0,1.0,0.0,0.0,0.0,13.0,1.0,0.3234321291912575,0.0,4.0,2.0,6.0,1.0,0.0,0.0,1.0,400.0,2.0380256539044708,0.5611646959685037,0
975,1.0,1.0,1.0,0.0,0.0,0.0,17.0,1.0,0.3234321291912575,1.0,4.0,0.0,4.0,2.0,0.0,0.0,1.0,400.0,-0.7266627725847196,0.5611646959685037,0
14227,1.0,1.0,1.0,0.0,0.0,0.0,0.0,1.0,0.2649977300732862,1.0,4.0,2.0,6.0,2.0,0.0,0.0,3.0,400.0,0.30022150011126536,-1.651482656591881,0
8222,1.0,1.0,0.0,0.0,0.0,0.0,13.0,1.0,0.36215059342369804,1.0,4.0,2.0,6.0,0.0,0.0,0.0,4.0,400.0,0.9321502833087946,0.5611646959685037,0
4140,1.0,1.0,1.0,0.0,0.0,0.0,9.0,1.0,0.3234321291912575,2.0,4.0,1.0,6.0,3.0,0.0,2.0,1.0,400.0,-0.09473398938719041,-1.8153824604852427,0
9336,0.0,1.0,1.0,0.0,0.0,0.0,13.0,1.0,0.3234321291912575,2.0,4.0,2.0,6.0,3.0,0.0,0.0,3.0,400.0,0.5371947938103387,0.5611646959685037,0
12539,1.0,1.0,0.0,0.0,0.0,0.0,6.0,1.0,0.36215059342369804,1.0,4.0,2.0,5.0,1.0,0.0,0.0,3.0,400.0,-0.8056538704844107,0.6021396469418442,0
13245,1.0,1.0,1.0,0.0,0.0,0.0,6.0,1.0,0.36215059342369804,2.0,4.0,2.0,7.0,3.0,0.0,0.0,3.0,400.0,1.4850879686066325,-1.8563574114585832,1
2808,1.0,1.0,1.0,0.0,0.0,0.0,0.0,2.0,0.36215059342369804,2.0,4.0,2.0,6.0,3.0,0.0,0.0,1.0,400.0,0.2212304022115742,-1.8153824604852427,0
9360,1.0,1.0,1.0,0.0,0.0,0.0,13.0,2.0,0.36215059342369804,2.0,4.0,0.0,6.0,3.0,0.0,0.0,4.0,400.0,-0.4896894788856461,0.6021396469418442,0
6417,1.0,1.0,1.0,0.0,0.0,0.0,6.0,2.0,0.2649977300732862,1.0,4.0,2.0,5.0,0.0,0.0,0.0,4.0,400.0,-0.410698380985955,0.6021396469418442,0
6265,1.0,1.0,1.0,0.0,0.0,0.0,6.0,1.0,0.3234321291912575,2.0,4.0,1.0,7.0,3.0,0.0,0.0,1.0,400.0,1.8010523602053972,0.5611646959685037,0
2873,1.0,1.0,1.0,0.0,0.0,0.0,9.0,1.0,0.2649977300732862,0.0,4.0,1.0,7.0,2.0,0.0,0.0,1.0,400.0,-0.09473398938719041,0.6021396469418442,0
12601,1.0,1.0,0.0,0.0,0.0,0.0,13.0,1.0,0.2649977300732862,2.0,4.0,2.0,7.0,0.0,0.0,0.0,3.0,400.0,1.6430701644060148,0.6021396469418442,0
3409,1.0,1.0,1.0,0.0,0.0,0.0,17.0,1.0,0.2649977300732862,2.0,4.0,0.0,6.0,0.0,0.0,0.0,4.0,700.0,-0.015742891487499255,-1.7744075095119023,0
12444,1.0,1.0,1.0,0.0,0.0,0.0,17.0,1.0,0.2649977300732862,1.0,4.0,0.0,6.0,1.0,0.0,0.0,2.0,400.0,2.827936632901382,0.6021396469418442,0
640,1.0,1.0,0.0,1.0,0.0,0.0,13.0,1.0,0.3234321291912575,1.0,4.0,0.0,7.0,0.0,0.0,0.0,4.0,400.0,2.827936632901382,-1.6924576075652213,0
8235,1.0,1.0,0.0,0.0,0.0,0.0,5.0,1.0,0.2649977300732862,0.0,4.0,0.0,5.0,0.0,0.0,0.0,4.0,400.0,-0.2527161851865727,0.6021396469418442,0
2410,1.0,0.0,1.0,0.0,0.0,0.0,17.0,1.0,0.3234321291912575,2.0,4.0,2.0,6.0,0.0,0.0,0.0,4.0,400.0,-0.17372508728688155,0.6021396469418442,0
13807,1.0,1.0,1.0,0.0,0.0,0.0,6.0,1.0,0.3234321291912575,2.0,4.0,3.0,7.0,2.0,0.0,0.0,3.0,400.0,0.6161858917100299,0.6431145979151847,0
11587,0.0,1.0,1.0,0.0,0.0,0.0,17.0,1.0,0.3234321291912575,1.0,4.0,2.0,4.0,0.0,0.0,0.0,2.0,400.0,-0.6476716746850284,0.5611646959685037,0
14186,1.0,1.0,0.0,0.0,0.0,0.0,13.0,2.0,0.36215059342369804,2.0,4.0,2.0,5.0,0.0,0.0,0.0,3.0,400.0,-0.6476716746850284,0.5611646959685037,0
13924,1.0,0.0,0.0,0.0,0.0,0.0,6.0,1.0,0.36215059342369804,0.0,4.0,0.0,7.0,0.0,0.0,0.0,1.0,400.0,1.0901324791081768,0.5611646959685037,0
2754,1.0,1.0,1.0,0.0,0.0,0.0,17.0,1.0,0.2649977300732862,1.0,4.0,0.0,7.0,0.0,0.0,0.0,1.0,400.0,1.3271057728072504,0.5611646959685037,0
11478,1.0,1.0,0.0,0.0,0.0,0.0,6.0,1.0,0.2649977300732862,2.0,4.0,0.0,6.0,1.0,0.0,0.0,2.0,400.0,-0.8846449683841019,-1.5695327546452,0
968,0.0,1.0,0.0,0.0,0.0,0.0,3.0,1.0,0.36215059342369804,2.0,4.0,0.0,7.0,3.0,0.0,0.0,4.0,400.0,0.8531591854091034,0.5611646959685037,0
13757,1.0,1.0,0.0,0.0,0.0,0.0,13.0,1.0,0.2649977300732862,2.0,4.0,1.0,5.0,1.0,0.0,0.0,1.0,400.0,-0.33170728308626385,-1.8153824604852427,0
2730,1.0,1.0,1.0,0.0,0.0,0.0,13.0,1.0,0.2649977300732862,5.0,4.0,0.0,5.0,0.0,0.0,0.0,3.0,400.0,-0.5686805767853373,0.5611646959685037,0
8104,1.0,1.0,0.0,0.0,0.0,0.0,13.0,2.0,0.36215059342369804,1.0,4.0,0.0,5.0,2.0,0.0,0.0,3.0,400.0,-0.6476716746850284,0.5611646959685037,0
4211,0.0,0.0,0.0,0.0,0.0,0.0,9.0,1.0,0.3234321291912575,1.0,4.0,1.0,4.0,0.0,0.0,0.0,3.0,400.0,0.6161858917100299,0.6021396469418442,0
5530,1.0,1.0,1.0,0.0,0.0,0.0,13.0,1.0,0.3234321291912575,1.0,4.0,2.0,6.0,1.0,0.0,0.0,4.0,400.0,0.9321502833087946,0.5611646959685037,0
1796,1.0,1.0,1.0,0.0,0.0,0.0,0.0,1.0,0.3234321291912575,1.0,4.0,1.0,5.0,0.0,0.0,0.0,4.0,400.0,-0.33170728308626385,-1.6924576075652213,0
4270,0.0,0.0,0.0,0.0,0.0,0.0,17.0,2.0,0.2649977300732862,1.0,4.0,0.0,6.0,2.0,0.0,0.0,2.0,400.0,0.37921259801095647,0.5611646959685037,0
4835,1.0,1.0,1.0,0.0,0.0,0.0,9.0,1.0,0.3234321291912575,2.0,4.0,2.0,7.0,1.0,0.0,0.0,3.0,700.0,0.9321502833087946,-1.7744075095119023,0
4289,0.0,1.0,1.0,0.0,0.0,0.0,9.0,1.0,0.36215059342369804,2.0,4.0,0.0,7.0,0.0,0.0,0.0,2.0,400.0,1.0901324791081768,0.6431145979151847,0
412,1.0,0.0,1.0,0.0,0.0,0.0,13.0,1.0,0.2649977300732862,0.0,4.0,0.0,5.0,0.0,0.0,0.0,4.0,400.0,-0.5686805767853373,0.5611646959685037,0
14039,1.0,1.0,1.0,0.0,0.0,0.0,17.0,1.0,0.36215059342369804,1.0,4.0,1.0,6.0,0.0,0.0,0.0,4.0,400.0,0.8531591854091034,0.5611646959685037,0
5690,1.0,1.0,1.0,0.0,0.0,0.0,2.0,1.0,0.36215059342369804,2.0,4.0,0.0,6.0,2.0,4.0,1.0,1.0,400.0,0.37921259801095647,-1.487582852698519,1
11067,1.0,1.0,1.0,0.0,0.0,0.0,13.0,1.0,0.3234321291912575,1.0,4.0,3.0,6.0,0.0,0.0,0.0,3.0,400.0,0.7741680875094122,0.6021396469418442,0
4364,1.0,1.0,1.0,0.0,0.0,1.0,9.0,2.0,0.3234321291912575,2.0,4.0,0.0,6.0,3.0,0.0,0.0,1.0,400.0,-0.8056538704844107,0.6021396469418442,0
11242,1.0,1.0,1.0,0.0,0.0,0.0,2.0,1.0,0.36215059342369804,1.0,4.0,0.0,7.0,0.0,0.0,0.0,3.0,400.0,2.1170167518041616,0.6431145979151847,0
6697,1.0,1.0,0.0,0.0,0.0,0.0,9.0,1.0,0.022569557040015564,5.0,4.0,0.0,6.0,0.0,0.0,0.0,4.0,400.0,-0.5686805767853373,0.6021396469418442,0
6106,1.0,0.0,0.0,0.0,0.0,0.0,2.0,2.0,0.36215059342369804,5.0,4.0,0.0,6.0,3.0,0.0,0.0,2.0,700.0,-0.9636360662837931,0.6021396469418442,0
12688,1.0,1.0,1.0,0.0,0.0,0.0,13.0,1.0,0.3234321291912575,1.0,4.0,0.0,6.0,3.0,0.0,0.0,3.0,400.0,0.6161858917100299,0.5611646959685037,0
12568,1.0,1.0,0.0,0.0,0.0,0.0,13.0,1.0,0.2649977300732862,1.0,4.0,1.0,5.0,0.0,0.0,0.0,4.0,400.0,-0.410698380985955,0.6021396469418442,0
7247,1.0,1.0,1.0,0.0,0.0,0.0,17.0,2.0,0.36215059342369804,1.0,4.0,0.0,6.0,0.0,0.0,0.0,2.0,400.0,-0.6476716746850284,0.5611646959685037,0
14967,1.0,1.0,0.0,0.0,0.0,0.0,17.0,1.0,0.36215059342369804,1.0,4.0,1.0,5.0,0.0,0.0,0.0,4.0,400.0,-1.0426271641834841,0.6431145979151847,0
6569,1.0,1.0,1.0,0.0,0.0,0.0,15.0,1.0,0.3234321291912575,5.0,4.0,3.0,5.0,0.0,0.0,0.0,2.0,400.0,-0.4896894788856461,0.6021396469418442,0
13930,1.0,1.0,0.0,1.0,0.0,0.0,9.0,1.0,0.022569557040015564,5.0,4.0,2.0,6.0,0.0,0.0,0.0,3.0,400.0,-0.8846449683841019,0.6431145979151847,0
11088,1.0,1.0,0.0,0.0,0.0,0.0,6.0,1.0,0.36215059342369804,1.0,4.0,3.0,6.0,1.0,0.0,0.0,4.0,400.0,-0.5686805767853373,0.6021396469418442,0
5255,1.0,1.0,0.0,0.0,0.0,0.0,9.0,1.0,0.36215059342369804,1.0,4.0,3.0,6.0,1.0,0.0,0.0,4.0,400.0,-0.8056538704844107,-1.7744075095119023,0
9185,1.0,0.0,0.0,0.0,0.0,0.0,9.0,1.0,0.36215059342369804,2.0,4.0,0.0,6.0,0.0,0.0,0.0,2.0,400.0,-0.410698380985955,0.6021396469418442,0
1443,1.0,1.0,1.0,0.0,0.0,0.0,2.0,0.0,0.2649977300732862,5.0,4.0,2.0,6.0,0.0,0.0,0.0,1.0,400.0,-0.4896894788856461,0.5611646959685037,0
3790,0.0,1.0,1.0,0.0,0.0,0.0,13.0,1.0,0.3234321291912575,2.0,4.0,2.0,6.0,3.0,0.0,0.0,1.0,400.0,-0.09473398938719041,0.5611646959685037,0
11402,1.0,0.0,1.0,0.0,0.0,0.0,9.0,1.0,0.2649977300732862,0.0,4.0,0.0,5.0,0.0,4.0,1.0,1.0,400.0,-0.5686805767853373,0.5611646959685037,0
7722,0.0,1.0,0.0,0.0,0.0,0.0,6.0,1.0,0.36215059342369804,1.0,4.0,0.0,7.0,3.0,0.0,0.0,3.0,400.0,1.0901324791081768,0.5611646959685037,0
12616,1.0,1.0,1.0,0.0,0.0,0.0,6.0,2.0,0.3234321291912575,1.0,4.0,2.0,4.0,3.0,0.0,0.0,2.0,400.0,-1.2796004578825577,0.5611646959685037,0
5490,1.0,1.0,0.0,0.0,0.0,0.0,9.0,1.0,0.36215059342369804,1.0,4.0,0.0,7.0,3.0,0.0,0.0,4.0,400.0,1.6430701644060148,0.5611646959685037,0
3688,1.0,1.0,0.0,0.0,0.0,0.0,15.0,1.0,0.36215059342369804,2.0,4.0,0.0,6.0,3.0,0.0,0.0,3.0,700.0,-1.1216182620831754,0.5611646959685037,0
4568,1.0,1.0,1.0,0.0,0.0,0.0,17.0,1.0,0.2649977300732862,1.0,4.0,0.0,4.0,1.0,0.0,0.0,3.0,400.0,-0.6476716746850284,-1.7334325585385617,0
4077,1.0,1.0,0.0,0.0,0.0,0.0,13.0,1.0,0.2649977300732862,1.0,4.0,0.0,7.0,0.0,0.0,0.0,3.0,400.0,1.0111413812084857,0.6021396469418442,0
13391,1.0,1.0,1.0,0.0,0.0,0.0,13.0,1.0,0.2649977300732862,1.0,4.0,0.0,7.0,0.0,0.0,0.0,3.0,700.0,0.6161858917100299,-1.7334325585385617,0
10517,1.0,1.0,0.0,0.0,0.0,0.0,9.0,2.0,0.022569557040015564,5.0,4.0,0.0,4.0,1.0,0.0,0.0,2.0,400.0,-0.4896894788856461,0.5611646959685037,0
1952,1.0,1.0,1.0,0.0,0.0,0.0,2.0,1.0,0.2649977300732862,1.0,4.0,0.0,6.0,0.0,4.0,1.0,3.0,700.0,-0.2527161851865727,-1.8153824604852427,0
2665,0.0,1.0,1.0,0.0,0.0,0.0,9.0,1.0,0.36215059342369804,1.0,4.0,0.0,5.0,1.0,0.0,0.0,4.0,400.0,0.06324820641219189,0.6840895488885251,0
12021,1.0,1.0,1.0,0.0,0.0,0.0,18.0,1.0,0.36215059342369804,5.0,4.0,3.0,6.0,2.0,0.0,0.0,2.0,400.0,0.37921259801095647,-0.4222341273916672,0
6664,1.0,1.0,0.0,0.0,0.0,0.0,9.0,1.0,0.3234321291912575,2.0,4.0,1.0,6.0,0.0,0.0,0.0,1.0,700.0,1.2481146749075591,0.5611646959685037,0
4072,1.0,1.0,1.0,0.0,0.0,0.0,9.0,1.0,0.36215059342369804,1.0,4.0,2.0,7.0,3.0,0.0,0.0,1.0,400.0,0.45820369591064763,0.6431145979151847,0
8716,1.0,1.0,1.0,0.0,0.0,0.0,14.0,2.0,0.3234321291912575,5.0,4.0,2.0,7.0,0.0,0.0,0.0,1.0,400.0,0.30022150011126536,0.6431145979151847,0
4253,1.0,1.0,1.0,0.0,0.0,0.0,9.0,1.0,0.36215059342369804,5.0,4.0,2.0,6.0,3.0,0.0,0.0,3.0,400.0,-0.9636360662837931,0.6021396469418442,0
1896,1.0,0.0,1.0,0.0,0.0,0.0,13.0,2.0,0.3234321291912575,1.0,4.0,3.0,5.0,2.0,0.0,0.0,4.0,400.0,-0.410698380985955,0.6021396469418442,0
9012,1.0,1.0,0.0,0.0,0.0,0.0,6.0,2.0,0.36215059342369804,1.0,4.0,1.0,5.0,0.0,0.0,0.0,4.0,400.0,-0.4896894788856461,0.5611646959685037,0
15129,1.0,1.0,1.0,0.0,0.0,0.0,13.0,1.0,0.36215059342369804,0.0,4.0,1.0,7.0,3.0,0.0,0.0,3.0,400.0,1.5640790665063238,-1.7334325585385617,1
6796,1.0,1.0,1.0,0.0,0.0,0.0,18.0,1.0,0.3234321291912575,3.0,4.0,2.0,7.0,3.0,0.0,0.0,3.0,400.0,0.2212304022115742,0.5611646959685037,0
7958,1.0,0.0,0.0,0.0,0.0,0.0,17.0,1.0,0.2649977300732862,2.0,4.0,0.0,7.0,1.0,4.0,1.0,3.0,400.0,0.6951769896097211,0.6021396469418442,0
3338,1.0,1.0,1.0,0.0,0.0,0.0,17.0,2.0,0.36215059342369804,1.0,4.0,1.0,5.0,3.0,4.0,1.0,3.0,400.0,-0.4896894788856461,0.5611646959685037,0
283,1.0,1.0,1.0,0.0,0.0,0.0,13.0,1.0,0.3234321291912575,1.0,4.0,1.0,6.0,1.0,0.0,0.0,2.0,400.0,-0.17372508728688155,-1.7744075095119023,0
3907,1.0,1.0,1.0,0.0,0.0,0.0,0.0,1.0,0.36215059342369804,2.0,4.0,1.0,6.0,0.0,0.0,0.0,4.0,400.0,-0.09473398938719041,0.5611646959685037,0
11024,1.0,1.0,1.0,0.0,0.0,0.0,9.0,1.0,0.3234321291912575,3.0,4.0,2.0,7.0,0.0,4.0,1.0,4.0,400.0,1.0901324791081768,0.6021396469418442,0
4548,1.0,1.0,1.0,0.0,0.0,0.0,17.0,2.0,0.2649977300732862,1.0,4.0,0.0,7.0,3.0,0.0,0.0,1.0,400.0,-0.015742891487499255,0.6021396469418442,0
3100,1.0,1.0,1.0,0.0,0.0,0.0,6.0,1.0,0.3234321291912575,2.0,4.0,1.0,6.0,0.0,0.0,0.0,2.0,400.0,1.0111413812084857,0.6021396469418442,0
14683,1.0,1.0,1.0,0.0,0.0,0.0,6.0,1.0,0.36215059342369804,1.0,4.0,2.0,7.0,1.0,0.0,0.0,3.0,400.0,1.5640790665063238,0.5611646959685037,0
11112,1.0,1.0,1.0,0.0,0.0,0.0,0.0,1.0,0.022050716648291068,5.0,4.0,0.0,4.0,0.0,0.0,0.0,2.0,400.0,-0.4896894788856461,-1.8563574114585832,1
1363,1.0,1.0,1.0,0.0,0.0,0.0,6.0,1.0,0.36215059342369804,1.0,4.0,2.0,7.0,0.0,0.0,0.0,1.0,400.0,-0.09473398938719041,-1.7744075095119023,0
1578,0.0,1.0,1.0,0.0,0.0,0.0,2.0,1.0,0.0019456514689668591,5.0,4.0,2.0,6.0,0.0,0.0,0.0,1.0,400.0,1.169123577007868,0.6021396469418442,0
1088,0.0,1.0,1.0,0.0,0.0,0.0,6.0,1.0,0.2649977300732862,1.0,4.0,1.0,6.0,3.0,0.0,0.0,1.0,400.0,-0.8846449683841019,0.6021396469418442,1
6246,1.0,1.0,1.0,0.0,0.0,0.0,13.0,1.0,0.3234321291912575,2.0,4.0,2.0,6.0,0.0,0.0,0.0,4.0,400.0,-0.6476716746850284,0.6431145979151847,0
3792,1.0,0.0,1.0,0.0,0.0,0.0,9.0,1.0,0.36215059342369804,1.0,4.0,1.0,6.0,3.0,0.0,0.0,3.0,400.0,-0.8846449683841019,0.6431145979151847,0
3487,1.0,1.0,1.0,0.0,0.0,0.0,2.0,2.0,0.36215059342369804,1.0,4.0,1.0,3.0,3.0,0.0,0.0,2.0,400.0,-1.5955648494813222,0.5611646959685037,0
5597,1.0,1.0,0.0,0.0,0.0,0.0,13.0,1.0,0.36215059342369804,0.0,4.0,0.0,7.0,0.0,0.0,0.0,1.0,400.0,1.0901324791081768,0.6021396469418442,0
8728,1.0,1.0,1.0,0.0,0.0,0.0,0.0,1.0,0.022050716648291068,5.0,4.0,0.0,6.0,2.0,0.0,0.0,4.0,400.0,2.5119722413026175,-1.8153824604852427,0
9097,1.0,1.0,1.0,0.0,0.0,0.0,6.0,1.0,0.36215059342369804,2.0,4.0,2.0,7.0,0.0,0.0,0.0,4.0,400.0,1.722061262305706,0.6431145979151847,0
4083,1.0,1.0,1.0,0.0,0.0,0.0,13.0,1.0,0.36215059342369804,1.0,4.0,0.0,6.0,1.0,0.0,0.0,1.0,400.0,0.7741680875094122,0.6021396469418442,0
6882,1.0,1.0,1.0,0.0,0.0,0.0,0.0,1.0,0.3234321291912575,2.0,4.0,2.0,6.0,0.0,0.0,0.0,1.0,400.0,0.45820369591064763,-1.6924576075652213,0
11454,1.0,1.0,1.0,0.0,0.0,0.0,0.0,1.0,0.2649977300732862,2.0,4.0,3.0,7.0,0.0,0.0,0.0,4.0,400.0,0.7741680875094122,0.6021396469418442,0
11140,1.0,1.0,1.0,0.0,0.0,0.0,6.0,2.0,0.3234321291912575,2.0,4.0,3.0,5.0,0.0,0.0,0.0,1.0,400.0,-1.43758265368194,0.6021396469418442,0
10060,1.0,1.0,1.0,0.0,0.0,0.0,9.0,1.0,0.36215059342369804,1.0,4.0,2.0,6.0,0.0,0.0,0.0,1.0,400.0,0.7741680875094122,0.5611646959685037,0
11120,1.0,1.0,1.0,0.0,0.0,0.0,13.0,2.0,0.2649977300732862,1.0,4.0,2.0,6.0,0.0,0.0,0.0,1.0,400.0,0.06324820641219189,-1.4056329507518381,1
1664,1.0,0.0,0.0,0.0,0.0,0.0,17.0,2.0,0.3234321291912575,2.0,4.0,0.0,5.0,3.0,0.0,0.0,3.0,400.0,-0.410698380985955,0.5611646959685037,0
7872,1.0,1.0,0.0,0.0,0.0,0.0,17.0,1.0,0.3234321291912575,1.0,4.0,1.0,7.0,3.0,0.0,0.0,1.0,400.0,1.0901324791081768,-1.7744075095119023,0
11801,1.0,1.0,1.0,0.0,0.0,0.0,9.0,1.0,0.3234321291912575,1.0,4.0,2.0,6.0,0.0,4.0,1.0,2.0,400.0,0.7741680875094122,0.6021396469418442,0
1728,1.0,0.0,1.0,0.0,0.0,0.0,17.0,1.0,0.3234321291912575,1.0,4.0,3.0,5.0,3.0,2.0,0.0,4.0,400.0,-0.7266627725847196,0.6021396469418442,0
2729,0.0,1.0,1.0,0.0,0.0,0.0,6.0,2.0,0.36215059342369804,5.0,4.0,0.0,0.0,0.0,2.0,1.0,3.0,400.0,-1.9115292410800868,0.5611646959685037,0
5014,1.0,1.0,1.0,0.0,0.0,0.0,13.0,1.0,0.36215059342369804,2.0,4.0,2.0,6.0,0.0,0.0,0.0,4.0,400.0,-0.9636360662837931,-1.7744075095119023,0
13008,1.0,1.0,1.0,0.0,0.0,0.0,6.0,1.0,0.3234321291912575,1.0,4.0,2.0,5.0,0.0,0.0,0.0,2.0,400.0,-0.5686805767853373,0.5611646959685037,0
14882,1.0,1.0,1.0,0.0,0.0,0.0,13.0,1.0,0.36215059342369804,1.0,4.0,1.0,6.0,2.0,0.0,2.0,2.0,400.0,-0.09473398938719041,0.6021396469418442,0
15102,1.0,1.0,0.0,0.0,0.0,0.0,13.0,2.0,0.2649977300732862,1.0,4.0,0.0,5.0,0.0,0.0,0.0,2.0,400.0,-1.0426271641834841,0.5611646959685037,0
1154,1.0,1.0,1.0,0.0,0.0,0.0,13.0,2.0,0.2649977300732862,0.0,4.0,1.0,2.0,0.0,0.0,0.0,2.0,400.0,-1.3585915557822488,-1.8563574114585832,0
7718,1.0,1.0,0.0,0.0,0.0,0.0,9.0,1.0,0.2649977300732862,1.0,4.0,0.0,6.0,0.0,0.0,0.0,2.0,700.0,-0.7266627725847196,0.5611646959685037,0
2450,1.0,1.0,1.0,0.0,0.0,0.0,0.0,1.0,0.36215059342369804,1.0,4.0,0.0,6.0,0.0,0.0,0.0,2.0,400.0,0.6951769896097211,0.6021396469418442,0
11568,1.0,0.0,1.0,0.0,0.0,0.0,6.0,2.0,0.2649977300732862,0.0,4.0,1.0,5.0,3.0,0.0,0.0,3.0,400.0,0.2212304022115742,0.6021396469418442,0
13306,1.0,1.0,0.0,0.0,0.0,0.0,13.0,1.0,0.36215059342369804,1.0,4.0,3.0,7.0,2.0,0.0,0.0,2.0,400.0,0.45820369591064763,0.6021396469418442,0
10370,1.0,1.0,1.0,0.0,0.0,0.0,13.0,1.0,0.2649977300732862,0.0,4.0,2.0,6.0,0.0,0.0,0.0,3.0,400.0,-0.8846449683841019,-1.6924576075652213,0
1748,1.0,1.0,1.0,0.0,0.0,0.0,13.0,1.0,0.3234321291912575,2.0,4.0,2.0,7.0,3.0,0.0,0.0,1.0,400.0,0.6161858917100299,0.6021396469418442,0
14060,1.0,1.0,1.0,0.0,0.0,0.0,2.0,1.0,0.3234321291912575,3.0,4.0,2.0,6.0,1.0,0.0,0.0,4.0,400.0,1.0111413812084857,0.5611646959685037,0
11636,1.0,1.0,0.0,0.0,0.0,0.0,17.0,1.0,0.2649977300732862,1.0,4.0,0.0,5.0,0.0,0.0,0.0,1.0,400.0,-0.8846449683841019,0.6021396469418442,0
8712,1.0,1.0,1.0,0.0,0.0,0.0,17.0,1.0,0.2649977300732862,1.0,4.0,1.0,5.0,2.0,0.0,0.0,2.0,400.0,-1.1216182620831754,0.6021396469418442,0
13901,1.0,1.0,0.0,0.0,0.0,0.0,13.0,1.0,0.3234321291912575,1.0,4.0,2.0,4.0,0.0,4.0,1.0,1.0,400.0,0.6951769896097211,0.6021396469418442,0
3132,1.0,1.0,1.0,0.0,0.0,0.0,13.0,2.0,0.36215059342369804,5.0,4.0,2.0,5.0,0.0,0.0,0.0,3.0,400.0,-0.8056538704844107,0.5611646959685037,0
1608,1.0,0.0,1.0,0.0,0.0,0.0,9.0,1.0,0.3234321291912575,1.0,4.0,2.0,5.0,2.0,0.0,0.0,3.0,400.0,-0.8846449683841019,0.6021396469418442,0
2421,1.0,1.0,1.0,0.0,0.0,0.0,13.0,1.0,0.2649977300732862,1.0,4.0,0.0,7.0,0.0,0.0,0.0,1.0,400.0,1.0111413812084857,0.5611646959685037,0
5777,1.0,1.0,0.0,0.0,0.0,0.0,17.0,1.0,0.3234321291912575,1.0,4.0,1.0,6.0,3.0,0.0,0.0,2.0,400.0,-0.8056538704844107,-1.8563574114585832,0
2917,1.0,1.0,1.0,0.0,0.0,0.0,2.0,2.0,0.3234321291912575,2.0,4.0,2.0,4.0,0.0,0.0,0.0,1.0,400.0,-0.4896894788856461,0.5611646959685037,0
3973,1.0,1.0,1.0,0.0,0.0,0.0,13.0,1.0,0.2649977300732862,1.0,4.0,0.0,7.0,0.0,0.0,0.0,3.0,400.0,0.5371947938103387,-1.4466079017251785,0
8130,1.0,1.0,0.0,0.0,0.0,0.0,13.0,1.0,0.2649977300732862,1.0,4.0,0.0,6.0,3.0,0.0,0.0,1.0,400.0,-0.4896894788856461,0.5611646959685037,0
5564,0.0,1.0,0.0,0.0,0.0,0.0,17.0,1.0,0.3234321291912575,2.0,4.0,0.0,6.0,2.0,4.0,1.0,3.0,400.0,-0.9636360662837931,0.6021396469418442,0
13888,0.0,1.0,1.0,0.0,0.0,0.0,17.0,1.0,0.2649977300732862,1.0,4.0,0.0,7.0,2.0,0.0,0.0,3.0,400.0,2.5119722413026175,0.6021396469418442,0
10822,1.0,1.0,1.0,0.0,0.0,0.0,17.0,1.0,0.3234321291912575,1.0,4.0,0.0,6.0,0.0,0.0,0.0,3.0,400.0,-0.8846449683841019,0.6021396469418442,0
2676,0.0,1.0,1.0,0.0,0.0,0.0,5.0,1.0,0.2649977300732862,1.0,4.0,0.0,5.0,0.0,0.0,0.0,2.0,400.0,-0.6476716746850284,0.6021396469418442,1
1871,1.0,1.0,1.0,0.0,0.0,0.0,17.0,1.0,0.2649977300732862,1.0,4.0,1.0,7.0,0.0,0.0,0.0,2.0,400.0,2.196007849703853,0.5611646959685037,0
2836,1.0,0.0,1.0,0.0,0.0,0.0,15.0,1.0,0.3234321291912575,2.0,4.0,2.0,5.0,3.0,0.0,0.0,1.0,400.0,3.143901024500147,0.6840895488885251,0
2284,1.0,1.0,1.0,0.0,0.0,0.0,17.0,2.0,0.3234321291912575,1.0,4.0,3.0,5.0,0.0,0.0,0.0,4.0,400.0,-1.516573751581631,-1.8153824604852427,0
9639,0.0,1.0,1.0,0.0,0.0,0.0,18.0,1.0,0.36215059342369804,4.0,4.0,0.0,7.0,0.0,0.0,0.0,4.0,400.0,1.0111413812084857,0.5611646959685037,0
6041,1.0,1.0,1.0,1.0,0.0,0.0,2.0,2.0,0.3234321291912575,2.0,4.0,1.0,6.0,0.0,0.0,0.0,4.0,400.0,0.30022150011126536,0.6431145979151847,0
11630,1.0,0.0,1.0,0.0,0.0,0.0,6.0,1.0,0.2649977300732862,0.0,4.0,1.0,6.0,0.0,0.0,0.0,2.0,400.0,-0.2527161851865727,-1.8153824604852427,0
7497,1.0,0.0,1.0,0.0,0.0,0.0,9.0,1.0,0.36215059342369804,1.0,4.0,2.0,5.0,3.0,0.0,0.0,4.0,400.0,-0.6476716746850284,-1.7744075095119023,1
9395,1.0,1.0,1.0,0.0,0.0,0.0,9.0,1.0,0.36215059342369804,1.0,4.0,2.0,7.0,0.0,0.0,0.0,2.0,400.0,-0.33170728308626385,-1.6924576075652213,0
3938,1.0,1.0,1.0,0.0,0.0,0.0,0.0,1.0,0.3234321291912575,3.0,4.0,2.0,6.0,0.0,0.0,0.0,1.0,400.0,0.37921259801095647,0.5611646959685037,1
7296,1.0,1.0,1.0,0.0,0.0,0.0,9.0,2.0,0.36215059342369804,1.0,4.0,2.0,6.0,1.0,0.0,0.0,1.0,400.0,-0.5686805767853373,0.6021396469418442,0
547,1.0,1.0,1.0,0.0,0.0,0.0,17.0,1.0,0.2649977300732862,0.0,4.0,1.0,5.0,2.0,0.0,0.0,1.0,400.0,-1.1216182620831754,-1.7334325585385617,0
9915,1.0,1.0,1.0,0.0,0.0,0.0,9.0,1.0,0.3234321291912575,2.0,4.0,3.0,6.0,1.0,0.0,0.0,1.0,400.0,-0.09473398938719041,0.6021396469418442,0
15294,1.0,1.0,1.0,0.0,0.0,0.0,6.0,1.0,0.3234321291912575,2.0,4.0,1.0,7.0,3.0,0.0,0.0,2.0,400.0,1.0901324791081768,-1.7334325585385617,0
11146,1.0,1.0,0.0,0.0,0.0,0.0,9.0,1.0,0.36215059342369804,2.0,4.0,0.0,7.0,3.0,0.0,0.0,1.0,400.0,0.8531591854091034,0.6021396469418442,0
12824,1.0,1.0,1.0,0.0,0.0,0.0,2.0,2.0,0.2649977300732862,5.0,4.0,1.0,6.0,1.0,0.0,0.0,2.0,400.0,0.14223930431188306,0.5611646959685037,1
14900,1.0,1.0,1.0,0.0,0.0,0.0,9.0,1.0,0.36215059342369804,2.0,4.0,0.0,6.0,1.0,0.0,0.0,1.0,400.0,-0.4896894788856461,0.5611646959685037,0
4085,0.0,1.0,1.0,0.0,0.0,0.0,13.0,1.0,0.2649977300732862,0.0,4.0,2.0,6.0,2.0,0.0,0.0,1.0,400.0,-0.8846449683841019,0.6021396469418442,0
711,1.0,1.0,1.0,0.0,0.0,0.0,17.0,1.0,0.3234321291912575,2.0,4.0,2.0,7.0,3.0,0.0,0.0,4.0,400.0,0.8531591854091034,0.5611646959685037,0
9059,0.0,1.0,0.0,0.0,0.0,0.0,6.0,1.0,0.3234321291912575,1.0,4.0,0.0,6.0,2.0,0.0,0.0,3.0,400.0,1.4850879686066325,0.5611646959685037,0
8124,1.0,1.0,0.0,0.0,0.0,0.0,13.0,1.0,0.2649977300732862,1.0,4.0,0.0,7.0,2.0,0.0,0.0,2.0,400.0,1.3271057728072504,0.6021396469418442,0
2286,1.0,1.0,1.0,0.0,0.0,0.0,17.0,1.0,0.2649977300732862,2.0,4.0,2.0,7.0,2.0,0.0,0.0,1.0,400.0,1.0111413812084857,0.5611646959685037,0
14107,0.0,1.0,1.0,0.0,0.0,0.0,13.0,2.0,0.3234321291912575,1.0,4.0,2.0,4.0,0.0,0.0,0.0,1.0,400.0,-0.8056538704844107,-1.6924576075652213,0
12074,1.0,1.0,1.0,0.0,0.0,0.0,5.0,1.0,0.022050716648291068,5.0,4.0,2.0,7.0,3.0,4.0,1.0,1.0,400.0,0.2212304022115742,-1.7334325585385617,0
3627,1.0,1.0,0.0,0.0,0.0,0.0,13.0,1.0,0.2649977300732862,1.0,4.0,2.0,6.0,2.0,0.0,0.0,3.0,400.0,0.30022150011126536,-1.8153824604852427,0
12977,1.0,1.0,0.0,1.0,0.0,0.0,2.0,1.0,0.36215059342369804,1.0,4.0,2.0,6.0,0.0,4.0,1.0,3.0,400.0,-1.1216182620831754,0.5611646959685037,0
7229,1.0,1.0,1.0,0.0,0.0,0.0,18.0,2.0,0.36215059342369804,5.0,4.0,2.0,5.0,3.0,0.0,0.0,4.0,400.0,-0.9636360662837931,-1.5695327546452,0
2359,1.0,1.0,1.0,0.0,0.0,0.0,6.0,2.0,0.36215059342369804,1.0,4.0,2.0,3.0,3.0,0.0,0.0,3.0,400.0,-1.6745559473810134,0.5611646959685037,0
2250,1.0,1.0,1.0,0.0,0.0,0.0,6.0,2.0,0.022569557040015564,5.0,4.0,0.0,5.0,2.0,0.0,0.0,3.0,400.0,-1.0426271641834841,0.5611646959685037,0
15392,1.0,1.0,1.0,0.0,0.0,0.0,9.0,1.0,0.36215059342369804,1.0,4.0,2.0,6.0,1.0,4.0,1.0,4.0,400.0,-0.09473398938719041,0.6021396469418442,0
4824,0.0,1.0,0.0,0.0,0.0,0.0,6.0,1.0,0.36215059342369804,1.0,4.0,1.0,4.0,0.0,0.0,0.0,4.0,400.0,0.7741680875094122,0.5611646959685037,0
5125,1.0,1.0,0.0,0.0,0.0,0.0,17.0,2.0,0.36215059342369804,1.0,4.0,1.0,4.0,0.0,0.0,0.0,2.0,400.0,-0.410698380985955,0.6021396469418442,0
2503,1.0,1.0,1.0,0.0,0.0,0.0,6.0,1.0,0.36215059342369804,1.0,4.0,1.0,6.0,1.0,0.0,0.0,3.0,400.0,-0.8846449683841019,0.5611646959685037,0
9133,1.0,1.0,0.0,0.0,0.0,0.0,6.0,2.0,0.2649977300732862,1.0,4.0,1.0,5.0,3.0,0.0,0.0,4.0,400.0,-0.4896894788856461,0.6021396469418442,0
13303,1.0,1.0,1.0,0.0,0.0,0.0,6.0,1.0,0.2649977300732862,1.0,4.0,0.0,7.0,2.0,0.0,0.0,2.0,400.0,1.0111413812084857,0.5611646959685037,0
11092,0.0,1.0,0.0,0.0,0.0,0.0,17.0,1.0,0.36215059342369804,2.0,4.0,1.0,6.0,3.0,0.0,0.0,4.0,400.0,-0.5686805767853373,0.6021396469418442,0
9669,1.0,1.0,1.0,0.0,0.0,0.0,5.0,1.0,0.36215059342369804,2.0,4.0,0.0,7.0,0.0,0.0,0.0,2.0,400.0,1.4060968707069414,-1.651482656591881,0
6159,1.0,1.0,1.0,0.0,0.0,0.0,6.0,2.0,0.36215059342369804,1.0,4.0,2.0,5.0,3.0,0.0,0.0,4.0,400.0,-0.5686805767853373,0.5611646959685037,0
14705,1.0,1.0,1.0,0.0,0.0,0.0,17.0,2.0,0.36215059342369804,1.0,4.0,0.0,3.0,0.0,0.0,0.0,1.0,400.0,-1.43758265368194,0.6021396469418442,0
8866,1.0,1.0,1.0,0.0,0.0,0.0,6.0,2.0,0.3234321291912575,1.0,4.0,2.0,6.0,3.0,0.0,0.0,1.0,400.0,-0.6476716746850284,0.5611646959685037,0
4451,1.0,1.0,0.0,0.0,0.0,0.0,13.0,1.0,0.36215059342369804,0.0,4.0,0.0,7.0,2.0,4.0,1.0,1.0,400.0,0.14223930431188306,-1.6924576075652213,0
15258,1.0,1.0,1.0,0.0,0.0,0.0,2.0,1.0,0.3234321291912575,1.0,4.0,1.0,6.0,1.0,0.0,0.0,3.0,400.0,0.9321502833087946,-1.8563574114585832,0
9673,0.0,1.0,1.0,0.0,0.0,0.0,2.0,1.0,0.36215059342369804,3.0,4.0,0.0,6.0,0.0,0.0,0.0,1.0,400.0,-0.09473398938719041,0.5611646959685037,0
3288,1.0,1.0,1.0,0.0,0.0,0.0,9.0,1.0,0.3234321291912575,1.0,4.0,2.0,5.0,1.0,0.0,0.0,4.0,400.0,0.06324820641219189,0.5611646959685037,0
799,1.0,1.0,0.0,0.0,0.0,0.0,13.0,1.0,0.36215059342369804,2.0,4.0,1.0,6.0,3.0,0.0,0.0,4.0,400.0,0.2212304022115742,0.6021396469418442,0
109,1.0,1.0,1.0,0.0,0.0,0.0,6.0,1.0,0.3234321291912575,1.0,4.0,0.0,5.0,0.0,0.0,0.0,4.0,400.0,-0.015742891487499255,0.5611646959685037,0
1383,0.0,1.0,0.0,0.0,0.0,0.0,2.0,1.0,0.022050716648291068,5.0,4.0,3.0,6.0,2.0,0.0,0.0,3.0,400.0,-0.9636360662837931,0.6431145979151847,0
10503,1.0,0.0,1.0,0.0,0.0,0.0,18.0,2.0,0.2649977300732862,5.0,4.0,0.0,6.0,3.0,0.0,0.0,3.0,400.0,0.30022150011126536,0.5611646959685037,0
11229,1.0,1.0,1.0,0.0,0.0,0.0,2.0,1.0,0.36215059342369804,2.0,4.0,2.0,5.0,0.0,0.0,0.0,3.0,400.0,-0.8846449683841019,0.6431145979151847,0
9451,1.0,1.0,1.0,0.0,0.0,0.0,9.0,1.0,0.36215059342369804,2.0,4.0,1.0,6.0,0.0,0.0,0.0,1.0,400.0,0.45820369591064763,-1.5695327546452,0
13380,0.0,1.0,1.0,0.0,0.0,0.0,2.0,1.0,0.3234321291912575,1.0,4.0,2.0,5.0,1.0,0.0,0.0,1.0,400.0,-1.1216182620831754,0.6021396469418442,0
14082,1.0,1.0,1.0,0.0,0.0,0.0,0.0,1.0,0.36215059342369804,2.0,4.0,3.0,7.0,3.0,0.0,0.0,4.0,400.0,-0.17372508728688155,-1.6924576075652213,1
5589,1.0,1.0,1.0,0.0,0.0,0.0,13.0,1.0,0.3234321291912575,1.0,4.0,2.0,7.0,3.0,0.0,0.0,1.0,400.0,0.7741680875094122,0.6021396469418442,0
6380,1.0,1.0,1.0,0.0,0.0,0.0,3.0,1.0,0.3234321291912575,2.0,4.0,2.0,6.0,2.0,0.0,0.0,4.0,400.0,-0.7266627725847196,0.6021396469418442,0
11014,1.0,1.0,1.0,0.0,0.0,0.0,15.0,1.0,0.2649977300732862,2.0,4.0,2.0,6.0,0.0,0.0,0.0,2.0,400.0,-0.8846449683841019,0.6021396469418442,0
8672,1.0,1.0,0.0,0.0,0.0,0.0,13.0,1.0,0.2649977300732862,1.0,4.0,0.0,6.0,1.0,4.0,1.0,4.0,400.0,0.06324820641219189,0.5611646959685037,0
15298,1.0,1.0,1.0,0.0,0.0,0.0,5.0,1.0,0.2649977300732862,3.0,4.0,3.0,5.0,2.0,0.0,0.0,4.0,400.0,2.9069277308010735,0.6431145979151847,0
12377,1.0,1.0,0.0,0.0,0.0,0.0,6.0,2.0,0.2649977300732862,1.0,4.0,0.0,5.0,0.0,0.0,0.0,2.0,400.0,-0.6476716746850284,0.6021396469418442,0
6885,1.0,0.0,1.0,0.0,0.0,0.0,9.0,1.0,0.3234321291912575,1.0,4.0,2.0,6.0,0.0,0.0,0.0,4.0,400.0,0.7741680875094122,0.6021396469418442,0
4665,1.0,1.0,1.0,0.0,0.0,0.0,13.0,1.0,0.2649977300732862,1.0,4.0,1.0,6.0,1.0,0.0,0.0,4.0,400.0,-0.09473398938719041,0.5611646959685037,1
12263,1.0,1.0,0.0,0.0,0.0,0.0,9.0,1.0,0.3234321291912575,1.0,4.0,2.0,6.0,1.0,4.0,1.0,1.0,400.0,-0.33170728308626385,0.6021396469418442,0
4656,1.0,1.0,1.0,0.0,0.0,0.0,2.0,2.0,0.3234321291912575,2.0,4.0,2.0,5.0,0.0,0.0,0.0,3.0,400.0,-0.410698380985955,0.6021396469418442,0
4878,1.0,1.0,0.0,0.0,0.0,0.0,17.0,1.0,0.2649977300732862,0.0,4.0,1.0,7.0,0.0,0.0,2.0,4.0,400.0,0.6951769896097211,-1.7744075095119023,0
5792,0.0,1.0,1.0,0.0,0.0,0.0,6.0,1.0,0.3234321291912575,2.0,4.0,2.0,7.0,0.0,0.0,0.0,4.0,400.0,0.6161858917100299,-1.7744075095119023,0
14755,1.0,0.0,1.0,0.0,0.0,0.0,9.0,0.0,0.2649977300732862,1.0,4.0,0.0,6.0,3.0,0.0,0.0,3.0,700.0,0.2212304022115742,0.5611646959685037,0
750,0.0,0.0,1.0,0.0,0.0,0.0,2.0,2.0,0.3234321291912575,1.0,4.0,2.0,6.0,2.0,0.0,0.0,2.0,400.0,-0.33170728308626385,0.6021396469418442,0
1522,1.0,0.0,1.0,0.0,0.0,0.0,0.0,2.0,0.3234321291912575,5.0,4.0,2.0,6.0,0.0,0.0,0.0,2.0,400.0,-0.09473398938719041,0.6021396469418442,0
4130,0.0,1.0,1.0,0.0,0.0,0.0,6.0,1.0,0.36215059342369804,1.0,4.0,0.0,6.0,2.0,3.0,0.0,3.0,500.0,-0.5686805767853373,0.5611646959685037,0
10920,0.0,1.0,1.0,0.0,0.0,0.0,13.0,2.0,0.3234321291912575,1.0,4.0,0.0,6.0,3.0,0.0,0.0,3.0,400.0,-0.410698380985955,0.6021396469418442,0
12681,0.0,1.0,1.0,0.0,0.0,0.0,13.0,2.0,0.3234321291912575,1.0,4.0,3.0,5.0,3.0,0.0,0.0,3.0,400.0,-0.6476716746850284,-1.6924576075652213,0
11802,1.0,1.0,1.0,0.0,0.0,0.0,17.0,1.0,0.3234321291912575,2.0,4.0,2.0,7.0,0.0,0.0,0.0,3.0,400.0,0.30022150011126536,0.6021396469418442,0
1276,1.0,1.0,0.0,0.0,0.0,0.0,17.0,2.0,0.36215059342369804,1.0,4.0,2.0,5.0,1.0,0.0,0.0,2.0,400.0,-0.8846449683841019,0.5611646959685037,0
11510,0.0,1.0,0.0,0.0,0.0,0.0,13.0,1.0,0.36215059342369804,1.0,4.0,0.0,6.0,1.0,0.0,0.0,3.0,400.0,0.5371947938103387,-1.7744075095119023,0
4795,1.0,1.0,0.0,0.0,0.0,0.0,9.0,1.0,0.2649977300732862,1.0,4.0,1.0,6.0,2.0,0.0,0.0,4.0,400.0,-0.9636360662837931,0.6021396469418442,0
167,1.0,0.0,1.0,0.0,0.0,0.0,17.0,2.0,0.36215059342369804,1.0,4.0,0.0,5.0,1.0,0.0,0.0,4.0,400.0,-1.0426271641834841,0.5611646959685037,0
8951,1.0,1.0,1.0,0.0,0.0,0.0,17.0,2.0,0.36215059342369804,1.0,4.0,2.0,4.0,2.0,0.0,0.0,1.0,400.0,-0.6476716746850284,0.5611646959685037,0
12719,0.0,1.0,0.0,0.0,0.0,0.0,18.0,1.0,0.36215059342369804,4.0,4.0,2.0,6.0,3.0,0.0,0.0,2.0,400.0,-0.7266627725847196,0.6021396469418442,0
1048,1.0,1.0,0.0,0.0,0.0,0.0,6.0,1.0,0.022569557040015564,5.0,4.0,1.0,6.0,0.0,0.0,0.0,3.0,400.0,0.6161858917100299,-1.7744075095119023,0
7841,1.0,0.0,1.0,1.0,0.0,0.0,17.0,1.0,0.36215059342369804,5.0,4.0,2.0,5.0,0.0,0.0,0.0,4.0,400.0,-0.8846449683841019,0.6021396469418442,0
2017,1.0,1.0,1.0,0.0,0.0,0.0,9.0,1.0,0.36215059342369804,1.0,4.0,0.0,6.0,2.0,0.0,0.0,2.0,400.0,0.14223930431188306,0.5611646959685037,0
12062,1.0,0.0,1.0,0.0,0.0,0.0,13.0,1.0,0.36215059342369804,1.0,4.0,0.0,7.0,1.0,0.0,0.0,3.0,400.0,1.8010523602053972,-1.8153824604852427,0
55,1.0,1.0,0.0,0.0,0.0,0.0,9.0,1.0,0.2649977300732862,1.0,4.0,0.0,7.0,2.0,0.0,0.0,4.0,400.0,0.6951769896097211,0.5611646959685037,0
8675,1.0,1.0,1.0,0.0,0.0,0.0,2.0,1.0,0.36215059342369804,1.0,4.0,0.0,6.0,0.0,0.0,0.0,2.0,400.0,0.37921259801095647,0.5611646959685037,0
1805,1.0,1.0,1.0,0.0,0.0,0.0,13.0,1.0,0.36215059342369804,1.0,4.0,0.0,5.0,3.0,4.0,1.0,3.0,400.0,1.5640790665063238,0.5611646959685037,0
10628,1.0,1.0,1.0,0.0,0.0,0.0,17.0,1.0,0.36215059342369804,1.0,4.0,2.0,6.0,2.0,0.0,0.0,3.0,400.0,0.37921259801095647,0.5611646959685037,1
7943,1.0,1.0,1.0,0.0,0.0,0.0,17.0,1.0,0.3234321291912575,2.0,4.0,0.0,7.0,0.0,0.0,0.0,4.0,400.0,1.0901324791081768,0.6021396469418442,0
4869,1.0,1.0,1.0,0.0,0.0,0.0,9.0,1.0,0.36215059342369804,1.0,4.0,0.0,5.0,3.0,0.0,0.0,1.0,400.0,-0.410698380985955,-1.7334325585385617,0
10028,1.0,1.0,1.0,0.0,0.0,0.0,6.0,2.0,0.36215059342369804,1.0,4.0,2.0,4.0,3.0,0.0,0.0,3.0,400.0,-1.1216182620831754,0.6021396469418442,0
5781,1.0,1.0,1.0,0.0,0.0,0.0,6.0,2.0,0.022569557040015564,5.0,4.0,0.0,1.0,0.0,0.0,0.0,4.0,400.0,-1.8325381431803958,0.5611646959685037,0
1376,1.0,1.0,1.0,0.0,0.0,0.0,13.0,1.0,0.3234321291912575,1.0,4.0,2.0,7.0,2.0,0.0,0.0,2.0,400.0,1.8010523602053972,0.6021396469418442,0
8102,1.0,0.0,1.0,0.0,0.0,0.0,9.0,1.0,0.2649977300732862,5.0,4.0,2.0,6.0,1.0,0.0,0.0,2.0,400.0,-0.5686805767853373,-1.7334325585385617,0
6008,1.0,1.0,1.0,0.0,0.0,0.0,6.0,1.0,0.3234321291912575,1.0,4.0,0.0,6.0,0.0,0.0,0.0,3.0,400.0,-1.0426271641834841,-1.7334325585385617,0
2120,1.0,0.0,1.0,0.0,0.0,0.0,0.0,1.0,0.3234321291912575,1.0,4.0,1.0,6.0,0.0,4.0,1.0,2.0,400.0,-1.1216182620831754,-1.8563574114585832,0
7960,1.0,1.0,1.0,0.0,0.0,0.0,13.0,2.0,0.36215059342369804,2.0,4.0,1.0,6.0,0.0,0.0,0.0,1.0,400.0,-0.8056538704844107,0.5611646959685037,0
6396,1.0,1.0,1.0,0.0,0.0,0.0,6.0,1.0,0.36215059342369804,1.0,4.0,2.0,5.0,0.0,0.0,0.0,3.0,400.0,-0.4896894788856461,0.5611646959685037,0
14689,1.0,1.0,1.0,0.0,0.0,0.0,13.0,1.0,0.3234321291912575,1.0,4.0,0.0,4.0,0.0,0.0,0.0,2.0,400.0,-0.8056538704844107,0.5611646959685037,0
1192,1.0,1.0,0.0,0.0,0.0,0.0,17.0,1.0,0.2649977300732862,1.0,4.0,0.0,5.0,2.0,0.0,0.0,1.0,400.0,0.37921259801095647,0.6021396469418442,0
11249,0.0,1.0,1.0,0.0,0.0,0.0,13.0,1.0,0.2649977300732862,1.0,4.0,2.0,7.0,3.0,0.0,0.0,2.0,400.0,1.8010523602053972,0.6021396469418442,0
14310,1.0,1.0,1.0,0.0,0.0,0.0,0.0,1.0,0.2649977300732862,1.0,4.0,0.0,6.0,0.0,0.0,0.0,1.0,400.0,0.6161858917100299,-1.6924576075652213,0
5574,1.0,1.0,1.0,0.0,0.0,0.0,9.0,2.0,0.36215059342369804,2.0,4.0,3.0,6.0,3.0,0.0,0.0,2.0,400.0,0.06324820641219189,0.6021396469418442,0
476,1.0,1.0,0.0,0.0,0.0,0.0,13.0,2.0,0.36215059342369804,1.0,4.0,2.0,4.0,0.0,0.0,0.0,3.0,400.0,-1.43758265368194,0.6021396469418442,0
15278,1.0,1.0,1.0,0.0,0.0,0.0,9.0,2.0,0.2649977300732862,2.0,4.0,1.0,6.0,1.0,0.0,0.0,3.0,400.0,-0.4896894788856461,0.5611646959685037,0
1170,1.0,1.0,1.0,0.0,0.0,0.0,2.0,1.0,0.2649977300732862,2.0,4.0,2.0,7.0,0.0,0.0,0.0,2.0,400.0,1.169123577007868,0.5611646959685037,0
6405,1.0,1.0,1.0,0.0,0.0,0.0,13.0,1.0,0.3234321291912575,1.0,4.0,1.0,6.0,0.0,0.0,0.0,2.0,400.0,0.06324820641219189,0.5611646959685037,0
13408,1.0,1.0,0.0,0.0,0.0,0.0,6.0,1.0,0.2649977300732862,2.0,4.0,1.0,7.0,1.0,0.0,0.0,3.0,400.0,1.5640790665063238,0.5611646959685037,0
1074,1.0,1.0,1.0,0.0,0.0,0.0,13.0,1.0,0.3234321291912575,2.0,4.0,2.0,6.0,0.0,0.0,0.0,2.0,400.0,0.8531591854091034,0.6021396469418442,0
2496,0.0,1.0,1.0,0.0,0.0,0.0,9.0,2.0,0.36215059342369804,2.0,4.0,0.0,6.0,2.0,0.0,0.0,1.0,400.0,-0.8056538704844107,-1.8563574114585832,0
3975,1.0,1.0,1.0,0.0,0.0,0.0,9.0,2.0,0.3234321291912575,2.0,4.0,1.0,5.0,3.0,0.0,0.0,2.0,400.0,-0.9636360662837931,0.6431145979151847,0
3079,1.0,1.0,1.0,0.0,0.0,0.0,17.0,1.0,0.36215059342369804,1.0,4.0,0.0,5.0,2.0,0.0,0.0,3.0,400.0,0.06324820641219189,0.5611646959685037,0
12864,1.0,0.0,0.0,0.0,0.0,0.0,17.0,2.0,0.2649977300732862,1.0,4.0,3.0,6.0,3.0,0.0,0.0,4.0,700.0,0.14223930431188306,0.6431145979151847,0
8513,1.0,1.0,1.0,0.0,0.0,0.0,13.0,1.0,0.3234321291912575,1.0,4.0,3.0,6.0,1.0,0.0,0.0,2.0,400.0,-0.17372508728688155,0.6021396469418442,0
6646,1.0,1.0,0.0,0.0,0.0,0.0,9.0,1.0,0.3234321291912575,2.0,4.0,2.0,6.0,0.0,0.0,0.0,3.0,400.0,-0.015742891487499255,0.5611646959685037,0
13972,1.0,0.0,0.0,0.0,0.0,0.0,9.0,1.0,0.2649977300732862,1.0,4.0,0.0,6.0,0.0,0.0,0.0,4.0,400.0,-0.8056538704844107,0.5611646959685037,0
15162,1.0,0.0,0.0,0.0,0.0,0.0,17.0,2.0,0.36215059342369804,1.0,4.0,2.0,2.0,2.0,0.0,0.0,2.0,400.0,-1.3585915557822488,-1.8153824604852427,0
14509,1.0,1.0,1.0,0.0,0.0,0.0,5.0,1.0,0.022050716648291068,5.0,4.0,2.0,6.0,3.0,0.0,0.0,2.0,400.0,-0.2527161851865727,0.6021396469418442,0
6607,1.0,1.0,1.0,0.0,0.0,0.0,2.0,1.0,0.36215059342369804,1.0,4.0,0.0,7.0,0.0,0.0,0.0,4.0,400.0,1.0901324791081768,-1.7334325585385617,0
5263,1.0,1.0,1.0,0.0,0.0,0.0,6.0,2.0,0.36215059342369804,1.0,4.0,2.0,5.0,2.0,0.0,0.0,2.0,400.0,-0.4896894788856461,0.6021396469418442,0
3916,1.0,1.0,0.0,0.0,0.0,0.0,2.0,1.0,0.36215059342369804,5.0,4.0,1.0,7.0,3.0,0.0,0.0,4.0,400.0,0.06324820641219189,0.5611646959685037,0
179,0.0,1.0,0.0,0.0,0.0,0.0,11.0,1.0,0.2649977300732862,1.0,4.0,1.0,7.0,0.0,0.0,0.0,3.0,400.0,1.0111413812084857,0.5611646959685037,0
9356,1.0,1.0,1.0,0.0,0.0,0.0,9.0,1.0,0.36215059342369804,1.0,4.0,1.0,6.0,3.0,0.0,0.0,2.0,400.0,0.6951769896097211,-1.8153824604852427,0
14217,1.0,0.0,0.0,0.0,0.0,0.0,9.0,1.0,0.36215059342369804,1.0,4.0,0.0,6.0,0.0,0.0,0.0,2.0,400.0,-0.410698380985955,0.5611646959685037,0
1458,1.0,0.0,1.0,0.0,0.0,0.0,6.0,1.0,0.36215059342369804,1.0,4.0,0.0,6.0,1.0,0.0,0.0,3.0,400.0,0.14223930431188306,-1.8563574114585832,0
3657,1.0,0.0,1.0,0.0,0.0,0.0,2.0,1.0,0.3234321291912575,5.0,4.0,0.0,6.0,0.0,0.0,0.0,2.0,700.0,-0.09473398938719041,-1.8563574114585832,0
3343,1.0,1.0,0.0,0.0,0.0,0.0,2.0,2.0,0.3234321291912575,1.0,4.0,3.0,6.0,0.0,0.0,0.0,4.0,400.0,0.30022150011126536,-1.7334325585385617,0
4317,1.0,1.0,1.0,0.0,0.0,0.0,5.0,1.0,0.3234321291912575,2.0,4.0,2.0,7.0,0.0,0.0,0.0,3.0,400.0,1.0901324791081768,0.5611646959685037,0
6019,1.0,1.0,1.0,0.0,0.0,0.0,17.0,1.0,0.3234321291912575,1.0,4.0,0.0,7.0,3.0,0.0,0.0,2.0,400.0,-0.17372508728688155,0.5611646959685037,0
12199,1.0,1.0,0.0,0.0,0.0,0.0,2.0,1.0,0.3234321291912575,2.0,4.0,0.0,7.0,0.0,0.0,0.0,3.0,400.0,0.45820369591064763,0.6021396469418442,0
11096,1.0,1.0,1.0,0.0,0.0,0.0,2.0,1.0,0.2649977300732862,2.0,4.0,1.0,7.0,0.0,0.0,0.0,3.0,400.0,0.7741680875094122,0.6021396469418442,0
2558,1.0,1.0,0.0,0.0,0.0,0.0,17.0,0.0,0.36215059342369804,1.0,4.0,2.0,7.0,0.0,0.0,0.0,1.0,400.0,1.9590345560047795,0.5611646959685037,0
2457,0.0,1.0,1.0,0.0,0.0,0.0,6.0,1.0,0.36215059342369804,1.0,0.0,2.0,5.0,0.0,0.0,0.0,2.0,400.0,-0.5686805767853373,-1.8563574114585832,1
11115,1.0,1.0,1.0,0.0,0.0,0.0,13.0,1.0,0.3234321291912575,1.0,4.0,3.0,6.0,1.0,0.0,0.0,4.0,400.0,0.2212304022115742,-1.651482656591881,0
9340,1.0,1.0,1.0,0.0,0.0,0.0,13.0,1.0,0.3234321291912575,2.0,4.0,2.0,7.0,3.0,0.0,0.0,4.0,400.0,0.2212304022115742,0.6021396469418442,0
2741,1.0,1.0,1.0,0.0,0.0,0.0,17.0,2.0,0.3234321291912575,1.0,4.0,2.0,4.0,2.0,0.0,0.0,2.0,400.0,-1.2796004578825577,0.5611646959685037,0
13504,1.0,1.0,0.0,0.0,0.0,0.0,9.0,1.0,0.3234321291912575,2.0,4.0,2.0,6.0,1.0,0.0,0.0,1.0,400.0,-0.5686805767853373,0.6021396469418442,0
3701,1.0,1.0,1.0,0.0,0.0,0.0,13.0,1.0,0.36215059342369804,2.0,4.0,0.0,6.0,1.0,0.0,0.0,2.0,400.0,-0.17372508728688155,-1.6105077056185404,0
14634,1.0,1.0,1.0,0.0,0.0,0.0,13.0,1.0,0.36215059342369804,1.0,4.0,2.0,5.0,2.0,0.0,0.0,2.0,400.0,0.6951769896097211,0.5611646959685037,0
12296,1.0,1.0,1.0,0.0,0.0,0.0,17.0,2.0,0.36215059342369804,2.0,4.0,3.0,4.0,0.0,0.0,0.0,2.0,400.0,-1.43758265368194,-1.7744075095119023,0
3969,1.0,1.0,0.0,0.0,0.0,0.0,2.0,1.0,0.36215059342369804,5.0,4.0,2.0,6.0,2.0,0.0,0.0,2.0,400.0,-0.17372508728688155,0.6021396469418442,0
5186,1.0,1.0,0.0,0.0,0.0,0.0,1.0,1.0,0.2649977300732862,1.0,4.0,0.0,5.0,3.0,2.0,1.0,2.0,400.0,0.9321502833087946,0.5611646959685037,0
1402,1.0,1.0,0.0,0.0,0.0,0.0,13.0,2.0,0.022050716648291068,5.0,4.0,3.0,6.0,1.0,0.0,0.0,3.0,400.0,0.6161858917100299,0.6021396469418442,0
13855,0.0,1.0,0.0,0.0,0.0,0.0,17.0,1.0,0.2649977300732862,1.0,4.0,0.0,5.0,0.0,0.0,0.0,2.0,400.0,-0.2527161851865727,0.5611646959685037,0
14126,1.0,1.0,0.0,0.0,0.0,0.0,6.0,1.0,0.36215059342369804,1.0,4.0,3.0,5.0,0.0,3.0,0.0,4.0,500.0,-0.7266627725847196,0.5611646959685037,1
2822,1.0,1.0,1.0,0.0,0.0,0.0,17.0,1.0,0.3234321291912575,1.0,4.0,3.0,6.0,0.0,0.0,0.0,4.0,400.0,-0.09473398938719041,0.6431145979151847,0
6147,1.0,1.0,1.0,0.0,0.0,0.0,13.0,2.0,0.36215059342369804,1.0,4.0,2.0,4.0,0.0,0.0,0.0,4.0,400.0,-1.516573751581631,0.6021396469418442,1
3781,1.0,1.0,1.0,0.0,0.0,0.0,6.0,1.0,0.36215059342369804,2.0,4.0,1.0,7.0,3.0,0.0,0.0,2.0,700.0,1.6430701644060148,0.5611646959685037,0
2717,1.0,1.0,1.0,0.0,0.0,0.0,6.0,2.0,0.3234321291912575,5.0,4.0,0.0,0.0,0.0,0.0,0.0,3.0,400.0,-1.8325381431803958,-1.7334325585385617,0
12178,0.0,1.0,1.0,0.0,0.0,0.0,6.0,2.0,0.2649977300732862,5.0,4.0,0.0,0.0,0.0,0.0,0.0,3.0,400.0,-1.8325381431803958,-1.4466079017251785,0
1710,1.0,1.0,1.0,0.0,0.0,0.0,9.0,1.0,0.36215059342369804,1.0,4.0,3.0,6.0,3.0,0.0,0.0,2.0,400.0,-0.09473398938719041,0.6840895488885251,0
11173,1.0,1.0,0.0,0.0,0.0,0.0,6.0,1.0,0.2649977300732862,1.0,4.0,2.0,7.0,3.0,0.0,0.0,1.0,400.0,1.0901324791081768,-1.6924576075652213,0
6821,1.0,1.0,1.0,0.0,0.0,0.0,0.0,2.0,0.2649977300732862,5.0,4.0,2.0,7.0,1.0,0.0,0.0,2.0,400.0,1.4060968707069414,-0.5451589803116885,1
11964,1.0,1.0,0.0,1.0,0.0,0.0,9.0,1.0,0.36215059342369804,1.0,4.0,2.0,7.0,0.0,0.0,0.0,1.0,400.0,1.0111413812084857,0.6021396469418442,0
9049,1.0,0.0,1.0,1.0,0.0,0.0,6.0,1.0,0.36215059342369804,5.0,4.0,2.0,4.0,3.0,0.0,0.0,3.0,400.0,-0.8846449683841019,-1.6924576075652213,1
1196,1.0,1.0,1.0,0.0,0.0,0.0,5.0,1.0,0.36215059342369804,3.0,4.0,1.0,6.0,3.0,0.0,0.0,2.0,400.0,2.0380256539044708,0.5611646959685037,0
6540,1.0,0.0,1.0,0.0,0.0,0.0,0.0,2.0,0.2649977300732862,1.0,4.0,1.0,5.0,0.0,0.0,0.0,1.0,400.0,-0.8056538704844107,0.5611646959685037,0
14409,1.0,1.0,1.0,0.0,0.0,0.0,17.0,1.0,0.3234321291912575,2.0,4.0,3.0,6.0,3.0,0.0,0.0,3.0,400.0,-0.8056538704844107,0.5611646959685037,0
11803,1.0,0.0,1.0,0.0,0.0,0.0,9.0,1.0,0.3234321291912575,1.0,4.0,2.0,6.0,3.0,0.0,0.0,1.0,400.0,-0.17372508728688155,0.5611646959685037,0
7573,1.0,1.0,0.0,0.0,0.0,0.0,6.0,1.0,0.2649977300732862,0.0,4.0,1.0,6.0,1.0,0.0,0.0,4.0,400.0,1.0901324791081768,0.6431145979151847,0
3441,1.0,1.0,1.0,0.0,0.0,0.0,17.0,2.0,0.36215059342369804,0.0,4.0,0.0,6.0,1.0,0.0,0.0,4.0,400.0,-0.09473398938719041,-1.8563574114585832,0
1226,1.0,1.0,0.0,0.0,0.0,0.0,5.0,1.0,0.36215059342369804,3.0,4.0,2.0,7.0,0.0,0.0,0.0,1.0,400.0,1.722061262305706,0.6021396469418442,0
13638,1.0,0.0,1.0,0.0,0.0,0.0,13.0,2.0,0.3234321291912575,1.0,4.0,2.0,6.0,0.0,0.0,0.0,1.0,400.0,-0.410698380985955,0.5611646959685037,0
4197,0.0,1.0,1.0,0.0,0.0,0.0,17.0,1.0,0.2649977300732862,1.0,4.0,1.0,6.0,0.0,0.0,0.0,4.0,400.0,1.4850879686066325,0.6431145979151847,0
12497,1.0,1.0,1.0,0.0,0.0,0.0,17.0,2.0,0.3234321291912575,1.0,4.0,2.0,4.0,0.0,0.0,0.0,1.0,400.0,-1.1216182620831754,0.6021396469418442,0
5149,1.0,1.0,0.0,0.0,0.0,0.0,13.0,1.0,0.3234321291912575,1.0,4.0,2.0,7.0,3.0,0.0,0.0,1.0,400.0,0.8531591854091034,0.5611646959685037,0
4133,1.0,1.0,0.0,0.0,0.0,0.0,17.0,1.0,0.36215059342369804,1.0,4.0,2.0,6.0,3.0,0.0,0.0,1.0,400.0,0.37921259801095647,0.6021396469418442,0
8913,1.0,1.0,1.0,0.0,0.0,0.0,6.0,2.0,0.3234321291912575,5.0,4.0,3.0,0.0,0.0,0.0,0.0,3.0,400.0,-1.8325381431803958,0.5611646959685037,0
9803,1.0,1.0,1.0,0.0,0.0,0.0,13.0,1.0,0.2649977300732862,2.0,4.0,0.0,5.0,3.0,0.0,0.0,1.0,400.0,-0.8846449683841019,0.5611646959685037,0
10600,1.0,1.0,1.0,0.0,0.0,0.0,17.0,1.0,0.3234321291912575,2.0,4.0,2.0,7.0,0.0,0.0,0.0,2.0,400.0,1.5640790665063238,0.6021396469418442,0
14736,1.0,1.0,1.0,0.0,0.0,0.0,13.0,1.0,0.022050716648291068,5.0,4.0,1.0,7.0,0.0,0.0,0.0,1.0,400.0,2.9859188287007643,-1.487582852698519,0
5437,1.0,1.0,0.0,0.0,0.0,0.0,15.0,1.0,0.2649977300732862,2.0,4.0,0.0,7.0,1.0,0.0,0.0,4.0,400.0,0.6161858917100299,-1.8153824604852427,0
8079,1.0,1.0,1.0,0.0,0.0,0.0,2.0,2.0,0.36215059342369804,1.0,4.0,1.0,1.0,1.0,0.0,0.0,3.0,400.0,-1.7535470452807045,0.5611646959685037,0
5785,1.0,1.0,1.0,0.0,0.0,0.0,16.0,1.0,0.2649977300732862,1.0,4.0,0.0,6.0,0.0,0.0,0.0,2.0,400.0,0.06324820641219189,0.6021396469418442,0
1555,1.0,1.0,1.0,0.0,0.0,0.0,13.0,2.0,0.36215059342369804,1.0,4.0,3.0,3.0,3.0,0.0,0.0,4.0,400.0,-1.7535470452807045,0.6021396469418442,0
3679,1.0,1.0,0.0,0.0,0.0,0.0,6.0,2.0,0.2649977300732862,1.0,4.0,2.0,5.0,3.0,0.0,0.0,3.0,400.0,-0.8846449683841019,0.5611646959685037,0
431,0.0,1.0,1.0,0.0,0.0,0.0,11.0,1.0,0.36215059342369804,5.0,4.0,2.0,2.0,1.0,0.0,0.0,3.0,400.0,0.06324820641219189,-1.7744075095119023,0
8369,1.0,1.0,0.0,0.0,0.0,0.0,13.0,1.0,0.3234321291912575,0.0,4.0,1.0,7.0,0.0,0.0,0.0,2.0,700.0,1.4060968707069414,0.6021396469418442,0
3167,0.0,1.0,1.0,0.0,0.0,0.0,18.0,1.0,0.2649977300732862,2.0,4.0,2.0,7.0,1.0,0.0,0.0,4.0,400.0,-0.015742891487499255,-1.8153824604852427,0
450,1.0,1.0,1.0,0.0,0.0,0.0,13.0,1.0,0.3234321291912575,1.0,4.0,2.0,6.0,2.0,0.0,0.0,1.0,400.0,-0.8846449683841019,0.6021396469418442,0
7333,1.0,1.0,1.0,0.0,0.0,0.0,13.0,2.0,0.36215059342369804,1.0,4.0,2.0,5.0,3.0,0.0,0.0,2.0,400.0,-0.4896894788856461,0.5611646959685037,0
563,1.0,1.0,1.0,0.0,0.0,0.0,17.0,1.0,0.36215059342369804,2.0,4.0,1.0,6.0,3.0,0.0,0.0,4.0,400.0,-0.8846449683841019,0.6021396469418442,0
9664,1.0,1.0,1.0,0.0,0.0,0.0,6.0,1.0,0.3234321291912575,2.0,4.0,3.0,6.0,3.0,0.0,0.0,3.0,400.0,0.30022150011126536,0.5611646959685037,0
7314,1.0,1.0,1.0,0.0,0.0,0.0,6.0,2.0,0.36215059342369804,1.0,4.0,2.0,5.0,3.0,0.0,0.0,2.0,400.0,-1.1216182620831754,0.6021396469418442,0
13685,0.0,1.0,1.0,0.0,0.0,0.0,9.0,1.0,0.3234321291912575,2.0,4.0,2.0,6.0,3.0,0.0,0.0,1.0,400.0,-1.1216182620831754,0.6021396469418442,0
13539,1.0,1.0,0.0,0.0,0.0,0.0,13.0,1.0,0.2649977300732862,0.0,4.0,0.0,6.0,0.0,0.0,0.0,2.0,400.0,-0.8846449683841019,0.5611646959685037,0
11604,1.0,1.0,1.0,0.0,0.0,0.0,5.0,1.0,0.022050716648291068,5.0,4.0,0.0,7.0,0.0,0.0,0.0,3.0,400.0,0.6951769896097211,0.6431145979151847,0
11744,1.0,0.0,0.0,0.0,0.0,0.0,13.0,2.0,0.36215059342369804,1.0,4.0,0.0,4.0,1.0,0.0,0.0,2.0,400.0,-0.8846449683841019,0.6021396469418442,0
8742,1.0,1.0,1.0,0.0,0.0,0.0,17.0,2.0,0.36215059342369804,1.0,4.0,1.0,7.0,0.0,0.0,0.0,2.0,400.0,1.0901324791081768,-1.487582852698519,0
7924,1.0,1.0,1.0,0.0,0.0,0.0,6.0,2.0,0.36215059342369804,0.0,4.0,0.0,5.0,2.0,0.0,0.0,2.0,400.0,-0.8056538704844107,0.5611646959685037,0
14187,1.0,1.0,1.0,0.0,0.0,0.0,3.0,2.0,0.3234321291912575,2.0,4.0,3.0,6.0,0.0,0.0,0.0,1.0,400.0,-0.6476716746850284,0.6021396469418442,0
9677,1.0,1.0,1.0,0.0,0.0,0.0,0.0,1.0,0.022050716648291068,5.0,4.0,0.0,6.0,2.0,0.0,0.0,4.0,400.0,-0.17372508728688155,0.5611646959685037,0
7426,1.0,0.0,1.0,0.0,0.0,0.0,13.0,2.0,0.36215059342369804,0.0,4.0,0.0,6.0,0.0,0.0,0.0,3.0,400.0,-0.7266627725847196,0.5611646959685037,1
6003,0.0,1.0,1.0,0.0,0.0,0.0,13.0,1.0,0.36215059342369804,3.0,4.0,3.0,7.0,0.0,0.0,0.0,3.0,400.0,2.748945535001691,-1.4466079017251785,0
2560,1.0,1.0,1.0,0.0,0.0,0.0,13.0,1.0,0.3234321291912575,1.0,4.0,2.0,4.0,2.0,0.0,0.0,4.0,400.0,-0.7266627725847196,0.5611646959685037,0
8295,1.0,0.0,1.0,0.0,0.0,0.0,9.0,1.0,0.3234321291912575,1.0,4.0,2.0,6.0,0.0,0.0,0.0,2.0,400.0,-0.33170728308626385,0.5611646959685037,0
2024,1.0,1.0,1.0,0.0,0.0,0.0,13.0,1.0,0.3234321291912575,1.0,4.0,3.0,7.0,2.0,0.0,0.0,4.0,400.0,1.0901324791081768,0.5611646959685037,0
13979,1.0,1.0,1.0,0.0,0.0,0.0,6.0,2.0,0.3234321291912575,5.0,4.0,2.0,0.0,0.0,0.0,0.0,1.0,400.0,-1.9115292410800868,0.6021396469418442,0
7561,1.0,1.0,1.0,0.0,0.0,0.0,9.0,2.0,0.36215059342369804,1.0,4.0,2.0,5.0,0.0,0.0,0.0,3.0,400.0,-1.0426271641834841,-1.7334325585385617,0
8889,1.0,1.0,0.0,0.0,0.0,0.0,13.0,1.0,0.36215059342369804,2.0,4.0,2.0,6.0,0.0,0.0,0.0,3.0,400.0,0.45820369591064763,0.6021396469418442,0
12944,0.0,1.0,0.0,0.0,0.0,0.0,9.0,1.0,0.022569557040015564,5.0,4.0,0.0,5.0,0.0,0.0,0.0,1.0,400.0,-0.7266627725847196,-1.8153824604852427,0
4041,1.0,0.0,0.0,0.0,0.0,0.0,17.0,2.0,0.2649977300732862,1.0,4.0,1.0,5.0,1.0,0.0,0.0,3.0,400.0,-0.8846449683841019,-1.6924576075652213,0
1557,1.0,1.0,1.0,0.0,0.0,0.0,13.0,1.0,0.36215059342369804,1.0,4.0,1.0,6.0,3.0,0.0,2.0,2.0,400.0,2.0380256539044708,-1.7744075095119023,1
11314,1.0,0.0,1.0,0.0,0.0,0.0,13.0,1.0,0.3234321291912575,1.0,4.0,2.0,5.0,0.0,0.0,0.0,3.0,400.0,0.7741680875094122,0.5611646959685037,0
6531,1.0,1.0,1.0,0.0,0.0,0.0,2.0,1.0,0.3234321291912575,2.0,4.0,3.0,6.0,0.0,0.0,0.0,1.0,400.0,0.6161858917100299,0.6021396469418442,0
14785,1.0,1.0,1.0,0.0,0.0,0.0,17.0,2.0,0.3234321291912575,1.0,4.0,3.0,5.0,0.0,0.0,0.0,1.0,400.0,-0.6476716746850284,-1.8153824604852427,0
1993,1.0,1.0,1.0,0.0,0.0,0.0,17.0,1.0,0.3234321291912575,1.0,4.0,3.0,7.0,0.0,0.0,0.0,3.0,400.0,1.4060968707069414,0.6021396469418442,0
6960,1.0,1.0,1.0,0.0,0.0,0.0,2.0,1.0,0.2649977300732862,5.0,4.0,3.0,7.0,2.0,0.0,0.0,3.0,400.0,0.5371947938103387,0.5611646959685037,0
8621,0.0,1.0,0.0,0.0,0.0,0.0,17.0,1.0,0.3234321291912575,2.0,4.0,3.0,7.0,3.0,0.0,0.0,2.0,400.0,-0.09473398938719041,-1.8563574114585832,0
14372,1.0,0.0,1.0,0.0,0.0,0.0,17.0,1.0,0.3234321291912575,1.0,4.0,1.0,5.0,0.0,0.0,0.0,2.0,400.0,-1.0426271641834841,-1.6924576075652213,0
5720,1.0,1.0,0.0,0.0,0.0,0.0,9.0,1.0,0.2649977300732862,2.0,4.0,1.0,6.0,3.0,0.0,0.0,3.0,400.0,-0.9636360662837931,0.5611646959685037,0
13666,1.0,1.0,1.0,0.0,0.0,0.0,9.0,1.0,0.3234321291912575,1.0,4.0,2.0,7.0,0.0,0.0,0.0,3.0,400.0,0.06324820641219189,0.5611646959685037,0
13753,1.0,1.0,1.0,0.0,0.0,0.0,17.0,2.0,0.36215059342369804,1.0,4.0,0.0,5.0,3.0,0.0,0.0,2.0,400.0,-0.410698380985955,0.5611646959685037,0
10509,1.0,0.0,1.0,0.0,0.0,0.0,13.0,1.0,0.36215059342369804,0.0,4.0,1.0,6.0,0.0,0.0,0.0,1.0,400.0,-0.33170728308626385,0.5611646959685037,0
7091,0.0,1.0,0.0,1.0,0.0,0.0,17.0,2.0,0.2649977300732862,1.0,4.0,0.0,5.0,1.0,0.0,0.0,4.0,400.0,-0.410698380985955,-1.8153824604852427,0
4908,1.0,1.0,1.0,0.0,0.0,0.0,6.0,1.0,0.2649977300732862,1.0,4.0,0.0,6.0,2.0,0.0,0.0,4.0,400.0,-0.410698380985955,0.6021396469418442,1
14118,1.0,0.0,1.0,0.0,0.0,0.0,13.0,1.0,0.3234321291912575,2.0,4.0,2.0,7.0,0.0,0.0,0.0,2.0,400.0,1.169123577007868,0.6021396469418442,0
6824,0.0,1.0,1.0,0.0,0.0,0.0,13.0,1.0,0.36215059342369804,2.0,3.0,0.0,7.0,0.0,2.0,1.0,4.0,400.0,1.8800434581050884,-1.487582852698519,0
11647,1.0,1.0,0.0,0.0,0.0,0.0,17.0,1.0,0.2649977300732862,1.0,4.0,1.0,7.0,3.0,2.0,0.0,3.0,400.0,0.6951769896097211,0.5611646959685037,0
5129,1.0,1.0,0.0,0.0,0.0,0.0,6.0,2.0,0.36215059342369804,5.0,4.0,2.0,0.0,0.0,0.0,0.0,3.0,400.0,-1.9115292410800868,0.6431145979151847,0
11084,1.0,1.0,1.0,0.0,0.0,0.0,3.0,1.0,0.36215059342369804,2.0,4.0,1.0,5.0,0.0,0.0,0.0,3.0,400.0,-0.8056538704844107,0.5611646959685037,0
8361,1.0,1.0,1.0,0.0,0.0,0.0,17.0,1.0,0.2649977300732862,1.0,4.0,0.0,5.0,0.0,0.0,0.0,3.0,400.0,-0.015742891487499255,0.6021396469418442,1
11344,1.0,0.0,1.0,0.0,0.0,0.0,6.0,1.0,0.2649977300732862,0.0,4.0,2.0,5.0,1.0,0.0,0.0,4.0,400.0,-0.09473398938719041,-1.4466079017251785,0
9731,0.0,1.0,1.0,0.0,0.0,0.0,2.0,1.0,0.3234321291912575,2.0,4.0,0.0,4.0,2.0,0.0,0.0,1.0,400.0,-1.43758265368194,0.5611646959685037,0
9978,1.0,1.0,1.0,0.0,0.0,0.0,13.0,2.0,0.2649977300732862,2.0,4.0,1.0,4.0,1.0,0.0,0.0,3.0,400.0,-0.7266627725847196,0.6021396469418442,0
2782,1.0,1.0,1.0,0.0,0.0,0.0,2.0,1.0,0.36215059342369804,3.0,4.0,2.0,6.0,0.0,0.0,0.0,1.0,400.0,-0.2527161851865727,0.6021396469418442,0
11772,0.0,1.0,1.0,0.0,0.0,0.0,17.0,2.0,0.2649977300732862,1.0,4.0,0.0,4.0,0.0,0.0,0.0,1.0,400.0,-0.410698380985955,0.5611646959685037,0
12401,1.0,1.0,1.0,0.0,0.0,0.0,17.0,1.0,0.36215059342369804,0.0,4.0,1.0,6.0,2.0,0.0,0.0,2.0,400.0,0.14223930431188306,0.5611646959685037,0
2522,1.0,1.0,1.0,0.0,0.0,0.0,9.0,2.0,0.3234321291912575,1.0,4.0,2.0,5.0,3.0,0.0,0.0,2.0,400.0,-0.5686805767853373,-1.8153824604852427,0
13206,1.0,1.0,1.0,0.0,0.0,0.0,6.0,1.0,0.36215059342369804,1.0,4.0,2.0,6.0,0.0,0.0,0.0,2.0,400.0,0.14223930431188306,0.6021396469418442,0
11481,1.0,1.0,1.0,0.0,0.0,0.0,9.0,1.0,0.3234321291912575,3.0,4.0,1.0,6.0,3.0,0.0,0.0,1.0,400.0,-0.7266627725847196,0.5611646959685037,0
703,1.0,1.0,0.0,0.0,0.0,0.0,2.0,1.0,0.36215059342369804,2.0,4.0,2.0,6.0,0.0,0.0,0.0,3.0,400.0,0.30022150011126536,0.6021396469418442,0
2201,1.0,1.0,1.0,0.0,0.0,0.0,17.0,1.0,0.2649977300732862,5.0,4.0,2.0,6.0,2.0,0.0,0.0,4.0,400.0,-0.5686805767853373,0.6021396469418442,1
8915,1.0,1.0,1.0,0.0,0.0,0.0,9.0,1.0,0.36215059342369804,2.0,4.0,0.0,5.0,0.0,0.0,0.0,1.0,400.0,-1.1216182620831754,0.6431145979151847,0
8151,1.0,1.0,1.0,0.0,0.0,0.0,3.0,1.0,0.3234321291912575,5.0,4.0,2.0,7.0,2.0,0.0,0.0,4.0,400.0,1.722061262305706,0.5611646959685037,0
10046,0.0,1.0,1.0,0.0,0.0,0.0,6.0,1.0,0.36215059342369804,1.0,4.0,1.0,5.0,0.0,3.0,0.0,1.0,500.0,-1.3585915557822488,-1.7744075095119023,0
3403,1.0,0.0,1.0,0.0,0.0,0.0,13.0,2.0,0.36215059342369804,0.0,4.0,1.0,4.0,1.0,0.0,0.0,4.0,400.0,-1.2006093599828664,0.5611646959685037,0
13262,1.0,1.0,1.0,1.0,0.0,0.0,13.0,2.0,0.2649977300732862,0.0,4.0,2.0,4.0,3.0,0.0,0.0,4.0,400.0,-1.43758265368194,0.6021396469418442,1
8700,1.0,1.0,0.0,0.0,0.0,0.0,9.0,1.0,0.2649977300732862,5.0,4.0,2.0,4.0,2.0,0.0,0.0,2.0,400.0,-1.0426271641834841,-1.8563574114585832,0
8430,1.0,0.0,0.0,0.0,0.0,0.0,6.0,3.0,0.2649977300732862,1.0,4.0,2.0,5.0,0.0,0.0,0.0,3.0,400.0,0.8531591854091034,0.5611646959685037,0
12010,1.0,0.0,1.0,0.0,0.0,0.0,9.0,1.0,0.36215059342369804,1.0,4.0,2.0,5.0,0.0,0.0,0.0,4.0,400.0,-0.5686805767853373,0.5611646959685037,0
3617,1.0,1.0,1.0,0.0,0.0,0.0,9.0,2.0,0.36215059342369804,2.0,4.0,2.0,7.0,3.0,0.0,0.0,2.0,400.0,0.37921259801095647,0.6021396469418442,0
10208,1.0,1.0,1.0,0.0,0.0,0.0,13.0,1.0,0.2649977300732862,2.0,4.0,2.0,6.0,0.0,0.0,2.0,3.0,400.0,-0.4896894788856461,0.5611646959685037,0
8715,1.0,1.0,1.0,0.0,0.0,0.0,2.0,1.0,0.2649977300732862,2.0,4.0,1.0,7.0,0.0,0.0,0.0,2.0,400.0,1.5640790665063238,0.6021396469418442,0
7233,1.0,0.0,0.0,0.0,0.0,0.0,6.0,2.0,0.3234321291912575,1.0,4.0,1.0,4.0,3.0,0.0,0.0,1.0,400.0,-0.6476716746850284,0.6021396469418442,0
2966,1.0,1.0,1.0,0.0,0.0,0.0,6.0,2.0,0.3234321291912575,5.0,4.0,3.0,0.0,0.0,0.0,0.0,4.0,400.0,-1.9115292410800868,0.5611646959685037,1
6947,0.0,1.0,1.0,0.0,0.0,0.0,5.0,1.0,0.36215059342369804,5.0,4.0,1.0,6.0,0.0,0.0,0.0,1.0,400.0,0.37921259801095647,0.5611646959685037,0
15142,1.0,0.0,1.0,0.0,0.0,0.0,17.0,3.0,0.36215059342369804,1.0,4.0,1.0,3.0,1.0,0.0,0.0,4.0,400.0,-1.1216182620831754,0.5611646959685037,1
11197,1.0,1.0,0.0,0.0,0.0,0.0,6.0,2.0,0.2649977300732862,1.0,4.0,2.0,4.0,0.0,0.0,0.0,1.0,400.0,-1.2006093599828664,0.5611646959685037,0
14836,1.0,1.0,1.0,0.0,0.0,0.0,9.0,2.0,0.36215059342369804,0.0,4.0,1.0,5.0,3.0,0.0,0.0,2.0,400.0,-0.8846449683841019,-1.8563574114585832,0
15360,1.0,1.0,1.0,0.0,0.0,0.0,6.0,2.0,0.3234321291912575,2.0,4.0,0.0,5.0,0.0,0.0,0.0,3.0,400.0,-0.8056538704844107,0.5611646959685037,0
13464,0.0,1.0,0.0,0.0,0.0,0.0,13.0,1.0,0.2649977300732862,1.0,4.0,1.0,6.0,0.0,0.0,0.0,4.0,400.0,0.2212304022115742,0.5611646959685037,0
2859,1.0,1.0,1.0,0.0,0.0,0.0,2.0,2.0,0.2649977300732862,5.0,4.0,2.0,4.0,3.0,0.0,0.0,4.0,400.0,-0.410698380985955,0.6021396469418442,0
7471,1.0,1.0,1.0,0.0,0.0,0.0,6.0,2.0,0.0013619560282768014,5.0,4.0,2.0,0.0,0.0,0.0,0.0,3.0,400.0,-1.8325381431803958,-1.4466079017251785,0
4243,1.0,1.0,1.0,0.0,0.0,0.0,17.0,1.0,0.36215059342369804,1.0,4.0,2.0,6.0,1.0,0.0,0.0,2.0,400.0,-0.4896894788856461,0.6840895488885251,0
5237,1.0,0.0,1.0,0.0,0.0,0.0,16.0,1.0,0.36215059342369804,3.0,4.0,0.0,7.0,2.0,0.0,0.0,1.0,400.0,1.0901324791081768,0.6021396469418442,0
9486,0.0,1.0,0.0,0.0,0.0,0.0,9.0,2.0,0.2649977300732862,1.0,4.0,1.0,6.0,0.0,0.0,0.0,2.0,400.0,-1.0426271641834841,0.5611646959685037,0
6843,1.0,1.0,1.0,0.0,0.0,0.0,9.0,1.0,0.2649977300732862,1.0,4.0,0.0,6.0,1.0,0.0,0.0,1.0,400.0,-0.17372508728688155,0.6840895488885251,0
14816,0.0,1.0,0.0,0.0,0.0,0.0,9.0,1.0,0.3234321291912575,1.0,4.0,1.0,6.0,0.0,0.0,0.0,3.0,400.0,0.6951769896097211,0.5611646959685037,0
8562,1.0,0.0,0.0,0.0,0.0,0.0,6.0,1.0,0.3234321291912575,1.0,4.0,0.0,6.0,0.0,0.0,0.0,1.0,400.0,0.2212304022115742,0.5611646959685037,0
8669,1.0,1.0,1.0,0.0,0.0,0.0,17.0,1.0,0.3234321291912575,1.0,2.0,0.0,6.0,0.0,3.0,0.0,3.0,500.0,-0.5686805767853373,0.6431145979151847,0
239,1.0,1.0,1.0,0.0,0.0,0.0,9.0,2.0,0.3234321291912575,2.0,4.0,3.0,6.0,3.0,0.0,0.0,4.0,400.0,-1.1216182620831754,0.5611646959685037,0
1509,1.0,1.0,1.0,0.0,0.0,0.0,2.0,1.0,0.3234321291912575,1.0,4.0,2.0,6.0,1.0,0.0,0.0,2.0,400.0,0.6951769896097211,0.5611646959685037,0
48,1.0,0.0,1.0,0.0,0.0,0.0,2.0,1.0,0.3234321291912575,5.0,4.0,2.0,5.0,2.0,0.0,0.0,1.0,400.0,-0.2527161851865727,-1.7744075095119023,0
9161,1.0,0.0,1.0,0.0,1.0,0.0,2.0,1.0,0.2649977300732862,2.0,4.0,1.0,5.0,0.0,0.0,0.0,4.0,400.0,0.5371947938103387,0.6021396469418442,0
15014,1.0,1.0,1.0,0.0,0.0,0.0,13.0,2.0,0.36215059342369804,1.0,4.0,0.0,5.0,1.0,2.0,1.0,1.0,400.0,-0.4896894788856461,0.5611646959685037,0
13114,1.0,1.0,1.0,0.0,0.0,0.0,0.0,1.0,0.36215059342369804,5.0,4.0,0.0,7.0,0.0,0.0,0.0,2.0,400.0,-0.09473398938719041,-1.7744075095119023,0
14586,1.0,1.0,1.0,0.0,0.0,0.0,13.0,1.0,0.36215059342369804,2.0,4.0,0.0,6.0,3.0,0.0,0.0,2.0,400.0,-0.2527161851865727,-1.7334325585385617,0
10133,1.0,1.0,1.0,0.0,0.0,0.0,18.0,2.0,0.36215059342369804,5.0,4.0,1.0,6.0,1.0,0.0,0.0,1.0,400.0,-0.17372508728688155,-1.487582852698519,0
6134,0.0,1.0,1.0,0.0,0.0,0.0,9.0,2.0,0.36215059342369804,1.0,4.0,1.0,4.0,1.0,0.0,0.0,3.0,400.0,-1.3585915557822488,0.6021396469418442,0
12438,1.0,1.0,0.0,0.0,0.0,0.0,5.0,1.0,0.36215059342369804,2.0,4.0,2.0,6.0,2.0,0.0,0.0,1.0,400.0,-0.8056538704844107,-1.4466079017251785,0
4206,1.0,1.0,1.0,0.0,0.0,0.0,9.0,2.0,0.2649977300732862,1.0,4.0,0.0,7.0,0.0,0.0,0.0,1.0,400.0,2.0380256539044708,0.6021396469418442,0
8517,1.0,1.0,1.0,0.0,0.0,0.0,13.0,1.0,0.36215059342369804,2.0,4.0,0.0,7.0,2.0,0.0,0.0,3.0,400.0,0.30022150011126536,0.6021396469418442,0
7429,1.0,1.0,0.0,0.0,0.0,0.0,9.0,1.0,0.36215059342369804,1.0,4.0,1.0,6.0,2.0,0.0,0.0,3.0,400.0,-0.33170728308626385,0.6021396469418442,0
528,0.0,1.0,1.0,0.0,0.0,0.0,9.0,1.0,0.36215059342369804,3.0,4.0,1.0,6.0,2.0,0.0,0.0,4.0,400.0,-0.09473398938719041,0.5611646959685037,1
15303,1.0,1.0,1.0,0.0,0.0,0.0,17.0,1.0,0.2649977300732862,0.0,4.0,1.0,6.0,3.0,0.0,0.0,4.0,400.0,-0.2527161851865727,-1.2417331468584762,0
10642,1.0,0.0,1.0,0.0,0.0,0.0,13.0,1.0,0.36215059342369804,1.0,4.0,2.0,1.0,3.0,0.0,0.0,1.0,400.0,-1.1216182620831754,0.5611646959685037,0
2257,1.0,1.0,1.0,0.0,0.0,0.0,9.0,1.0,0.36215059342369804,1.0,4.0,2.0,6.0,3.0,0.0,0.0,4.0,400.0,0.14223930431188306,0.5611646959685037,0
581,1.0,1.0,0.0,0.0,0.0,0.0,13.0,1.0,0.3234321291912575,2.0,4.0,1.0,6.0,1.0,0.0,0.0,1.0,400.0,0.37921259801095647,0.6021396469418442,0
7119,1.0,1.0,1.0,0.0,0.0,0.0,9.0,1.0,0.3234321291912575,1.0,4.0,2.0,6.0,2.0,0.0,0.0,1.0,400.0,-0.015742891487499255,0.6431145979151847,0
1378,1.0,1.0,1.0,0.0,0.0,0.0,6.0,1.0,0.3234321291912575,1.0,4.0,1.0,6.0,2.0,0.0,0.0,4.0,400.0,-0.6476716746850284,-1.8563574114585832,0
13309,1.0,1.0,1.0,0.0,0.0,0.0,17.0,2.0,0.36215059342369804,1.0,4.0,3.0,3.0,3.0,0.0,0.0,1.0,400.0,-1.7535470452807045,-1.7744075095119023,0
9656,1.0,1.0,1.0,0.0,0.0,1.0,9.0,1.0,0.3234321291912575,5.0,4.0,0.0,5.0,0.0,0.0,0.0,2.0,400.0,1.0901324791081768,0.6021396469418442,0
2538,1.0,1.0,0.0,0.0,0.0,0.0,6.0,2.0,0.3234321291912575,2.0,4.0,3.0,7.0,0.0,0.0,0.0,4.0,400.0,1.2481146749075591,-1.6924576075652213,0
12960,1.0,0.0,0.0,0.0,0.0,0.0,17.0,2.0,0.36215059342369804,1.0,4.0,2.0,6.0,2.0,0.0,0.0,3.0,400.0,0.45820369591064763,0.5611646959685037,0
7689,1.0,0.0,1.0,0.0,0.0,0.0,9.0,2.0,0.36215059342369804,1.0,4.0,0.0,4.0,0.0,0.0,0.0,4.0,400.0,-0.8846449683841019,0.5611646959685037,0
15240,0.0,1.0,0.0,0.0,0.0,0.0,9.0,1.0,0.36215059342369804,1.0,4.0,0.0,4.0,2.0,0.0,0.0,3.0,400.0,-0.6476716746850284,0.6021396469418442,0
14699,0.0,0.0,1.0,0.0,0.0,0.0,13.0,1.0,0.36215059342369804,1.0,4.0,2.0,7.0,3.0,4.0,1.0,1.0,400.0,1.0901324791081768,0.6021396469418442,0
11830,1.0,0.0,0.0,0.0,0.0,0.0,13.0,2.0,0.2649977300732862,1.0,4.0,1.0,6.0,3.0,0.0,0.0,2.0,400.0,-0.33170728308626385,0.5611646959685037,0
12637,0.0,1.0,1.0,0.0,0.0,0.0,6.0,2.0,0.36215059342369804,5.0,4.0,0.0,0.0,0.0,0.0,0.0,3.0,400.0,-1.9115292410800868,-1.7744075095119023,0
13601,1.0,1.0,0.0,0.0,0.0,0.0,17.0,1.0,0.36215059342369804,2.0,4.0,3.0,6.0,3.0,0.0,0.0,4.0,400.0,-1.1216182620831754,0.5611646959685037,0
4885,1.0,1.0,1.0,0.0,0.0,0.0,5.0,2.0,0.3234321291912575,3.0,4.0,2.0,5.0,0.0,0.0,0.0,3.0,400.0,-0.5686805767853373,0.5611646959685037,0
5269,1.0,1.0,0.0,0.0,0.0,0.0,2.0,1.0,0.36215059342369804,1.0,4.0,2.0,7.0,3.0,0.0,0.0,4.0,700.0,2.590963339202309,-1.8563574114585832,0
15172,1.0,1.0,1.0,0.0,0.0,0.0,13.0,1.0,0.3234321291912575,2.0,4.0,3.0,6.0,3.0,0.0,0.0,2.0,400.0,1.0901324791081768,0.5611646959685037,0
12163,1.0,1.0,1.0,0.0,0.0,0.0,13.0,1.0,0.3234321291912575,1.0,4.0,2.0,6.0,0.0,0.0,0.0,4.0,400.0,0.14223930431188306,0.6021396469418442,0
6701,1.0,0.0,1.0,0.0,0.0,0.0,13.0,1.0,0.36215059342369804,5.0,4.0,0.0,7.0,2.0,0.0,0.0,3.0,400.0,0.6161858917100299,0.5611646959685037,0
10998,1.0,1.0,1.0,0.0,0.0,0.0,17.0,1.0,0.3234321291912575,0.0,4.0,3.0,6.0,0.0,0.0,0.0,2.0,400.0,0.06324820641219189,-1.6924576075652213,0
9311,1.0,1.0,1.0,0.0,0.0,0.0,5.0,1.0,0.2649977300732862,1.0,4.0,1.0,7.0,0.0,0.0,0.0,3.0,400.0,0.9321502833087946,-1.487582852698519,0
8459,1.0,1.0,0.0,0.0,0.0,0.0,9.0,1.0,0.36215059342369804,2.0,4.0,2.0,7.0,0.0,0.0,0.0,1.0,400.0,1.3271057728072504,0.6021396469418442,0
13286,1.0,1.0,0.0,0.0,0.0,0.0,2.0,1.0,0.2649977300732862,2.0,4.0,0.0,4.0,3.0,0.0,0.0,2.0,400.0,-0.015742891487499255,0.5611646959685037,0
14013,1.0,1.0,1.0,0.0,0.0,0.0,13.0,2.0,0.2649977300732862,1.0,4.0,2.0,2.0,0.0,2.0,0.0,3.0,400.0,-1.1216182620831754,0.6021396469418442,0
1600,1.0,1.0,1.0,0.0,0.0,0.0,6.0,1.0,0.022569557040015564,5.0,4.0,1.0,7.0,0.0,0.0,0.0,1.0,400.0,0.6161858917100299,0.6021396469418442,0
14,1.0,1.0,1.0,0.0,0.0,0.0,5.0,1.0,0.3234321291912575,5.0,4.0,0.0,7.0,0.0,0.0,0.0,1.0,400.0,1.6430701644060148,-1.8563574114585832,0
10487,1.0,1.0,1.0,0.0,0.0,0.0,9.0,1.0,0.36215059342369804,1.0,4.0,2.0,6.0,0.0,0.0,0.0,2.0,400.0,-0.09473398938719041,0.5611646959685037,0
85,0.0,1.0,1.0,0.0,0.0,0.0,2.0,1.0,0.0013619560282768014,5.0,4.0,1.0,5.0,3.0,0.0,0.0,4.0,400.0,-1.0426271641834841,-1.3236830488051572,0
11114,1.0,1.0,1.0,0.0,0.0,0.0,17.0,1.0,0.3234321291912575,1.0,4.0,1.0,6.0,0.0,0.0,0.0,2.0,400.0,-0.09473398938719041,0.6021396469418442,0
13176,1.0,1.0,1.0,0.0,0.0,0.0,13.0,2.0,0.2649977300732862,1.0,4.0,2.0,5.0,3.0,0.0,0.0,4.0,400.0,-1.1216182620831754,0.6021396469418442,0
7484,1.0,1.0,1.0,0.0,0.0,0.0,18.0,1.0,0.3234321291912575,2.0,4.0,1.0,7.0,1.0,0.0,0.0,2.0,400.0,2.0380256539044708,0.5611646959685037,0
8714,1.0,1.0,1.0,0.0,0.0,0.0,9.0,2.0,0.36215059342369804,1.0,4.0,2.0,5.0,0.0,4.0,1.0,4.0,400.0,-0.7266627725847196,0.6021396469418442,0
2567,1.0,1.0,1.0,0.0,0.0,0.0,6.0,2.0,0.3234321291912575,1.0,4.0,3.0,6.0,0.0,0.0,0.0,2.0,400.0,0.5371947938103387,0.6840895488885251,0
8933,1.0,1.0,0.0,0.0,0.0,0.0,13.0,1.0,0.2649977300732862,1.0,4.0,0.0,7.0,0.0,0.0,0.0,4.0,400.0,0.7741680875094122,0.5611646959685037,0
9206,1.0,1.0,1.0,0.0,0.0,0.0,13.0,2.0,0.36215059342369804,1.0,4.0,0.0,5.0,3.0,0.0,0.0,4.0,400.0,-0.5686805767853373,0.6021396469418442,0
13511,1.0,1.0,0.0,0.0,0.0,0.0,9.0,1.0,0.2649977300732862,2.0,4.0,1.0,4.0,0.0,0.0,0.0,1.0,400.0,-0.4896894788856461,0.5611646959685037,0
3536,1.0,1.0,1.0,0.0,0.0,0.0,18.0,1.0,0.3234321291912575,4.0,4.0,2.0,7.0,3.0,0.0,0.0,1.0,400.0,1.0111413812084857,0.5611646959685037,0
8539,1.0,1.0,0.0,0.0,0.0,0.0,9.0,1.0,0.36215059342369804,1.0,4.0,0.0,6.0,0.0,0.0,0.0,1.0,400.0,-0.015742891487499255,0.5611646959685037,0
4014,1.0,1.0,1.0,0.0,0.0,0.0,13.0,1.0,0.3234321291912575,5.0,4.0,3.0,6.0,2.0,0.0,0.0,3.0,400.0,-0.33170728308626385,0.6021396469418442,0
5212,1.0,1.0,1.0,0.0,0.0,0.0,2.0,2.0,0.36215059342369804,1.0,4.0,1.0,4.0,2.0,0.0,0.0,3.0,400.0,-1.0426271641834841,0.6021396469418442,0
13472,1.0,1.0,1.0,0.0,0.0,0.0,2.0,1.0,0.3234321291912575,2.0,4.0,0.0,7.0,0.0,0.0,0.0,2.0,400.0,1.0111413812084857,0.6021396469418442,0
12321,1.0,0.0,0.0,0.0,0.0,0.0,2.0,1.0,0.3234321291912575,1.0,4.0,3.0,6.0,0.0,0.0,0.0,4.0,400.0,-0.33170728308626385,-1.8563574114585832,0
4171,1.0,1.0,1.0,0.0,0.0,0.0,17.0,1.0,0.2649977300732862,5.0,4.0,2.0,5.0,0.0,0.0,0.0,2.0,400.0,-0.2527161851865727,0.6021396469418442,1
9464,1.0,1.0,0.0,0.0,0.0,0.0,6.0,2.0,0.2649977300732862,1.0,4.0,1.0,5.0,1.0,0.0,0.0,4.0,400.0,-1.0426271641834841,0.5611646959685037,0
8972,0.0,1.0,0.0,0.0,0.0,0.0,17.0,2.0,0.36215059342369804,2.0,4.0,3.0,5.0,0.0,0.0,0.0,4.0,400.0,-1.1216182620831754,0.6021396469418442,0
14535,1.0,1.0,1.0,1.0,0.0,0.0,5.0,2.0,0.3234321291912575,3.0,4.0,2.0,7.0,3.0,0.0,0.0,3.0,400.0,-0.2527161851865727,0.5611646959685037,0
1931,1.0,1.0,0.0,0.0,0.0,0.0,5.0,1.0,0.3234321291912575,3.0,4.0,2.0,6.0,0.0,4.0,1.0,4.0,400.0,-0.410698380985955,0.5611646959685037,0
12769,1.0,1.0,0.0,0.0,0.0,0.0,9.0,1.0,0.2649977300732862,1.0,4.0,0.0,6.0,1.0,0.0,0.0,3.0,400.0,0.37921259801095647,0.5611646959685037,0
926,1.0,0.0,0.0,0.0,0.0,0.0,2.0,1.0,0.3234321291912575,1.0,4.0,2.0,4.0,0.0,0.0,0.0,1.0,400.0,-0.8056538704844107,0.5611646959685037,0
1460,1.0,1.0,1.0,0.0,0.0,0.0,6.0,1.0,0.2649977300732862,0.0,4.0,2.0,4.0,1.0,0.0,0.0,1.0,400.0,-0.6476716746850284,0.6840895488885251,0
1266,1.0,1.0,0.0,0.0,0.0,0.0,17.0,2.0,0.36215059342369804,1.0,4.0,0.0,3.0,0.0,0.0,0.0,4.0,400.0,-1.2796004578825577,0.6021396469418442,0
8501,1.0,0.0,1.0,0.0,0.0,0.0,2.0,2.0,0.3234321291912575,1.0,4.0,1.0,6.0,0.0,0.0,0.0,1.0,400.0,-0.09473398938719041,0.5611646959685037,0
8948,1.0,1.0,0.0,0.0,0.0,0.0,6.0,1.0,0.36215059342369804,2.0,4.0,2.0,6.0,2.0,0.0,0.0,4.0,400.0,-0.33170728308626385,-1.8153824604852427,0
2976,1.0,0.0,1.0,0.0,0.0,0.0,17.0,2.0,0.36215059342369804,1.0,3.0,2.0,4.0,1.0,0.0,0.0,4.0,400.0,-0.6476716746850284,0.6021396469418442,0
11565,1.0,1.0,1.0,0.0,0.0,0.0,6.0,1.0,0.3234321291912575,5.0,4.0,3.0,6.0,3.0,0.0,0.0,2.0,400.0,-0.33170728308626385,0.5611646959685037,0
10246,1.0,1.0,1.0,0.0,0.0,0.0,9.0,1.0,0.36215059342369804,1.0,4.0,1.0,4.0,2.0,0.0,0.0,1.0,400.0,-0.8846449683841019,0.5611646959685037,0
5357,1.0,1.0,0.0,0.0,0.0,0.0,0.0,1.0,0.36215059342369804,3.0,4.0,0.0,7.0,0.0,0.0,0.0,1.0,400.0,0.6161858917100299,-1.8563574114585832,0
6803,1.0,1.0,1.0,0.0,0.0,0.0,9.0,2.0,0.3234321291912575,1.0,4.0,2.0,5.0,0.0,4.0,1.0,1.0,400.0,-1.0426271641834841,-1.7744075095119023,0
1086,1.0,1.0,1.0,0.0,0.0,0.0,13.0,1.0,0.36215059342369804,1.0,4.0,3.0,6.0,3.0,0.0,0.0,3.0,400.0,-0.7266627725847196,0.5611646959685037,0
11872,1.0,1.0,1.0,0.0,0.0,0.0,2.0,1.0,0.3234321291912575,2.0,4.0,3.0,6.0,1.0,0.0,0.0,2.0,700.0,-0.33170728308626385,0.5611646959685037,0
4045,0.0,0.0,0.0,0.0,0.0,0.0,13.0,1.0,0.36215059342369804,0.0,4.0,2.0,6.0,1.0,0.0,0.0,4.0,400.0,-0.7266627725847196,-1.7334325585385617,0
11139,1.0,1.0,1.0,0.0,0.0,0.0,17.0,1.0,0.3234321291912575,1.0,4.0,2.0,6.0,0.0,0.0,0.0,4.0,400.0,1.0901324791081768,0.5611646959685037,0
6054,1.0,1.0,1.0,0.0,0.0,0.0,5.0,1.0,0.3234321291912575,5.0,4.0,3.0,7.0,3.0,0.0,0.0,2.0,400.0,1.722061262305706,0.5611646959685037,0
1135,1.0,1.0,1.0,0.0,0.0,0.0,13.0,1.0,0.2649977300732862,2.0,4.0,2.0,6.0,2.0,0.0,0.0,2.0,400.0,-0.4896894788856461,0.6021396469418442,0
2445,1.0,0.0,1.0,0.0,0.0,0.0,6.0,1.0,0.36215059342369804,2.0,4.0,0.0,6.0,2.0,0.0,0.0,1.0,400.0,0.2212304022115742,0.5611646959685037,0
6971,1.0,1.0,0.0,0.0,0.0,0.0,6.0,1.0,0.36215059342369804,2.0,4.0,2.0,7.0,0.0,4.0,1.0,2.0,400.0,0.9321502833087946,-1.6105077056185404,0
14173,1.0,1.0,1.0,1.0,0.0,0.0,13.0,1.0,0.2649977300732862,1.0,4.0,2.0,7.0,3.0,0.0,0.0,3.0,400.0,2.4329811434029263,0.6021396469418442,0
4591,1.0,1.0,1.0,0.0,0.0,0.0,13.0,1.0,0.3234321291912575,1.0,4.0,2.0,6.0,3.0,0.0,2.0,1.0,400.0,-0.4896894788856461,0.5611646959685037,0
5031,1.0,1.0,1.0,0.0,0.0,0.0,2.0,1.0,0.022050716648291068,5.0,4.0,1.0,5.0,2.0,0.0,0.0,4.0,400.0,-0.7266627725847196,0.6021396469418442,0
10873,1.0,1.0,1.0,0.0,0.0,0.0,6.0,2.0,0.022569557040015564,5.0,4.0,2.0,2.0,0.0,0.0,0.0,4.0,400.0,-1.516573751581631,-1.3236830488051572,0
6233,0.0,1.0,1.0,0.0,0.0,0.0,13.0,1.0,0.36215059342369804,2.0,4.0,0.0,6.0,3.0,0.0,0.0,3.0,400.0,0.14223930431188306,0.5611646959685037,0
14718,1.0,1.0,1.0,0.0,0.0,0.0,13.0,1.0,0.022050716648291068,5.0,4.0,2.0,6.0,1.0,0.0,2.0,3.0,400.0,-0.9636360662837931,0.5611646959685037,0
1117,1.0,1.0,0.0,0.0,0.0,0.0,6.0,1.0,0.2649977300732862,1.0,4.0,2.0,7.0,3.0,0.0,0.0,3.0,400.0,1.9590345560047795,0.6021396469418442,0
8088,1.0,1.0,1.0,0.0,0.0,0.0,16.0,1.0,0.2649977300732862,1.0,4.0,1.0,6.0,0.0,0.0,0.0,4.0,400.0,-0.2527161851865727,0.6021396469418442,0
7857,1.0,1.0,1.0,0.0,0.0,0.0,5.0,1.0,0.3234321291912575,5.0,4.0,0.0,6.0,3.0,0.0,0.0,1.0,400.0,-0.6476716746850284,0.5611646959685037,0
12029,1.0,1.0,1.0,0.0,0.0,0.0,6.0,2.0,0.3234321291912575,5.0,4.0,3.0,0.0,0.0,0.0,0.0,2.0,400.0,-1.9115292410800868,0.5611646959685037,0
4539,0.0,1.0,1.0,1.0,0.0,0.0,17.0,2.0,0.36215059342369804,1.0,4.0,2.0,6.0,3.0,0.0,0.0,3.0,400.0,-0.4896894788856461,0.6021396469418442,0
7076,0.0,1.0,0.0,0.0,0.0,0.0,17.0,1.0,0.2649977300732862,1.0,4.0,2.0,6.0,3.0,4.0,1.0,2.0,400.0,-0.9636360662837931,-1.7744075095119023,0
3882,1.0,1.0,1.0,0.0,0.0,0.0,13.0,1.0,0.2649977300732862,0.0,4.0,0.0,7.0,0.0,0.0,0.0,3.0,400.0,1.4850879686066325,0.5611646959685037,0
12301,1.0,1.0,1.0,0.0,0.0,0.0,6.0,1.0,0.36215059342369804,1.0,4.0,2.0,6.0,3.0,0.0,0.0,2.0,400.0,1.169123577007868,-1.8563574114585832,0
4095,1.0,1.0,1.0,0.0,0.0,0.0,6.0,1.0,0.022569557040015564,5.0,4.0,0.0,5.0,0.0,0.0,0.0,2.0,400.0,-0.5686805767853373,0.6021396469418442,0
14759,1.0,1.0,1.0,0.0,0.0,0.0,17.0,1.0,0.36215059342369804,1.0,4.0,0.0,6.0,0.0,0.0,2.0,3.0,400.0,-0.4896894788856461,-1.8563574114585832,0
270,1.0,0.0,1.0,0.0,0.0,0.0,2.0,1.0,0.3234321291912575,1.0,4.0,2.0,2.0,2.0,0.0,0.0,3.0,400.0,-0.5686805767853373,0.5611646959685037,0
4612,0.0,0.0,1.0,0.0,0.0,0.0,6.0,2.0,0.36215059342369804,1.0,4.0,0.0,4.0,0.0,0.0,0.0,4.0,400.0,-0.4896894788856461,0.5611646959685037,0
51,1.0,1.0,1.0,0.0,0.0,0.0,13.0,1.0,0.3234321291912575,1.0,4.0,2.0,5.0,2.0,3.0,0.0,3.0,500.0,-1.0426271641834841,0.5611646959685037,0
7324,1.0,1.0,1.0,0.0,0.0,0.0,13.0,1.0,0.36215059342369804,1.0,4.0,1.0,5.0,0.0,0.0,0.0,1.0,400.0,-0.5686805767853373,0.5611646959685037,0
12975,1.0,1.0,1.0,0.0,0.0,0.0,13.0,1.0,0.3234321291912575,0.0,4.0,2.0,6.0,0.0,0.0,0.0,1.0,400.0,-0.7266627725847196,0.6021396469418442,0
14164,1.0,1.0,1.0,0.0,0.0,0.0,9.0,1.0,0.36215059342369804,1.0,4.0,2.0,6.0,0.0,0.0,0.0,1.0,400.0,-1.0426271641834841,-1.651482656591881,0
1525,1.0,1.0,1.0,1.0,0.0,0.0,9.0,1.0,0.3234321291912575,2.0,4.0,3.0,7.0,3.0,0.0,0.0,4.0,400.0,1.8800434581050884,-1.6924576075652213,0
3144,1.0,1.0,0.0,0.0,0.0,0.0,13.0,1.0,0.3234321291912575,5.0,4.0,2.0,5.0,3.0,0.0,0.0,4.0,400.0,1.6430701644060148,-1.8153824604852427,0
12281,1.0,1.0,1.0,0.0,0.0,0.0,2.0,1.0,0.022050716648291068,5.0,4.0,3.0,4.0,3.0,0.0,0.0,3.0,400.0,-0.7266627725847196,0.11044023526175872,0
6308,1.0,1.0,0.0,0.0,0.0,0.0,13.0,1.0,0.2649977300732862,5.0,4.0,1.0,7.0,2.0,0.0,0.0,3.0,400.0,-0.17372508728688155,0.6021396469418442,0
6459,1.0,1.0,0.0,0.0,0.0,0.0,17.0,1.0,0.3234321291912575,1.0,4.0,0.0,7.0,3.0,0.0,0.0,3.0,400.0,1.0111413812084857,0.6021396469418442,0
14448,1.0,1.0,1.0,0.0,0.0,0.0,13.0,1.0,0.3234321291912575,1.0,4.0,2.0,7.0,2.0,0.0,0.0,3.0,400.0,1.4060968707069414,0.5611646959685037,0
6565,1.0,1.0,1.0,0.0,0.0,0.0,17.0,2.0,0.3234321291912575,1.0,4.0,2.0,5.0,0.0,0.0,0.0,2.0,400.0,-0.410698380985955,0.5611646959685037,0
2956,1.0,1.0,1.0,0.0,0.0,0.0,13.0,1.0,0.2649977300732862,1.0,4.0,1.0,6.0,0.0,0.0,0.0,2.0,400.0,0.06324820641219189,0.6021396469418442,0
11408,1.0,1.0,1.0,0.0,0.0,0.0,13.0,1.0,0.36215059342369804,2.0,4.0,2.0,7.0,0.0,0.0,0.0,3.0,400.0,0.7741680875094122,0.5611646959685037,0
10867,1.0,1.0,0.0,0.0,0.0,0.0,17.0,1.0,0.2649977300732862,1.0,4.0,0.0,7.0,0.0,0.0,0.0,4.0,400.0,0.6161858917100299,0.5611646959685037,0
10016,1.0,1.0,1.0,0.0,0.0,0.0,13.0,2.0,0.3234321291912575,1.0,4.0,3.0,1.0,3.0,4.0,1.0,4.0,400.0,-1.7535470452807045,0.5611646959685037,0
14856,1.0,1.0,1.0,0.0,0.0,0.0,13.0,1.0,0.022050716648291068,3.0,4.0,0.0,6.0,0.0,0.0,0.0,4.0,400.0,-0.09473398938719041,-1.8563574114585832,0
4381,1.0,1.0,0.0,0.0,0.0,0.0,6.0,1.0,0.3234321291912575,1.0,4.0,0.0,5.0,3.0,0.0,0.0,2.0,400.0,-1.0426271641834841,0.5611646959685037,0
11303,1.0,1.0,1.0,0.0,0.0,0.0,2.0,1.0,0.3234321291912575,3.0,4.0,2.0,7.0,0.0,0.0,0.0,1.0,400.0,1.4060968707069414,0.6021396469418442,0
7835,1.0,1.0,0.0,0.0,0.0,0.0,9.0,1.0,0.36215059342369804,2.0,4.0,0.0,6.0,3.0,0.0,0.0,1.0,400.0,-0.9636360662837931,0.5611646959685037,0
13785,1.0,1.0,1.0,0.0,0.0,0.0,13.0,1.0,0.36215059342369804,1.0,4.0,1.0,5.0,0.0,0.0,0.0,3.0,400.0,0.14223930431188306,0.6021396469418442,0
11150,0.0,1.0,1.0,0.0,0.0,0.0,17.0,1.0,0.36215059342369804,1.0,4.0,0.0,7.0,0.0,4.0,1.0,3.0,400.0,1.5640790665063238,0.5611646959685037,0
7019,1.0,1.0,1.0,0.0,0.0,0.0,13.0,1.0,0.2649977300732862,1.0,4.0,1.0,7.0,0.0,0.0,0.0,1.0,400.0,1.4850879686066325,-1.7334325585385617,0
11021,1.0,1.0,1.0,0.0,0.0,0.0,2.0,1.0,0.2649977300732862,1.0,4.0,1.0,5.0,0.0,0.0,0.0,4.0,400.0,-0.7266627725847196,-1.8153824604852427,1
6087,1.0,1.0,1.0,0.0,0.0,0.0,9.0,1.0,0.2649977300732862,1.0,4.0,1.0,7.0,0.0,0.0,0.0,3.0,400.0,0.06324820641219189,0.6021396469418442,1
12172,1.0,1.0,0.0,0.0,0.0,0.0,6.0,1.0,0.2649977300732862,2.0,4.0,1.0,5.0,2.0,0.0,0.0,1.0,400.0,-0.5686805767853373,0.5611646959685037,0
4578,1.0,1.0,1.0,0.0,0.0,0.0,13.0,1.0,0.3234321291912575,1.0,4.0,2.0,6.0,0.0,0.0,0.0,3.0,400.0,-0.33170728308626385,0.6840895488885251,0
3260,1.0,1.0,1.0,0.0,0.0,0.0,17.0,1.0,0.3234321291912575,3.0,4.0,3.0,6.0,3.0,0.0,0.0,2.0,400.0,0.30022150011126536,0.6431145979151847,0
13681,1.0,1.0,0.0,0.0,0.0,0.0,6.0,2.0,0.36215059342369804,0.0,4.0,3.0,5.0,0.0,0.0,0.0,2.0,400.0,-0.6476716746850284,-1.8563574114585832,0
9887,0.0,1.0,1.0,0.0,0.0,0.0,2.0,1.0,0.022050716648291068,5.0,4.0,2.0,7.0,3.0,0.0,0.0,2.0,400.0,1.5640790665063238,0.6021396469418442,0
14340,1.0,1.0,1.0,0.0,0.0,0.0,17.0,1.0,0.36215059342369804,0.0,4.0,0.0,5.0,2.0,0.0,0.0,2.0,400.0,-0.7266627725847196,-1.8563574114585832,1
9646,0.0,1.0,1.0,0.0,0.0,0.0,13.0,1.0,0.2649977300732862,0.0,4.0,0.0,7.0,0.0,0.0,0.0,4.0,400.0,0.5371947938103387,0.6021396469418442,0
5147,1.0,1.0,1.0,1.0,0.0,0.0,17.0,1.0,0.3234321291912575,5.0,4.0,3.0,4.0,0.0,0.0,0.0,2.0,400.0,-0.5686805767853373,0.5611646959685037,0
5915,1.0,1.0,1.0,0.0,0.0,0.0,9.0,2.0,0.36215059342369804,1.0,4.0,3.0,5.0,0.0,3.0,0.0,4.0,500.0,-0.8056538704844107,0.5611646959685037,0
2957,1.0,1.0,1.0,0.0,0.0,0.0,18.0,2.0,0.3234321291912575,5.0,4.0,3.0,6.0,3.0,3.0,0.0,4.0,500.0,-0.5686805767853373,-1.8563574114585832,0
11520,1.0,1.0,1.0,0.0,0.0,0.0,13.0,1.0,0.3234321291912575,2.0,4.0,3.0,7.0,3.0,0.0,2.0,3.0,400.0,1.169123577007868,-1.651482656591881,0
3832,1.0,1.0,1.0,0.0,0.0,0.0,13.0,2.0,0.2649977300732862,1.0,4.0,1.0,7.0,2.0,0.0,0.0,1.0,400.0,2.0380256539044708,0.5611646959685037,1
11332,1.0,1.0,0.0,0.0,0.0,0.0,6.0,2.0,0.2649977300732862,1.0,4.0,0.0,4.0,3.0,0.0,0.0,2.0,400.0,-1.2796004578825577,-1.8153824604852427,0
11663,1.0,1.0,0.0,0.0,0.0,0.0,13.0,1.0,0.2649977300732862,1.0,4.0,1.0,4.0,0.0,0.0,0.0,4.0,400.0,-1.3585915557822488,0.5611646959685037,0
2279,0.0,0.0,1.0,0.0,0.0,0.0,9.0,1.0,0.36215059342369804,2.0,4.0,0.0,5.0,0.0,0.0,0.0,3.0,400.0,-0.6476716746850284,0.6021396469418442,0
10402,1.0,1.0,0.0,0.0,0.0,0.0,13.0,1.0,0.3234321291912575,1.0,4.0,3.0,4.0,0.0,0.0,0.0,3.0,400.0,-0.9636360662837931,0.5611646959685037,0
8612,1.0,1.0,1.0,0.0,0.0,0.0,6.0,1.0,0.36215059342369804,1.0,4.0,0.0,7.0,0.0,0.0,0.0,2.0,400.0,0.5371947938103387,0.6021396469418442,1
8942,1.0,1.0,1.0,0.0,0.0,0.0,9.0,2.0,0.36215059342369804,1.0,4.0,2.0,5.0,2.0,0.0,0.0,4.0,400.0,-1.0426271641834841,0.5611646959685037,0
280,1.0,1.0,1.0,0.0,0.0,0.0,6.0,2.0,0.2649977300732862,5.0,4.0,0.0,0.0,0.0,0.0,0.0,4.0,400.0,-1.8325381431803958,-1.5285578036718594,0
12282,1.0,0.0,1.0,0.0,0.0,0.0,6.0,1.0,0.2649977300732862,0.0,4.0,0.0,6.0,1.0,0.0,0.0,3.0,400.0,-0.015742891487499255,0.5611646959685037,0
4485,1.0,1.0,1.0,0.0,0.0,0.0,3.0,0.0,0.3234321291912575,4.0,4.0,2.0,6.0,0.0,0.0,0.0,2.0,400.0,0.9321502833087946,0.5611646959685037,0
13939,1.0,1.0,1.0,0.0,0.0,0.0,17.0,1.0,0.36215059342369804,2.0,4.0,3.0,7.0,3.0,0.0,2.0,3.0,400.0,1.2481146749075591,-1.6924576075652213,0
10154,1.0,1.0,1.0,0.0,0.0,0.0,13.0,2.0,0.2649977300732862,5.0,4.0,0.0,6.0,2.0,0.0,0.0,3.0,400.0,0.06324820641219189,0.6021396469418442,1
14844,1.0,1.0,1.0,0.0,0.0,0.0,6.0,1.0,0.36215059342369804,5.0,4.0,1.0,0.0,0.0,0.0,0.0,3.0,400.0,-0.9636360662837931,0.5611646959685037,0
8478,1.0,1.0,1.0,1.0,0.0,0.0,13.0,2.0,0.3234321291912575,2.0,4.0,1.0,6.0,2.0,0.0,0.0,4.0,400.0,-0.410698380985955,0.6431145979151847,0
12253,1.0,0.0,1.0,0.0,0.0,0.0,17.0,2.0,0.2649977300732862,1.0,4.0,1.0,5.0,0.0,0.0,0.0,1.0,400.0,-0.7266627725847196,-1.651482656591881,0
13339,1.0,1.0,1.0,0.0,0.0,0.0,13.0,1.0,0.2649977300732862,1.0,4.0,0.0,5.0,0.0,0.0,0.0,4.0,400.0,-0.09473398938719041,0.6021396469418442,0
4060,1.0,1.0,0.0,0.0,0.0,0.0,17.0,1.0,0.2649977300732862,1.0,4.0,0.0,7.0,2.0,0.0,0.0,4.0,700.0,-0.09473398938719041,0.5611646959685037,0
3650,1.0,0.0,1.0,0.0,0.0,0.0,17.0,2.0,0.3234321291912575,1.0,4.0,2.0,4.0,0.0,0.0,0.0,3.0,400.0,-0.410698380985955,0.5611646959685037,0
2573,1.0,1.0,0.0,0.0,0.0,0.0,13.0,1.0,0.0014268110772423634,1.0,4.0,2.0,6.0,3.0,0.0,0.0,4.0,400.0,-0.17372508728688155,-1.7744075095119023,0
9319,1.0,1.0,1.0,0.0,0.0,0.0,17.0,1.0,0.2649977300732862,1.0,4.0,0.0,5.0,0.0,0.0,0.0,4.0,400.0,-0.7266627725847196,0.5611646959685037,0
9780,1.0,1.0,0.0,0.0,0.0,0.0,13.0,1.0,0.2649977300732862,5.0,4.0,0.0,5.0,0.0,0.0,0.0,1.0,400.0,-0.5686805767853373,0.6431145979151847,0
7304,1.0,1.0,0.0,0.0,0.0,0.0,9.0,2.0,0.36215059342369804,2.0,3.0,2.0,4.0,0.0,0.0,0.0,4.0,400.0,-0.4896894788856461,0.5611646959685037,0
9934,1.0,1.0,1.0,0.0,0.0,0.0,13.0,1.0,0.36215059342369804,2.0,4.0,0.0,7.0,3.0,0.0,0.0,4.0,400.0,1.8800434581050884,0.6021396469418442,0
9026,1.0,1.0,1.0,0.0,0.0,0.0,17.0,1.0,0.2649977300732862,1.0,4.0,0.0,7.0,0.0,3.0,0.0,4.0,500.0,0.5371947938103387,0.5611646959685037,0
7692,1.0,1.0,0.0,0.0,0.0,0.0,6.0,2.0,0.2649977300732862,1.0,4.0,2.0,5.0,3.0,0.0,0.0,2.0,400.0,-0.5686805767853373,0.6431145979151847,0
1324,1.0,0.0,1.0,0.0,0.0,0.0,6.0,1.0,0.3234321291912575,1.0,4.0,3.0,6.0,1.0,0.0,0.0,2.0,400.0,0.30022150011126536,0.5611646959685037,0
11040,0.0,1.0,1.0,0.0,0.0,0.0,13.0,1.0,0.36215059342369804,1.0,4.0,1.0,7.0,2.0,0.0,0.0,2.0,400.0,-0.015742891487499255,-1.7334325585385617,0
4634,0.0,1.0,0.0,0.0,0.0,0.0,2.0,1.0,0.3234321291912575,3.0,4.0,3.0,7.0,2.0,0.0,0.0,4.0,400.0,1.2481146749075591,-1.7334325585385617,0
5214,1.0,0.0,1.0,0.0,0.0,0.0,2.0,2.0,0.3234321291912575,1.0,4.0,1.0,7.0,1.0,0.0,0.0,2.0,400.0,0.2212304022115742,0.6021396469418442,0
14475,1.0,1.0,1.0,0.0,0.0,0.0,2.0,1.0,0.2649977300732862,2.0,4.0,1.0,6.0,1.0,0.0,0.0,4.0,400.0,0.06324820641219189,0.6021396469418442,0
7273,1.0,0.0,0.0,0.0,0.0,0.0,13.0,2.0,0.3234321291912575,1.0,4.0,2.0,6.0,0.0,0.0,0.0,1.0,400.0,0.30022150011126536,0.5611646959685037,0
10300,1.0,1.0,1.0,0.0,0.0,0.0,15.0,1.0,0.3234321291912575,1.0,4.0,1.0,6.0,1.0,0.0,0.0,4.0,400.0,-0.6476716746850284,0.5611646959685037,0
10629,1.0,1.0,1.0,0.0,0.0,0.0,2.0,1.0,0.3234321291912575,5.0,4.0,2.0,6.0,3.0,0.0,0.0,4.0,400.0,-1.0426271641834841,0.6021396469418442,0
6470,1.0,1.0,1.0,0.0,0.0,0.0,6.0,2.0,0.2649977300732862,5.0,4.0,0.0,0.0,0.0,0.0,0.0,2.0,400.0,-1.9115292410800868,0.6431145979151847,0
9697,1.0,1.0,1.0,0.0,0.0,0.0,6.0,1.0,0.36215059342369804,1.0,4.0,2.0,7.0,3.0,0.0,0.0,3.0,400.0,1.0111413812084857,0.5611646959685037,0
3096,1.0,1.0,1.0,0.0,0.0,0.0,13.0,2.0,0.36215059342369804,1.0,4.0,0.0,4.0,0.0,0.0,0.0,1.0,400.0,-0.8056538704844107,-1.8153824604852427,1
5813,1.0,1.0,1.0,0.0,0.0,0.0,17.0,1.0,0.3234321291912575,1.0,4.0,2.0,7.0,0.0,3.0,0.0,3.0,500.0,2.196007849703853,0.6021396469418442,0
7478,1.0,0.0,1.0,0.0,0.0,0.0,9.0,2.0,0.36215059342369804,1.0,4.0,2.0,5.0,1.0,0.0,0.0,4.0,400.0,-1.0426271641834841,0.6021396469418442,0
12581,1.0,1.0,1.0,0.0,0.0,0.0,2.0,1.0,0.3234321291912575,2.0,4.0,3.0,6.0,0.0,0.0,0.0,4.0,400.0,0.37921259801095647,0.5611646959685037,0
8380,1.0,1.0,1.0,0.0,0.0,0.0,6.0,1.0,0.3234321291912575,1.0,4.0,2.0,6.0,0.0,0.0,0.0,2.0,400.0,-0.6476716746850284,0.5611646959685037,0
8385,1.0,1.0,0.0,0.0,0.0,0.0,17.0,2.0,0.3234321291912575,1.0,4.0,1.0,4.0,0.0,0.0,0.0,2.0,400.0,-0.6476716746850284,0.5611646959685037,0
10974,1.0,1.0,0.0,0.0,0.0,0.0,13.0,1.0,0.2649977300732862,1.0,4.0,1.0,7.0,0.0,0.0,0.0,3.0,400.0,1.169123577007868,0.5611646959685037,0
73,1.0,1.0,0.0,0.0,0.0,0.0,6.0,1.0,0.36215059342369804,1.0,4.0,1.0,7.0,3.0,0.0,0.0,2.0,400.0,0.5371947938103387,0.5611646959685037,0
2289,0.0,1.0,1.0,0.0,0.0,0.0,0.0,1.0,0.022050716648291068,5.0,1.0,2.0,7.0,0.0,0.0,0.0,4.0,400.0,1.6430701644060148,0.6021396469418442,0
12863,1.0,1.0,1.0,0.0,0.0,0.0,13.0,2.0,0.36215059342369804,1.0,4.0,1.0,5.0,0.0,0.0,0.0,1.0,400.0,-0.7266627725847196,-1.4056329507518381,1
4633,1.0,1.0,1.0,0.0,0.0,0.0,2.0,2.0,0.3234321291912575,1.0,4.0,1.0,6.0,0.0,0.0,0.0,2.0,400.0,0.6161858917100299,0.6021396469418442,0
10013,1.0,1.0,1.0,0.0,0.0,0.0,9.0,1.0,0.3234321291912575,1.0,4.0,2.0,5.0,0.0,0.0,0.0,3.0,400.0,-0.6476716746850284,0.6021396469418442,0
14435,1.0,1.0,1.0,0.0,0.0,0.0,9.0,1.0,0.36215059342369804,1.0,4.0,3.0,7.0,3.0,0.0,0.0,3.0,400.0,0.8531591854091034,0.5611646959685037,0
4042,1.0,1.0,1.0,0.0,0.0,0.0,17.0,1.0,0.2649977300732862,0.0,4.0,0.0,6.0,2.0,0.0,0.0,3.0,400.0,0.2212304022115742,0.6431145979151847,0
11379,1.0,1.0,0.0,0.0,0.0,0.0,17.0,1.0,0.2649977300732862,1.0,4.0,1.0,6.0,0.0,0.0,0.0,2.0,400.0,0.37921259801095647,0.6021396469418442,0
7676,1.0,1.0,0.0,1.0,0.0,0.0,0.0,2.0,0.2649977300732862,2.0,4.0,2.0,5.0,1.0,0.0,0.0,4.0,400.0,-1.0426271641834841,0.6431145979151847,0
7492,1.0,1.0,1.0,0.0,0.0,0.0,18.0,1.0,0.3234321291912575,4.0,4.0,2.0,7.0,0.0,0.0,0.0,2.0,400.0,0.5371947938103387,-1.8153824604852427,0
10748,0.0,0.0,1.0,0.0,0.0,0.0,17.0,1.0,0.2649977300732862,0.0,4.0,0.0,6.0,3.0,0.0,0.0,2.0,400.0,0.2212304022115742,-1.8153824604852427,0
9139,1.0,1.0,1.0,0.0,0.0,0.0,17.0,1.0,0.36215059342369804,1.0,4.0,0.0,5.0,0.0,0.0,0.0,4.0,400.0,0.6951769896097211,0.5611646959685037,1
3609,1.0,1.0,1.0,0.0,0.0,0.0,6.0,2.0,0.3234321291912575,1.0,4.0,3.0,5.0,3.0,0.0,0.0,4.0,400.0,-0.6476716746850284,0.5611646959685037,0
14493,1.0,1.0,0.0,0.0,0.0,0.0,6.0,1.0,0.3234321291912575,1.0,4.0,3.0,6.0,2.0,0.0,0.0,2.0,400.0,1.2481146749075591,-1.8563574114585832,0
669,1.0,1.0,1.0,0.0,0.0,0.0,13.0,1.0,0.36215059342369804,1.0,4.0,1.0,7.0,3.0,0.0,0.0,2.0,400.0,1.3271057728072504,-1.8563574114585832,0
4964,0.0,1.0,0.0,0.0,0.0,0.0,6.0,2.0,0.022569557040015564,5.0,4.0,0.0,5.0,1.0,0.0,0.0,3.0,400.0,-0.410698380985955,0.5611646959685037,0
5639,1.0,1.0,1.0,0.0,0.0,0.0,15.0,2.0,0.36215059342369804,2.0,4.0,0.0,4.0,0.0,0.0,0.0,2.0,400.0,-1.0426271641834841,-1.8153824604852427,0
12491,1.0,1.0,0.0,0.0,0.0,0.0,0.0,1.0,0.2649977300732862,2.0,4.0,0.0,7.0,0.0,0.0,0.0,2.0,400.0,0.9321502833087946,0.6021396469418442,0
8833,1.0,0.0,1.0,0.0,0.0,0.0,9.0,1.0,0.2649977300732862,2.0,4.0,1.0,7.0,0.0,0.0,0.0,2.0,400.0,-0.33170728308626385,0.6021396469418442,0
4511,1.0,1.0,1.0,0.0,0.0,0.0,0.0,1.0,0.3234321291912575,2.0,4.0,2.0,6.0,3.0,0.0,0.0,4.0,400.0,0.30022150011126536,0.5611646959685037,0
2944,1.0,1.0,1.0,0.0,0.0,0.0,2.0,2.0,0.36215059342369804,1.0,4.0,0.0,5.0,0.0,0.0,0.0,3.0,400.0,-0.5686805767853373,-1.6924576075652213,0
4487,1.0,1.0,1.0,0.0,0.0,0.0,9.0,1.0,0.36215059342369804,2.0,4.0,1.0,7.0,3.0,3.0,0.0,4.0,500.0,-0.2527161851865727,0.6021396469418442,0
628,1.0,1.0,1.0,0.0,0.0,0.0,13.0,1.0,0.2649977300732862,1.0,4.0,0.0,6.0,0.0,0.0,0.0,3.0,400.0,1.169123577007868,0.6021396469418442,0
5455,1.0,1.0,0.0,0.0,0.0,0.0,13.0,1.0,0.36215059342369804,1.0,4.0,2.0,6.0,3.0,0.0,0.0,3.0,700.0,0.14223930431188306,0.5611646959685037,0
12653,1.0,1.0,1.0,0.0,0.0,0.0,13.0,1.0,0.3234321291912575,2.0,4.0,0.0,7.0,3.0,0.0,0.0,3.0,400.0,-0.015742891487499255,0.6021396469418442,0
10244,1.0,0.0,0.0,1.0,0.0,0.0,2.0,1.0,0.2649977300732862,1.0,4.0,1.0,6.0,3.0,0.0,0.0,4.0,400.0,0.8531591854091034,-1.8563574114585832,0
13371,0.0,1.0,0.0,1.0,0.0,0.0,6.0,1.0,0.36215059342369804,1.0,4.0,2.0,7.0,2.0,0.0,0.0,3.0,400.0,0.5371947938103387,0.5611646959685037,0
13163,1.0,1.0,1.0,0.0,0.0,0.0,6.0,1.0,0.2649977300732862,0.0,4.0,2.0,5.0,0.0,0.0,0.0,3.0,400.0,-0.8056538704844107,0.5611646959685037,0
8025,1.0,1.0,1.0,0.0,0.0,0.0,17.0,1.0,0.3234321291912575,1.0,4.0,2.0,6.0,0.0,0.0,0.0,2.0,400.0,0.37921259801095647,0.6021396469418442,0
12380,1.0,1.0,0.0,0.0,0.0,0.0,13.0,1.0,0.3234321291912575,1.0,4.0,3.0,6.0,3.0,0.0,0.0,4.0,400.0,0.14223930431188306,-1.0778333429651146,0
7510,1.0,0.0,1.0,0.0,0.0,0.0,9.0,2.0,0.3234321291912575,1.0,4.0,1.0,6.0,2.0,0.0,0.0,3.0,400.0,-0.6476716746850284,0.5611646959685037,0
436,1.0,1.0,1.0,0.0,0.0,0.0,13.0,1.0,0.2649977300732862,2.0,4.0,2.0,6.0,2.0,0.0,0.0,4.0,400.0,0.37921259801095647,0.6021396469418442,0
8751,1.0,1.0,0.0,0.0,0.0,0.0,6.0,1.0,0.36215059342369804,1.0,4.0,1.0,5.0,1.0,0.0,0.0,3.0,400.0,-1.1216182620831754,0.5611646959685037,0
7095,1.0,1.0,1.0,0.0,0.0,0.0,17.0,2.0,0.36215059342369804,1.0,4.0,2.0,5.0,3.0,0.0,0.0,4.0,400.0,0.30022150011126536,-1.6105077056185404,0
5739,1.0,1.0,1.0,0.0,0.0,0.0,6.0,1.0,0.3234321291912575,1.0,4.0,3.0,6.0,0.0,0.0,2.0,2.0,400.0,0.06324820641219189,0.5611646959685037,0
6940,1.0,1.0,1.0,0.0,0.0,0.0,6.0,1.0,0.36215059342369804,1.0,4.0,2.0,7.0,1.0,0.0,0.0,1.0,400.0,1.6430701644060148,0.5611646959685037,0
6970,1.0,1.0,0.0,0.0,0.0,0.0,13.0,2.0,0.2649977300732862,0.0,4.0,0.0,7.0,3.0,0.0,0.0,2.0,400.0,1.3271057728072504,0.6021396469418442,0
2712,1.0,1.0,0.0,0.0,0.0,0.0,2.0,1.0,0.3234321291912575,1.0,4.0,1.0,6.0,3.0,0.0,0.0,2.0,400.0,0.6161858917100299,0.6021396469418442,0
8480,1.0,1.0,1.0,0.0,0.0,0.0,13.0,1.0,0.36215059342369804,1.0,4.0,3.0,6.0,1.0,0.0,0.0,2.0,400.0,-0.015742891487499255,0.6021396469418442,0
12617,1.0,0.0,0.0,0.0,0.0,0.0,6.0,1.0,0.36215059342369804,0.0,4.0,1.0,5.0,0.0,0.0,0.0,1.0,400.0,-0.5686805767853373,0.6021396469418442,0
7801,1.0,1.0,0.0,0.0,0.0,0.0,13.0,1.0,0.2649977300732862,1.0,4.0,0.0,7.0,0.0,0.0,0.0,4.0,400.0,1.169123577007868,0.5611646959685037,0
6227,1.0,1.0,0.0,0.0,0.0,0.0,17.0,2.0,0.2649977300732862,1.0,4.0,1.0,6.0,2.0,0.0,0.0,3.0,400.0,-0.2527161851865727,0.5611646959685037,0
427,1.0,1.0,1.0,0.0,0.0,0.0,6.0,1.0,0.3234321291912575,1.0,4.0,1.0,6.0,2.0,0.0,0.0,2.0,400.0,0.2212304022115742,0.6431145979151847,0
12797,1.0,1.0,1.0,0.0,0.0,0.0,17.0,1.0,0.3234321291912575,2.0,4.0,2.0,6.0,0.0,0.0,0.0,4.0,400.0,-0.7266627725847196,0.5611646959685037,0
6517,1.0,1.0,1.0,0.0,0.0,0.0,13.0,2.0,0.3234321291912575,1.0,4.0,3.0,7.0,3.0,0.0,0.0,2.0,400.0,1.8010523602053972,0.6431145979151847,0
8696,1.0,1.0,1.0,0.0,0.0,0.0,6.0,1.0,0.2649977300732862,0.0,4.0,0.0,7.0,1.0,0.0,0.0,4.0,400.0,3.143901024500147,-1.7334325585385617,0
7891,1.0,1.0,0.0,0.0,0.0,0.0,6.0,2.0,0.2649977300732862,1.0,4.0,1.0,7.0,0.0,0.0,0.0,4.0,400.0,0.8531591854091034,0.5611646959685037,0
12661,1.0,0.0,0.0,0.0,0.0,0.0,9.0,1.0,0.36215059342369804,2.0,4.0,2.0,5.0,2.0,0.0,0.0,2.0,400.0,-0.7266627725847196,0.6021396469418442,0
11425,1.0,1.0,1.0,0.0,0.0,0.0,6.0,1.0,0.36215059342369804,2.0,4.0,0.0,7.0,2.0,0.0,0.0,1.0,400.0,-0.17372508728688155,0.5611646959685037,0
6783,1.0,1.0,1.0,0.0,0.0,0.0,13.0,1.0,0.3234321291912575,1.0,4.0,1.0,6.0,1.0,0.0,0.0,2.0,400.0,-0.09473398938719041,0.5611646959685037,0
5009,0.0,0.0,1.0,0.0,0.0,0.0,2.0,2.0,0.3234321291912575,1.0,4.0,0.0,5.0,0.0,0.0,0.0,4.0,400.0,-0.8846449683841019,-1.8563574114585832,0
4150,1.0,1.0,1.0,0.0,0.0,1.0,13.0,1.0,0.36215059342369804,1.0,4.0,2.0,4.0,2.0,0.0,0.0,3.0,400.0,-1.2006093599828664,0.5611646959685037,0
7909,1.0,1.0,1.0,0.0,0.0,0.0,6.0,2.0,0.3234321291912575,5.0,4.0,2.0,0.0,0.0,0.0,0.0,1.0,400.0,-1.9115292410800868,0.5611646959685037,0
903,1.0,1.0,1.0,0.0,0.0,0.0,13.0,2.0,0.36215059342369804,1.0,4.0,3.0,6.0,3.0,4.0,1.0,3.0,400.0,-0.8056538704844107,0.5611646959685037,0
8609,0.0,1.0,1.0,0.0,0.0,0.0,6.0,1.0,0.3234321291912575,2.0,4.0,3.0,6.0,0.0,4.0,2.0,1.0,400.0,-0.2527161851865727,0.5611646959685037,0
1461,1.0,1.0,1.0,0.0,0.0,0.0,17.0,2.0,0.2649977300732862,1.0,4.0,0.0,5.0,0.0,0.0,0.0,1.0,400.0,-1.1216182620831754,0.6431145979151847,0
11085,1.0,1.0,1.0,0.0,0.0,0.0,0.0,1.0,0.36215059342369804,2.0,4.0,3.0,7.0,0.0,0.0,0.0,1.0,400.0,0.6951769896097211,0.6021396469418442,1
9223,1.0,1.0,0.0,0.0,0.0,0.0,5.0,2.0,0.3234321291912575,2.0,4.0,2.0,6.0,0.0,0.0,0.0,2.0,400.0,-0.8056538704844107,-1.8563574114585832,0
561,1.0,1.0,1.0,0.0,0.0,0.0,13.0,2.0,0.36215059342369804,0.0,4.0,2.0,5.0,1.0,3.0,0.0,2.0,500.0,-0.9636360662837931,-1.6924576075652213,0
4452,1.0,0.0,1.0,0.0,0.0,0.0,0.0,0.0,0.3234321291912575,2.0,4.0,2.0,6.0,3.0,0.0,0.0,1.0,400.0,0.37921259801095647,0.6021396469418442,0
6959,1.0,1.0,1.0,0.0,0.0,0.0,2.0,1.0,0.022050716648291068,5.0,4.0,0.0,4.0,0.0,0.0,0.0,4.0,400.0,0.14223930431188306,0.6021396469418442,0
14548,1.0,1.0,1.0,0.0,0.0,0.0,13.0,1.0,0.3234321291912575,1.0,4.0,0.0,7.0,3.0,0.0,0.0,1.0,400.0,0.45820369591064763,-1.8153824604852427,0
7330,1.0,1.0,1.0,0.0,0.0,0.0,17.0,1.0,0.36215059342369804,1.0,4.0,0.0,7.0,0.0,0.0,0.0,3.0,400.0,1.3271057728072504,0.5611646959685037,0
12565,1.0,1.0,1.0,0.0,0.0,0.0,9.0,2.0,0.36215059342369804,0.0,4.0,2.0,6.0,3.0,0.0,0.0,4.0,400.0,-0.8846449683841019,0.5611646959685037,0
10900,1.0,1.0,1.0,0.0,0.0,0.0,0.0,2.0,0.3234321291912575,2.0,4.0,2.0,5.0,0.0,0.0,0.0,1.0,400.0,-0.8056538704844107,-1.8563574114585832,0
14537,1.0,1.0,1.0,0.0,0.0,0.0,3.0,2.0,0.36215059342369804,1.0,4.0,0.0,3.0,2.0,0.0,0.0,2.0,400.0,-1.7535470452807045,0.6021396469418442,1
4849,1.0,1.0,1.0,0.0,0.0,0.0,9.0,2.0,0.3234321291912575,2.0,4.0,2.0,6.0,0.0,0.0,0.0,4.0,400.0,-0.5686805767853373,0.5611646959685037,0
11779,0.0,1.0,1.0,0.0,0.0,0.0,12.0,1.0,0.36215059342369804,2.0,4.0,2.0,1.0,3.0,0.0,0.0,3.0,400.0,-0.09473398938719041,0.6021396469418442,0
8806,1.0,1.0,0.0,0.0,0.0,0.0,13.0,1.0,0.2649977300732862,0.0,4.0,0.0,7.0,3.0,0.0,0.0,3.0,400.0,0.9321502833087946,0.5611646959685037,0
1906,1.0,1.0,0.0,0.0,0.0,0.0,13.0,1.0,0.2649977300732862,0.0,4.0,1.0,7.0,0.0,0.0,0.0,2.0,400.0,1.0901324791081768,0.5611646959685037,0
1167,1.0,1.0,1.0,0.0,0.0,0.0,17.0,1.0,0.2649977300732862,1.0,4.0,1.0,5.0,2.0,0.0,0.0,3.0,400.0,-0.5686805767853373,0.6021396469418442,1
2784,1.0,1.0,1.0,0.0,0.0,0.0,17.0,2.0,0.36215059342369804,1.0,4.0,2.0,5.0,3.0,0.0,0.0,2.0,400.0,-0.6476716746850284,0.6021396469418442,0
1872,1.0,1.0,1.0,0.0,0.0,0.0,5.0,1.0,0.3234321291912575,2.0,4.0,2.0,5.0,1.0,0.0,0.0,3.0,400.0,0.8531591854091034,0.5611646959685037,0
8668,1.0,1.0,1.0,0.0,0.0,0.0,6.0,2.0,0.36215059342369804,5.0,4.0,0.0,0.0,0.0,0.0,0.0,1.0,400.0,-1.8325381431803958,0.5611646959685037,0
7552,1.0,1.0,1.0,0.0,0.0,0.0,13.0,2.0,0.3234321291912575,2.0,4.0,2.0,5.0,1.0,2.0,0.0,1.0,400.0,-0.8056538704844107,-1.8563574114585832,0
13836,1.0,1.0,1.0,0.0,0.0,0.0,13.0,1.0,0.3234321291912575,2.0,4.0,2.0,6.0,3.0,0.0,0.0,2.0,400.0,-0.410698380985955,-1.8153824604852427,0
10009,1.0,1.0,1.0,0.0,0.0,0.0,9.0,1.0,0.36215059342369804,2.0,4.0,0.0,7.0,3.0,2.0,0.0,2.0,400.0,1.5640790665063238,0.5611646959685037,0
544,1.0,1.0,1.0,0.0,0.0,0.0,2.0,1.0,0.022050716648291068,5.0,4.0,1.0,7.0,3.0,0.0,0.0,3.0,400.0,0.6951769896097211,-1.6105077056185404,0
5229,1.0,1.0,1.0,0.0,0.0,0.0,13.0,1.0,0.3234321291912575,1.0,4.0,3.0,5.0,3.0,0.0,0.0,1.0,400.0,-0.8846449683841019,-1.7744075095119023,0
289,1.0,1.0,1.0,0.0,0.0,0.0,2.0,1.0,0.3234321291912575,2.0,4.0,3.0,6.0,3.0,0.0,0.0,2.0,400.0,-0.33170728308626385,0.6021396469418442,0
6924,1.0,1.0,0.0,0.0,0.0,0.0,17.0,1.0,0.2649977300732862,1.0,4.0,1.0,7.0,0.0,0.0,0.0,2.0,400.0,-0.17372508728688155,0.6021396469418442,0
7593,1.0,1.0,1.0,0.0,0.0,0.0,6.0,1.0,0.2649977300732862,1.0,4.0,0.0,7.0,0.0,0.0,0.0,1.0,400.0,0.30022150011126536,-1.7744075095119023,0
14065,1.0,0.0,1.0,0.0,0.0,0.0,13.0,1.0,0.3234321291912575,0.0,4.0,2.0,6.0,3.0,0.0,0.0,3.0,400.0,-0.33170728308626385,0.6021396469418442,0
6220,1.0,1.0,1.0,0.0,0.0,0.0,6.0,2.0,0.3234321291912575,1.0,4.0,2.0,5.0,0.0,0.0,0.0,3.0,400.0,-0.4896894788856461,0.5611646959685037,0
10190,0.0,1.0,0.0,0.0,0.0,0.0,9.0,1.0,0.36215059342369804,1.0,4.0,0.0,6.0,0.0,0.0,0.0,4.0,400.0,-0.9636360662837931,0.5611646959685037,0
14183,1.0,1.0,0.0,0.0,0.0,0.0,18.0,1.0,0.3234321291912575,3.0,4.0,2.0,7.0,3.0,0.0,0.0,4.0,400.0,0.7741680875094122,0.5611646959685037,0
3633,1.0,0.0,1.0,0.0,0.0,0.0,6.0,1.0,0.3234321291912575,1.0,4.0,1.0,3.0,1.0,0.0,0.0,2.0,400.0,-0.8056538704844107,0.5611646959685037,0
2449,1.0,1.0,1.0,0.0,0.0,1.0,6.0,1.0,0.3234321291912575,1.0,4.0,1.0,7.0,0.0,0.0,0.0,4.0,400.0,0.14223930431188306,0.5611646959685037,0
8111,1.0,1.0,1.0,0.0,0.0,0.0,13.0,2.0,0.2649977300732862,1.0,4.0,2.0,5.0,2.0,0.0,0.0,3.0,400.0,-0.9636360662837931,-1.4466079017251785,1
10237,1.0,1.0,1.0,0.0,0.0,0.0,2.0,1.0,0.3234321291912575,1.0,4.0,0.0,7.0,0.0,0.0,0.0,2.0,400.0,-0.09473398938719041,-1.7744075095119023,0
12129,1.0,1.0,1.0,0.0,0.0,0.0,9.0,2.0,0.3234321291912575,1.0,4.0,2.0,5.0,0.0,0.0,0.0,3.0,400.0,-0.8056538704844107,-1.7744075095119023,0
6591,1.0,1.0,1.0,0.0,0.0,0.0,2.0,1.0,0.2649977300732862,5.0,4.0,1.0,6.0,2.0,0.0,0.0,2.0,400.0,0.9321502833087946,0.5611646959685037,0
7515,0.0,1.0,1.0,0.0,0.0,0.0,9.0,1.0,0.36215059342369804,2.0,4.0,0.0,7.0,2.0,0.0,0.0,3.0,400.0,0.9321502833087946,0.5611646959685037,0
1513,1.0,0.0,1.0,0.0,0.0,0.0,13.0,1.0,0.36215059342369804,1.0,4.0,2.0,6.0,2.0,0.0,0.0,1.0,400.0,0.2212304022115742,0.6840895488885251,0
13876,1.0,1.0,1.0,0.0,0.0,1.0,2.0,2.0,0.3234321291912575,5.0,4.0,2.0,5.0,3.0,0.0,0.0,1.0,400.0,-1.1216182620831754,0.6840895488885251,0
5140,0.0,1.0,1.0,0.0,0.0,0.0,18.0,1.0,0.36215059342369804,5.0,4.0,1.0,7.0,3.0,0.0,0.0,1.0,400.0,0.6951769896097211,0.5611646959685037,0
12615,1.0,1.0,1.0,0.0,0.0,0.0,6.0,1.0,0.3234321291912575,2.0,4.0,3.0,6.0,0.0,0.0,0.0,2.0,400.0,0.30022150011126536,0.5611646959685037,0
7365,0.0,1.0,1.0,0.0,0.0,0.0,2.0,1.0,0.2649977300732862,5.0,4.0,0.0,5.0,0.0,0.0,0.0,2.0,400.0,1.169123577007868,-1.7744075095119023,0
2393,1.0,1.0,1.0,0.0,0.0,0.0,6.0,2.0,0.3234321291912575,1.0,4.0,2.0,5.0,1.0,4.0,1.0,3.0,400.0,-0.8846449683841019,0.5611646959685037,0
2621,1.0,1.0,0.0,0.0,0.0,0.0,1.0,1.0,0.2649977300732862,1.0,4.0,0.0,6.0,0.0,0.0,0.0,1.0,400.0,1.169123577007868,0.5611646959685037,0
2982,1.0,1.0,1.0,0.0,0.0,0.0,17.0,2.0,0.2649977300732862,1.0,4.0,1.0,4.0,0.0,0.0,0.0,3.0,400.0,-1.3585915557822488,-1.7334325585385617,0
1279,1.0,0.0,1.0,0.0,0.0,0.0,13.0,1.0,0.3234321291912575,1.0,4.0,3.0,7.0,0.0,0.0,0.0,4.0,400.0,0.30022150011126536,0.5611646959685037,0
9040,1.0,1.0,1.0,0.0,0.0,0.0,3.0,2.0,0.36215059342369804,1.0,4.0,0.0,6.0,0.0,0.0,0.0,2.0,400.0,-0.410698380985955,-1.6924576075652213,0
4021,0.0,1.0,1.0,0.0,0.0,0.0,2.0,1.0,0.022050716648291068,5.0,4.0,1.0,7.0,3.0,0.0,0.0,4.0,400.0,0.6951769896097211,0.6021396469418442,0
11311,1.0,1.0,1.0,0.0,0.0,0.0,2.0,1.0,0.2649977300732862,5.0,4.0,1.0,6.0,0.0,0.0,0.0,3.0,400.0,-0.5686805767853373,0.5611646959685037,1
3146,1.0,1.0,1.0,0.0,0.0,0.0,17.0,1.0,0.3234321291912575,2.0,4.0,1.0,6.0,0.0,0.0,0.0,1.0,400.0,-0.9636360662837931,0.5611646959685037,0
5011,1.0,1.0,1.0,0.0,0.0,0.0,17.0,2.0,0.2649977300732862,1.0,4.0,1.0,5.0,1.0,0.0,0.0,4.0,400.0,-0.33170728308626385,-1.6924576075652213,0
2599,1.0,1.0,1.0,0.0,0.0,0.0,18.0,1.0,0.2649977300732862,2.0,4.0,2.0,6.0,3.0,0.0,0.0,3.0,400.0,-0.9636360662837931,-1.8153824604852427,0
9580,0.0,0.0,1.0,0.0,0.0,0.0,9.0,2.0,0.36215059342369804,1.0,4.0,1.0,7.0,3.0,0.0,0.0,1.0,400.0,-0.33170728308626385,0.6021396469418442,0
14441,1.0,1.0,0.0,0.0,0.0,0.0,6.0,1.0,0.36215059342369804,1.0,4.0,0.0,7.0,0.0,0.0,0.0,1.0,400.0,1.169123577007868,0.5611646959685037,0
12206,1.0,1.0,0.0,0.0,0.0,0.0,9.0,1.0,0.2649977300732862,0.0,4.0,1.0,7.0,0.0,0.0,0.0,4.0,400.0,2.6699544371019996,0.5611646959685037,0
8615,1.0,1.0,1.0,0.0,0.0,0.0,13.0,1.0,0.3234321291912575,1.0,4.0,2.0,7.0,0.0,0.0,0.0,1.0,400.0,-0.17372508728688155,0.6021396469418442,0
5975,1.0,1.0,1.0,0.0,0.0,0.0,13.0,2.0,0.3234321291912575,2.0,4.0,2.0,6.0,0.0,0.0,0.0,2.0,400.0,-0.8056538704844107,0.6021396469418442,0
5409,1.0,1.0,1.0,0.0,0.0,0.0,6.0,1.0,0.3234321291912575,1.0,4.0,3.0,6.0,0.0,0.0,0.0,3.0,400.0,0.06324820641219189,0.6021396469418442,0
7441,1.0,1.0,1.0,0.0,0.0,0.0,17.0,1.0,0.3234321291912575,1.0,4.0,3.0,7.0,3.0,0.0,0.0,1.0,400.0,2.3539900455032354,-1.651482656591881,0
13921,1.0,1.0,1.0,0.0,0.0,0.0,13.0,2.0,0.36215059342369804,1.0,4.0,2.0,6.0,2.0,0.0,0.0,3.0,400.0,0.37921259801095647,0.6021396469418442,0
344,1.0,1.0,1.0,0.0,0.0,0.0,2.0,1.0,0.2649977300732862,1.0,4.0,1.0,7.0,2.0,0.0,0.0,2.0,400.0,1.5640790665063238,0.5611646959685037,0
14155,1.0,1.0,1.0,0.0,0.0,0.0,17.0,1.0,0.3234321291912575,2.0,4.0,2.0,6.0,0.0,0.0,0.0,3.0,400.0,1.0111413812084857,0.5611646959685037,0
11003,1.0,1.0,1.0,0.0,0.0,0.0,13.0,2.0,0.3234321291912575,1.0,4.0,2.0,4.0,0.0,4.0,1.0,1.0,400.0,-1.2006093599828664,0.6021396469418442,0
1870,1.0,1.0,1.0,0.0,0.0,0.0,13.0,1.0,0.3234321291912575,1.0,4.0,0.0,6.0,3.0,0.0,0.0,2.0,400.0,0.14223930431188306,0.5611646959685037,0
7060,1.0,1.0,1.0,0.0,0.0,0.0,6.0,1.0,0.3234321291912575,1.0,4.0,3.0,6.0,0.0,0.0,0.0,3.0,400.0,0.37921259801095647,0.5611646959685037,0
9457,1.0,0.0,1.0,0.0,0.0,0.0,6.0,2.0,0.3234321291912575,1.0,4.0,2.0,4.0,3.0,0.0,0.0,2.0,400.0,-0.5686805767853373,0.5611646959685037,0
7672,1.0,1.0,1.0,0.0,0.0,0.0,9.0,1.0,0.36215059342369804,2.0,4.0,1.0,6.0,0.0,0.0,0.0,4.0,400.0,-0.2527161851865727,0.6021396469418442,0
12299,1.0,0.0,1.0,0.0,0.0,0.0,0.0,1.0,0.2649977300732862,2.0,4.0,1.0,7.0,0.0,0.0,2.0,3.0,400.0,0.14223930431188306,0.6021396469418442,0
9906,1.0,1.0,0.0,0.0,0.0,0.0,6.0,1.0,0.3234321291912575,1.0,4.0,1.0,7.0,0.0,0.0,0.0,2.0,400.0,2.274998947603544,0.6021396469418442,0
10081,1.0,1.0,0.0,0.0,0.0,0.0,17.0,1.0,0.3234321291912575,1.0,4.0,0.0,6.0,1.0,0.0,0.0,4.0,400.0,-0.4896894788856461,0.6431145979151847,0
7873,1.0,0.0,1.0,0.0,0.0,0.0,17.0,1.0,0.3234321291912575,1.0,4.0,0.0,5.0,0.0,0.0,0.0,2.0,400.0,0.9321502833087946,-1.6924576075652213,0
4718,1.0,1.0,0.0,0.0,0.0,0.0,6.0,1.0,0.36215059342369804,1.0,4.0,2.0,7.0,3.0,0.0,0.0,2.0,400.0,1.3271057728072504,-1.6924576075652213,0
14732,1.0,0.0,0.0,0.0,0.0,0.0,18.0,1.0,0.3234321291912575,2.0,4.0,1.0,4.0,0.0,0.0,0.0,3.0,400.0,-0.9636360662837931,0.6021396469418442,0
13344,1.0,1.0,1.0,0.0,0.0,0.0,18.0,1.0,0.3234321291912575,2.0,4.0,2.0,5.0,0.0,0.0,0.0,3.0,400.0,-0.17372508728688155,0.6021396469418442,0
8853,1.0,1.0,1.0,0.0,0.0,0.0,13.0,1.0,0.2649977300732862,1.0,4.0,0.0,6.0,0.0,0.0,0.0,4.0,400.0,-0.17372508728688155,-1.8153824604852427,1
2940,1.0,1.0,1.0,0.0,0.0,0.0,13.0,1.0,0.3234321291912575,1.0,4.0,2.0,5.0,1.0,0.0,0.0,4.0,400.0,-0.8846449683841019,-0.01248461765826265,0
13571,0.0,1.0,1.0,0.0,0.0,0.0,0.0,1.0,0.3234321291912575,2.0,4.0,3.0,6.0,3.0,0.0,0.0,2.0,400.0,-0.015742891487499255,-1.8153824604852427,0
1185,1.0,0.0,0.0,0.0,0.0,0.0,17.0,2.0,0.2649977300732862,0.0,4.0,0.0,2.0,3.0,0.0,0.0,1.0,400.0,-1.43758265368194,0.5611646959685037,0
1313,1.0,1.0,1.0,0.0,0.0,0.0,13.0,1.0,0.3234321291912575,2.0,4.0,2.0,6.0,2.0,0.0,0.0,1.0,400.0,-0.2527161851865727,0.5611646959685037,0
6104,1.0,1.0,1.0,0.0,0.0,0.0,0.0,1.0,0.36215059342369804,2.0,4.0,2.0,6.0,0.0,0.0,0.0,4.0,400.0,-0.09473398938719041,-1.6105077056185404,1
9006,1.0,1.0,1.0,0.0,0.0,0.0,13.0,1.0,0.36215059342369804,1.0,4.0,0.0,4.0,0.0,0.0,0.0,1.0,400.0,-1.1216182620831754,0.6431145979151847,0
10448,1.0,1.0,0.0,0.0,0.0,0.0,13.0,2.0,0.2649977300732862,0.0,4.0,0.0,5.0,2.0,0.0,0.0,2.0,400.0,-0.9636360662837931,0.5611646959685037,0
11957,0.0,1.0,1.0,0.0,0.0,0.0,6.0,2.0,0.3234321291912575,5.0,4.0,1.0,0.0,0.0,0.0,0.0,2.0,400.0,-1.9115292410800868,-1.8153824604852427,0
6295,1.0,1.0,1.0,0.0,0.0,0.0,13.0,1.0,0.36215059342369804,1.0,4.0,1.0,7.0,0.0,0.0,0.0,2.0,400.0,1.8800434581050884,0.5611646959685037,0
15168,1.0,1.0,1.0,0.0,0.0,0.0,17.0,1.0,0.2649977300732862,1.0,4.0,0.0,6.0,3.0,0.0,0.0,4.0,400.0,1.0111413812084857,0.6431145979151847,0
12572,1.0,0.0,1.0,0.0,0.0,0.0,9.0,2.0,0.3234321291912575,5.0,4.0,1.0,5.0,0.0,0.0,0.0,1.0,400.0,0.6951769896097211,0.5611646959685037,0
6551,1.0,1.0,0.0,0.0,0.0,0.0,13.0,1.0,0.3234321291912575,2.0,4.0,2.0,6.0,2.0,2.0,1.0,4.0,400.0,-0.33170728308626385,-1.4056329507518381,0
6923,0.0,1.0,1.0,0.0,0.0,0.0,2.0,1.0,0.36215059342369804,1.0,4.0,0.0,6.0,2.0,0.0,0.0,1.0,400.0,-0.33170728308626385,0.5611646959685037,0
6277,1.0,1.0,1.0,0.0,0.0,0.0,0.0,1.0,0.2649977300732862,1.0,4.0,0.0,6.0,0.0,0.0,0.0,1.0,400.0,2.5119722413026175,0.6431145979151847,1
4262,1.0,1.0,1.0,0.0,0.0,0.0,2.0,2.0,0.3234321291912575,1.0,4.0,2.0,3.0,1.0,4.0,1.0,2.0,400.0,-1.2796004578825577,0.5611646959685037,0
8378,1.0,1.0,0.0,0.0,0.0,0.0,6.0,2.0,0.022569557040015564,5.0,4.0,0.0,5.0,3.0,4.0,1.0,2.0,400.0,-0.9636360662837931,0.6021396469418442,0
1795,1.0,0.0,1.0,0.0,0.0,0.0,18.0,1.0,0.36215059342369804,2.0,4.0,1.0,4.0,0.0,0.0,0.0,4.0,400.0,-0.410698380985955,0.5611646959685037,0
9346,1.0,0.0,1.0,0.0,0.0,0.0,9.0,1.0,0.2649977300732862,1.0,4.0,2.0,6.0,0.0,0.0,0.0,3.0,400.0,0.5371947938103387,-1.5285578036718594,0
3461,1.0,1.0,1.0,0.0,0.0,0.0,9.0,1.0,0.2649977300732862,2.0,4.0,2.0,6.0,0.0,0.0,0.0,4.0,400.0,-0.9636360662837931,0.5611646959685037,1
8656,1.0,1.0,1.0,0.0,0.0,0.0,18.0,1.0,0.3234321291912575,5.0,4.0,2.0,7.0,3.0,0.0,0.0,3.0,400.0,1.4850879686066325,0.5611646959685037,0
5892,1.0,1.0,1.0,0.0,0.0,0.0,2.0,1.0,0.36215059342369804,2.0,4.0,2.0,6.0,0.0,0.0,0.0,4.0,400.0,1.169123577007868,0.5611646959685037,0
10001,1.0,1.0,1.0,0.0,0.0,0.0,9.0,2.0,0.2649977300732862,2.0,4.0,2.0,4.0,1.0,0.0,0.0,1.0,400.0,-1.0426271641834841,0.6840895488885251,0
9098,1.0,1.0,1.0,0.0,0.0,0.0,6.0,1.0,0.3234321291912575,1.0,4.0,2.0,6.0,2.0,0.0,0.0,4.0,400.0,0.06324820641219189,0.5611646959685037,0
10556,1.0,1.0,0.0,0.0,0.0,0.0,13.0,1.0,0.2649977300732862,1.0,4.0,0.0,6.0,0.0,3.0,0.0,2.0,500.0,1.6430701644060148,-1.8153824604852427,0
8819,1.0,1.0,0.0,0.0,0.0,0.0,9.0,1.0,0.2649977300732862,1.0,4.0,0.0,5.0,3.0,4.0,1.0,3.0,400.0,-0.015742891487499255,0.6431145979151847,0
9307,1.0,1.0,1.0,0.0,0.0,0.0,9.0,1.0,0.2649977300732862,1.0,4.0,2.0,5.0,0.0,0.0,0.0,2.0,400.0,-0.410698380985955,0.5611646959685037,1
14324,0.0,1.0,1.0,0.0,0.0,0.0,6.0,2.0,0.36215059342369804,1.0,4.0,1.0,4.0,0.0,0.0,0.0,2.0,400.0,-1.1216182620831754,0.5611646959685037,0
5029,1.0,1.0,0.0,0.0,0.0,0.0,6.0,1.0,0.3234321291912575,5.0,4.0,3.0,4.0,2.0,0.0,0.0,3.0,400.0,-0.4896894788856461,-1.8563574114585832,0
4988,0.0,1.0,0.0,0.0,0.0,0.0,17.0,1.0,0.3234321291912575,2.0,4.0,3.0,6.0,3.0,0.0,0.0,2.0,400.0,-0.33170728308626385,0.6021396469418442,0
6391,1.0,1.0,1.0,0.0,0.0,0.0,6.0,1.0,0.3234321291912575,1.0,4.0,2.0,5.0,2.0,0.0,0.0,1.0,400.0,-0.5686805767853373,0.5611646959685037,0
682,1.0,1.0,1.0,0.0,0.0,0.0,13.0,1.0,0.36215059342369804,2.0,4.0,0.0,1.0,0.0,0.0,0.0,3.0,400.0,-1.2006093599828664,0.6431145979151847,0
7585,1.0,1.0,1.0,0.0,0.0,0.0,17.0,2.0,0.36215059342369804,0.0,4.0,2.0,5.0,3.0,0.0,0.0,4.0,400.0,-0.9636360662837931,-1.8153824604852427,0
580,1.0,1.0,0.0,0.0,0.0,0.0,13.0,1.0,0.3234321291912575,1.0,4.0,2.0,5.0,0.0,0.0,0.0,3.0,400.0,1.9590345560047795,0.5611646959685037,0
3746,1.0,1.0,1.0,0.0,0.0,0.0,6.0,1.0,0.36215059342369804,1.0,4.0,2.0,6.0,3.0,0.0,0.0,4.0,400.0,-1.1216182620831754,0.5611646959685037,0
1704,1.0,0.0,1.0,0.0,0.0,0.0,9.0,1.0,0.3234321291912575,1.0,4.0,1.0,7.0,0.0,0.0,0.0,2.0,700.0,-0.09473398938719041,0.6431145979151847,0
12311,1.0,1.0,0.0,0.0,0.0,0.0,13.0,1.0,0.2649977300732862,1.0,4.0,0.0,7.0,0.0,0.0,0.0,4.0,400.0,0.7741680875094122,0.6021396469418442,0
5962,1.0,1.0,1.0,0.0,0.0,0.0,13.0,1.0,0.36215059342369804,1.0,4.0,2.0,7.0,0.0,0.0,0.0,2.0,400.0,0.5371947938103387,-1.7334325585385617,0
762,1.0,1.0,1.0,0.0,0.0,0.0,17.0,2.0,0.3234321291912575,5.0,4.0,3.0,7.0,3.0,0.0,0.0,2.0,400.0,0.06324820641219189,0.6021396469418442,0
1562,1.0,1.0,1.0,0.0,0.0,0.0,0.0,2.0,0.2649977300732862,2.0,4.0,0.0,5.0,1.0,0.0,0.0,2.0,400.0,-0.7266627725847196,-1.5695327546452,0
653,0.0,1.0,1.0,0.0,0.0,0.0,16.0,1.0,0.3234321291912575,3.0,3.0,3.0,6.0,0.0,0.0,0.0,2.0,400.0,0.2212304022115742,-1.8563574114585832,0
812,1.0,1.0,1.0,0.0,0.0,0.0,2.0,1.0,0.36215059342369804,1.0,4.0,1.0,7.0,0.0,0.0,0.0,3.0,400.0,1.5640790665063238,-1.5285578036718594,0
8756,1.0,0.0,1.0,0.0,0.0,0.0,17.0,1.0,0.2649977300732862,1.0,4.0,2.0,7.0,2.0,4.0,1.0,3.0,400.0,0.8531591854091034,0.6021396469418442,0
1928,0.0,1.0,0.0,0.0,0.0,0.0,17.0,2.0,0.36215059342369804,1.0,4.0,1.0,5.0,0.0,0.0,0.0,4.0,400.0,-0.9636360662837931,-1.8563574114585832,0
14741,1.0,0.0,0.0,0.0,0.0,0.0,9.0,1.0,0.36215059342369804,2.0,4.0,1.0,5.0,3.0,2.0,1.0,2.0,400.0,0.30022150011126536,0.6021396469418442,0
830,1.0,1.0,1.0,0.0,0.0,0.0,2.0,1.0,0.3234321291912575,2.0,4.0,3.0,6.0,0.0,0.0,0.0,3.0,400.0,-0.09473398938719041,0.5611646959685037,1
13156,1.0,0.0,1.0,0.0,0.0,0.0,9.0,1.0,0.36215059342369804,1.0,4.0,0.0,6.0,3.0,0.0,0.0,4.0,400.0,0.30022150011126536,0.6021396469418442,0
4650,1.0,1.0,0.0,0.0,0.0,0.0,17.0,2.0,0.36215059342369804,2.0,4.0,2.0,5.0,3.0,0.0,0.0,1.0,400.0,-1.0426271641834841,0.5611646959685037,0
12537,1.0,1.0,0.0,0.0,0.0,0.0,6.0,1.0,0.2649977300732862,1.0,4.0,1.0,7.0,1.0,0.0,0.0,3.0,400.0,0.6951769896097211,-1.5695327546452,0
4997,1.0,1.0,1.0,0.0,0.0,0.0,15.0,2.0,0.3234321291912575,2.0,4.0,3.0,6.0,3.0,3.0,1.0,2.0,500.0,-0.2527161851865727,0.6021396469418442,0
7987,1.0,1.0,0.0,0.0,0.0,0.0,9.0,1.0,0.2649977300732862,1.0,4.0,1.0,6.0,0.0,0.0,0.0,4.0,400.0,-0.8056538704844107,0.5611646959685037,0
8023,1.0,1.0,1.0,0.0,0.0,0.0,17.0,1.0,0.2649977300732862,1.0,4.0,0.0,7.0,2.0,0.0,0.0,1.0,400.0,1.2481146749075591,0.5611646959685037,0
15015,1.0,1.0,0.0,0.0,0.0,0.0,9.0,2.0,0.36215059342369804,1.0,4.0,2.0,6.0,3.0,0.0,0.0,1.0,400.0,0.30022150011126536,0.5611646959685037,0
6364,0.0,0.0,0.0,0.0,0.0,0.0,13.0,2.0,0.36215059342369804,1.0,4.0,2.0,5.0,3.0,0.0,0.0,4.0,400.0,-1.0426271641834841,0.6431145979151847,0
3204,1.0,0.0,1.0,0.0,0.0,0.0,13.0,2.0,0.36215059342369804,1.0,4.0,3.0,4.0,0.0,0.0,0.0,2.0,400.0,-1.43758265368194,0.6021396469418442,0
3016,1.0,1.0,0.0,0.0,0.0,0.0,17.0,1.0,0.3234321291912575,2.0,4.0,1.0,5.0,3.0,0.0,0.0,2.0,400.0,-0.8056538704844107,0.5611646959685037,0
12502,1.0,1.0,1.0,0.0,0.0,0.0,9.0,2.0,0.36215059342369804,1.0,4.0,0.0,5.0,0.0,0.0,0.0,3.0,400.0,-0.410698380985955,0.5611646959685037,1
1551,1.0,1.0,1.0,0.0,0.0,0.0,17.0,1.0,0.36215059342369804,1.0,4.0,1.0,7.0,3.0,0.0,0.0,3.0,400.0,1.0901324791081768,-1.6105077056185404,0
7824,0.0,1.0,1.0,0.0,0.0,0.0,17.0,1.0,0.36215059342369804,1.0,4.0,0.0,4.0,1.0,0.0,0.0,4.0,400.0,-0.2527161851865727,0.6021396469418442,0
7743,1.0,1.0,1.0,0.0,0.0,0.0,2.0,2.0,0.2649977300732862,1.0,4.0,0.0,6.0,0.0,0.0,0.0,1.0,400.0,-1.0426271641834841,-1.8563574114585832,0
13588,1.0,1.0,0.0,0.0,0.0,0.0,6.0,1.0,0.2649977300732862,5.0,4.0,1.0,6.0,2.0,0.0,0.0,1.0,400.0,-0.7266627725847196,0.5611646959685037,0
8464,1.0,0.0,1.0,0.0,0.0,0.0,13.0,1.0,0.2649977300732862,0.0,4.0,1.0,5.0,3.0,0.0,0.0,3.0,400.0,-0.8056538704844107,0.5611646959685037,1
4237,1.0,1.0,1.0,0.0,0.0,0.0,13.0,1.0,0.3234321291912575,1.0,4.0,1.0,6.0,0.0,0.0,0.0,1.0,400.0,0.30022150011126536,0.5611646959685037,0
14519,0.0,0.0,0.0,0.0,0.0,0.0,3.0,2.0,0.3234321291912575,1.0,4.0,3.0,5.0,3.0,0.0,0.0,2.0,400.0,-0.6476716746850284,0.5611646959685037,0
2240,1.0,1.0,1.0,0.0,0.0,0.0,6.0,2.0,0.3234321291912575,5.0,4.0,2.0,0.0,0.0,0.0,0.0,3.0,400.0,-1.8325381431803958,0.5611646959685037,0
11130,1.0,0.0,0.0,0.0,0.0,0.0,13.0,1.0,0.2649977300732862,0.0,4.0,0.0,6.0,0.0,0.0,0.0,2.0,400.0,1.0901324791081768,0.5611646959685037,0
3630,0.0,0.0,1.0,0.0,0.0,0.0,15.0,1.0,0.36215059342369804,2.0,4.0,0.0,6.0,2.0,0.0,0.0,3.0,400.0,0.14223930431188306,0.5611646959685037,0
8,1.0,1.0,1.0,0.0,1.0,0.0,6.0,2.0,0.022569557040015564,5.0,4.0,0.0,5.0,2.0,0.0,0.0,4.0,400.0,-0.8056538704844107,0.6021396469418442,0
14236,0.0,1.0,1.0,0.0,0.0,0.0,2.0,1.0,0.3234321291912575,1.0,4.0,2.0,6.0,0.0,0.0,0.0,3.0,400.0,0.06324820641219189,0.6021396469418442,0
13684,1.0,1.0,1.0,0.0,0.0,0.0,0.0,1.0,0.2649977300732862,5.0,4.0,1.0,7.0,2.0,0.0,0.0,1.0,400.0,1.4850879686066325,0.5611646959685037,0
12203,1.0,1.0,1.0,0.0,0.0,0.0,0.0,1.0,0.3234321291912575,1.0,4.0,3.0,7.0,0.0,0.0,0.0,1.0,400.0,0.9321502833087946,0.5611646959685037,0
3336,0.0,1.0,0.0,0.0,0.0,0.0,2.0,1.0,0.2649977300732862,2.0,4.0,1.0,7.0,3.0,0.0,0.0,1.0,400.0,2.827936632901382,0.6021396469418442,0
258,1.0,1.0,1.0,0.0,0.0,0.0,9.0,1.0,0.36215059342369804,1.0,4.0,1.0,6.0,3.0,0.0,0.0,3.0,400.0,0.7741680875094122,0.5611646959685037,0
3251,1.0,1.0,0.0,0.0,0.0,0.0,13.0,1.0,0.2649977300732862,1.0,4.0,1.0,6.0,1.0,0.0,0.0,1.0,400.0,-0.8846449683841019,-1.8153824604852427,0
11794,1.0,0.0,1.0,0.0,0.0,0.0,17.0,1.0,0.3234321291912575,1.0,4.0,3.0,6.0,0.0,0.0,0.0,1.0,400.0,0.45820369591064763,-1.7744075095119023,0
521,1.0,1.0,1.0,0.0,0.0,0.0,6.0,2.0,0.3234321291912575,5.0,4.0,0.0,0.0,0.0,0.0,0.0,2.0,400.0,-1.9115292410800868,0.5611646959685037,0
7171,1.0,1.0,1.0,0.0,0.0,0.0,9.0,1.0,0.022050716648291068,5.0,4.0,2.0,6.0,3.0,0.0,0.0,4.0,400.0,0.37921259801095647,0.5611646959685037,0
14734,1.0,1.0,0.0,0.0,0.0,0.0,17.0,1.0,0.2649977300732862,0.0,4.0,1.0,7.0,1.0,0.0,0.0,4.0,400.0,2.9859188287007643,0.5611646959685037,0
2437,1.0,1.0,1.0,0.0,0.0,0.0,2.0,2.0,0.3234321291912575,2.0,4.0,1.0,5.0,0.0,0.0,0.0,4.0,400.0,0.06324820641219189,0.5611646959685037,0
3517,1.0,1.0,1.0,0.0,0.0,0.0,2.0,2.0,0.3234321291912575,2.0,4.0,2.0,5.0,3.0,0.0,0.0,3.0,400.0,-0.9636360662837931,0.5611646959685037,0
1912,1.0,0.0,1.0,0.0,0.0,0.0,13.0,2.0,0.3234321291912575,1.0,4.0,3.0,5.0,0.0,0.0,0.0,4.0,400.0,-0.410698380985955,0.5611646959685037,0
8386,1.0,1.0,1.0,0.0,0.0,0.0,9.0,1.0,0.36215059342369804,2.0,4.0,0.0,7.0,2.0,0.0,0.0,1.0,400.0,3.0649099266004556,0.5611646959685037,0
1231,1.0,1.0,1.0,0.0,0.0,0.0,9.0,1.0,0.2649977300732862,1.0,4.0,0.0,6.0,0.0,0.0,0.0,3.0,400.0,0.9321502833087946,0.6021396469418442,1
209,0.0,1.0,0.0,0.0,0.0,0.0,13.0,1.0,0.2649977300732862,0.0,4.0,0.0,5.0,0.0,0.0,0.0,2.0,400.0,-0.7266627725847196,-1.3236830488051572,0
11302,1.0,1.0,0.0,0.0,0.0,0.0,13.0,1.0,0.2649977300732862,0.0,4.0,2.0,5.0,0.0,0.0,0.0,2.0,400.0,-1.1216182620831754,0.5611646959685037,0
5559,1.0,1.0,1.0,0.0,0.0,0.0,9.0,2.0,0.36215059342369804,1.0,4.0,1.0,4.0,0.0,0.0,0.0,3.0,400.0,-1.516573751581631,0.5611646959685037,0
7671,1.0,1.0,1.0,0.0,0.0,0.0,6.0,2.0,0.3234321291912575,5.0,4.0,1.0,0.0,0.0,0.0,0.0,2.0,400.0,-1.9115292410800868,0.6021396469418442,0
9835,1.0,1.0,1.0,0.0,0.0,0.0,6.0,1.0,0.2649977300732862,1.0,2.0,0.0,7.0,0.0,0.0,0.0,4.0,400.0,0.5371947938103387,0.6021396469418442,0
10165,1.0,1.0,1.0,0.0,0.0,0.0,2.0,1.0,0.36215059342369804,2.0,4.0,3.0,6.0,1.0,0.0,0.0,3.0,400.0,-0.4896894788856461,0.5611646959685037,0
6557,1.0,1.0,1.0,0.0,0.0,0.0,9.0,2.0,0.3234321291912575,2.0,4.0,3.0,5.0,0.0,0.0,0.0,1.0,400.0,-0.8056538704844107,-1.5285578036718594,0
8423,1.0,1.0,0.0,0.0,0.0,0.0,17.0,1.0,0.36215059342369804,1.0,4.0,1.0,5.0,0.0,0.0,0.0,4.0,400.0,-0.6476716746850284,0.6021396469418442,0
1036,1.0,1.0,0.0,0.0,0.0,0.0,9.0,1.0,0.36215059342369804,1.0,4.0,1.0,4.0,1.0,0.0,0.0,1.0,400.0,0.6161858917100299,0.5611646959685037,0
10223,1.0,1.0,0.0,0.0,0.0,0.0,9.0,2.0,0.36215059342369804,5.0,4.0,1.0,7.0,3.0,0.0,0.0,1.0,400.0,1.4850879686066325,0.6021396469418442,0
11294,0.0,1.0,1.0,0.0,0.0,0.0,2.0,1.0,0.3234321291912575,1.0,4.0,2.0,4.0,0.0,0.0,0.0,1.0,400.0,-0.33170728308626385,-1.6105077056185404,0
14707,1.0,1.0,1.0,0.0,0.0,0.0,13.0,1.0,0.36215059342369804,2.0,4.0,0.0,7.0,3.0,0.0,0.0,1.0,400.0,1.9590345560047795,0.5611646959685037,0
6447,1.0,0.0,1.0,0.0,0.0,0.0,17.0,1.0,0.3234321291912575,2.0,4.0,2.0,6.0,2.0,0.0,0.0,3.0,700.0,0.06324820641219189,0.5611646959685037,0
7454,1.0,1.0,1.0,0.0,0.0,0.0,17.0,1.0,0.36215059342369804,1.0,4.0,0.0,6.0,0.0,4.0,1.0,3.0,400.0,-1.1216182620831754,0.6431145979151847,0
3157,1.0,1.0,1.0,1.0,0.0,0.0,2.0,1.0,0.2649977300732862,5.0,4.0,0.0,5.0,1.0,0.0,0.0,1.0,400.0,-0.5686805767853373,0.6021396469418442,0
13258,1.0,1.0,1.0,0.0,0.0,0.0,5.0,2.0,0.2649977300732862,4.0,4.0,1.0,6.0,1.0,0.0,0.0,1.0,400.0,-0.8846449683841019,0.6021396469418442,0
8312,1.0,1.0,0.0,0.0,0.0,0.0,13.0,1.0,0.2649977300732862,1.0,4.0,0.0,5.0,0.0,3.0,0.0,4.0,500.0,-0.410698380985955,0.6021396469418442,1
11372,1.0,1.0,0.0,0.0,0.0,0.0,6.0,1.0,0.022569557040015564,5.0,4.0,2.0,6.0,0.0,3.0,0.0,1.0,500.0,0.06324820641219189,0.6021396469418442,1
7498,1.0,1.0,1.0,0.0,0.0,0.0,2.0,1.0,0.3234321291912575,4.0,4.0,3.0,6.0,1.0,0.0,0.0,1.0,400.0,0.37921259801095647,0.6021396469418442,0
6999,0.0,1.0,0.0,0.0,0.0,0.0,13.0,1.0,0.36215059342369804,1.0,4.0,0.0,5.0,0.0,0.0,0.0,2.0,400.0,-0.6476716746850284,-0.8729585880984122,0
4499,1.0,1.0,0.0,1.0,0.0,0.0,18.0,1.0,0.2649977300732862,5.0,4.0,0.0,5.0,1.0,0.0,0.0,1.0,400.0,-1.0426271641834841,0.6431145979151847,0
14168,1.0,1.0,0.0,0.0,0.0,0.0,5.0,1.0,0.2649977300732862,0.0,4.0,0.0,6.0,0.0,0.0,0.0,4.0,400.0,1.4850879686066325,0.5611646959685037,0
1671,0.0,1.0,1.0,0.0,0.0,0.0,2.0,1.0,0.2649977300732862,2.0,4.0,1.0,6.0,3.0,0.0,0.0,2.0,400.0,0.14223930431188306,0.5611646959685037,0
13536,1.0,0.0,1.0,0.0,0.0,0.0,2.0,1.0,0.2649977300732862,1.0,4.0,0.0,7.0,1.0,0.0,0.0,4.0,400.0,0.6161858917100299,0.5611646959685037,0
5968,1.0,0.0,0.0,0.0,0.0,0.0,9.0,1.0,0.2649977300732862,1.0,4.0,0.0,2.0,0.0,0.0,0.0,1.0,400.0,-0.5686805767853373,0.6021396469418442,0
2738,0.0,0.0,1.0,0.0,0.0,0.0,0.0,1.0,0.3234321291912575,2.0,4.0,3.0,6.0,0.0,0.0,0.0,3.0,400.0,-0.17372508728688155,0.5611646959685037,0
15135,1.0,1.0,0.0,0.0,0.0,0.0,13.0,2.0,0.2649977300732862,2.0,4.0,2.0,6.0,0.0,0.0,0.0,3.0,400.0,-0.5686805767853373,0.5611646959685037,0
9211,1.0,1.0,1.0,0.0,0.0,0.0,13.0,1.0,0.36215059342369804,1.0,4.0,0.0,6.0,1.0,0.0,0.0,2.0,400.0,0.7741680875094122,0.5611646959685037,0
796,1.0,1.0,1.0,0.0,0.0,0.0,9.0,1.0,0.36215059342369804,1.0,4.0,1.0,6.0,0.0,0.0,0.0,4.0,400.0,-0.6476716746850284,0.5611646959685037,1
3162,1.0,1.0,0.0,0.0,0.0,0.0,6.0,2.0,0.3234321291912575,1.0,4.0,0.0,5.0,0.0,0.0,0.0,3.0,400.0,-0.4896894788856461,0.5611646959685037,0
2988,1.0,1.0,0.0,0.0,0.0,0.0,9.0,1.0,0.3234321291912575,1.0,4.0,2.0,6.0,0.0,0.0,0.0,1.0,400.0,-0.8056538704844107,-1.8563574114585832,0
15019,1.0,1.0,1.0,0.0,0.0,0.0,17.0,1.0,0.36215059342369804,2.0,4.0,1.0,7.0,3.0,0.0,0.0,1.0,400.0,-0.2527161851865727,0.5611646959685037,0
6588,1.0,0.0,1.0,0.0,0.0,0.0,2.0,1.0,0.36215059342369804,1.0,4.0,2.0,4.0,1.0,0.0,0.0,2.0,400.0,-0.09473398938719041,0.5611646959685037,1
15021,1.0,0.0,1.0,0.0,0.0,0.0,17.0,1.0,0.3234321291912575,1.0,4.0,2.0,5.0,0.0,0.0,0.0,4.0,400.0,-0.4896894788856461,0.6431145979151847,0
14712,0.0,1.0,1.0,0.0,0.0,0.0,17.0,1.0,0.2649977300732862,0.0,4.0,2.0,6.0,3.0,0.0,0.0,3.0,400.0,-1.1216182620831754,-1.6924576075652213,0
11261,1.0,0.0,1.0,0.0,0.0,0.0,2.0,1.0,0.2649977300732862,2.0,4.0,2.0,7.0,3.0,0.0,0.0,3.0,400.0,1.169123577007868,-1.651482656591881,0
14831,1.0,1.0,1.0,0.0,0.0,0.0,13.0,1.0,0.36215059342369804,2.0,4.0,2.0,7.0,3.0,0.0,0.0,2.0,400.0,-0.015742891487499255,0.6021396469418442,0
8038,1.0,0.0,1.0,0.0,0.0,0.0,1.0,1.0,0.3234321291912575,3.0,4.0,3.0,6.0,3.0,0.0,0.0,4.0,400.0,-0.17372508728688155,0.5611646959685037,0
677,1.0,1.0,1.0,0.0,0.0,0.0,13.0,1.0,0.2649977300732862,1.0,4.0,1.0,7.0,2.0,0.0,0.0,3.0,400.0,1.5640790665063238,-1.7744075095119023,0
8027,1.0,1.0,0.0,0.0,0.0,0.0,9.0,1.0,0.2649977300732862,1.0,4.0,1.0,6.0,0.0,0.0,0.0,4.0,400.0,-0.17372508728688155,0.6021396469418442,0
2892,1.0,0.0,0.0,1.0,0.0,0.0,6.0,2.0,0.022569557040015564,5.0,4.0,0.0,5.0,3.0,0.0,0.0,3.0,400.0,-0.6476716746850284,-1.7334325585385617,0
9566,1.0,1.0,0.0,0.0,0.0,0.0,13.0,1.0,0.36215059342369804,1.0,4.0,1.0,4.0,1.0,0.0,0.0,1.0,400.0,-0.33170728308626385,0.5611646959685037,0
11661,1.0,0.0,1.0,0.0,0.0,0.0,6.0,1.0,0.3234321291912575,2.0,4.0,2.0,6.0,0.0,0.0,0.0,1.0,400.0,-0.17372508728688155,-1.8563574114585832,0
13465,1.0,1.0,1.0,0.0,0.0,0.0,13.0,1.0,0.36215059342369804,1.0,4.0,1.0,6.0,1.0,0.0,0.0,4.0,400.0,-0.4896894788856461,0.6021396469418442,0
14513,1.0,1.0,0.0,0.0,0.0,0.0,5.0,1.0,0.36215059342369804,4.0,4.0,2.0,7.0,3.0,0.0,2.0,3.0,400.0,1.722061262305706,0.5611646959685037,0
14212,1.0,1.0,1.0,0.0,0.0,0.0,9.0,1.0,0.36215059342369804,1.0,4.0,1.0,6.0,0.0,0.0,0.0,1.0,400.0,0.06324820641219189,0.5611646959685037,0
13031,1.0,1.0,1.0,0.0,0.0,0.0,6.0,1.0,0.3234321291912575,1.0,4.0,2.0,5.0,0.0,0.0,0.0,3.0,400.0,-0.4896894788856461,0.6431145979151847,0
4177,0.0,1.0,1.0,0.0,0.0,0.0,13.0,1.0,0.3234321291912575,2.0,4.0,1.0,6.0,0.0,0.0,0.0,2.0,400.0,-0.2527161851865727,0.6021396469418442,0
470,1.0,1.0,1.0,0.0,0.0,0.0,9.0,2.0,0.3234321291912575,1.0,4.0,3.0,5.0,1.0,0.0,0.0,3.0,400.0,-0.9636360662837931,0.6431145979151847,0
4449,1.0,1.0,0.0,0.0,0.0,0.0,9.0,1.0,0.2649977300732862,1.0,4.0,1.0,6.0,2.0,0.0,0.0,3.0,400.0,-0.015742891487499255,0.5611646959685037,0
3855,1.0,1.0,1.0,0.0,0.0,0.0,6.0,2.0,0.2649977300732862,5.0,4.0,2.0,0.0,0.0,0.0,0.0,1.0,400.0,-1.9115292410800868,0.5611646959685037,1
5780,1.0,1.0,1.0,0.0,0.0,0.0,17.0,1.0,0.2649977300732862,1.0,4.0,2.0,7.0,2.0,0.0,2.0,3.0,400.0,2.1170167518041616,0.6021396469418442,0
9671,1.0,0.0,0.0,1.0,1.0,0.0,13.0,2.0,0.36215059342369804,1.0,4.0,0.0,3.0,0.0,0.0,0.0,2.0,400.0,-1.43758265368194,-1.8563574114585832,0
9448,1.0,1.0,1.0,0.0,0.0,0.0,13.0,1.0,0.3234321291912575,2.0,4.0,2.0,7.0,0.0,0.0,0.0,1.0,400.0,1.9590345560047795,0.5611646959685037,0
9816,1.0,1.0,1.0,0.0,0.0,0.0,9.0,1.0,0.36215059342369804,1.0,4.0,1.0,7.0,3.0,0.0,0.0,3.0,400.0,1.169123577007868,0.6021396469418442,0
10290,1.0,1.0,1.0,0.0,0.0,0.0,9.0,2.0,0.2649977300732862,1.0,4.0,3.0,7.0,3.0,0.0,2.0,1.0,400.0,2.196007849703853,0.5611646959685037,1
7507,1.0,1.0,1.0,0.0,0.0,0.0,13.0,1.0,0.3234321291912575,2.0,4.0,2.0,6.0,3.0,0.0,0.0,1.0,400.0,-0.410698380985955,-1.8563574114585832,0
13351,1.0,1.0,1.0,0.0,0.0,0.0,2.0,1.0,0.3234321291912575,1.0,4.0,1.0,6.0,0.0,0.0,0.0,3.0,400.0,0.6951769896097211,0.5611646959685037,0
2830,1.0,1.0,1.0,0.0,0.0,0.0,17.0,1.0,0.36215059342369804,1.0,4.0,1.0,5.0,3.0,0.0,0.0,2.0,400.0,-0.9636360662837931,0.5611646959685037,0
11825,1.0,1.0,1.0,0.0,0.0,0.0,2.0,1.0,0.3234321291912575,2.0,4.0,2.0,6.0,0.0,0.0,0.0,2.0,400.0,1.722061262305706,-1.8563574114585832,0
12386,1.0,1.0,1.0,0.0,0.0,0.0,13.0,1.0,0.36215059342369804,1.0,4.0,2.0,7.0,1.0,0.0,0.0,1.0,400.0,0.6161858917100299,0.6021396469418442,1
9630,1.0,1.0,0.0,0.0,0.0,0.0,2.0,1.0,0.36215059342369804,2.0,4.0,1.0,6.0,3.0,0.0,0.0,2.0,400.0,-1.1216182620831754,0.5611646959685037,0
730,0.0,1.0,1.0,0.0,0.0,0.0,9.0,1.0,0.36215059342369804,2.0,4.0,2.0,6.0,0.0,0.0,0.0,2.0,400.0,-0.33170728308626385,-1.8563574114585832,0
12682,0.0,1.0,1.0,0.0,0.0,0.0,6.0,1.0,0.2649977300732862,1.0,4.0,0.0,7.0,3.0,0.0,0.0,2.0,400.0,1.0111413812084857,-1.651482656591881,0
15304,0.0,1.0,1.0,0.0,0.0,0.0,13.0,1.0,0.36215059342369804,2.0,4.0,1.0,7.0,0.0,0.0,0.0,2.0,400.0,1.4060968707069414,-1.3646579997784978,0
1686,1.0,0.0,1.0,0.0,0.0,0.0,2.0,1.0,0.3234321291912575,1.0,4.0,2.0,7.0,0.0,0.0,0.0,1.0,400.0,0.6951769896097211,0.6021396469418442,0
5898,1.0,1.0,1.0,0.0,0.0,0.0,2.0,1.0,0.36215059342369804,2.0,4.0,1.0,6.0,0.0,0.0,0.0,2.0,400.0,-0.17372508728688155,0.5611646959685037,1
5882,1.0,1.0,0.0,0.0,0.0,0.0,6.0,2.0,0.2649977300732862,1.0,4.0,2.0,6.0,1.0,0.0,0.0,1.0,400.0,-0.33170728308626385,0.6021396469418442,0
2320,1.0,1.0,1.0,0.0,0.0,0.0,6.0,2.0,0.2649977300732862,5.0,4.0,0.0,0.0,0.0,0.0,0.0,1.0,400.0,-1.8325381431803958,-1.7334325585385617,0
4699,1.0,1.0,1.0,0.0,0.0,0.0,0.0,1.0,0.36215059342369804,2.0,4.0,0.0,7.0,0.0,0.0,0.0,3.0,400.0,0.6161858917100299,0.5611646959685037,0
9472,1.0,1.0,1.0,0.0,0.0,0.0,17.0,0.0,0.3234321291912575,2.0,4.0,2.0,5.0,3.0,0.0,0.0,2.0,400.0,1.4060968707069414,0.5611646959685037,0
969,1.0,1.0,0.0,0.0,0.0,0.0,13.0,1.0,0.3234321291912575,1.0,4.0,2.0,6.0,0.0,3.0,0.0,2.0,500.0,1.3271057728072504,0.6021396469418442,0
10277,1.0,1.0,0.0,0.0,0.0,0.0,13.0,2.0,0.36215059342369804,1.0,4.0,0.0,5.0,2.0,0.0,0.0,3.0,400.0,-0.7266627725847196,0.5611646959685037,0
10203,1.0,1.0,1.0,0.0,0.0,0.0,2.0,2.0,0.36215059342369804,1.0,4.0,2.0,6.0,3.0,0.0,0.0,1.0,400.0,-0.2527161851865727,0.6021396469418442,0
14797,1.0,1.0,1.0,0.0,0.0,0.0,5.0,1.0,0.36215059342369804,0.0,4.0,2.0,6.0,1.0,0.0,0.0,4.0,400.0,2.4329811434029263,0.6021396469418442,0
202,0.0,1.0,1.0,0.0,0.0,0.0,6.0,2.0,0.36215059342369804,5.0,4.0,2.0,0.0,0.0,0.0,0.0,3.0,400.0,-1.9115292410800868,-1.7744075095119023,0
6146,1.0,1.0,1.0,0.0,0.0,0.0,17.0,2.0,0.2649977300732862,0.0,4.0,0.0,7.0,0.0,0.0,0.0,4.0,400.0,2.0380256539044708,0.5611646959685037,0
8443,1.0,1.0,0.0,0.0,0.0,0.0,13.0,1.0,0.2649977300732862,2.0,4.0,0.0,4.0,0.0,0.0,0.0,4.0,400.0,-0.5686805767853373,0.6021396469418442,0
13085,1.0,1.0,0.0,0.0,0.0,0.0,6.0,1.0,0.2649977300732862,2.0,4.0,0.0,7.0,3.0,0.0,0.0,2.0,400.0,-0.2527161851865727,0.6021396469418442,0
10655,1.0,1.0,1.0,1.0,0.0,0.0,9.0,1.0,0.36215059342369804,1.0,4.0,2.0,6.0,0.0,0.0,0.0,4.0,400.0,0.14223930431188306,-1.7744075095119023,0
9438,1.0,1.0,1.0,0.0,0.0,0.0,6.0,1.0,0.2649977300732862,0.0,4.0,2.0,7.0,2.0,0.0,0.0,3.0,400.0,2.5119722413026175,0.5611646959685037,1
11863,1.0,1.0,1.0,0.0,0.0,0.0,13.0,1.0,0.36215059342369804,1.0,4.0,1.0,7.0,0.0,0.0,0.0,3.0,400.0,0.6161858917100299,-1.6924576075652213,0
7266,1.0,0.0,1.0,0.0,0.0,0.0,17.0,1.0,0.3234321291912575,1.0,4.0,1.0,6.0,0.0,0.0,0.0,4.0,400.0,0.45820369591064763,0.5611646959685037,0
14057,1.0,1.0,1.0,0.0,0.0,0.0,17.0,2.0,0.2649977300732862,1.0,4.0,2.0,5.0,0.0,0.0,0.0,4.0,400.0,-0.5686805767853373,-1.6105077056185404,0
1469,1.0,0.0,0.0,1.0,0.0,0.0,2.0,2.0,0.36215059342369804,1.0,4.0,0.0,5.0,0.0,0.0,0.0,4.0,400.0,-1.1216182620831754,0.6021396469418442,0
7631,1.0,1.0,1.0,0.0,0.0,0.0,17.0,1.0,0.2649977300732862,0.0,4.0,1.0,6.0,0.0,0.0,0.0,3.0,400.0,-0.17372508728688155,-1.487582852698519,0
880,1.0,1.0,1.0,0.0,0.0,0.0,6.0,1.0,0.2649977300732862,5.0,4.0,1.0,0.0,0.0,0.0,0.0,2.0,400.0,-0.6476716746850284,-1.7334325585385617,0
1005,1.0,1.0,1.0,0.0,0.0,0.0,13.0,1.0,0.3234321291912575,1.0,4.0,3.0,7.0,1.0,0.0,0.0,2.0,400.0,0.37921259801095647,0.6021396469418442,0
14731,1.0,1.0,1.0,0.0,0.0,0.0,13.0,2.0,0.36215059342369804,1.0,4.0,2.0,5.0,2.0,0.0,0.0,3.0,400.0,-0.8056538704844107,0.5611646959685037,0
9423,1.0,1.0,0.0,0.0,0.0,0.0,9.0,2.0,0.3234321291912575,2.0,4.0,0.0,6.0,2.0,0.0,0.0,3.0,700.0,0.14223930431188306,0.6021396469418442,0
11254,1.0,1.0,1.0,0.0,0.0,0.0,2.0,1.0,0.3234321291912575,1.0,4.0,2.0,5.0,0.0,0.0,0.0,1.0,400.0,1.4060968707069414,-1.8153824604852427,0
8635,1.0,1.0,1.0,0.0,0.0,0.0,5.0,1.0,0.2649977300732862,5.0,4.0,2.0,7.0,2.0,0.0,0.0,3.0,400.0,-0.015742891487499255,-1.8153824604852427,0
8470,1.0,1.0,1.0,0.0,0.0,0.0,17.0,1.0,0.36215059342369804,1.0,4.0,2.0,6.0,3.0,0.0,0.0,1.0,400.0,-0.17372508728688155,0.5611646959685037,0
8755,1.0,1.0,1.0,0.0,0.0,0.0,17.0,2.0,0.2649977300732862,1.0,4.0,0.0,5.0,0.0,0.0,0.0,3.0,400.0,-0.7266627725847196,0.5611646959685037,0
7865,1.0,1.0,1.0,0.0,0.0,0.0,17.0,2.0,0.36215059342369804,1.0,4.0,2.0,5.0,2.0,0.0,0.0,3.0,400.0,-1.1216182620831754,-1.6105077056185404,0
6625,1.0,1.0,1.0,0.0,0.0,0.0,2.0,1.0,0.2649977300732862,5.0,4.0,0.0,7.0,0.0,0.0,0.0,4.0,400.0,0.6161858917100299,0.5611646959685037,1
1136,1.0,1.0,1.0,0.0,0.0,0.0,9.0,2.0,0.3234321291912575,1.0,4.0,2.0,5.0,0.0,0.0,0.0,3.0,400.0,-0.6476716746850284,0.6021396469418442,0
14196,1.0,1.0,0.0,0.0,0.0,0.0,9.0,2.0,0.2649977300732862,1.0,3.0,1.0,2.0,0.0,0.0,0.0,3.0,400.0,-1.5955648494813222,0.6021396469418442,0
1396,1.0,1.0,1.0,0.0,0.0,0.0,13.0,2.0,0.36215059342369804,2.0,4.0,1.0,5.0,0.0,0.0,0.0,2.0,400.0,-0.5686805767853373,-1.6924576075652213,1
248,1.0,1.0,1.0,0.0,0.0,0.0,17.0,2.0,0.36215059342369804,1.0,4.0,1.0,6.0,0.0,0.0,0.0,2.0,700.0,-0.6476716746850284,0.5611646959685037,0
237,1.0,1.0,1.0,0.0,0.0,0.0,13.0,1.0,0.3234321291912575,1.0,4.0,1.0,5.0,2.0,0.0,0.0,1.0,400.0,-0.5686805767853373,0.5611646959685037,0
12938,0.0,1.0,1.0,0.0,0.0,0.0,6.0,1.0,0.36215059342369804,1.0,4.0,2.0,6.0,0.0,0.0,0.0,4.0,400.0,-0.4896894788856461,-0.3402842254449863,0
114,1.0,1.0,0.0,0.0,0.0,0.0,2.0,1.0,0.36215059342369804,1.0,4.0,1.0,7.0,3.0,0.0,0.0,3.0,400.0,0.7741680875094122,-1.8153824604852427,0
2252,1.0,1.0,1.0,0.0,0.0,0.0,6.0,2.0,0.2649977300732862,5.0,4.0,1.0,0.0,0.0,0.0,0.0,2.0,400.0,-1.8325381431803958,0.5611646959685037,1
11336,1.0,1.0,1.0,0.0,0.0,0.0,18.0,1.0,0.2649977300732862,1.0,4.0,0.0,7.0,0.0,0.0,0.0,4.0,400.0,0.9321502833087946,0.5611646959685037,0
1644,1.0,0.0,1.0,0.0,0.0,0.0,2.0,2.0,0.3234321291912575,1.0,4.0,3.0,4.0,3.0,0.0,0.0,4.0,400.0,-0.9636360662837931,0.5611646959685037,0
9188,1.0,1.0,1.0,0.0,0.0,0.0,5.0,1.0,0.3234321291912575,2.0,4.0,2.0,6.0,0.0,0.0,0.0,4.0,400.0,0.14223930431188306,0.5611646959685037,0
12763,1.0,0.0,1.0,0.0,0.0,0.0,9.0,2.0,0.3234321291912575,1.0,4.0,3.0,3.0,0.0,0.0,0.0,4.0,400.0,-0.8846449683841019,0.5611646959685037,0
7815,1.0,1.0,0.0,0.0,0.0,0.0,13.0,1.0,0.2649977300732862,0.0,4.0,0.0,6.0,0.0,0.0,0.0,2.0,400.0,0.9321502833087946,-1.8563574114585832,0
1076,1.0,0.0,1.0,0.0,0.0,0.0,6.0,1.0,0.3234321291912575,5.0,4.0,2.0,6.0,3.0,0.0,0.0,3.0,400.0,1.9590345560047795,-1.8563574114585832,0
11786,1.0,1.0,1.0,0.0,0.0,0.0,3.0,1.0,0.3234321291912575,2.0,4.0,2.0,5.0,0.0,0.0,0.0,1.0,400.0,-0.8056538704844107,-1.7744075095119023,0
1080,1.0,1.0,0.0,0.0,0.0,0.0,13.0,1.0,0.3234321291912575,2.0,4.0,2.0,7.0,0.0,0.0,0.0,4.0,400.0,-0.17372508728688155,0.6021396469418442,0
12445,1.0,1.0,0.0,0.0,0.0,0.0,2.0,1.0,0.2649977300732862,0.0,4.0,0.0,6.0,2.0,0.0,0.0,1.0,400.0,0.14223930431188306,0.6021396469418442,0
9748,1.0,1.0,1.0,0.0,0.0,0.0,13.0,2.0,0.2649977300732862,1.0,4.0,0.0,6.0,0.0,0.0,0.0,4.0,400.0,-0.5686805767853373,-1.7744075095119023,0
15150,1.0,1.0,1.0,0.0,0.0,0.0,17.0,1.0,0.3234321291912575,2.0,4.0,1.0,6.0,2.0,0.0,0.0,1.0,400.0,1.0111413812084857,0.5611646959685037,0
11409,1.0,0.0,1.0,0.0,0.0,0.0,13.0,1.0,0.36215059342369804,2.0,4.0,1.0,7.0,0.0,0.0,0.0,3.0,400.0,0.8531591854091034,0.6431145979151847,1
13041,1.0,1.0,1.0,1.0,0.0,0.0,17.0,2.0,0.2649977300732862,1.0,4.0,2.0,5.0,3.0,0.0,0.0,3.0,400.0,-0.4896894788856461,0.5611646959685037,0
13906,1.0,1.0,1.0,0.0,0.0,0.0,6.0,2.0,0.36215059342369804,1.0,4.0,2.0,5.0,2.0,0.0,0.0,2.0,400.0,-1.2006093599828664,-1.7744075095119023,0
5042,1.0,0.0,1.0,0.0,0.0,0.0,5.0,1.0,0.3234321291912575,3.0,4.0,2.0,5.0,3.0,0.0,2.0,2.0,400.0,0.37921259801095647,0.5611646959685037,0
7770,0.0,0.0,1.0,0.0,0.0,0.0,13.0,1.0,0.3234321291912575,0.0,4.0,0.0,6.0,0.0,0.0,0.0,4.0,400.0,1.6430701644060148,0.5611646959685037,0
6713,1.0,1.0,1.0,0.0,0.0,0.0,13.0,1.0,0.36215059342369804,1.0,4.0,2.0,7.0,3.0,0.0,0.0,4.0,400.0,0.45820369591064763,0.6021396469418442,1
9237,1.0,1.0,1.0,0.0,0.0,0.0,17.0,2.0,0.3234321291912575,5.0,4.0,0.0,1.0,0.0,0.0,0.0,3.0,400.0,-1.2796004578825577,0.6021396469418442,0
6973,1.0,0.0,0.0,0.0,0.0,0.0,5.0,1.0,0.36215059342369804,4.0,4.0,2.0,7.0,3.0,0.0,0.0,3.0,400.0,0.6161858917100299,-1.7334325585385617,0
1892,0.0,0.0,1.0,0.0,0.0,0.0,9.0,1.0,0.36215059342369804,1.0,4.0,2.0,6.0,3.0,0.0,0.0,2.0,400.0,1.169123577007868,0.5611646959685037,0
3898,1.0,1.0,1.0,0.0,0.0,0.0,9.0,1.0,0.022050716648291068,5.0,4.0,2.0,6.0,3.0,0.0,0.0,4.0,400.0,0.8531591854091034,0.5611646959685037,0
8415,1.0,1.0,1.0,0.0,0.0,0.0,17.0,1.0,0.2649977300732862,0.0,4.0,0.0,7.0,1.0,0.0,0.0,4.0,400.0,1.5640790665063238,-1.7744075095119023,0
10373,1.0,1.0,1.0,0.0,0.0,0.0,9.0,2.0,0.3234321291912575,1.0,4.0,1.0,4.0,0.0,2.0,1.0,3.0,400.0,-0.7266627725847196,-1.7744075095119023,0
10791,1.0,1.0,1.0,0.0,0.0,0.0,17.0,2.0,0.36215059342369804,1.0,4.0,1.0,4.0,2.0,0.0,0.0,4.0,400.0,-1.1216182620831754,0.5611646959685037,0
809,1.0,1.0,1.0,0.0,0.0,0.0,9.0,1.0,0.36215059342369804,2.0,4.0,1.0,6.0,0.0,0.0,0.0,4.0,400.0,-0.2527161851865727,0.5611646959685037,0
8451,1.0,1.0,0.0,0.0,0.0,0.0,17.0,2.0,0.2649977300732862,1.0,4.0,1.0,6.0,0.0,0.0,0.0,3.0,400.0,-0.8846449683841019,0.5611646959685037,0
2487,1.0,0.0,1.0,0.0,0.0,0.0,17.0,1.0,0.36215059342369804,1.0,4.0,2.0,6.0,2.0,0.0,0.0,1.0,400.0,-0.8846449683841019,0.6021396469418442,0
8861,1.0,0.0,0.0,0.0,0.0,0.0,13.0,1.0,0.36215059342369804,2.0,0.0,0.0,6.0,0.0,4.0,1.0,4.0,400.0,0.30022150011126536,0.6021396469418442,0
14074,1.0,1.0,1.0,0.0,0.0,0.0,9.0,1.0,0.36215059342369804,1.0,4.0,2.0,5.0,3.0,0.0,0.0,3.0,400.0,-1.1216182620831754,0.5611646959685037,0
3102,1.0,1.0,1.0,0.0,0.0,0.0,17.0,2.0,0.36215059342369804,1.0,4.0,2.0,6.0,2.0,0.0,0.0,1.0,400.0,-0.8846449683841019,0.6021396469418442,0
9341,0.0,1.0,1.0,0.0,0.0,0.0,17.0,1.0,0.2649977300732862,0.0,4.0,1.0,7.0,0.0,0.0,0.0,4.0,400.0,1.169123577007868,0.6021396469418442,0
15273,1.0,1.0,0.0,0.0,0.0,0.0,6.0,2.0,0.36215059342369804,5.0,4.0,3.0,0.0,0.0,0.0,0.0,2.0,400.0,-1.8325381431803958,-1.7744075095119023,0
5994,1.0,1.0,1.0,0.0,0.0,0.0,6.0,1.0,0.2649977300732862,1.0,4.0,0.0,6.0,0.0,0.0,0.0,1.0,400.0,0.5371947938103387,0.5611646959685037,0
5905,1.0,1.0,0.0,0.0,0.0,0.0,13.0,2.0,0.3234321291912575,1.0,4.0,2.0,5.0,2.0,0.0,0.0,2.0,400.0,-1.0426271641834841,0.6021396469418442,0
12347,1.0,1.0,1.0,0.0,0.0,0.0,0.0,1.0,0.2649977300732862,1.0,4.0,0.0,6.0,2.0,4.0,1.0,1.0,400.0,0.30022150011126536,0.6431145979151847,0
12476,1.0,1.0,1.0,0.0,0.0,0.0,2.0,1.0,0.36215059342369804,2.0,4.0,2.0,7.0,0.0,0.0,0.0,3.0,400.0,0.9321502833087946,0.6021396469418442,0
602,1.0,1.0,0.0,0.0,0.0,0.0,13.0,1.0,0.2649977300732862,2.0,4.0,2.0,7.0,1.0,0.0,0.0,2.0,400.0,0.45820369591064763,0.6021396469418442,0
3867,1.0,1.0,1.0,0.0,0.0,0.0,18.0,1.0,0.3234321291912575,5.0,4.0,2.0,5.0,2.0,0.0,0.0,4.0,400.0,-0.410698380985955,-1.8153824604852427,0
7236,1.0,1.0,1.0,0.0,0.0,0.0,9.0,1.0,0.3234321291912575,2.0,4.0,3.0,7.0,0.0,0.0,0.0,2.0,400.0,1.169123577007868,0.6021396469418442,0
12367,1.0,1.0,1.0,0.0,0.0,0.0,6.0,1.0,0.36215059342369804,2.0,4.0,2.0,5.0,3.0,0.0,0.0,2.0,400.0,-0.7266627725847196,0.5611646959685037,0
2488,1.0,1.0,1.0,0.0,0.0,0.0,6.0,1.0,0.3234321291912575,1.0,4.0,3.0,6.0,3.0,0.0,0.0,3.0,400.0,0.8531591854091034,0.5611646959685037,0
1816,1.0,1.0,1.0,0.0,0.0,0.0,13.0,1.0,0.36215059342369804,5.0,4.0,0.0,7.0,3.0,0.0,0.0,4.0,400.0,1.5640790665063238,0.6021396469418442,0
6753,1.0,1.0,1.0,0.0,0.0,0.0,17.0,2.0,0.3234321291912575,1.0,4.0,3.0,5.0,1.0,0.0,0.0,4.0,400.0,-0.9636360662837931,0.5611646959685037,0
8998,1.0,0.0,0.0,0.0,0.0,0.0,9.0,1.0,0.36215059342369804,1.0,4.0,0.0,6.0,0.0,0.0,0.0,2.0,400.0,-0.9636360662837931,0.5611646959685037,0
62,1.0,1.0,0.0,0.0,0.0,0.0,6.0,2.0,0.2649977300732862,5.0,4.0,2.0,0.0,0.0,0.0,0.0,2.0,400.0,-1.8325381431803958,-1.5285578036718594,0
9146,1.0,0.0,0.0,0.0,0.0,0.0,17.0,2.0,0.3234321291912575,0.0,4.0,0.0,3.0,0.0,0.0,0.0,2.0,400.0,-1.2796004578825577,0.6021396469418442,0
14803,1.0,1.0,1.0,0.0,0.0,0.0,9.0,1.0,0.3234321291912575,2.0,4.0,1.0,6.0,0.0,0.0,0.0,3.0,400.0,-0.09473398938719041,0.5611646959685037,0
12575,1.0,0.0,1.0,0.0,0.0,0.0,17.0,2.0,0.3234321291912575,1.0,4.0,2.0,6.0,0.0,0.0,0.0,4.0,400.0,-0.8846449683841019,0.5611646959685037,0
13268,1.0,1.0,0.0,0.0,0.0,0.0,17.0,1.0,0.2649977300732862,1.0,4.0,0.0,7.0,3.0,0.0,0.0,4.0,400.0,0.9321502833087946,0.6431145979151847,0
10985,1.0,0.0,0.0,0.0,0.0,0.0,17.0,2.0,0.2649977300732862,1.0,4.0,1.0,6.0,3.0,0.0,0.0,4.0,400.0,0.45820369591064763,-1.8563574114585832,0
2943,1.0,1.0,1.0,0.0,0.0,0.0,17.0,2.0,0.3234321291912575,1.0,4.0,1.0,5.0,2.0,0.0,0.0,4.0,400.0,-0.9636360662837931,0.5611646959685037,0
3202,1.0,1.0,1.0,0.0,0.0,0.0,2.0,1.0,0.2649977300732862,2.0,4.0,1.0,7.0,1.0,0.0,0.0,1.0,400.0,0.45820369591064763,-1.8153824604852427,0
4218,1.0,1.0,0.0,0.0,0.0,0.0,13.0,1.0,0.2649977300732862,2.0,4.0,0.0,7.0,1.0,0.0,0.0,2.0,400.0,2.3539900455032354,0.5611646959685037,0
7065,1.0,1.0,1.0,0.0,0.0,0.0,9.0,1.0,0.36215059342369804,1.0,4.0,1.0,7.0,1.0,0.0,0.0,4.0,400.0,1.3271057728072504,0.5611646959685037,0
11369,1.0,1.0,0.0,0.0,0.0,0.0,9.0,1.0,0.36215059342369804,1.0,4.0,1.0,6.0,0.0,0.0,0.0,2.0,400.0,0.9321502833087946,-1.8563574114585832,0
15123,1.0,0.0,1.0,0.0,0.0,0.0,6.0,1.0,0.3234321291912575,1.0,4.0,2.0,6.0,2.0,0.0,0.0,1.0,400.0,0.5371947938103387,0.5611646959685037,0
4646,1.0,1.0,1.0,0.0,0.0,0.0,2.0,1.0,0.3234321291912575,2.0,4.0,3.0,7.0,0.0,0.0,0.0,4.0,400.0,1.4850879686066325,0.5611646959685037,0
6355,1.0,1.0,1.0,0.0,0.0,0.0,5.0,1.0,0.3234321291912575,2.0,4.0,1.0,6.0,0.0,0.0,0.0,1.0,400.0,0.14223930431188306,0.5611646959685037,0
12032,1.0,1.0,1.0,0.0,0.0,0.0,17.0,1.0,0.3234321291912575,1.0,4.0,2.0,6.0,1.0,4.0,1.0,4.0,400.0,0.7741680875094122,0.5611646959685037,0
10084,1.0,1.0,1.0,0.0,0.0,0.0,9.0,1.0,0.3234321291912575,2.0,4.0,0.0,6.0,2.0,0.0,0.0,1.0,400.0,-0.17372508728688155,0.5611646959685037,0
10596,1.0,1.0,1.0,0.0,0.0,0.0,9.0,1.0,0.2649977300732862,5.0,4.0,2.0,7.0,3.0,0.0,0.0,2.0,400.0,1.9590345560047795,0.5611646959685037,0
14697,1.0,1.0,1.0,0.0,0.0,0.0,2.0,1.0,0.2649977300732862,2.0,4.0,1.0,7.0,1.0,0.0,0.0,1.0,400.0,0.6951769896097211,0.6431145979151847,0
5120,1.0,1.0,1.0,0.0,0.0,0.0,18.0,1.0,0.2649977300732862,1.0,4.0,1.0,6.0,1.0,0.0,0.0,1.0,400.0,2.274998947603544,-1.7334325585385617,0
12550,1.0,1.0,1.0,1.0,0.0,0.0,13.0,1.0,0.36215059342369804,1.0,4.0,0.0,6.0,1.0,0.0,0.0,1.0,400.0,-0.6476716746850284,-1.651482656591881,0
6190,1.0,1.0,1.0,0.0,0.0,0.0,13.0,1.0,0.36215059342369804,1.0,4.0,2.0,6.0,2.0,0.0,2.0,1.0,400.0,2.274998947603544,0.5611646959685037,0
788,1.0,1.0,1.0,0.0,0.0,0.0,13.0,1.0,0.2649977300732862,2.0,4.0,3.0,7.0,0.0,0.0,0.0,3.0,400.0,0.6951769896097211,-1.6924576075652213,0
2885,1.0,0.0,1.0,0.0,0.0,0.0,17.0,1.0,0.3234321291912575,1.0,4.0,3.0,6.0,0.0,0.0,0.0,1.0,400.0,0.9321502833087946,-1.8563574114585832,0
13106,1.0,0.0,1.0,0.0,0.0,0.0,13.0,1.0,0.3234321291912575,1.0,4.0,2.0,6.0,1.0,3.0,0.0,4.0,500.0,-0.09473398938719041,0.5611646959685037,0
13471,1.0,1.0,1.0,1.0,0.0,0.0,3.0,1.0,0.3234321291912575,2.0,4.0,0.0,7.0,2.0,0.0,0.0,2.0,400.0,-0.09473398938719041,-1.8153824604852427,0
13733,1.0,1.0,1.0,0.0,0.0,0.0,17.0,1.0,0.3234321291912575,2.0,4.0,1.0,6.0,3.0,4.0,1.0,1.0,400.0,-0.015742891487499255,0.5611646959685037,0
7016,1.0,1.0,1.0,0.0,0.0,0.0,9.0,2.0,0.3234321291912575,2.0,4.0,2.0,7.0,0.0,0.0,0.0,4.0,400.0,0.30022150011126536,-1.6924576075652213,0
13434,1.0,1.0,1.0,0.0,0.0,0.0,16.0,1.0,0.36215059342369804,2.0,4.0,0.0,6.0,2.0,0.0,0.0,2.0,400.0,-0.17372508728688155,-1.8563574114585832,0
5017,1.0,1.0,1.0,0.0,0.0,0.0,6.0,1.0,0.022569557040015564,5.0,4.0,0.0,6.0,0.0,0.0,0.0,1.0,400.0,0.45820369591064763,-1.2827080978318168,1
3621,0.0,1.0,1.0,0.0,0.0,0.0,9.0,1.0,0.2649977300732862,1.0,4.0,1.0,7.0,0.0,0.0,0.0,1.0,400.0,0.7741680875094122,0.5611646959685037,0
7734,0.0,1.0,1.0,0.0,0.0,0.0,17.0,2.0,0.3234321291912575,1.0,4.0,1.0,6.0,3.0,2.0,0.0,1.0,400.0,-0.8056538704844107,0.5611646959685037,0
779,1.0,1.0,1.0,0.0,0.0,0.0,17.0,1.0,0.36215059342369804,1.0,4.0,1.0,6.0,2.0,0.0,2.0,4.0,400.0,-0.6476716746850284,0.5611646959685037,0
2013,1.0,0.0,1.0,0.0,0.0,0.0,6.0,1.0,0.3234321291912575,1.0,4.0,3.0,3.0,1.0,0.0,0.0,3.0,400.0,-1.1216182620831754,0.6021396469418442,0
4827,1.0,1.0,1.0,0.0,0.0,0.0,6.0,1.0,0.36215059342369804,5.0,4.0,0.0,7.0,1.0,0.0,0.0,4.0,400.0,1.5640790665063238,0.6021396469418442,0
10806,1.0,0.0,0.0,0.0,0.0,1.0,13.0,1.0,0.36215059342369804,1.0,4.0,2.0,5.0,3.0,0.0,0.0,4.0,400.0,-0.5686805767853373,-1.6105077056185404,0
5989,0.0,1.0,1.0,0.0,0.0,0.0,13.0,1.0,0.36215059342369804,1.0,4.0,0.0,6.0,3.0,0.0,0.0,2.0,400.0,-0.2527161851865727,0.5611646959685037,0
8737,1.0,1.0,1.0,0.0,0.0,0.0,5.0,1.0,0.36215059342369804,5.0,4.0,1.0,7.0,3.0,0.0,0.0,3.0,400.0,1.4850879686066325,0.6021396469418442,0
15262,1.0,1.0,1.0,1.0,0.0,0.0,13.0,2.0,0.2649977300732862,1.0,4.0,1.0,6.0,3.0,0.0,0.0,4.0,400.0,-0.5686805767853373,0.6431145979151847,0
13070,1.0,1.0,1.0,0.0,0.0,0.0,13.0,1.0,0.3234321291912575,1.0,4.0,3.0,7.0,0.0,0.0,0.0,3.0,400.0,0.6161858917100299,0.6431145979151847,0
14936,1.0,1.0,1.0,0.0,0.0,0.0,17.0,1.0,0.2649977300732862,5.0,4.0,2.0,7.0,0.0,0.0,0.0,2.0,400.0,-0.09473398938719041,0.5611646959685037,0
11577,1.0,1.0,1.0,1.0,0.0,0.0,17.0,1.0,0.2649977300732862,1.0,4.0,1.0,7.0,1.0,0.0,0.0,3.0,400.0,0.9321502833087946,0.5611646959685037,0
1183,0.0,1.0,1.0,0.0,0.0,0.0,13.0,1.0,0.3234321291912575,2.0,4.0,2.0,6.0,2.0,2.0,0.0,4.0,400.0,-1.0426271641834841,0.6021396469418442,0
4147,1.0,1.0,1.0,0.0,0.0,0.0,13.0,1.0,0.36215059342369804,1.0,4.0,1.0,7.0,0.0,0.0,0.0,4.0,400.0,0.9321502833087946,0.5611646959685037,0
11431,1.0,1.0,1.0,0.0,0.0,0.0,13.0,1.0,0.2649977300732862,2.0,4.0,2.0,5.0,3.0,0.0,0.0,1.0,400.0,-0.4896894788856461,0.5611646959685037,0
10447,0.0,1.0,0.0,0.0,0.0,0.0,13.0,1.0,0.3234321291912575,1.0,4.0,1.0,7.0,3.0,0.0,0.0,1.0,400.0,2.5119722413026175,0.5611646959685037,0
8765,1.0,1.0,1.0,0.0,0.0,0.0,6.0,2.0,0.3234321291912575,1.0,4.0,3.0,6.0,0.0,0.0,0.0,1.0,400.0,-0.4896894788856461,0.5611646959685037,0
11293,1.0,1.0,0.0,0.0,0.0,0.0,9.0,2.0,0.2649977300732862,1.0,4.0,1.0,3.0,0.0,0.0,0.0,2.0,400.0,-1.43758265368194,0.6431145979151847,0
13239,1.0,1.0,1.0,0.0,0.0,0.0,6.0,1.0,0.36215059342369804,1.0,4.0,2.0,5.0,1.0,0.0,0.0,3.0,400.0,-1.1216182620831754,-1.4466079017251785,0
14550,1.0,1.0,1.0,0.0,0.0,0.0,17.0,1.0,0.3234321291912575,5.0,4.0,3.0,6.0,3.0,0.0,0.0,3.0,400.0,-0.4896894788856461,-1.7334325585385617,0
13349,1.0,1.0,1.0,0.0,0.0,0.0,17.0,1.0,0.36215059342369804,0.0,4.0,0.0,7.0,0.0,0.0,0.0,3.0,400.0,0.37921259801095647,0.6021396469418442,1
4107,1.0,1.0,0.0,0.0,0.0,0.0,9.0,2.0,0.022569557040015564,5.0,4.0,2.0,2.0,0.0,0.0,0.0,1.0,400.0,-1.43758265368194,0.5611646959685037,0
1614,1.0,1.0,1.0,0.0,0.0,0.0,18.0,1.0,0.3234321291912575,2.0,4.0,2.0,7.0,0.0,0.0,0.0,2.0,400.0,0.7741680875094122,-1.651482656591881,0
9745,1.0,1.0,1.0,0.0,0.0,0.0,9.0,1.0,0.3234321291912575,2.0,4.0,0.0,6.0,3.0,0.0,0.0,1.0,400.0,-0.8846449683841019,-1.7334325585385617,0
3846,0.0,1.0,1.0,0.0,0.0,0.0,9.0,2.0,0.3234321291912575,2.0,4.0,2.0,5.0,3.0,0.0,0.0,1.0,400.0,-0.8056538704844107,0.5611646959685037,0
4384,1.0,0.0,1.0,0.0,0.0,0.0,9.0,2.0,0.2649977300732862,1.0,4.0,1.0,4.0,0.0,0.0,0.0,1.0,400.0,-1.43758265368194,-1.6105077056185404,0
13515,1.0,1.0,0.0,0.0,0.0,0.0,17.0,1.0,0.3234321291912575,2.0,4.0,2.0,5.0,0.0,0.0,0.0,1.0,400.0,-0.5686805767853373,0.5611646959685037,0
2954,1.0,1.0,1.0,0.0,0.0,0.0,2.0,1.0,0.2649977300732862,5.0,4.0,0.0,7.0,1.0,0.0,0.0,4.0,400.0,0.5371947938103387,0.6021396469418442,0
10155,1.0,1.0,1.0,0.0,0.0,0.0,6.0,1.0,0.022569557040015564,5.0,4.0,0.0,5.0,0.0,0.0,0.0,4.0,400.0,-0.410698380985955,0.5611646959685037,1
455,1.0,1.0,0.0,0.0,0.0,0.0,6.0,1.0,0.36215059342369804,1.0,4.0,0.0,5.0,0.0,2.0,0.0,1.0,400.0,-0.8056538704844107,-1.8563574114585832,0
7388,1.0,1.0,1.0,0.0,0.0,0.0,6.0,2.0,0.3234321291912575,5.0,4.0,0.0,0.0,0.0,0.0,0.0,4.0,400.0,-1.8325381431803958,0.6021396469418442,0
6063,1.0,1.0,1.0,0.0,0.0,0.0,6.0,1.0,0.022569557040015564,5.0,4.0,0.0,6.0,0.0,0.0,0.0,2.0,400.0,1.2481146749075591,-1.1597832449117955,0
1134,1.0,1.0,1.0,0.0,0.0,0.0,13.0,1.0,0.2649977300732862,1.0,4.0,1.0,4.0,0.0,4.0,1.0,1.0,400.0,-0.8846449683841019,0.6021396469418442,0
11413,1.0,1.0,1.0,0.0,0.0,0.0,13.0,1.0,0.2649977300732862,1.0,4.0,2.0,6.0,3.0,0.0,0.0,4.0,400.0,-0.33170728308626385,-1.7334325585385617,1
8554,1.0,0.0,0.0,0.0,0.0,0.0,13.0,1.0,0.3234321291912575,1.0,4.0,1.0,6.0,0.0,0.0,0.0,3.0,400.0,-0.015742891487499255,0.5611646959685037,0
6561,1.0,1.0,1.0,0.0,0.0,0.0,10.0,1.0,0.36215059342369804,2.0,4.0,0.0,6.0,0.0,0.0,0.0,1.0,400.0,0.30022150011126536,0.6021396469418442,0
12360,1.0,1.0,0.0,0.0,0.0,0.0,13.0,1.0,0.36215059342369804,2.0,4.0,2.0,6.0,3.0,0.0,0.0,2.0,400.0,-0.2527161851865727,0.6021396469418442,0
13677,1.0,0.0,1.0,0.0,0.0,0.0,9.0,2.0,0.36215059342369804,2.0,4.0,2.0,6.0,3.0,0.0,0.0,3.0,400.0,-0.7266627725847196,0.6431145979151847,0
15239,1.0,1.0,1.0,0.0,0.0,0.0,5.0,1.0,0.3234321291912575,2.0,4.0,1.0,5.0,1.0,0.0,0.0,2.0,400.0,0.06324820641219189,-1.8153824604852427,0
3366,1.0,1.0,1.0,0.0,0.0,0.0,5.0,1.0,0.3234321291912575,2.0,4.0,2.0,7.0,3.0,2.0,0.0,3.0,400.0,0.06324820641219189,0.5611646959685037,0
6784,1.0,1.0,1.0,0.0,0.0,0.0,9.0,1.0,0.36215059342369804,5.0,4.0,3.0,7.0,1.0,0.0,0.0,1.0,400.0,1.5640790665063238,0.5611646959685037,0
7974,1.0,1.0,1.0,0.0,0.0,0.0,6.0,1.0,0.3234321291912575,1.0,4.0,3.0,5.0,0.0,0.0,0.0,1.0,400.0,0.7741680875094122,0.5611646959685037,0
3426,1.0,0.0,1.0,0.0,0.0,0.0,9.0,2.0,0.3234321291912575,1.0,4.0,2.0,5.0,2.0,0.0,0.0,3.0,400.0,-0.9636360662837931,-1.8563574114585832,0
1290,1.0,1.0,1.0,0.0,0.0,0.0,11.0,1.0,0.3234321291912575,1.0,4.0,3.0,7.0,0.0,0.0,0.0,4.0,400.0,0.6951769896097211,-1.8563574114585832,0
4700,1.0,1.0,0.0,0.0,0.0,0.0,17.0,1.0,0.2649977300732862,1.0,4.0,0.0,7.0,0.0,0.0,0.0,1.0,400.0,0.2212304022115742,0.5611646959685037,0
10633,1.0,1.0,0.0,0.0,0.0,0.0,17.0,2.0,0.3234321291912575,1.0,4.0,2.0,5.0,2.0,0.0,0.0,2.0,400.0,-1.1216182620831754,0.5611646959685037,0
14808,1.0,1.0,0.0,0.0,0.0,0.0,17.0,1.0,0.2649977300732862,1.0,4.0,0.0,4.0,0.0,0.0,0.0,4.0,400.0,-0.7266627725847196,0.6431145979151847,0
7729,1.0,1.0,1.0,0.0,0.0,0.0,6.0,1.0,0.3234321291912575,1.0,4.0,1.0,6.0,3.0,0.0,0.0,2.0,400.0,0.30022150011126536,0.6431145979151847,0
7193,1.0,0.0,0.0,0.0,0.0,0.0,2.0,1.0,0.2649977300732862,1.0,4.0,0.0,4.0,0.0,0.0,0.0,3.0,400.0,0.37921259801095647,0.6021396469418442,0
14292,0.0,1.0,1.0,0.0,0.0,0.0,9.0,1.0,0.022050716648291068,5.0,4.0,2.0,4.0,0.0,0.0,0.0,4.0,400.0,-0.9636360662837931,0.6021396469418442,0
7889,1.0,1.0,0.0,0.0,0.0,0.0,13.0,1.0,0.2649977300732862,0.0,4.0,1.0,7.0,2.0,0.0,0.0,1.0,400.0,0.5371947938103387,0.6431145979151847,0
10976,1.0,0.0,1.0,0.0,0.0,0.0,13.0,2.0,0.36215059342369804,2.0,4.0,0.0,5.0,3.0,0.0,0.0,4.0,400.0,-0.6476716746850284,-1.8153824604852427,0
9078,1.0,1.0,0.0,0.0,0.0,0.0,13.0,1.0,0.2649977300732862,5.0,4.0,2.0,6.0,3.0,0.0,0.0,4.0,400.0,0.6161858917100299,0.6021396469418442,0
340,1.0,1.0,0.0,0.0,0.0,0.0,13.0,1.0,0.36215059342369804,5.0,4.0,2.0,7.0,3.0,0.0,0.0,2.0,400.0,0.5371947938103387,0.5611646959685037,0
482,1.0,1.0,0.0,0.0,0.0,0.0,13.0,1.0,0.2649977300732862,2.0,4.0,0.0,4.0,0.0,0.0,0.0,1.0,400.0,-1.0426271641834841,0.6021396469418442,0
8560,1.0,0.0,0.0,0.0,0.0,0.0,13.0,1.0,0.36215059342369804,1.0,4.0,0.0,5.0,3.0,0.0,0.0,4.0,400.0,-0.7266627725847196,0.5611646959685037,0
9570,1.0,0.0,1.0,0.0,0.0,0.0,2.0,1.0,0.36215059342369804,3.0,4.0,0.0,6.0,3.0,0.0,0.0,1.0,400.0,-0.09473398938719041,-1.7334325585385617,0
11455,1.0,1.0,1.0,0.0,0.0,0.0,0.0,2.0,0.2649977300732862,2.0,4.0,0.0,6.0,3.0,0.0,0.0,3.0,400.0,-0.5686805767853373,-1.7744075095119023,0
943,0.0,1.0,0.0,0.0,0.0,0.0,15.0,1.0,0.2649977300732862,2.0,4.0,2.0,7.0,2.0,0.0,2.0,4.0,400.0,1.4850879686066325,-1.8153824604852427,0
11451,1.0,1.0,1.0,0.0,0.0,0.0,6.0,1.0,0.2649977300732862,1.0,4.0,1.0,6.0,1.0,0.0,0.0,4.0,400.0,0.2212304022115742,0.6021396469418442,0
10888,1.0,1.0,1.0,0.0,0.0,0.0,9.0,2.0,0.2649977300732862,5.0,4.0,1.0,5.0,2.0,0.0,0.0,1.0,400.0,0.8531591854091034,-1.7334325585385617,1
7996,1.0,1.0,1.0,0.0,0.0,0.0,9.0,1.0,0.2649977300732862,1.0,4.0,0.0,3.0,0.0,0.0,0.0,3.0,400.0,-0.9636360662837931,0.6021396469418442,1
1234,1.0,1.0,0.0,0.0,0.0,0.0,6.0,1.0,0.2649977300732862,1.0,4.0,1.0,6.0,0.0,0.0,0.0,3.0,400.0,-0.09473398938719041,-1.7744075095119023,0
339,1.0,1.0,1.0,0.0,0.0,0.0,13.0,1.0,0.2649977300732862,0.0,4.0,1.0,7.0,1.0,0.0,0.0,4.0,400.0,1.2481146749075591,-1.8153824604852427,0
14101,1.0,0.0,1.0,0.0,0.0,0.0,9.0,2.0,0.3234321291912575,2.0,4.0,2.0,5.0,3.0,0.0,0.0,4.0,400.0,-0.7266627725847196,0.5611646959685037,0
10401,1.0,1.0,0.0,0.0,0.0,0.0,17.0,1.0,0.2649977300732862,0.0,4.0,0.0,7.0,0.0,0.0,0.0,4.0,400.0,0.6951769896097211,0.5611646959685037,0
5160,1.0,1.0,0.0,0.0,0.0,0.0,9.0,2.0,0.2649977300732862,1.0,4.0,0.0,5.0,2.0,0.0,0.0,2.0,400.0,-0.9636360662837931,0.6021396469418442,0
6503,1.0,1.0,1.0,0.0,0.0,0.0,17.0,2.0,0.3234321291912575,1.0,4.0,0.0,6.0,0.0,0.0,0.0,1.0,400.0,-0.8846449683841019,0.6021396469418442,1
2339,1.0,1.0,1.0,0.0,0.0,0.0,6.0,1.0,0.36215059342369804,1.0,4.0,0.0,4.0,1.0,0.0,0.0,2.0,400.0,-1.1216182620831754,0.6431145979151847,0
6552,1.0,1.0,0.0,0.0,0.0,0.0,2.0,1.0,0.2649977300732862,2.0,4.0,0.0,7.0,3.0,0.0,0.0,2.0,400.0,1.8010523602053972,0.6021396469418442,0
13137,1.0,1.0,1.0,0.0,0.0,0.0,6.0,1.0,0.36215059342369804,1.0,4.0,2.0,5.0,2.0,0.0,0.0,2.0,400.0,-0.8846449683841019,0.5611646959685037,0
65,1.0,1.0,1.0,0.0,0.0,0.0,9.0,2.0,0.2649977300732862,1.0,4.0,0.0,6.0,0.0,0.0,0.0,3.0,400.0,-0.7266627725847196,-1.7744075095119023,0
9070,1.0,1.0,1.0,0.0,0.0,0.0,17.0,1.0,0.36215059342369804,1.0,4.0,0.0,6.0,3.0,0.0,0.0,1.0,400.0,0.14223930431188306,-1.5695327546452,0
4645,1.0,0.0,1.0,1.0,0.0,0.0,13.0,1.0,0.36215059342369804,1.0,4.0,1.0,5.0,0.0,0.0,0.0,2.0,400.0,-0.4896894788856461,0.5611646959685037,0
5162,1.0,1.0,1.0,0.0,0.0,0.0,13.0,2.0,0.3234321291912575,1.0,4.0,0.0,5.0,3.0,0.0,0.0,4.0,400.0,-0.7266627725847196,-1.8563574114585832,0
7911,1.0,0.0,1.0,0.0,0.0,0.0,13.0,1.0,0.3234321291912575,0.0,4.0,1.0,5.0,3.0,0.0,0.0,4.0,400.0,-1.1216182620831754,-1.8153824604852427,0
1667,1.0,1.0,1.0,0.0,0.0,0.0,6.0,2.0,0.36215059342369804,5.0,4.0,0.0,0.0,0.0,0.0,0.0,3.0,400.0,-1.9115292410800868,0.5611646959685037,0
4182,1.0,1.0,0.0,0.0,0.0,0.0,3.0,1.0,0.36215059342369804,2.0,4.0,1.0,6.0,0.0,0.0,0.0,4.0,400.0,-0.8846449683841019,-1.8153824604852427,0
3904,1.0,0.0,1.0,0.0,0.0,0.0,9.0,2.0,0.3234321291912575,1.0,4.0,3.0,4.0,2.0,0.0,3.0,4.0,400.0,-0.7266627725847196,0.5611646959685037,0
4067,1.0,1.0,1.0,0.0,0.0,0.0,2.0,1.0,0.2649977300732862,1.0,4.0,0.0,6.0,2.0,0.0,0.0,4.0,400.0,-1.0426271641834841,0.5611646959685037,0
2701,1.0,0.0,1.0,0.0,0.0,0.0,17.0,2.0,0.2649977300732862,1.0,4.0,2.0,4.0,0.0,0.0,0.0,2.0,400.0,-0.8846449683841019,-1.5285578036718594,0
1611,1.0,1.0,1.0,0.0,0.0,0.0,12.0,1.0,0.3234321291912575,2.0,4.0,3.0,5.0,0.0,0.0,0.0,2.0,400.0,-0.33170728308626385,0.5611646959685037,0
8578,1.0,1.0,1.0,0.0,0.0,0.0,17.0,1.0,0.36215059342369804,1.0,4.0,2.0,7.0,0.0,0.0,0.0,2.0,400.0,0.6161858917100299,0.5611646959685037,0
9114,1.0,1.0,0.0,0.0,0.0,0.0,2.0,1.0,0.2649977300732862,2.0,4.0,1.0,7.0,0.0,0.0,0.0,2.0,400.0,1.3271057728072504,0.5611646959685037,0
15111,1.0,1.0,0.0,1.0,0.0,0.0,9.0,1.0,0.3234321291912575,2.0,4.0,2.0,7.0,0.0,0.0,0.0,3.0,400.0,0.6951769896097211,0.6431145979151847,0
14843,1.0,1.0,0.0,0.0,0.0,0.0,13.0,2.0,0.2649977300732862,2.0,4.0,3.0,6.0,3.0,0.0,0.0,4.0,400.0,-0.8846449683841019,0.6021396469418442,0
14527,1.0,1.0,1.0,0.0,0.0,0.0,6.0,1.0,0.36215059342369804,1.0,4.0,2.0,4.0,2.0,0.0,0.0,2.0,400.0,-1.0426271641834841,0.6431145979151847,0
5144,1.0,1.0,1.0,0.0,0.0,0.0,6.0,1.0,0.36215059342369804,2.0,4.0,0.0,5.0,0.0,4.0,1.0,3.0,400.0,-1.0426271641834841,0.5611646959685037,0
3262,1.0,1.0,1.0,0.0,0.0,0.0,13.0,1.0,0.3234321291912575,1.0,4.0,3.0,6.0,2.0,0.0,0.0,2.0,400.0,-0.33170728308626385,0.5611646959685037,0
5082,1.0,1.0,1.0,0.0,0.0,0.0,11.0,2.0,0.2649977300732862,1.0,4.0,2.0,4.0,3.0,0.0,0.0,3.0,400.0,-0.7266627725847196,-1.5285578036718594,1
14302,1.0,1.0,1.0,0.0,0.0,0.0,6.0,2.0,0.36215059342369804,1.0,4.0,2.0,4.0,0.0,0.0,0.0,2.0,400.0,-1.1216182620831754,0.6021396469418442,0
5035,1.0,1.0,0.0,0.0,0.0,0.0,17.0,2.0,0.3234321291912575,1.0,4.0,2.0,6.0,3.0,0.0,0.0,4.0,400.0,-0.8846449683841019,-1.2417331468584762,0
10782,1.0,1.0,1.0,0.0,0.0,0.0,17.0,1.0,0.36215059342369804,1.0,4.0,1.0,7.0,0.0,0.0,2.0,3.0,400.0,1.6430701644060148,0.6431145979151847,0
12305,0.0,1.0,1.0,0.0,0.0,0.0,6.0,1.0,0.36215059342369804,1.0,3.0,0.0,6.0,0.0,4.0,1.0,4.0,400.0,-0.7266627725847196,0.5611646959685037,0
4912,0.0,1.0,1.0,0.0,0.0,0.0,17.0,1.0,0.3234321291912575,3.0,4.0,0.0,5.0,1.0,0.0,0.0,4.0,400.0,1.5640790665063238,0.5611646959685037,0
3997,1.0,1.0,1.0,0.0,0.0,0.0,6.0,1.0,0.3234321291912575,1.0,4.0,3.0,6.0,0.0,0.0,0.0,4.0,400.0,0.2212304022115742,0.5611646959685037,0
2251,1.0,1.0,0.0,0.0,0.0,0.0,17.0,1.0,0.2649977300732862,1.0,4.0,0.0,6.0,0.0,0.0,0.0,2.0,400.0,-0.8056538704844107,0.5611646959685037,0
11206,0.0,1.0,0.0,0.0,0.0,0.0,6.0,2.0,0.2649977300732862,0.0,4.0,3.0,5.0,1.0,0.0,0.0,4.0,400.0,-0.9636360662837931,-1.8153824604852427,0
639,1.0,1.0,1.0,0.0,0.0,0.0,17.0,1.0,0.36215059342369804,1.0,4.0,2.0,7.0,1.0,0.0,0.0,2.0,400.0,0.37921259801095647,0.5611646959685037,0
14931,1.0,1.0,0.0,0.0,0.0,0.0,13.0,1.0,0.36215059342369804,1.0,4.0,1.0,7.0,1.0,0.0,0.0,4.0,400.0,0.5371947938103387,0.5611646959685037,0
6210,1.0,1.0,0.0,1.0,0.0,0.0,17.0,1.0,0.2649977300732862,0.0,0.0,1.0,5.0,0.0,0.0,0.0,2.0,400.0,-0.8056538704844107,-1.7334325585385617,0
11829,1.0,0.0,1.0,0.0,0.0,0.0,13.0,2.0,0.3234321291912575,0.0,4.0,1.0,6.0,3.0,2.0,0.0,2.0,400.0,2.274998947603544,0.5611646959685037,0
10692,1.0,1.0,0.0,0.0,0.0,0.0,9.0,1.0,0.022569557040015564,5.0,4.0,0.0,6.0,3.0,0.0,0.0,3.0,400.0,0.30022150011126536,0.5611646959685037,0
329,1.0,1.0,0.0,0.0,0.0,0.0,2.0,1.0,0.2649977300732862,1.0,4.0,1.0,5.0,1.0,0.0,0.0,3.0,400.0,-0.7266627725847196,0.5611646959685037,0
4520,1.0,1.0,0.0,0.0,0.0,0.0,13.0,1.0,0.2649977300732862,1.0,4.0,2.0,7.0,2.0,0.0,0.0,4.0,400.0,2.274998947603544,0.5611646959685037,0
10840,1.0,1.0,1.0,0.0,0.0,0.0,6.0,2.0,0.36215059342369804,2.0,4.0,0.0,7.0,0.0,0.0,0.0,2.0,400.0,0.30022150011126536,0.5611646959685037,0
12961,1.0,1.0,0.0,0.0,0.0,0.0,9.0,2.0,0.022569557040015564,5.0,4.0,0.0,5.0,3.0,0.0,0.0,2.0,400.0,-1.2796004578825577,0.5611646959685037,0
532,1.0,1.0,0.0,0.0,0.0,0.0,13.0,1.0,0.2649977300732862,1.0,4.0,0.0,7.0,0.0,0.0,0.0,4.0,400.0,0.8531591854091034,0.6021396469418442,0
7327,1.0,1.0,1.0,0.0,0.0,0.0,9.0,1.0,0.022050716648291068,5.0,4.0,2.0,6.0,0.0,0.0,0.0,4.0,400.0,-0.09473398938719041,0.5611646959685037,0
9183,1.0,1.0,1.0,0.0,0.0,0.0,17.0,1.0,0.3234321291912575,2.0,4.0,2.0,7.0,0.0,0.0,2.0,2.0,400.0,1.0901324791081768,0.5611646959685037,0
4599,1.0,1.0,1.0,0.0,0.0,0.0,17.0,1.0,0.3234321291912575,1.0,4.0,2.0,6.0,0.0,0.0,0.0,2.0,400.0,0.14223930431188306,0.6021396469418442,0
6872,1.0,1.0,1.0,0.0,0.0,0.0,2.0,1.0,0.3234321291912575,2.0,4.0,3.0,6.0,2.0,0.0,0.0,3.0,400.0,0.2212304022115742,0.5611646959685037,0
3350,1.0,1.0,1.0,0.0,0.0,0.0,2.0,1.0,0.36215059342369804,2.0,4.0,1.0,7.0,0.0,0.0,0.0,2.0,400.0,1.0111413812084857,0.5611646959685037,0
14286,1.0,1.0,0.0,0.0,0.0,0.0,17.0,1.0,0.2649977300732862,0.0,4.0,2.0,6.0,1.0,2.0,0.0,1.0,400.0,-0.8846449683841019,0.6021396469418442,0
14841,1.0,1.0,1.0,0.0,0.0,0.0,2.0,2.0,0.2649977300732862,1.0,4.0,0.0,5.0,0.0,0.0,2.0,4.0,400.0,-0.9636360662837931,0.6021396469418442,0
2697,1.0,1.0,0.0,0.0,0.0,0.0,9.0,1.0,0.022569557040015564,5.0,4.0,0.0,7.0,0.0,0.0,0.0,2.0,400.0,2.3539900455032354,-1.8563574114585832,0
13191,1.0,1.0,1.0,0.0,0.0,0.0,2.0,1.0,0.3234321291912575,3.0,4.0,3.0,6.0,2.0,0.0,0.0,1.0,400.0,0.37921259801095647,-1.8563574114585832,0
11956,1.0,1.0,1.0,0.0,0.0,0.0,13.0,1.0,0.3234321291912575,2.0,4.0,2.0,6.0,3.0,0.0,0.0,2.0,400.0,0.14223930431188306,-1.8153824604852427,0
2840,1.0,1.0,1.0,0.0,0.0,0.0,2.0,2.0,0.3234321291912575,2.0,4.0,1.0,6.0,2.0,0.0,0.0,3.0,400.0,-0.2527161851865727,0.5611646959685037,0
12647,1.0,1.0,1.0,0.0,0.0,0.0,17.0,2.0,0.3234321291912575,1.0,4.0,2.0,6.0,0.0,3.0,0.0,4.0,700.0,-0.8846449683841019,0.5611646959685037,0
2946,1.0,1.0,0.0,0.0,0.0,0.0,17.0,1.0,0.2649977300732862,0.0,4.0,0.0,6.0,0.0,0.0,0.0,4.0,400.0,0.30022150011126536,-1.7744075095119023,0
12995,1.0,1.0,1.0,0.0,0.0,0.0,9.0,1.0,0.3234321291912575,1.0,4.0,1.0,6.0,0.0,0.0,0.0,1.0,400.0,0.45820369591064763,-1.3646579997784978,0
7443,1.0,1.0,1.0,0.0,0.0,0.0,17.0,1.0,0.3234321291912575,5.0,4.0,3.0,7.0,1.0,0.0,0.0,2.0,400.0,0.8531591854091034,0.5611646959685037,0
9299,1.0,1.0,1.0,0.0,0.0,0.0,13.0,1.0,0.36215059342369804,1.0,4.0,1.0,5.0,0.0,0.0,0.0,2.0,400.0,-0.2527161851865727,0.6840895488885251,0
11632,1.0,1.0,1.0,0.0,0.0,0.0,17.0,2.0,0.2649977300732862,1.0,4.0,2.0,6.0,0.0,0.0,0.0,1.0,400.0,-1.0426271641834841,-1.7334325585385617,0
10797,1.0,1.0,1.0,0.0,0.0,0.0,17.0,2.0,0.3234321291912575,2.0,4.0,2.0,4.0,0.0,0.0,0.0,2.0,400.0,-0.9636360662837931,-1.7744075095119023,0
13865,1.0,1.0,0.0,0.0,0.0,0.0,13.0,1.0,0.2649977300732862,2.0,4.0,1.0,5.0,1.0,0.0,0.0,4.0,400.0,-0.09473398938719041,0.5611646959685037,0
1338,1.0,1.0,1.0,0.0,0.0,0.0,6.0,2.0,0.36215059342369804,1.0,4.0,1.0,5.0,2.0,0.0,0.0,3.0,400.0,-0.8846449683841019,0.5611646959685037,1
6647,1.0,1.0,1.0,0.0,0.0,0.0,9.0,2.0,0.3234321291912575,1.0,4.0,2.0,6.0,0.0,0.0,0.0,4.0,400.0,0.37921259801095647,0.5611646959685037,0
8780,1.0,1.0,1.0,0.0,0.0,0.0,6.0,1.0,0.36215059342369804,1.0,4.0,3.0,4.0,1.0,0.0,0.0,1.0,400.0,0.7741680875094122,0.6021396469418442,0
8186,1.0,1.0,1.0,0.0,0.0,0.0,6.0,1.0,0.3234321291912575,1.0,4.0,2.0,5.0,1.0,0.0,0.0,4.0,400.0,-0.6476716746850284,0.5611646959685037,0
6626,1.0,1.0,1.0,0.0,0.0,0.0,9.0,1.0,0.36215059342369804,1.0,4.0,0.0,5.0,0.0,0.0,0.0,1.0,400.0,-0.7266627725847196,0.6021396469418442,0
4370,1.0,1.0,0.0,0.0,0.0,0.0,13.0,1.0,0.36215059342369804,1.0,4.0,1.0,5.0,0.0,0.0,0.0,4.0,400.0,-0.7266627725847196,0.6021396469418442,0
9410,1.0,1.0,0.0,0.0,0.0,0.0,6.0,1.0,0.2649977300732862,1.0,4.0,2.0,6.0,0.0,0.0,0.0,1.0,400.0,0.6951769896097211,0.5611646959685037,0
11615,1.0,1.0,1.0,0.0,0.0,0.0,13.0,2.0,0.36215059342369804,0.0,4.0,3.0,7.0,0.0,0.0,0.0,1.0,400.0,-0.09473398938719041,-1.487582852698519,0
12016,1.0,1.0,1.0,0.0,0.0,0.0,17.0,2.0,0.3234321291912575,1.0,4.0,2.0,5.0,1.0,0.0,0.0,4.0,400.0,-1.1216182620831754,0.5611646959685037,0
519,0.0,1.0,1.0,0.0,0.0,0.0,17.0,1.0,0.36215059342369804,0.0,4.0,1.0,7.0,0.0,0.0,0.0,4.0,400.0,1.4060968707069414,-1.6924576075652213,0
15152,1.0,1.0,1.0,0.0,0.0,0.0,2.0,2.0,0.36215059342369804,1.0,4.0,3.0,5.0,0.0,0.0,0.0,4.0,400.0,-1.1216182620831754,0.5611646959685037,0
13035,1.0,1.0,0.0,0.0,0.0,1.0,9.0,1.0,0.36215059342369804,3.0,4.0,0.0,4.0,0.0,0.0,0.0,2.0,400.0,-0.17372508728688155,0.5611646959685037,0
14432,1.0,1.0,1.0,0.0,0.0,0.0,16.0,2.0,0.36215059342369804,3.0,4.0,2.0,7.0,2.0,3.0,0.0,4.0,500.0,-0.33170728308626385,0.5611646959685037,0
229,1.0,1.0,1.0,0.0,0.0,0.0,13.0,1.0,0.3234321291912575,5.0,4.0,3.0,6.0,2.0,0.0,0.0,4.0,400.0,1.9590345560047795,0.5611646959685037,0
1475,1.0,0.0,1.0,0.0,0.0,0.0,9.0,1.0,0.36215059342369804,1.0,4.0,2.0,5.0,1.0,0.0,0.0,4.0,400.0,-0.7266627725847196,-1.8563574114585832,0
11962,1.0,1.0,0.0,0.0,0.0,0.0,6.0,1.0,0.36215059342369804,1.0,4.0,2.0,6.0,3.0,0.0,0.0,1.0,400.0,0.06324820641219189,0.5611646959685037,0
3242,1.0,1.0,1.0,0.0,0.0,0.0,17.0,1.0,0.3234321291912575,1.0,4.0,3.0,7.0,0.0,0.0,0.0,2.0,400.0,1.9590345560047795,0.5611646959685037,0
10631,1.0,0.0,1.0,0.0,0.0,0.0,2.0,2.0,0.3234321291912575,5.0,4.0,3.0,5.0,1.0,0.0,0.0,4.0,400.0,-0.8846449683841019,0.6021396469418442,0
6031,1.0,1.0,1.0,0.0,0.0,0.0,13.0,2.0,0.3234321291912575,1.0,4.0,2.0,1.0,0.0,0.0,0.0,1.0,400.0,-1.3585915557822488,0.6021396469418442,0
3282,1.0,1.0,1.0,1.0,0.0,0.0,2.0,2.0,0.36215059342369804,1.0,4.0,1.0,6.0,1.0,0.0,0.0,2.0,400.0,-0.9636360662837931,-1.8563574114585832,0
9323,1.0,0.0,1.0,0.0,0.0,0.0,17.0,2.0,0.3234321291912575,1.0,4.0,3.0,5.0,0.0,4.0,1.0,2.0,400.0,-0.8846449683841019,0.6021396469418442,0
5685,1.0,1.0,1.0,0.0,0.0,0.0,17.0,1.0,0.36215059342369804,1.0,4.0,2.0,6.0,0.0,0.0,0.0,4.0,400.0,-0.6476716746850284,0.5611646959685037,0
12821,1.0,1.0,1.0,0.0,0.0,0.0,5.0,1.0,0.2649977300732862,2.0,4.0,2.0,5.0,0.0,0.0,0.0,2.0,400.0,-0.5686805767853373,0.6021396469418442,0
7244,1.0,1.0,0.0,0.0,0.0,0.0,13.0,1.0,0.2649977300732862,0.0,4.0,0.0,6.0,1.0,4.0,1.0,3.0,400.0,0.2212304022115742,0.6021396469418442,0
11917,1.0,1.0,1.0,0.0,0.0,0.0,5.0,1.0,0.2649977300732862,1.0,4.0,2.0,6.0,0.0,0.0,0.0,4.0,400.0,1.4060968707069414,0.6840895488885251,1
17,1.0,0.0,0.0,0.0,0.0,0.0,2.0,1.0,0.36215059342369804,1.0,4.0,0.0,6.0,1.0,0.0,0.0,1.0,400.0,-0.9636360662837931,-1.8563574114585832,0
5479,1.0,1.0,0.0,0.0,0.0,0.0,6.0,1.0,0.3234321291912575,1.0,4.0,1.0,6.0,3.0,0.0,0.0,3.0,400.0,0.6161858917100299,0.5611646959685037,0
12833,1.0,1.0,1.0,0.0,0.0,0.0,9.0,1.0,0.36215059342369804,2.0,4.0,2.0,6.0,3.0,0.0,0.0,4.0,700.0,-0.410698380985955,0.5611646959685037,1
9449,1.0,1.0,1.0,0.0,0.0,0.0,9.0,1.0,0.36215059342369804,2.0,4.0,2.0,6.0,0.0,4.0,1.0,4.0,400.0,-0.8056538704844107,0.5611646959685037,0
5836,1.0,0.0,0.0,0.0,0.0,0.0,17.0,1.0,0.36215059342369804,2.0,4.0,3.0,7.0,3.0,0.0,0.0,2.0,400.0,0.5371947938103387,0.6021396469418442,0
5787,1.0,1.0,0.0,0.0,0.0,0.0,6.0,1.0,0.3234321291912575,1.0,4.0,2.0,5.0,0.0,0.0,0.0,3.0,400.0,-0.5686805767853373,0.5611646959685037,0
8614,1.0,1.0,0.0,0.0,0.0,0.0,18.0,1.0,0.3234321291912575,4.0,4.0,3.0,5.0,0.0,0.0,0.0,4.0,400.0,0.37921259801095647,0.6021396469418442,0
15235,1.0,1.0,1.0,0.0,0.0,0.0,17.0,1.0,0.3234321291912575,5.0,4.0,2.0,7.0,3.0,0.0,0.0,4.0,400.0,1.9590345560047795,0.5611646959685037,0
6026,0.0,1.0,1.0,0.0,0.0,0.0,2.0,1.0,0.36215059342369804,2.0,4.0,0.0,7.0,0.0,4.0,2.0,4.0,400.0,0.06324820641219189,-1.8563574114585832,0
14764,1.0,1.0,1.0,1.0,0.0,0.0,9.0,2.0,0.36215059342369804,3.0,4.0,0.0,6.0,2.0,0.0,0.0,2.0,400.0,-1.0426271641834841,-1.8153824604852427,0
9709,1.0,1.0,1.0,0.0,0.0,0.0,6.0,1.0,0.3234321291912575,1.0,4.0,3.0,6.0,0.0,0.0,0.0,2.0,400.0,-0.7266627725847196,-1.7334325585385617,0
8741,1.0,1.0,1.0,0.0,0.0,0.0,17.0,1.0,0.36215059342369804,1.0,4.0,0.0,7.0,2.0,0.0,0.0,1.0,700.0,0.8531591854091034,0.5611646959685037,0
12208,1.0,1.0,1.0,0.0,0.0,1.0,1.0,1.0,0.3234321291912575,5.0,4.0,2.0,7.0,0.0,0.0,0.0,3.0,400.0,0.37921259801095647,-1.8563574114585832,0
12860,1.0,0.0,0.0,0.0,0.0,0.0,6.0,1.0,0.36215059342369804,1.0,4.0,2.0,4.0,1.0,0.0,0.0,4.0,400.0,-0.4896894788856461,-1.8153824604852427,0
13197,1.0,1.0,1.0,0.0,0.0,0.0,13.0,1.0,0.2649977300732862,1.0,4.0,2.0,7.0,3.0,0.0,0.0,1.0,400.0,2.9859188287007643,0.5611646959685037,0
3887,1.0,1.0,0.0,0.0,0.0,0.0,13.0,1.0,0.2649977300732862,1.0,2.0,0.0,7.0,0.0,0.0,0.0,3.0,400.0,0.30022150011126536,0.5611646959685037,0
9880,1.0,1.0,1.0,0.0,0.0,0.0,6.0,1.0,0.36215059342369804,2.0,4.0,0.0,5.0,3.0,0.0,2.0,3.0,400.0,-0.8846449683841019,0.5611646959685037,0
14483,1.0,0.0,1.0,0.0,0.0,0.0,6.0,2.0,0.022569557040015564,5.0,2.0,0.0,4.0,0.0,3.0,0.0,2.0,400.0,-1.2796004578825577,0.5611646959685037,1
5826,1.0,1.0,1.0,0.0,0.0,0.0,13.0,1.0,0.36215059342369804,1.0,4.0,1.0,3.0,0.0,0.0,0.0,2.0,400.0,-1.3585915557822488,0.6021396469418442,0
1849,1.0,1.0,1.0,0.0,0.0,0.0,17.0,1.0,0.2649977300732862,2.0,4.0,1.0,6.0,3.0,0.0,0.0,2.0,400.0,-0.7266627725847196,0.6021396469418442,0
5393,1.0,1.0,0.0,0.0,0.0,0.0,17.0,2.0,0.36215059342369804,0.0,4.0,2.0,4.0,0.0,0.0,0.0,2.0,400.0,-1.516573751581631,-1.6924576075652213,0
8515,1.0,0.0,1.0,0.0,0.0,0.0,6.0,1.0,0.36215059342369804,1.0,4.0,2.0,5.0,0.0,0.0,0.0,2.0,400.0,-0.6476716746850284,-1.8153824604852427,0
7295,1.0,0.0,0.0,0.0,0.0,0.0,6.0,2.0,0.36215059342369804,1.0,4.0,1.0,4.0,0.0,0.0,0.0,1.0,400.0,-0.5686805767853373,0.6021396469418442,0
9723,1.0,1.0,1.0,0.0,0.0,0.0,13.0,1.0,0.36215059342369804,1.0,4.0,2.0,6.0,1.0,0.0,0.0,3.0,400.0,2.196007849703853,-1.8153824604852427,0
10719,1.0,1.0,1.0,1.0,0.0,0.0,0.0,2.0,0.36215059342369804,2.0,4.0,2.0,5.0,2.0,0.0,0.0,4.0,400.0,-0.410698380985955,0.5611646959685037,0
14609,1.0,1.0,1.0,0.0,0.0,0.0,13.0,2.0,0.2649977300732862,1.0,4.0,0.0,6.0,2.0,0.0,0.0,2.0,400.0,-0.8056538704844107,-1.8153824604852427,0
15175,1.0,0.0,0.0,0.0,0.0,0.0,9.0,1.0,0.2649977300732862,5.0,4.0,0.0,6.0,1.0,0.0,0.0,1.0,400.0,0.7741680875094122,0.5611646959685037,0
3360,1.0,1.0,1.0,0.0,0.0,0.0,6.0,2.0,0.36215059342369804,1.0,4.0,0.0,5.0,1.0,0.0,0.0,4.0,400.0,-1.0426271641834841,-1.8563574114585832,0
3234,1.0,1.0,1.0,0.0,0.0,0.0,17.0,2.0,0.36215059342369804,1.0,4.0,1.0,5.0,0.0,0.0,0.0,3.0,400.0,-1.516573751581631,-1.6105077056185404,0
6532,1.0,1.0,1.0,0.0,0.0,0.0,13.0,1.0,0.2649977300732862,1.0,4.0,2.0,6.0,1.0,0.0,0.0,1.0,400.0,1.0901324791081768,0.6021396469418442,0
14818,1.0,1.0,0.0,0.0,0.0,0.0,3.0,2.0,0.2649977300732862,1.0,4.0,0.0,6.0,3.0,0.0,0.0,3.0,400.0,0.2212304022115742,0.6021396469418442,0
6529,1.0,1.0,1.0,0.0,0.0,0.0,13.0,1.0,0.2649977300732862,1.0,4.0,2.0,7.0,0.0,0.0,0.0,2.0,400.0,0.9321502833087946,0.6021396469418442,0
7356,1.0,1.0,1.0,0.0,0.0,0.0,9.0,1.0,0.3234321291912575,2.0,4.0,1.0,5.0,0.0,0.0,0.0,2.0,400.0,-0.410698380985955,0.5611646959685037,0
12442,1.0,1.0,1.0,0.0,0.0,0.0,17.0,1.0,0.36215059342369804,1.0,4.0,1.0,6.0,2.0,0.0,0.0,1.0,400.0,-1.0426271641834841,0.5611646959685037,0
1411,1.0,0.0,1.0,0.0,0.0,0.0,6.0,2.0,0.2649977300732862,1.0,4.0,0.0,5.0,0.0,0.0,0.0,1.0,400.0,-0.4896894788856461,-1.3236830488051572,0
13777,1.0,1.0,0.0,0.0,0.0,0.0,17.0,1.0,0.2649977300732862,0.0,4.0,0.0,7.0,1.0,0.0,0.0,4.0,400.0,2.9859188287007643,0.5611646959685037,0
428,1.0,0.0,1.0,0.0,0.0,0.0,17.0,2.0,0.2649977300732862,0.0,4.0,0.0,5.0,1.0,0.0,4.0,1.0,400.0,-0.8846449683841019,-1.8153824604852427,0
12739,1.0,1.0,0.0,0.0,0.0,0.0,9.0,2.0,0.2649977300732862,1.0,4.0,3.0,5.0,3.0,2.0,0.0,4.0,400.0,-0.9636360662837931,0.6021396469418442,0
4554,1.0,1.0,1.0,0.0,0.0,0.0,9.0,2.0,0.36215059342369804,2.0,4.0,0.0,6.0,0.0,0.0,0.0,1.0,400.0,-0.4896894788856461,0.6021396469418442,0
5334,1.0,1.0,1.0,0.0,0.0,0.0,9.0,1.0,0.36215059342369804,1.0,4.0,1.0,7.0,3.0,0.0,0.0,1.0,400.0,0.6161858917100299,0.5611646959685037,0
1450,1.0,1.0,1.0,0.0,0.0,0.0,6.0,2.0,0.36215059342369804,1.0,4.0,2.0,4.0,2.0,0.0,0.0,4.0,400.0,-1.2006093599828664,-1.7334325585385617,0
5015,1.0,1.0,1.0,0.0,0.0,0.0,13.0,1.0,0.3234321291912575,1.0,4.0,2.0,6.0,2.0,0.0,0.0,1.0,400.0,-0.17372508728688155,0.5611646959685037,0
7200,1.0,1.0,0.0,0.0,0.0,0.0,17.0,2.0,0.2649977300732862,1.0,4.0,1.0,5.0,1.0,0.0,0.0,1.0,400.0,-0.7266627725847196,0.5611646959685037,0
14318,1.0,1.0,1.0,0.0,0.0,0.0,13.0,1.0,0.2649977300732862,0.0,4.0,1.0,6.0,0.0,0.0,0.0,1.0,400.0,1.9590345560047795,0.6021396469418442,0
2270,1.0,1.0,1.0,0.0,0.0,0.0,17.0,1.0,0.2649977300732862,0.0,4.0,0.0,7.0,0.0,0.0,0.0,3.0,400.0,2.590963339202309,0.5611646959685037,1
587,1.0,1.0,1.0,0.0,0.0,0.0,13.0,1.0,0.2649977300732862,2.0,4.0,0.0,5.0,0.0,0.0,0.0,1.0,400.0,0.8531591854091034,-1.8153824604852427,0
13792,1.0,1.0,1.0,0.0,0.0,0.0,17.0,1.0,0.36215059342369804,5.0,4.0,1.0,7.0,0.0,0.0,0.0,3.0,400.0,0.9321502833087946,0.6021396469418442,0
11753,1.0,1.0,1.0,1.0,1.0,0.0,6.0,1.0,0.022569557040015564,5.0,4.0,2.0,6.0,0.0,0.0,0.0,4.0,400.0,0.5371947938103387,-1.6924576075652213,0
3141,1.0,0.0,1.0,0.0,0.0,0.0,17.0,2.0,0.2649977300732862,1.0,4.0,2.0,6.0,3.0,0.0,0.0,3.0,400.0,-0.410698380985955,-1.7334325585385617,1
8488,1.0,1.0,1.0,0.0,0.0,0.0,9.0,2.0,0.022569557040015564,5.0,4.0,1.0,5.0,2.0,0.0,0.0,1.0,400.0,-0.8056538704844107,0.5611646959685037,0
6297,1.0,1.0,1.0,0.0,0.0,0.0,2.0,1.0,0.3234321291912575,1.0,4.0,1.0,6.0,0.0,0.0,0.0,1.0,400.0,0.37921259801095647,0.5611646959685037,0
13354,1.0,1.0,1.0,0.0,0.0,0.0,6.0,1.0,0.36215059342369804,2.0,4.0,0.0,6.0,0.0,0.0,0.0,2.0,400.0,-0.4896894788856461,0.5611646959685037,0
5755,1.0,1.0,0.0,1.0,0.0,0.0,9.0,2.0,0.2649977300732862,0.0,4.0,0.0,4.0,0.0,0.0,0.0,3.0,400.0,-1.516573751581631,0.5611646959685037,0
12088,1.0,1.0,1.0,0.0,0.0,0.0,16.0,1.0,0.2649977300732862,1.0,4.0,0.0,6.0,1.0,0.0,0.0,2.0,400.0,-0.015742891487499255,0.5611646959685037,0
8181,1.0,1.0,1.0,0.0,0.0,0.0,9.0,1.0,0.3234321291912575,2.0,4.0,3.0,7.0,3.0,0.0,0.0,2.0,400.0,0.6161858917100299,0.6431145979151847,0
11358,1.0,1.0,0.0,0.0,0.0,1.0,6.0,1.0,0.3234321291912575,1.0,4.0,2.0,6.0,0.0,0.0,0.0,3.0,400.0,0.06324820641219189,0.6021396469418442,0
5579,1.0,1.0,0.0,0.0,0.0,0.0,17.0,1.0,0.2649977300732862,1.0,4.0,1.0,7.0,0.0,0.0,0.0,2.0,700.0,0.6161858917100299,0.5611646959685037,0
2183,1.0,0.0,1.0,0.0,0.0,0.0,17.0,1.0,0.2649977300732862,0.0,4.0,0.0,7.0,0.0,2.0,1.0,1.0,400.0,0.8531591854091034,0.5611646959685037,0
14805,1.0,1.0,1.0,0.0,0.0,0.0,17.0,2.0,0.36215059342369804,2.0,4.0,0.0,6.0,3.0,0.0,0.0,2.0,400.0,-0.8056538704844107,0.5611646959685037,0
6953,1.0,1.0,1.0,0.0,0.0,0.0,6.0,1.0,0.2649977300732862,1.0,4.0,1.0,5.0,0.0,0.0,0.0,4.0,400.0,2.590963339202309,0.5611646959685037,0
10461,1.0,1.0,1.0,0.0,0.0,0.0,9.0,2.0,0.3234321291912575,1.0,4.0,3.0,6.0,0.0,0.0,0.0,2.0,400.0,-0.8846449683841019,0.5611646959685037,0
7887,1.0,1.0,1.0,0.0,0.0,0.0,9.0,1.0,0.3234321291912575,2.0,4.0,3.0,7.0,3.0,0.0,0.0,3.0,400.0,1.9590345560047795,0.5611646959685037,0
1774,1.0,1.0,1.0,0.0,0.0,0.0,3.0,2.0,0.36215059342369804,2.0,4.0,0.0,6.0,3.0,0.0,0.0,3.0,400.0,-0.6476716746850284,0.5611646959685037,0
13195,1.0,1.0,1.0,0.0,0.0,0.0,17.0,1.0,0.2649977300732862,1.0,4.0,0.0,6.0,1.0,0.0,0.0,1.0,400.0,-0.33170728308626385,0.5611646959685037,0
10457,1.0,1.0,0.0,0.0,0.0,0.0,13.0,1.0,0.36215059342369804,1.0,4.0,2.0,7.0,3.0,4.0,1.0,4.0,400.0,-0.2527161851865727,0.5611646959685037,0
8207,1.0,1.0,0.0,0.0,0.0,0.0,17.0,1.0,0.2649977300732862,5.0,4.0,2.0,5.0,3.0,0.0,0.0,1.0,400.0,-0.5686805767853373,-1.8563574114585832,0
1726,1.0,1.0,0.0,0.0,0.0,0.0,18.0,2.0,0.3234321291912575,3.0,4.0,1.0,6.0,3.0,0.0,0.0,3.0,400.0,0.8531591854091034,0.5611646959685037,0
4145,1.0,1.0,0.0,0.0,0.0,0.0,13.0,1.0,0.36215059342369804,1.0,4.0,2.0,6.0,1.0,0.0,0.0,2.0,400.0,0.2212304022115742,-1.6924576075652213,0
13569,1.0,1.0,1.0,0.0,0.0,0.0,17.0,1.0,0.36215059342369804,1.0,4.0,2.0,7.0,0.0,0.0,0.0,3.0,400.0,0.5371947938103387,-1.7334325585385617,0
1633,1.0,0.0,1.0,0.0,0.0,0.0,9.0,2.0,0.3234321291912575,2.0,4.0,2.0,6.0,0.0,0.0,0.0,2.0,400.0,1.3271057728072504,0.5611646959685037,0
4437,1.0,1.0,0.0,0.0,0.0,0.0,17.0,1.0,0.2649977300732862,1.0,4.0,0.0,6.0,0.0,0.0,0.0,2.0,400.0,1.6430701644060148,0.6431145979151847,0
15100,1.0,1.0,1.0,0.0,0.0,0.0,17.0,1.0,0.3234321291912575,1.0,4.0,2.0,7.0,1.0,0.0,0.0,4.0,400.0,0.6161858917100299,0.5611646959685037,0
14598,0.0,1.0,1.0,0.0,0.0,0.0,13.0,1.0,0.3234321291912575,1.0,4.0,0.0,6.0,0.0,0.0,0.0,4.0,400.0,-0.4896894788856461,0.5611646959685037,0
12126,1.0,1.0,0.0,0.0,0.0,0.0,6.0,1.0,0.2649977300732862,1.0,4.0,1.0,7.0,1.0,0.0,0.0,2.0,400.0,-0.17372508728688155,0.5611646959685037,0
14471,1.0,1.0,1.0,0.0,0.0,0.0,2.0,2.0,0.3234321291912575,1.0,4.0,2.0,5.0,2.0,0.0,0.0,2.0,400.0,-1.1216182620831754,0.6021396469418442,0
3669,0.0,1.0,1.0,0.0,0.0,0.0,17.0,2.0,0.3234321291912575,5.0,4.0,3.0,5.0,0.0,0.0,0.0,2.0,400.0,-0.4896894788856461,0.5611646959685037,0
4117,1.0,0.0,0.0,0.0,0.0,0.0,9.0,1.0,0.2649977300732862,0.0,4.0,1.0,5.0,3.0,0.0,0.0,4.0,400.0,-0.5686805767853373,-1.8563574114585832,0
6633,0.0,1.0,1.0,0.0,0.0,0.0,2.0,1.0,0.36215059342369804,2.0,4.0,1.0,7.0,3.0,0.0,0.0,1.0,700.0,0.9321502833087946,0.6431145979151847,0
14218,1.0,0.0,1.0,0.0,0.0,0.0,13.0,2.0,0.3234321291912575,1.0,4.0,2.0,7.0,0.0,0.0,0.0,2.0,400.0,2.5119722413026175,-1.8153824604852427,0
9367,1.0,1.0,1.0,0.0,0.0,0.0,13.0,1.0,0.36215059342369804,1.0,4.0,2.0,7.0,1.0,0.0,0.0,3.0,400.0,1.169123577007868,0.6840895488885251,0
5285,1.0,1.0,0.0,0.0,0.0,0.0,2.0,2.0,0.2649977300732862,5.0,4.0,2.0,6.0,0.0,0.0,0.0,2.0,400.0,-0.7266627725847196,0.5611646959685037,0
10117,1.0,1.0,1.0,1.0,0.0,0.0,17.0,1.0,0.2649977300732862,1.0,4.0,0.0,6.0,0.0,0.0,0.0,2.0,400.0,0.14223930431188306,-0.7910086861517314,0
3442,1.0,1.0,1.0,0.0,0.0,0.0,9.0,2.0,0.36215059342369804,1.0,4.0,0.0,6.0,3.0,0.0,0.0,3.0,400.0,-1.1216182620831754,0.5611646959685037,1
13436,1.0,1.0,0.0,0.0,0.0,0.0,13.0,2.0,0.2649977300732862,1.0,4.0,2.0,5.0,1.0,0.0,0.0,3.0,400.0,-0.4896894788856461,0.5611646959685037,0
5837,1.0,1.0,1.0,0.0,0.0,0.0,15.0,2.0,0.36215059342369804,2.0,4.0,2.0,6.0,3.0,4.0,1.0,2.0,400.0,-0.09473398938719041,0.5611646959685037,1
6107,1.0,1.0,1.0,0.0,0.0,0.0,13.0,1.0,0.0014268110772423634,2.0,4.0,0.0,6.0,3.0,0.0,0.0,4.0,400.0,0.6951769896097211,0.5611646959685037,0
11998,1.0,1.0,0.0,0.0,0.0,0.0,17.0,1.0,0.3234321291912575,1.0,4.0,2.0,7.0,3.0,0.0,3.0,1.0,400.0,2.6699544371019996,-1.8563574114585832,0
791,1.0,1.0,1.0,0.0,0.0,0.0,6.0,1.0,0.2649977300732862,0.0,4.0,0.0,7.0,3.0,0.0,0.0,3.0,400.0,0.45820369591064763,-1.2007581958851359,0
9644,1.0,1.0,0.0,0.0,0.0,0.0,6.0,1.0,0.3234321291912575,1.0,4.0,2.0,7.0,1.0,0.0,0.0,1.0,400.0,2.748945535001691,0.5611646959685037,0
13244,1.0,1.0,1.0,0.0,0.0,0.0,13.0,2.0,0.3234321291912575,1.0,4.0,1.0,4.0,0.0,0.0,0.0,2.0,400.0,-0.6476716746850284,0.6021396469418442,0
14230,1.0,1.0,0.0,0.0,0.0,0.0,6.0,1.0,0.3234321291912575,1.0,4.0,1.0,7.0,1.0,0.0,0.0,4.0,400.0,1.0901324791081768,-1.7744075095119023,0
9674,1.0,1.0,1.0,0.0,0.0,0.0,17.0,1.0,0.36215059342369804,1.0,4.0,0.0,6.0,1.0,0.0,0.0,1.0,400.0,0.7741680875094122,0.6021396469418442,0
4425,1.0,1.0,1.0,0.0,0.0,0.0,13.0,1.0,0.3234321291912575,2.0,4.0,3.0,7.0,2.0,0.0,0.0,3.0,400.0,1.8800434581050884,0.6021396469418442,0
1014,1.0,1.0,1.0,0.0,0.0,0.0,9.0,1.0,0.3234321291912575,1.0,4.0,2.0,7.0,0.0,0.0,0.0,3.0,400.0,1.2481146749075591,0.6021396469418442,0
14382,1.0,1.0,1.0,0.0,0.0,0.0,17.0,1.0,0.3234321291912575,1.0,4.0,1.0,5.0,0.0,0.0,0.0,1.0,400.0,-0.6476716746850284,0.6021396469418442,0
13072,0.0,0.0,1.0,0.0,0.0,0.0,9.0,2.0,0.36215059342369804,1.0,4.0,2.0,6.0,2.0,0.0,0.0,4.0,400.0,0.37921259801095647,0.5611646959685037,0
13534,1.0,1.0,0.0,0.0,0.0,0.0,6.0,1.0,0.36215059342369804,1.0,4.0,0.0,7.0,3.0,0.0,0.0,3.0,400.0,-0.2527161851865727,0.5611646959685037,0
8171,0.0,1.0,0.0,0.0,0.0,0.0,17.0,1.0,0.2649977300732862,1.0,4.0,1.0,6.0,1.0,0.0,0.0,1.0,400.0,-0.17372508728688155,0.5611646959685037,0
12030,1.0,1.0,1.0,0.0,0.0,0.0,6.0,2.0,0.2649977300732862,5.0,4.0,0.0,0.0,0.0,0.0,0.0,3.0,400.0,-1.9115292410800868,0.6431145979151847,0
13336,1.0,1.0,1.0,0.0,0.0,0.0,6.0,1.0,0.36215059342369804,1.0,4.0,2.0,7.0,0.0,0.0,0.0,1.0,400.0,1.5640790665063238,-0.135409470578284,0
1604,1.0,0.0,1.0,0.0,0.0,0.0,13.0,1.0,0.3234321291912575,0.0,4.0,2.0,6.0,3.0,0.0,0.0,1.0,400.0,-0.09473398938719041,0.5611646959685037,0
11275,1.0,1.0,1.0,0.0,0.0,0.0,11.0,2.0,0.2649977300732862,1.0,4.0,3.0,3.0,3.0,0.0,0.0,4.0,400.0,-1.2006093599828664,0.5611646959685037,0
9468,1.0,1.0,1.0,0.0,0.0,0.0,13.0,2.0,0.36215059342369804,2.0,4.0,3.0,2.0,1.0,0.0,0.0,2.0,400.0,-1.3585915557822488,0.5611646959685037,0
10702,1.0,1.0,1.0,0.0,0.0,0.0,0.0,1.0,0.2649977300732862,5.0,4.0,2.0,6.0,1.0,0.0,0.0,3.0,400.0,0.45820369591064763,0.5611646959685037,1
13568,1.0,1.0,1.0,0.0,0.0,0.0,1.0,1.0,0.3234321291912575,1.0,4.0,2.0,7.0,2.0,0.0,0.0,2.0,400.0,1.169123577007868,0.5611646959685037,0
3369,1.0,1.0,0.0,0.0,0.0,0.0,17.0,1.0,0.36215059342369804,1.0,4.0,2.0,5.0,0.0,0.0,0.0,3.0,400.0,-0.4896894788856461,0.5611646959685037,0
11990,1.0,1.0,1.0,0.0,0.0,0.0,0.0,1.0,0.3234321291912575,5.0,4.0,3.0,6.0,2.0,4.0,1.0,1.0,400.0,-0.4896894788856461,-1.8563574114585832,0
11700,1.0,1.0,0.0,0.0,0.0,0.0,5.0,1.0,0.3234321291912575,3.0,4.0,2.0,6.0,3.0,0.0,0.0,4.0,400.0,0.37921259801095647,0.5611646959685037,0
2021,1.0,1.0,1.0,0.0,0.0,0.0,17.0,1.0,0.2649977300732862,1.0,4.0,2.0,6.0,1.0,0.0,0.0,3.0,400.0,-0.2527161851865727,0.6021396469418442,0
1229,0.0,1.0,0.0,0.0,0.0,0.0,2.0,2.0,0.2649977300732862,2.0,4.0,1.0,7.0,0.0,0.0,0.0,4.0,400.0,1.6430701644060148,0.5611646959685037,0
10087,1.0,1.0,1.0,0.0,0.0,0.0,9.0,1.0,0.36215059342369804,2.0,4.0,3.0,5.0,0.0,0.0,0.0,2.0,400.0,1.8800434581050884,-1.7334325585385617,1
8745,1.0,1.0,1.0,0.0,0.0,0.0,6.0,1.0,0.3234321291912575,1.0,4.0,1.0,6.0,0.0,0.0,0.0,2.0,400.0,-0.015742891487499255,0.5611646959685037,0
14378,1.0,1.0,0.0,0.0,0.0,0.0,13.0,1.0,0.2649977300732862,2.0,4.0,0.0,7.0,2.0,0.0,0.0,3.0,400.0,1.8010523602053972,0.6431145979151847,0
4192,1.0,1.0,1.0,0.0,0.0,0.0,9.0,1.0,0.3234321291912575,1.0,4.0,3.0,6.0,0.0,0.0,0.0,4.0,400.0,0.14223930431188306,-1.5695327546452,0
9155,1.0,1.0,0.0,0.0,0.0,0.0,13.0,2.0,0.36215059342369804,1.0,4.0,2.0,6.0,0.0,4.0,1.0,2.0,400.0,-0.5686805767853373,0.5611646959685037,0
14211,1.0,1.0,0.0,0.0,0.0,0.0,17.0,1.0,0.36215059342369804,1.0,4.0,1.0,7.0,1.0,0.0,0.0,2.0,400.0,1.722061262305706,0.5611646959685037,0
9242,1.0,0.0,0.0,0.0,0.0,0.0,9.0,2.0,0.3234321291912575,5.0,4.0,1.0,5.0,3.0,0.0,0.0,1.0,400.0,-0.8846449683841019,0.6021396469418442,0
10607,1.0,1.0,1.0,0.0,0.0,0.0,13.0,2.0,0.36215059342369804,1.0,4.0,2.0,5.0,0.0,3.0,0.0,4.0,500.0,-0.5686805767853373,0.6021396469418442,0
4959,1.0,1.0,0.0,0.0,0.0,0.0,17.0,1.0,0.2649977300732862,0.0,4.0,2.0,5.0,1.0,0.0,0.0,1.0,400.0,-0.6476716746850284,-1.8563574114585832,0
93,1.0,1.0,1.0,0.0,0.0,0.0,13.0,1.0,0.36215059342369804,1.0,4.0,2.0,6.0,3.0,0.0,0.0,3.0,700.0,-0.17372508728688155,0.6021396469418442,0
12038,1.0,1.0,0.0,0.0,0.0,0.0,13.0,2.0,0.36215059342369804,1.0,4.0,1.0,6.0,3.0,0.0,0.0,3.0,400.0,-0.410698380985955,0.6021396469418442,0
492,1.0,1.0,1.0,1.0,0.0,0.0,17.0,1.0,0.36215059342369804,1.0,4.0,2.0,6.0,3.0,0.0,0.0,2.0,400.0,1.169123577007868,-0.66808383323171,0
1665,1.0,1.0,1.0,0.0,0.0,0.0,6.0,1.0,0.36215059342369804,2.0,4.0,2.0,5.0,1.0,0.0,0.0,4.0,400.0,-0.8846449683841019,0.5611646959685037,0
5754,1.0,1.0,1.0,0.0,0.0,0.0,2.0,2.0,0.3234321291912575,3.0,4.0,2.0,5.0,2.0,0.0,0.0,1.0,400.0,-0.8846449683841019,0.5611646959685037,0
1011,1.0,1.0,0.0,0.0,0.0,0.0,6.0,1.0,0.36215059342369804,5.0,4.0,1.0,7.0,3.0,0.0,0.0,2.0,400.0,0.14223930431188306,0.5611646959685037,0
1909,1.0,1.0,0.0,0.0,0.0,0.0,9.0,2.0,0.2649977300732862,1.0,4.0,1.0,4.0,0.0,0.0,0.0,3.0,400.0,-0.8846449683841019,0.5611646959685037,0
1507,1.0,0.0,1.0,0.0,0.0,0.0,17.0,1.0,0.3234321291912575,5.0,4.0,0.0,6.0,0.0,0.0,0.0,3.0,400.0,-0.2527161851865727,0.6021396469418442,0
5018,1.0,1.0,1.0,0.0,0.0,0.0,13.0,1.0,0.36215059342369804,1.0,4.0,0.0,6.0,0.0,4.0,1.0,1.0,400.0,0.30022150011126536,0.6021396469418442,0
7105,1.0,1.0,1.0,0.0,0.0,0.0,13.0,1.0,0.2649977300732862,1.0,4.0,2.0,7.0,3.0,0.0,0.0,3.0,400.0,1.4060968707069414,0.5611646959685037,1
7073,1.0,0.0,1.0,0.0,0.0,0.0,17.0,2.0,0.2649977300732862,1.0,4.0,0.0,4.0,1.0,0.0,0.0,4.0,400.0,-0.9636360662837931,0.6021396469418442,0
1653,1.0,1.0,1.0,0.0,0.0,0.0,9.0,1.0,0.2649977300732862,5.0,4.0,1.0,6.0,3.0,0.0,0.0,3.0,400.0,-1.1216182620831754,-1.5285578036718594,0
72,1.0,0.0,0.0,0.0,0.0,0.0,2.0,2.0,0.36215059342369804,1.0,3.0,1.0,4.0,0.0,0.0,0.0,3.0,400.0,-0.9636360662837931,-1.036858391991774,0
8865,1.0,1.0,1.0,0.0,0.0,0.0,9.0,1.0,0.3234321291912575,1.0,4.0,2.0,5.0,3.0,0.0,0.0,3.0,400.0,-0.9636360662837931,0.6021396469418442,0
12364,0.0,1.0,0.0,0.0,0.0,0.0,5.0,1.0,0.2649977300732862,2.0,4.0,2.0,6.0,0.0,0.0,0.0,4.0,400.0,-0.09473398938719041,0.6021396469418442,0
13292,0.0,0.0,0.0,0.0,1.0,0.0,6.0,2.0,0.36215059342369804,1.0,4.0,2.0,4.0,0.0,4.0,1.0,2.0,400.0,-0.9636360662837931,-1.8563574114585832,0
9028,1.0,0.0,0.0,0.0,0.0,0.0,17.0,0.0,0.36215059342369804,1.0,4.0,1.0,4.0,0.0,0.0,0.0,1.0,400.0,0.14223930431188306,0.6431145979151847,0
709,1.0,1.0,0.0,0.0,0.0,0.0,13.0,1.0,0.36215059342369804,1.0,4.0,2.0,6.0,3.0,0.0,0.0,3.0,400.0,0.6951769896097211,0.6021396469418442,0
7675,1.0,1.0,1.0,0.0,0.0,0.0,17.0,2.0,0.36215059342369804,2.0,4.0,2.0,6.0,0.0,0.0,0.0,1.0,400.0,-0.09473398938719041,0.6021396469418442,0
11496,1.0,1.0,1.0,0.0,0.0,0.0,13.0,2.0,0.36215059342369804,1.0,4.0,0.0,4.0,3.0,0.0,0.0,4.0,400.0,-1.43758265368194,0.5611646959685037,0
11319,1.0,1.0,1.0,0.0,0.0,0.0,6.0,2.0,0.3234321291912575,1.0,4.0,2.0,2.0,3.0,0.0,0.0,4.0,400.0,-1.3585915557822488,0.5611646959685037,0
1961,1.0,1.0,1.0,0.0,0.0,0.0,17.0,1.0,0.2649977300732862,1.0,4.0,3.0,4.0,3.0,0.0,0.0,1.0,400.0,-0.9636360662837931,-1.7334325585385617,1
11471,1.0,1.0,0.0,0.0,0.0,0.0,9.0,2.0,0.36215059342369804,1.0,4.0,0.0,4.0,0.0,0.0,0.0,4.0,400.0,-0.9636360662837931,0.6021396469418442,0
2647,1.0,0.0,0.0,0.0,0.0,0.0,9.0,2.0,0.36215059342369804,1.0,4.0,0.0,6.0,0.0,0.0,0.0,4.0,400.0,0.37921259801095647,0.5611646959685037,0
4889,1.0,1.0,0.0,0.0,0.0,0.0,17.0,2.0,0.36215059342369804,1.0,4.0,0.0,5.0,0.0,0.0,0.0,2.0,400.0,-0.410698380985955,0.6021396469418442,0
3866,1.0,1.0,1.0,0.0,0.0,0.0,6.0,1.0,0.3234321291912575,1.0,4.0,2.0,7.0,0.0,0.0,0.0,4.0,400.0,0.5371947938103387,0.6021396469418442,0
12787,1.0,1.0,1.0,0.0,0.0,0.0,17.0,2.0,0.3234321291912575,2.0,4.0,2.0,5.0,3.0,0.0,0.0,4.0,400.0,-0.9636360662837931,0.6021396469418442,0
7154,1.0,0.0,1.0,0.0,0.0,0.0,13.0,2.0,0.3234321291912575,1.0,4.0,3.0,6.0,1.0,0.0,0.0,2.0,400.0,-0.9636360662837931,0.5611646959685037,0
5338,1.0,1.0,0.0,0.0,0.0,0.0,17.0,1.0,0.36215059342369804,1.0,4.0,0.0,7.0,2.0,0.0,0.0,1.0,400.0,0.2212304022115742,0.5611646959685037,0
5439,1.0,1.0,1.0,0.0,0.0,0.0,6.0,1.0,0.3234321291912575,1.0,4.0,2.0,7.0,3.0,0.0,0.0,1.0,400.0,1.4060968707069414,0.6021396469418442,0
1687,1.0,1.0,1.0,0.0,0.0,0.0,6.0,2.0,0.2649977300732862,5.0,4.0,0.0,0.0,0.0,0.0,0.0,4.0,400.0,-1.8325381431803958,0.5611646959685037,1
10399,0.0,1.0,1.0,0.0,0.0,0.0,17.0,2.0,0.36215059342369804,0.0,4.0,0.0,5.0,0.0,0.0,0.0,3.0,400.0,-1.1216182620831754,0.6021396469418442,0
4362,1.0,1.0,1.0,0.0,0.0,0.0,5.0,1.0,0.2649977300732862,0.0,4.0,1.0,7.0,0.0,0.0,0.0,2.0,400.0,2.1170167518041616,0.5611646959685037,0
2291,1.0,1.0,1.0,0.0,0.0,0.0,2.0,1.0,0.36215059342369804,2.0,4.0,2.0,7.0,2.0,0.0,0.0,2.0,400.0,0.9321502833087946,-1.8153824604852427,1
673,1.0,1.0,1.0,0.0,0.0,0.0,17.0,1.0,0.3234321291912575,2.0,4.0,2.0,7.0,0.0,0.0,0.0,1.0,400.0,0.5371947938103387,0.5611646959685037,0
11234,1.0,1.0,1.0,0.0,0.0,0.0,6.0,2.0,0.3234321291912575,5.0,4.0,2.0,0.0,0.0,4.0,1.0,4.0,400.0,-1.8325381431803958,-1.8563574114585832,0
14977,1.0,1.0,1.0,0.0,0.0,0.0,13.0,1.0,0.36215059342369804,2.0,4.0,2.0,6.0,0.0,0.0,0.0,3.0,400.0,0.30022150011126536,0.6021396469418442,1
212,1.0,1.0,1.0,0.0,0.0,0.0,0.0,1.0,0.36215059342369804,1.0,4.0,3.0,6.0,1.0,0.0,0.0,4.0,400.0,0.06324820641219189,0.5611646959685037,0
10671,0.0,1.0,1.0,0.0,0.0,0.0,9.0,2.0,0.36215059342369804,1.0,4.0,1.0,4.0,3.0,0.0,0.0,1.0,400.0,-0.5686805767853373,0.5611646959685037,0
